n_classes,n_features,n_estimators,budget,status,error,mot_fit_time_s,mot_r2_mean,mot_r2_worst,mot_mse,opt_fit_time_s,opt_r2_mean,opt_r2_worst,opt_mse,r2_gap
10,12,10,256,ok,,0.013839807999943332,0.9524250823305032,0.8338623696334634,0.00012049956428820793,0.023689148000016758,0.9720824545122767,0.909891014019466,8.564277317499799e-05,0.019657372181773547
50,12,10,256,ok,,0.048417591999964316,0.8264342977216395,0.5784640477523032,5.2678247166135506e-05,0.10205751199998758,0.8930448255112643,0.714674911569692,3.052393231517158e-05,0.06661052778962484
100,12,10,256,ok,,0.08874203100003797,0.7847523642668475,0.4272505180919238,3.3754535883661e-05,0.1958544780000011,0.8589386596410895,0.5563881524923521,2.4300086884861543e-05,0.07418629537424204
250,12,10,256,ok,,0.2079196890000503,0.6451677879661057,0.23560811254322778,1.2313086367834805e-05,0.4316557650000732,0.8239952986855674,0.44806115970019134,7.767504209208031e-06,0.17882751071946168
500,12,10,256,ok,,0.4144428690000268,0.6050245662712277,-0.568047713747825,4.800237175784262e-06,0.7164309239999511,0.7668219783861507,-0.017716538513021574,3.128054569462414e-06,0.16179741211492304
1000,12,10,256,ok,,0.8119508649999716,0.575381931616603,-1.0439946453583033,1.9901024738678778e-06,1.0975801949999777,0.6717878459924337,-0.33436277573298323,9.066344206133509e-07,0.09640591437583068
