n_classes,n_features,max_depth,n_estimators,budget,status,error,fit_time_s,r2_mean,r2_worst,fused_time_s,fused_preprocess_s,fused_kernel_s,naive_time_s,speedup
50,12,3,10,256,ok,,0.02124465300016709,0.7184068305412278,0.324812235320564,0.009841391000009025,0.003217108999933771,0.0066242820000752545,0.027616414000021905,2.8061494559048183
50,12,3,50,256,ok,,0.08866752099993391,0.8674337795105148,0.6781520410925086,0.02082533600014358,0.014270502000044871,0.006554834000098708,0.10339845499993316,4.965031776640736
50,12,6,10,256,ok,,0.054239492000078826,0.8264342977216395,0.5784640477523032,0.023680475999981354,0.01731038200000512,0.006370093999976234,0.03765670300003876,1.5902004250281292
50,12,6,50,256,ok,,0.23780788400017627,0.8912074704488806,0.7407437072322706,0.10622627299994747,0.09881186799998432,0.007414404999963153,0.15764891300000272,1.484085890880128
50,12,10,10,256,ok,,0.10625825800002531,0.8282903943368883,0.6284453445260489,0.03802229999996598,0.03110885099999905,0.006913448999966931,0.053061323000065386,1.39553164853554
50,12,10,50,256,ok,,0.40374772900008793,0.8616609835583207,0.6658283988214688,0.1587146929998653,0.15041245099996559,0.008302241999899707,0.20667561100003695,1.3021832263520325
