n_classes,n_features,n_estimators,budget,status,error,fit_time_s,fused_time_s,fused_preprocess_s,fused_kernel_s,naive_time_s,speedup,dense_result_entries
10,12,10,256,ok,,0.01620751600000858,0.007190741000044909,0.005083566000052997,0.002107174999991912,0.010914436999996724,1.5178459354784937,790
50,12,10,256,ok,,0.04899763800005985,0.026002885000025344,0.018853408000040872,0.007149476999984472,0.03996464500005459,1.5369311905204224,3950
100,12,10,256,ok,,0.0873402789999318,0.0477146040000207,0.03438742299999831,0.013327181000022392,0.08018035199995666,1.6804153294434105,7900
250,12,10,256,ok,,0.22164284099994802,0.12214727200000652,0.09004004300004453,0.03210722899996199,0.20085444800008645,1.644362945740415,19750
500,12,10,256,ok,,0.4141705079999838,0.24885533099995882,0.18287265399999342,0.0659826769999654,0.3868854070000225,1.5546599120277094,39500
1000,12,10,256,ok,,0.8235876200000121,0.49757068799999615,0.36864700399996764,0.12892368400002852,0.7636279490000106,1.534712488931857,79000
