n_classes,n_features,n_estimators,budget,status,error,fit_time_s,fused_time_s,fused_preprocess_s,fused_kernel_s,naive_time_s,speedup,dense_result_entries
10,12,10,256,ok,,0.017229551999889736,0.007061585999963427,0.005265711999982159,0.0017958739999812678,0.010552615000051446,1.4943689703851373,790
50,12,10,256,ok,,0.05006270300009419,0.025302765999867916,0.01842841799998496,0.006874347999882957,0.03816071899996132,1.5081639295941212,3950
100,12,10,256,ok,,0.08852261099991665,0.04649404599990703,0.03360994600006961,0.012884099999837417,0.07582271599994783,1.6308048561766264,7900
250,12,10,256,ok,,0.2209515420001935,0.12733253700002933,0.0921144760000061,0.035218061000023226,0.25501380500008963,2.002738742259026,19750
500,12,10,256,ok,,0.4304000009999527,0.25082504800002425,0.1846053059998667,0.06621974200015757,0.38996556899996904,1.554731363990136,39500
1000,12,10,256,ok,,0.8207204689999799,0.5156222639998305,0.37507736599991404,0.14054489799991643,0.806830945999991,1.5647713497496614,79000
