n_classes,n_features,max_depth,n_estimators,budget,status,error,fit_time_s,r2_mean,r2_worst,fused_time_s,fused_preprocess_s,fused_kernel_s,naive_time_s,speedup
50,12,3,10,256,ok,,0.022225384999956077,0.7184068305412278,0.324812235320564,0.013835801000027459,0.00510194200001024,0.008733859000017219,0.02780647300005512,2.009747971946108
50,12,3,50,256,ok,,0.09694774700005837,0.8674337795105148,0.6781520410925086,0.021329108000031738,0.014571609000086028,0.00675749899994571,0.10452329899999313,4.900500245947351
50,12,6,10,256,ok,,0.0518920669999261,0.8264342977216395,0.5784640477523032,0.02478025899995373,0.01798473299993475,0.006795526000018981,0.03672423499995148,1.4819956078756098
50,12,6,50,256,ok,,0.22856421399990268,0.8912074704488806,0.7407437072322706,0.10621883900000739,0.09878572700006316,0.007433111999944231,0.15617572199994356,1.4703203637909532
50,12,10,10,256,ok,,0.13716007100003935,0.8282903943368883,0.6284453445260489,0.040107925000029354,0.033210752000059074,0.00689717299997028,0.053674174000093444,1.3382436014840997
50,12,10,50,256,ok,,0.39494517399998585,0.8616609835583207,0.6658283988214688,0.16417755099996612,0.1554385800000091,0.008738970999957019,0.2121381480000082,1.2921264003996014
