{
  "object_name": "Game",
  "data_type": "game",
  "version": "1.4.2.dev29+g3d3c3a7e6.d20260421",
  "created_from": null,
  "description": null,
  "parameters": {},
  "timestamp": "2026-04-21T12:25:55.909875+00:00Z",
  "metadata": {
    "n_players": 8,
    "game_name": "Game_object",
    "normalization_value": 0.0,
    "precompute_flag": false,
    "precomputed": true,
    "player_names": null
  },
  "data": {
    "Empty": 0.0,
    "0": 0.15952236999571634,
    "1": 0.01986082447607418,
    "2": -0.651089709837066,
    "3": -0.7512793859159603,
    "4": -0.20605393013501483,
    "5": -0.7662053456970674,
    "6": 0.25028072333366025,
    "7": 0.27452399372896186,
    "0,1": 0.09225815461791198,
    "0,2": 0.08867440690654893,
    "0,3": 0.04511922225916842,
    "0,4": -0.023296601106891357,
    "0,5": 0.19905374094145956,
    "0,6": 0.21888410907741152,
    "0,7": 0.30032775434114056,
    "1,2": -0.5793478187770871,
    "1,3": -0.9037907888035748,
    "1,4": -0.9475255103880915,
    "1,5": -0.7304483711248504,
    "1,6": -0.05094345134229128,
    "1,7": -0.0018166491194719914,
    "2,3": -0.5310975207790201,
    "2,4": -0.7356079156602473,
    "2,5": -0.44017805713426705,
    "2,6": -0.13885977116101267,
    "2,7": -0.029859366496726825,
    "3,4": -0.9367790897391994,
    "3,5": -0.7825063952036782,
    "3,6": -0.5020115929554172,
    "3,7": -0.3532711911686157,
    "4,5": -0.8272274592787001,
    "4,6": -0.4860739304332733,
    "4,7": -0.34300015591009525,
    "5,6": -0.18008573688570229,
    "5,7": -0.2418121055069924,
    "6,7": 0.7287344635368529,
    "0,1,2": 0.19427304724091332,
    "0,1,3": 0.1378664152128538,
    "0,1,4": 0.08274215287166453,
    "0,1,5": 0.29644877012638726,
    "0,1,6": 0.27665214238080593,
    "0,1,7": 0.36357484437702137,
    "0,2,3": 0.14724025570286958,
    "0,2,4": 0.09630704912653987,
    "0,2,5": 0.28050014685920144,
    "0,2,6": 0.26046214615450014,
    "0,2,7": 0.3497506035294178,
    "0,3,4": 0.005027779057480086,
    "0,3,5": 0.19231343659585776,
    "0,3,6": 0.2590080594797044,
    "0,3,7": 0.33059831047061594,
    "0,4,5": 0.20510873899273308,
    "0,4,6": 0.22774234109774993,
    "0,4,7": 0.28231577853178913,
    "0,5,6": 0.40278806016351,
    "0,5,7": 0.44148417486859315,
    "0,6,7": 0.7109532835268123,
    "1,2,3": -0.40142452928914985,
    "1,2,4": -0.5275662332443971,
    "1,2,5": -0.2935405111459666,
    "1,2,6": -0.06672727926094435,
    "1,2,7": 0.06430970140493109,
    "1,3,4": -0.9545686292424231,
    "1,3,5": -0.7099926109126622,
    "1,3,6": -0.34647686755578455,
    "1,3,7": -0.23282257321850008,
    "1,4,5": -0.7404345057283093,
    "1,4,6": -0.3755670803804221,
    "1,4,7": -0.19944321508575436,
    "1,5,6": -0.1228923650700493,
    "1,5,7": -0.07599709230587393,
    "1,6,7": 0.6486035281715564,
    "2,3,4": -0.5601715627805686,
    "2,3,5": -0.2437065097943547,
    "2,3,6": -0.15403007568110705,
    "2,3,7": 0.0568129125812874,
    "2,4,5": -0.4018308064877476,
    "2,4,6": -0.1560640065708485,
    "2,4,7": 0.04153504796885865,
    "2,5,6": 0.20363443524342917,
    "2,5,7": 0.22784947731617378,
    "2,6,7": 0.7052038369039154,
    "3,4,5": -0.8177909045423568,
    "3,4,6": -0.39392681245967287,
    "3,4,7": -0.3702518008504314,
    "3,5,6": -0.17743592545354248,
    "3,5,7": -0.17657266934413895,
    "3,6,7": 0.6329014623120757,
    "4,5,6": -0.13916742962309936,
    "4,5,7": -0.23348098836979614,
    "4,6,7": 0.6407861729283668,
    "5,6,7": 0.6267511592525785,
    "0,1,2,3": 0.27089564738357563,
    "0,1,2,4": 0.23284801081333872,
    "0,1,2,5": 0.34058984019710625,
    "0,1,2,6": 0.33587175015853454,
    "0,1,2,7": 0.37695887128763794,
    "0,1,3,4": 0.13221473293872632,
    "0,1,3,5": 0.30098467153285013,
    "0,1,3,6": 0.28137289148197775,
    "0,1,3,7": 0.3329483917499487,
    "0,1,4,5": 0.29858834966480086,
    "0,1,4,6": 0.2524807373576531,
    "0,1,4,7": 0.3414842874836894,
    "0,1,5,6": 0.4655733736986998,
    "0,1,5,7": 0.4527920587585713,
    "0,1,6,7": 0.6708662875790671,
    "0,2,3,4": 0.15127729303086868,
    "0,2,3,5": 0.2866058287966493,
    "0,2,3,6": 0.29288056228723924,
    "0,2,3,7": 0.3347221429679481,
    "0,2,4,5": 0.2687549738884907,
    "0,2,4,6": 0.2550113774376417,
    "0,2,4,7": 0.35221134713378033,
    "0,2,5,6": 0.4381317369931683,
    "0,2,5,7": 0.49520486566658484,
    "0,2,6,7": 0.6958622384830417,
    "0,3,4,5": 0.25856085742575596,
    "0,3,4,6": 0.19886880172392107,
    "0,3,4,7": 0.3423861606988855,
    "0,3,5,6": 0.43754687668983294,
    "0,3,5,7": 0.46297238779902283,
    "0,3,6,7": 0.6814757209195625,
    "0,4,5,6": 0.4311034683082736,
    "0,4,5,7": 0.46545017076140327,
    "0,4,6,7": 0.709470179041703,
    "0,5,6,7": 0.6434632620103335,
    "1,2,3,4": -0.3807467831274982,
    "1,2,3,5": -0.1693466794589915,
    "1,2,3,6": -0.02405489974149133,
    "1,2,3,7": 0.087874717587205,
    "1,2,4,5": -0.27302793874015485,
    "1,2,4,6": -0.07503015022226878,
    "1,2,4,7": 0.08052248969116627,
    "1,2,5,6": 0.24854163307603794,
    "1,2,5,7": 0.2532061051424428,
    "1,2,6,7": 0.6876009591576311,
    "1,3,4,5": -0.7583520555725081,
    "1,3,4,6": -0.31427198360576347,
    "1,3,4,7": -0.20533306293446119,
    "1,3,5,6": -0.09702152283940202,
    "1,3,5,7": -0.06180981588983281,
    "1,3,6,7": 0.6223434466543131,
    "1,4,5,6": -0.09127776426845235,
    "1,4,5,7": -0.12227021384121084,
    "1,4,6,7": 0.6012988650939233,
    "1,5,6,7": 0.6241862866340326,
    "2,3,4,5": -0.2577719530213911,
    "2,3,4,6": -0.09040715037705893,
    "2,3,4,7": 0.07506965416227007,
    "2,3,5,6": 0.2619172815976464,
    "2,3,5,7": 0.2774174600997923,
    "2,3,6,7": 0.6909925888954624,
    "2,4,5,6": 0.19782302579322142,
    "2,4,5,7": 0.25062498990358617,
    "2,4,6,7": 0.6732715564866404,
    "2,5,6,7": 0.6750343600115749,
    "3,4,5,6": -0.12495563066423765,
    "3,4,5,7": -0.18872919339943262,
    "3,4,6,7": 0.5982005978355495,
    "3,5,6,7": 0.5879183798935226,
    "4,5,6,7": 0.559956856819199,
    "0,1,2,3,4": 0.25646426293261704,
    "0,1,2,3,5": 0.4076258113812027,
    "0,1,2,3,6": 0.31510731165922046,
    "0,1,2,3,7": 0.3977117982636442,
    "0,1,2,4,5": 0.3688733355939482,
    "0,1,2,4,6": 0.2985794095536899,
    "0,1,2,4,7": 0.3709707549354899,
    "0,1,2,5,6": 0.4492917956865894,
    "0,1,2,5,7": 0.48466490948830043,
    "0,1,2,6,7": 0.6535970469040742,
    "0,1,3,4,5": 0.34901866467801235,
    "0,1,3,4,6": 0.29516985644806715,
    "0,1,3,4,7": 0.32723597774818103,
    "0,1,3,5,6": 0.44823136315461487,
    "0,1,3,5,7": 0.4614403564175572,
    "0,1,3,6,7": 0.6550278864042793,
    "0,1,4,5,6": 0.44508167375065677,
    "0,1,4,5,7": 0.4872730532146573,
    "0,1,4,6,7": 0.6781565273806565,
    "0,1,5,6,7": 0.634421906756967,
    "0,2,3,4,5": 0.31573541634270874,
    "0,2,3,4,6": 0.28452701175217376,
    "0,2,3,4,7": 0.3840975167954611,
    "0,2,3,5,6": 0.42385411744379276,
    "0,2,3,5,7": 0.4780194307888813,
    "0,2,3,6,7": 0.6737065883127032,
    "0,2,4,5,6": 0.4135943143059887,
    "0,2,4,5,7": 0.4813667288811828,
    "0,2,4,6,7": 0.678547717457302,
    "0,2,5,6,7": 0.6587059933352347,
    "0,3,4,5,6": 0.4297380847464002,
    "0,3,4,5,7": 0.4465556354851724,
    "0,3,4,6,7": 0.6839156657538599,
    "0,3,5,6,7": 0.6417833858500777,
    "0,4,5,6,7": 0.6440204700538021,
    "1,2,3,4,5": -0.15100449233848545,
    "1,2,3,4,6": -0.019389739882748946,
    "1,2,3,4,7": 0.13317264955434382,
    "1,2,3,5,6": 0.2818851811416666,
    "1,2,3,5,7": 0.27876079340096627,
    "1,2,3,6,7": 0.6866020116099536,
    "1,2,4,5,6": 0.2775925973922523,
    "1,2,4,5,7": 0.2608179367071005,
    "1,2,4,6,7": 0.6565016978858328,
    "1,2,5,6,7": 0.6808236500059159,
    "1,3,4,5,6": -0.06596193417591523,
    "1,3,4,5,7": -0.05663749530473794,
    "1,3,4,6,7": 0.5805658986059228,
    "1,3,5,6,7": 0.5929334716039067,
    "1,4,5,6,7": 0.5750114161850557,
    "2,3,4,5,6": 0.227485073447943,
    "2,3,4,5,7": 0.28927634503916133,
    "2,3,4,6,7": 0.6687516853139222,
    "2,3,5,6,7": 0.6537716819205208,