{
  "object_name": "Game",
  "data_type": "game",
  "version": "1.4.2.dev29+g3d3c3a7e6.d20260421",
  "created_from": null,
  "description": null,
  "parameters": {},
  "timestamp": "2026-04-21T12:25:55.956170+00:00Z",
  "metadata": {
    "n_players": 8,
    "game_name": "Game_object",
    "normalization_value": 0.0,
    "precompute_flag": false,
    "precomputed": true,
    "player_names": null
  },
  "data": {
    "Empty": 0.0,
    "0": 0.48536825170302955,
    "1": 0.017236513241612794,
    "2": 0.12175532070480055,
    "3": -0.0008745160901939553,
    "4": -0.009417537079173588,
    "5": 0.08686735723976524,
    "6": 0.2419309551152672,
    "7": 0.3055060363786859,
    "0,1": 0.5151400559952648,
    "0,2": 0.5203783768559986,
    "0,3": 0.4513248094179759,
    "0,4": 0.4558191667804308,
    "0,5": 0.5693119451976953,
    "0,6": 0.5804617050827111,
    "0,7": 0.6114737862582869,
    "1,2": 0.13834211133181717,
    "1,3": -0.030407037255567815,
    "1,4": -0.044064718976029926,
    "1,5": 0.08842261273499208,
    "1,6": 0.2576240255919945,
    "1,7": 0.3420438655345911,
    "2,3": 0.15768056075870052,
    "2,4": 0.07531733149083086,
    "2,5": 0.20314584685382375,
    "2,6": 0.3700274382724148,
    "2,7": 0.43105045943794507,
    "3,4": -0.04595967440655491,
    "3,5": 0.05732362341344588,
    "3,6": 0.20980290514534206,
    "3,7": 0.2826679693456753,
    "4,5": 0.007030379246581786,
    "4,6": 0.22843726583742663,
    "4,7": 0.2886689045148221,
    "5,6": 0.3725670802614328,
    "5,7": 0.3763399451576799,
    "6,7": 0.7867825926779712,
    "0,1,2": 0.5717834183818095,
    "0,1,3": 0.5223072563710882,
    "0,1,4": 0.5145208813805817,
    "0,1,5": 0.6249604275358777,
    "0,1,6": 0.6310045130199196,
    "0,1,7": 0.6532924086756765,
    "0,2,3": 0.5363082081062265,
    "0,2,4": 0.5239451736568466,
    "0,2,5": 0.6203545462523312,
    "0,2,6": 0.6173335115019508,
    "0,2,7": 0.6401884467083836,
    "0,3,4": 0.47084559382893254,
    "0,3,5": 0.5750836702867477,
    "0,3,6": 0.5771653041191823,
    "0,3,7": 0.6258713004540182,
    "0,4,5": 0.5837417686904515,
    "0,4,6": 0.5947850422297155,
    "0,4,7": 0.6188630265558102,
    "0,5,6": 0.7122096305972145,
    "0,5,7": 0.713221460743632,
    "0,6,7": 0.8341886257224258,
    "1,2,3": 0.21537857916875758,
    "1,2,4": 0.13103966475668483,
    "1,2,5": 0.2910700179485385,
    "1,2,6": 0.4368082943712017,
    "1,2,7": 0.483751675715012,
    "1,3,4": -0.02494954684379458,
    "1,3,5": 0.10070106625842923,
    "1,3,6": 0.2519088673347253,
    "1,3,7": 0.3491929593181634,
    "1,4,5": 0.09743418815947769,
    "1,4,6": 0.28731114725716,
    "1,4,7": 0.34601707162208517,
    "1,5,6": 0.4347744593366828,
    "1,5,7": 0.4470831310837481,
    "1,6,7": 0.7746871134028035,
    "2,3,4": 0.15878881103867093,
    "2,3,5": 0.316168831281578,
    "2,3,6": 0.3917462132288323,
    "2,3,7": 0.4798073371210395,
    "2,4,5": 0.22072135460850517,
    "2,4,6": 0.39203597011534363,
    "2,4,7": 0.4575191427803077,
    "2,5,6": 0.5569108429944801,
    "2,5,7": 0.5783876277052473,
    "2,6,7": 0.8217281557523184,
    "3,4,5": 0.05061488912618606,
    "3,4,6": 0.24374736697346588,
    "3,4,7": 0.30336154480973543,
    "3,5,6": 0.37414362591592065,
    "3,5,7": 0.4002106809057038,
    "3,6,7": 0.7597189233064927,
    "4,5,6": 0.379736106562795,
    "4,5,7": 0.3800763537324062,
    "4,6,7": 0.7582539424457656,
    "5,6,7": 0.7709079838834966,
    "0,1,2,3": 0.5943993703164625,
    "0,1,2,4": 0.5682625876391868,
    "0,1,2,5": 0.6640258854226936,
    "0,1,2,6": 0.6590922577108782,
    "0,1,2,7": 0.6702262554144076,
    "0,1,3,4": 0.5309632654283409,
    "0,1,3,5": 0.6345443374183455,
    "0,1,3,6": 0.6387407949212014,
    "0,1,3,7": 0.6608134503405977,
    "0,1,4,5": 0.6390347224802624,
    "0,1,4,6": 0.6292799578853767,
    "0,1,4,7": 0.6548063191133483,
    "0,1,5,6": 0.7330384822830232,
    "0,1,5,7": 0.7401358966564343,
    "0,1,6,7": 0.8337368046051838,
    "0,2,3,4": 0.545720823268071,
    "0,2,3,5": 0.627198371406068,
    "0,2,3,6": 0.6316305320313154,
    "0,2,3,7": 0.6532896507587197,
    "0,2,4,5": 0.6261620293788333,
    "0,2,4,6": 0.6335120814373065,
    "0,2,4,7": 0.6520066388995838,
    "0,2,5,6": 0.7174643051370054,
    "0,2,5,7": 0.7261961102032266,
    "0,2,6,7": 0.8313738088491207,
    "0,3,4,5": 0.585246144222608,
    "0,3,4,6": 0.6002497601509182,
    "0,3,4,7": 0.6326674579560101,
    "0,3,5,6": 0.7059053861809241,
    "0,3,5,7": 0.7148633748763011,
    "0,3,6,7": 0.8233211616298286,
    "0,4,5,6": 0.7108167204796738,
    "0,4,5,7": 0.7099018644760862,
    "0,4,6,7": 0.8248270677977979,
    "0,5,6,7": 0.8320962561028911,
    "1,2,3,4": 0.20854461419593073,
    "1,2,3,5": 0.3646653348134946,
    "1,2,3,6": 0.463220175163116,
    "1,2,3,7": 0.5275581966245924,
    "1,2,4,5": 0.31516724076059144,
    "1,2,4,6": 0.4486131192604532,
    "1,2,4,7": 0.4923938378814008,
    "1,2,5,6": 0.5969310652865316,
    "1,2,5,7": 0.6143663028319525,
    "1,2,6,7": 0.8265655065895205,
    "1,3,4,5": 0.10373887870174392,
    "1,3,4,6": 0.2879078540188428,
    "1,3,4,7": 0.3552522986176204,
    "1,3,5,6": 0.43148783594245255,
    "1,3,5,7": 0.45704554775868866,
    "1,3,6,7": 0.7659846082265156,
    "1,4,5,6": 0.4306297682450376,
    "1,4,5,7": 0.45025412996900116,
    "1,4,6,7": 0.7582567518873456,
    "1,5,6,7": 0.7788829803248452,
    "2,3,4,5": 0.31581520120824746,
    "2,3,4,6": 0.4158153203929229,
    "2,3,4,7": 0.49613648679158573,
    "2,3,5,6": 0.6098793984221762,
    "2,3,5,7": 0.6185441985872144,
    "2,3,6,7": 0.8196828214781819,
    "2,4,5,6": 0.5715617368076751,
    "2,4,5,7": 0.5820664858235369,
    "2,4,6,7": 0.8144689676855998,
    "2,5,6,7": 0.8192642011877548,
    "3,4,5,6": 0.38303229824212526,
    "3,4,5,7": 0.39823274784583085,
    "3,4,6,7": 0.7551709472025107,
    "3,5,6,7": 0.7665967124660126,
    "4,5,6,7": 0.7649307483749002,
    "0,1,2,3,4": 0.5900984220410351,
    "0,1,2,3,5": 0.6735191269868577,
    "0,1,2,3,6": 0.663677910422784,
    "0,1,2,3,7": 0.6823689986731026,
    "0,1,2,4,5": 0.668039614374042,
    "0,1,2,4,6": 0.6614091531241686,
    "0,1,2,4,7": 0.6745767392509958,
    "0,1,2,5,6": 0.7455689563700241,
    "0,1,2,5,7": 0.7479809607429799,
    "0,1,2,6,7": 0.8273204867812408,
    "0,1,3,4,5": 0.6460137294339611,
    "0,1,3,4,6": 0.6388047012818134,
    "0,1,3,4,7": 0.66423415087929,
    "0,1,3,5,6": 0.7356829018242608,
    "0,1,3,5,7": 0.7420219399854446,
    "0,1,3,6,7": 0.8320199951736476,
    "0,1,4,5,6": 0.7348361990404474,
    "0,1,4,5,7": 0.7435430720732588,
    "0,1,4,6,7": 0.8281807932387779,
    "0,1,5,6,7": 0.8369594680978394,
    "0,2,3,4,5": 0.6247657764517749,
    "0,2,3,4,6": 0.6379937296486873,
    "0,2,3,4,7": 0.6666563092553518,
    "0,2,3,5,6": 0.719389825937641,
    "0,2,3,5,7": 0.7208348337572802,
    "0,2,3,6,7": 0.8247766939544734,
    "0,2,4,5,6": 0.7239893739875465,
    "0,2,4,5,7": 0.7255272078887303,
    "0,2,4,6,7": 0.8276717791977439,
    "0,2,5,6,7": 0.8348970407906853,
    "0,3,4,5,6": 0.7109781668120397,
    "0,3,4,5,7": 0.7149291514838756,
    "0,3,4,6,7": 0.8269679737428475,
    "0,3,5,6,7": 0.8313098465805826,
    "0,4,5,6,7": 0.8265791211249881,
    "1,2,3,4,5": 0.3920692550888325,
    "1,2,3,4,6": 0.4655119457596003,
    "1,2,3,4,7": 0.522050434273976,
    "1,2,3,5,6": 0.6276224198685306,
    "1,2,3,5,7": 0.6401955211669275,
    "1,2,3,6,7": 0.822102951838228,
    "1,2,4,5,6": 0.6009762207051069,
    "1,2,4,5,7": 0.6210786034936351,
    "1,2,4,6,7": 0.8228004047571909,
    "1,2,5,6,7": 0.832154025492046,
    "1,3,4,5,6": 0.44198142085074943,
    "1,3,4,5,7": 0.4551450991554701,
    "1,3,4,6,7": 0.762739425066868,
    "1,3,5,6,7": 0.7735365435262346,
    "1,4,5,6,7": 0.7744943952752528,
    "2,3,4,5,6": 0.6029024910615096,
    "2,3,4,5,7": 0.6212772024925521,
    "2,3,4,6,7": 0.8176216273094489,
    "2,3,5,6,7": 0.8240838613484356,
    "2,4,5,6,7": 0.8210621735284713,
    "3,4,5,6,7": 0.7564005037748105,
    "0,1,2,3,4,5": 0.6813664948584366,