{
  "object_name": "Game",
  "data_type": "game",
  "version": "1.4.2.dev29+g3d3c3a7e6.d20260421",
  "created_from": null,
  "description": null,
  "parameters": {},
  "timestamp": "2026-04-21T12:25:55.970638+00:00Z",
  "metadata": {
    "n_players": 8,
    "game_name": "Game_object",
    "normalization_value": 0.0,
    "precompute_flag": false,
    "precomputed": true,
    "player_names": null
  },
  "data": {
    "Empty": 0.0,
    "0": 0.4943654352181506,
    "1": 0.024404006506118292,
    "2": 0.1497628022720926,
    "3": -0.01106468937826044,
    "4": -0.008814276374215169,
    "5": 0.068962513428652,
    "6": 0.24845163299652462,
    "7": 0.2982223449656105,
    "0,1": 0.5068187909026457,
    "0,2": 0.5256322228221757,
    "0,3": 0.46200658658217963,
    "0,4": 0.46709491864553965,
    "0,5": 0.5661178003022692,
    "0,6": 0.5730832380754539,
    "0,7": 0.612950542112108,
    "1,2": 0.14020427834057658,
    "1,3": -0.04105226585959465,
    "1,4": -0.02607741749098058,
    "1,5": 0.06568877819895769,
    "1,6": 0.2669821468138037,
    "1,7": 0.32293332817349896,
    "2,3": 0.1912634624235201,
    "2,4": 0.1016143037292635,
    "2,5": 0.23047145066111174,
    "2,6": 0.3925110240052433,
    "2,7": 0.45004401011085193,
    "3,4": -0.050184466583079734,
    "3,5": 0.018962361655180837,
    "3,6": 0.22812623150096856,
    "3,7": 0.2689670541511284,
    "4,5": 0.0027584927237912504,
    "4,6": 0.22440641391638472,
    "4,7": 0.2764368370717246,
    "5,6": 0.34150921892522235,
    "5,7": 0.3369780619488948,
    "6,7": 0.7707072328606646,
    "0,1,2": 0.5620424256437442,
    "0,1,3": 0.521959921149707,
    "0,1,4": 0.5162859287090553,
    "0,1,5": 0.6159416756958792,
    "0,1,6": 0.6236830370292453,
    "0,1,7": 0.6518140868160318,
    "0,2,3": 0.5337477771778378,
    "0,2,4": 0.5294476912278165,
    "0,2,5": 0.6160789034909431,
    "0,2,6": 0.6094359402479463,
    "0,2,7": 0.6379015257429571,
    "0,3,4": 0.46842112184485096,
    "0,3,5": 0.5673323326667348,
    "0,3,6": 0.5923072930426615,
    "0,3,7": 0.6314412435474664,
    "0,4,5": 0.567748878258844,
    "0,4,6": 0.5939455354675833,
    "0,4,7": 0.6182252151292783,
    "0,5,6": 0.6895951362794419,
    "0,5,7": 0.7013589825628882,
    "0,6,7": 0.8258506546903548,
    "1,2,3": 0.23661703693794778,
    "1,2,4": 0.1666232927410931,
    "1,2,5": 0.2812219301795048,
    "1,2,6": 0.4283430262997411,
    "1,2,7": 0.5040995056646875,
    "1,3,4": -0.031517329388347504,
    "1,3,5": 0.06715688094505778,
    "1,3,6": 0.270705482425908,
    "1,3,7": 0.3318514626978333,
    "1,4,5": 0.06530408579466074,
    "1,4,6": 0.28667053151083555,
    "1,4,7": 0.3390939668139886,
    "1,5,6": 0.4210990525823637,
    "1,5,7": 0.3996001738888475,
    "1,6,7": 0.7641663367250023,
    "2,3,4": 0.19076214555955984,
    "2,3,5": 0.32207599727169256,
    "2,3,6": 0.4305047131823829,
    "2,3,7": 0.4842413098240289,
    "2,4,5": 0.23703024908253767,
    "2,4,6": 0.3900700136961992,
    "2,4,7": 0.4661115373713385,
    "2,5,6": 0.5389276048744116,
    "2,5,7": 0.5589199178747033,
    "2,6,7": 0.8149628422873721,
    "3,4,5": 0.015812752241463945,
    "3,4,6": 0.24248080562378171,
    "3,4,7": 0.2886862535444319,
    "3,5,6": 0.3744138453744583,
    "3,5,7": 0.35659284137739644,
    "3,6,7": 0.7540262475780554,
    "4,5,6": 0.3537099730716632,
    "4,5,7": 0.34991807403496067,
    "4,6,7": 0.747831664614243,
    "5,6,7": 0.7605827343628563,
    "0,1,2,3": 0.5840806573844827,
    "0,1,2,4": 0.5583853436618984,
    "0,1,2,5": 0.6572813938592548,
    "0,1,2,6": 0.6402794488412207,
    "0,1,2,7": 0.665328641124718,
    "0,1,3,4": 0.5326593305962927,
    "0,1,3,5": 0.623789164914883,
    "0,1,3,6": 0.6381235574924947,
    "0,1,3,7": 0.6597003995625731,
    "0,1,4,5": 0.6318054474979539,
    "0,1,4,6": 0.6271564217108989,
    "0,1,4,7": 0.6461038912828874,
    "0,1,5,6": 0.7193080629250079,
    "0,1,5,7": 0.7257098759349611,
    "0,1,6,7": 0.8124568665408856,
    "0,2,3,4": 0.5424430672901643,
    "0,2,3,5": 0.610451121082281,
    "0,2,3,6": 0.6281944174806673,
    "0,2,3,7": 0.6489849122762885,
    "0,2,4,5": 0.6130233298633925,
    "0,2,4,6": 0.6224394597326647,
    "0,2,4,7": 0.6486105457494469,
    "0,2,5,6": 0.7051388914246668,
    "0,2,5,7": 0.7172020121437719,
    "0,2,6,7": 0.8278206713047619,
    "0,3,4,5": 0.563993809498287,
    "0,3,4,6": 0.6065677470412499,
    "0,3,4,7": 0.6295168086918363,
    "0,3,5,6": 0.6878644636804336,
    "0,3,5,7": 0.6948590942627555,
    "0,3,6,7": 0.8234245821649384,
    "0,4,5,6": 0.6841753530503571,
    "0,4,5,7": 0.7036120584973946,
    "0,4,6,7": 0.8156005395777848,
    "0,5,6,7": 0.8216071770766146,
    "1,2,3,4": 0.2386885953372604,
    "1,2,3,5": 0.3599431639298539,
    "1,2,3,6": 0.47998172824039254,
    "1,2,3,7": 0.5380422526550782,
    "1,2,4,5": 0.3028157821959928,
    "1,2,4,6": 0.44743538160342733,
    "1,2,4,7": 0.4964508846049991,
    "1,2,5,6": 0.5932583045856796,
    "1,2,5,7": 0.6031013551788432,
    "1,2,6,7": 0.8146903498387388,
    "1,3,4,5": 0.08855445423451191,
    "1,3,4,6": 0.2983925351535839,
    "1,3,4,7": 0.34030880745426983,
    "1,3,5,6": 0.4263682816834423,
    "1,3,5,7": 0.4216859165464131,
    "1,3,6,7": 0.754961176496794,
    "1,4,5,6": 0.4275724283711462,
    "1,4,5,7": 0.4077582690595737,
    "1,4,6,7": 0.7454664712482322,
    "1,5,6,7": 0.7535378600697515,
    "2,3,4,5": 0.332305666803854,
    "2,3,4,6": 0.44763642402407433,
    "2,3,4,7": 0.504078462443813,
    "2,3,5,6": 0.5992682401824663,
    "2,3,5,7": 0.607115180215076,
    "2,3,6,7": 0.8149544448759531,
    "2,4,5,6": 0.5467963085354683,
    "2,4,5,7": 0.5723574763387217,
    "2,4,6,7": 0.8082322365404556,
    "2,5,6,7": 0.8130666903853703,
    "3,4,5,6": 0.38151974398849675,
    "3,4,5,7": 0.36168615391240144,
    "3,4,6,7": 0.7348841542644042,
    "3,5,6,7": 0.7369942369996849,
    "4,5,6,7": 0.739246191288945,
    "0,1,2,3,4": 0.5949533106173588,
    "0,1,2,3,5": 0.6634779266616707,
    "0,1,2,3,6": 0.6553503910844032,
    "0,1,2,3,7": 0.6717144059920329,
    "0,1,2,4,5": 0.6639685189315581,
    "0,1,2,4,6": 0.6490975270207336,
    "0,1,2,4,7": 0.6588574051022065,
    "0,1,2,5,6": 0.7322387793219397,
    "0,1,2,5,7": 0.7416256639429023,
    "0,1,2,6,7": 0.8242798236651102,
    "0,1,3,4,5": 0.6360469597680181,
    "0,1,3,4,6": 0.6360202725749152,
    "0,1,3,4,7": 0.6574603116695725,
    "0,1,3,5,6": 0.7249111964728517,
    "0,1,3,5,7": 0.7261762240681081,
    "0,1,3,6,7": 0.8146935844803243,
    "0,1,4,5,6": 0.7295614520595972,
    "0,1,4,5,7": 0.7321646145576794,
    "0,1,4,6,7": 0.8107124042093705,
    "0,1,5,6,7": 0.8220882414120199,
    "0,2,3,4,5": 0.6090301686013734,
    "0,2,3,4,6": 0.6356991795287523,
    "0,2,3,4,7": 0.6599814304934668,
    "0,2,3,5,6": 0.7045823274681882,
    "0,2,3,5,7": 0.7159537196601702,
    "0,2,3,6,7": 0.8219560735314677,
    "0,2,4,5,6": 0.6986565548976397,
    "0,2,4,5,7": 0.7182413631113655,
    "0,2,4,6,7": 0.8205977217230027,
    "0,2,5,6,7": 0.8350905683927355,
    "0,3,4,5,6": 0.6901457703750252,
    "0,3,4,5,7": 0.6977326500545977,
    "0,3,4,6,7": 0.8108789503793965,
    "0,3,5,6,7": 0.8200325338192687,
    "0,4,5,6,7": 0.8173795085656275,
    "1,2,3,4,5": 0.39130708915566426,
    "1,2,3,4,6": 0.4953752847256143,
    "1,2,3,4,7": 0.5442743138820723,
    "1,2,3,5,6": 0.633285548405253,
    "1,2,3,5,7": 0.6288496532263275,
    "1,2,3,6,7": 0.8183725672108679,
    "1,2,4,5,6": 0.5999900866157806,
    "1,2,4,5,7": 0.6067074603335613,
    "1,2,4,6,7": 0.8147409676365361,
    "1,2,5,6,7": 0.819760164644089,
    "1,3,4,5,6": 0.43498365230509806,
    "1,3,4,5,7": 0.4261665026020267,
    "1,3,4,6,7": 0.738200145208497,
    "1,3,5,6,7": 0.7451019562095689,
    "1,4,5,6,7": 0.7486816339204162,
    "2,3,4,5,6": 0.604242935144128,
    "2,3,4,5,7": 0.6201680002775258,
    "2,3,4,6,7": 0.8138835968489375,
    "2,3,5,6,7": 0.8136514889662261,
    "2,4,5,6,7": 0.8092048283511091,
    "3,4,5,6,7": 0.7373362006475341,
    "0,1,2,3,4,5": 0.6664126769280758,