{
  "object_name": "Game",
  "data_type": "game",
  "version": "1.4.2.dev29+g3d3c3a7e6.d20260421",
  "created_from": null,
  "description": null,
  "parameters": {},
  "timestamp": "2026-04-21T12:25:55.896440+00:00Z",
  "metadata": {
    "n_players": 8,
    "game_name": "Game_object",
    "normalization_value": 0.0,
    "precompute_flag": false,
    "precomputed": true,
    "player_names": null
  },
  "data": {
    "Empty": 0.0,
    "0": 0.13144481064033686,
    "1": 0.021105619695194755,
    "2": -0.5929245040221582,
    "3": -0.7529635095734286,
    "4": -0.23671382818977826,
    "5": -0.8054589314008958,
    "6": 0.22824033588960513,
    "7": 0.2989463092256618,
    "0,1": 0.07073869021386292,
    "0,2": 0.09721312586518782,
    "0,3": 0.002302392032899725,
    "0,4": -0.03318463661170146,
    "0,5": 0.22112407784551047,
    "0,6": 0.188537322403603,
    "0,7": 0.2987875372784856,
    "1,2": -0.555177738685088,
    "1,3": -0.9311396917647947,
    "1,4": -0.930293156327876,
    "1,5": -0.7125943017202994,
    "1,6": -0.08275998880304036,
    "1,7": -0.025050375486481036,
    "2,3": -0.4745882629271154,
    "2,4": -0.6724546395580264,
    "2,5": -0.4045671018145329,
    "2,6": -0.18815690327633616,
    "2,7": 0.009458771294750146,
    "3,4": -0.966729080552315,
    "3,5": -0.7778784466599,
    "3,6": -0.4094573531581842,
    "3,7": -0.35290811005943734,
    "4,5": -0.8057280492964969,
    "4,6": -0.3802377109457624,
    "4,7": -0.29112484426331586,
    "5,6": -0.12574907623959675,
    "5,7": -0.169494335492808,
    "6,7": 0.7309644441111072,
    "0,1,2": 0.16449748158886246,
    "0,1,3": 0.09830481717058726,
    "0,1,4": 0.10267538473843851,
    "0,1,5": 0.2976304161063048,
    "0,1,6": 0.2973341757990513,
    "0,1,7": 0.3592935349862004,
    "0,2,3": 0.14240059295310536,
    "0,2,4": 0.07150674915109767,
    "0,2,5": 0.2818694798983603,
    "0,2,6": 0.2667128360371165,
    "0,2,7": 0.34552258606575625,
    "0,3,4": 6.303268631657755e-05,
    "0,3,5": 0.18378855557517437,
    "0,3,6": 0.24186880165035907,
    "0,3,7": 0.2954924639205133,
    "0,4,5": 0.21475270193955054,
    "0,4,6": 0.252820476471009,
    "0,4,7": 0.3056512980727264,
    "0,5,6": 0.42548714065786264,
    "0,5,7": 0.45122782773684755,
    "0,6,7": 0.7161970019402408,
    "1,2,3": -0.4722785328025705,
    "1,2,4": -0.5393478074916773,
    "1,2,5": -0.30473889974572255,
    "1,2,6": -0.018802263999376345,
    "1,2,7": 0.11874264989447203,
    "1,3,4": -0.9029163791496226,
    "1,3,5": -0.7225309919950551,
    "1,3,6": -0.3345028146565501,
    "1,3,7": -0.19877930905556496,
    "1,4,5": -0.7366359300010696,
    "1,4,6": -0.38082344029054416,
    "1,4,7": -0.1858354491410068,
    "1,5,6": -0.08462610390909853,
    "1,5,7": -0.08447947909630837,
    "1,6,7": 0.6705747760329852,
    "2,3,4": -0.6146171471879087,
    "2,3,5": -0.19844031883665703,
    "2,3,6": -0.16136640095112664,
    "2,3,7": 0.06605642841744719,
    "2,4,5": -0.39632483225339743,
    "2,4,6": -0.12049495876642569,
    "2,4,7": 0.0698740009905452,
    "2,5,6": 0.16746552611551735,
    "2,5,7": 0.2527882195543696,
    "2,6,7": 0.7118569647506195,
    "3,4,5": -0.7574334607351798,
    "3,4,6": -0.41234644918518826,
    "3,4,7": -0.3130452041104341,
    "3,5,6": -0.1574716378062575,
    "3,5,7": -0.13463605035851978,
    "3,6,7": 0.6486203189063822,
    "4,5,6": -0.12244458962105842,
    "4,5,7": -0.10638397840266989,
    "4,6,7": 0.6452039481492997,
    "5,6,7": 0.6358894799847328,
    "0,1,2,3": 0.27539033308021454,
    "0,1,2,4": 0.2063664546648577,
    "0,1,2,5": 0.3672368854079672,
    "0,1,2,6": 0.34236346099182946,
    "0,1,2,7": 0.36959593348927655,
    "0,1,3,4": 0.0962472763979565,
    "0,1,3,5": 0.3043144978957075,
    "0,1,3,6": 0.3347501923259404,
    "0,1,3,7": 0.3690257714723255,
    "0,1,4,5": 0.3527626715107023,
    "0,1,4,6": 0.3158516276865476,
    "0,1,4,7": 0.3515876673553796,
    "0,1,5,6": 0.4564940166520046,
    "0,1,5,7": 0.4665625320817941,
    "0,1,6,7": 0.6882133241222319,
    "0,2,3,4": 0.14927388241720718,
    "0,2,3,5": 0.3097739913414047,
    "0,2,3,6": 0.30137715389125663,
    "0,2,3,7": 0.39387940144723765,
    "0,2,4,5": 0.2850611585855638,
    "0,2,4,6": 0.27498077506397645,
    "0,2,4,7": 0.3257530318711943,
    "0,2,5,6": 0.44003781582182566,
    "0,2,5,7": 0.5000163234389251,
    "0,2,6,7": 0.6973891391792189,
    "0,3,4,5": 0.17947419784351015,
    "0,3,4,6": 0.2571865437041927,
    "0,3,4,7": 0.3387240023473267,
    "0,3,5,6": 0.4500899845528935,
    "0,3,5,7": 0.4729895399404902,
    "0,3,6,7": 0.7101765466701058,
    "0,4,5,6": 0.4307600830252546,
    "0,4,5,7": 0.4654858290151098,
    "0,4,6,7": 0.692501195724128,
    "0,5,6,7": 0.6936593786816051,
    "1,2,3,4": -0.46183581406018903,
    "1,2,3,5": -0.15343240006627856,
    "1,2,3,6": 0.005508836902443859,
    "1,2,3,7": 0.11879128780619741,
    "1,2,4,5": -0.25998698949302335,
    "1,2,4,6": -0.0007057145959412647,
    "1,2,4,7": 0.13319926760883494,
    "1,2,5,6": 0.2537936392575414,
    "1,2,5,7": 0.3065019942553594,
    "1,2,6,7": 0.695474931269123,
    "1,3,4,5": -0.6646558320617411,
    "1,3,4,6": -0.3600765431833961,
    "1,3,4,7": -0.20030761743889314,
    "1,3,5,6": -0.035018962012224764,
    "1,3,5,7": -0.017260181248691442,
    "1,3,6,7": 0.6166564282058704,
    "1,4,5,6": -0.07005049840715283,
    "1,4,5,7": -0.00991356041730862,
    "1,4,6,7": 0.6285794905197094,
    "1,5,6,7": 0.6195187274853895,
    "2,3,4,5": -0.20108833743488486,
    "2,3,4,6": -0.16213869829392502,
    "2,3,4,7": 0.09812366502106717,
    "2,3,5,6": 0.21916382345027652,
    "2,3,5,7": 0.2927077667429151,
    "2,3,6,7": 0.6946985807743843,
    "2,4,5,6": 0.16641883758407094,
    "2,4,5,7": 0.2778970599736692,
    "2,4,6,7": 0.6827603179733365,
    "2,5,6,7": 0.6782581954252365,
    "3,4,5,6": -0.1330143194621909,
    "3,4,5,7": -0.09511878406364205,
    "3,4,6,7": 0.631298289580271,
    "3,5,6,7": 0.6241562425592571,
    "4,5,6,7": 0.6313625755599162,
    "0,1,2,3,4": 0.26496336087846795,
    "0,1,2,3,5": 0.4008696298361266,
    "0,1,2,3,6": 0.379162372713738,
    "0,1,2,3,7": 0.40316743960156853,
    "0,1,2,4,5": 0.36894743672088215,
    "0,1,2,4,6": 0.35378367037766245,
    "0,1,2,4,7": 0.326692336780787,
    "0,1,2,5,6": 0.452967762352976,
    "0,1,2,5,7": 0.4972653383383582,
    "0,1,2,6,7": 0.6512371825347644,
    "0,1,3,4,5": 0.3447619851912569,
    "0,1,3,4,6": 0.2794738677614734,
    "0,1,3,4,7": 0.37382308146245435,
    "0,1,3,5,6": 0.44425095535195824,
    "0,1,3,5,7": 0.4877223261059639,
    "0,1,3,6,7": 0.643415946012154,
    "0,1,4,5,6": 0.49127508855822677,
    "0,1,4,5,7": 0.4977679893423238,
    "0,1,4,6,7": 0.6775108894044521,
    "0,1,5,6,7": 0.6458181916164019,
    "0,2,3,4,5": 0.31882618023208464,
    "0,2,3,4,6": 0.3360078635532594,
    "0,2,3,4,7": 0.3759589661482651,
    "0,2,3,5,6": 0.47230388842371274,
    "0,2,3,5,7": 0.4820080732182237,
    "0,2,3,6,7": 0.6821965366717085,
    "0,2,4,5,6": 0.42989422078432515,
    "0,2,4,5,7": 0.4846996622100491,
    "0,2,4,6,7": 0.6859455668971024,
    "0,2,5,6,7": 0.6623999905102769,
    "0,3,4,5,6": 0.4567875583410599,
    "0,3,4,5,7": 0.48266969265889803,
    "0,3,4,6,7": 0.6777886812374028,
    "0,3,5,6,7": 0.6617612049660326,
    "0,4,5,6,7": 0.6821128422988355,
    "1,2,3,4,5": -0.16311599988245828,
    "1,2,3,4,6": -0.01049444935967081,
    "1,2,3,4,7": 0.17970013484619118,
    "1,2,3,5,6": 0.25132688491798094,
    "1,2,3,5,7": 0.3438633996541034,
    "1,2,3,6,7": 0.6640279548988084,
    "1,2,4,5,6": 0.2639913191587071,
    "1,2,4,5,7": 0.32105499151951167,
    "1,2,4,6,7": 0.6782776347028969,
    "1,2,5,6,7": 0.6840808889201917,
    "1,3,4,5,6": -0.051673207572645374,
    "1,3,4,5,7": -0.01802587772354003,
    "1,3,4,6,7": 0.6012202624294312,
    "1,3,5,6,7": 0.5813498636190573,
    "1,4,5,6,7": 0.5911503773823235,
    "2,3,4,5,6": 0.2158729703585368,
    "2,3,4,5,7": 0.2984503092278675,
    "2,3,4,6,7": 0.6828151557912532,
    "2,3,5,6,7": 0.6416470985385656,