{
  "object_name": "Game",
  "data_type": "game",
  "version": "1.4.2.dev29+g3d3c3a7e6.d20260421",
  "created_from": null,
  "description": null,
  "parameters": {},
  "timestamp": "2026-04-21T12:25:55.957563+00:00Z",
  "metadata": {
    "n_players": 8,
    "game_name": "Game_object",
    "normalization_value": 0.0,
    "precompute_flag": false,
    "precomputed": true,
    "player_names": null
  },
  "data": {
    "Empty": 0.0,
    "0": 0.4854961398503096,
    "1": 0.025542567562386265,
    "2": 0.15805754714672493,
    "3": -0.0005915715343964845,
    "4": -0.015870882532207364,
    "5": 0.06286539396286239,
    "6": 0.23904156474945581,
    "7": 0.27934757467223015,
    "0,1": 0.5193313739631594,
    "0,2": 0.5032797283401619,
    "0,3": 0.4693033524431881,
    "0,4": 0.4600711904844842,
    "0,5": 0.5515977923877486,
    "0,6": 0.5784455900525864,
    "0,7": 0.6151103166835887,
    "1,2": 0.17524511699106438,
    "1,3": -0.03250982366159283,
    "1,4": -0.02692796571876266,
    "1,5": 0.07026509459281183,
    "1,6": 0.2733037633549036,
    "1,7": 0.32293775857109297,
    "2,3": 0.18425590472926778,
    "2,4": 0.11285075974525005,
    "2,5": 0.21232986831001188,
    "2,6": 0.3808294383905726,
    "2,7": 0.44760701510623535,
    "3,4": -0.06520759734562409,
    "3,5": 0.04117962132420183,
    "3,6": 0.2102509457738363,
    "3,7": 0.25117381108907966,
    "4,5": -0.001827198044775935,
    "4,6": 0.20947606770469096,
    "4,7": 0.2518179933037572,
    "5,6": 0.3379600320108699,
    "5,7": 0.3211621820829982,
    "6,7": 0.752033820624434,
    "0,1,2": 0.5674429026714222,
    "0,1,3": 0.5304913927093917,
    "0,1,4": 0.5180608340912807,
    "0,1,5": 0.6169385003374777,
    "0,1,6": 0.6302292669911529,
    "0,1,7": 0.659547706100551,
    "0,2,3": 0.534082780311288,
    "0,2,4": 0.5224244610949748,
    "0,2,5": 0.5970603531134417,
    "0,2,6": 0.6001961326872678,
    "0,2,7": 0.6357055842177058,
    "0,3,4": 0.4710975041667743,
    "0,3,5": 0.5615990710893171,
    "0,3,6": 0.5857625735188604,
    "0,3,7": 0.6123005305233977,
    "0,4,5": 0.5711275138470864,
    "0,4,6": 0.5894952625260137,
    "0,4,7": 0.6149675460219957,
    "0,5,6": 0.6846163808302518,
    "0,5,7": 0.686734214085134,
    "0,6,7": 0.8213236459892964,
    "1,2,3": 0.2276853654550467,
    "1,2,4": 0.1757427052378655,
    "1,2,5": 0.2891824184166438,
    "1,2,6": 0.4471133975657461,
    "1,2,7": 0.5127024058455998,
    "1,3,4": -0.0472881209825784,
    "1,3,5": 0.08661401044349781,
    "1,3,6": 0.27407127076057136,
    "1,3,7": 0.3323637703659116,
    "1,4,5": 0.06983951507287134,
    "1,4,6": 0.28036442092447444,
    "1,4,7": 0.33258161846827405,
    "1,5,6": 0.41094221722172486,
    "1,5,7": 0.4223413833615409,
    "1,6,7": 0.7520644351359327,
    "2,3,4": 0.18436334052067027,
    "2,3,5": 0.32577697401285466,
    "2,3,6": 0.41580062770043336,
    "2,3,7": 0.47332783571417103,
    "2,4,5": 0.22770237209429078,
    "2,4,6": 0.3809482531064107,
    "2,4,7": 0.4591526937405237,
    "2,5,6": 0.5406885403148174,
    "2,5,7": 0.5521925496783541,
    "2,6,7": 0.8024360894866571,
    "3,4,5": 0.043442837926688016,
    "3,4,6": 0.22755445142398223,
    "3,4,7": 0.26191794450928885,
    "3,5,6": 0.36060318680120973,
    "3,5,7": 0.3412261796320666,
    "3,6,7": 0.7253097150390508,
    "4,5,6": 0.34342598119581813,
    "4,5,7": 0.3260588343663393,
    "4,6,7": 0.7272666646696512,
    "5,6,7": 0.7389398173792583,
    "0,1,2,3": 0.5969068516922912,
    "0,1,2,4": 0.5723038960495774,
    "0,1,2,5": 0.6541227965545603,
    "0,1,2,6": 0.6535880509619806,
    "0,1,2,7": 0.6836381281468251,
    "0,1,3,4": 0.5332272640727163,
    "0,1,3,5": 0.6273845306630843,
    "0,1,3,6": 0.6386263587765095,
    "0,1,3,7": 0.6560743563067819,
    "0,1,4,5": 0.6408419630143996,
    "0,1,4,6": 0.6348445928265359,
    "0,1,4,7": 0.6654147285468255,
    "0,1,5,6": 0.7220525947579193,
    "0,1,5,7": 0.7252524686183646,
    "0,1,6,7": 0.8200647270197142,
    "0,2,3,4": 0.5555262440152924,
    "0,2,3,5": 0.6068710125876662,
    "0,2,3,6": 0.6237097897021524,
    "0,2,3,7": 0.6521840769167991,
    "0,2,4,5": 0.6025612768766855,
    "0,2,4,6": 0.6191715553249708,
    "0,2,4,7": 0.6407036595748781,
    "0,2,5,6": 0.7065442237530903,
    "0,2,5,7": 0.7080111248058157,
    "0,2,6,7": 0.8127227481259659,
    "0,3,4,5": 0.5715950169862314,
    "0,3,4,6": 0.601484803865364,
    "0,3,4,7": 0.6320732950428823,
    "0,3,5,6": 0.6957755774083856,
    "0,3,5,7": 0.6879997082820184,
    "0,3,6,7": 0.8159006080523284,
    "0,4,5,6": 0.6853504349683353,
    "0,4,5,7": 0.6944199575699279,
    "0,4,6,7": 0.8178561025018353,
    "0,5,6,7": 0.8181182528767225,
    "1,2,3,4": 0.24044312050230032,
    "1,2,3,5": 0.38336909927658824,
    "1,2,3,6": 0.48220774993622406,
    "1,2,3,7": 0.5349445312875689,
    "1,2,4,5": 0.31639634490613,
    "1,2,4,6": 0.4477095351461825,
    "1,2,4,7": 0.5183857448819114,
    "1,2,5,6": 0.5801341210769682,
    "1,2,5,7": 0.6100853296922064,
    "1,2,6,7": 0.8103622876448291,
    "1,3,4,5": 0.09626424330048133,
    "1,3,4,6": 0.29136705116746164,
    "1,3,4,7": 0.3339808965743615,
    "1,3,5,6": 0.4160711327625043,
    "1,3,5,7": 0.42467889571604844,
    "1,3,6,7": 0.7294836643859168,
    "1,4,5,6": 0.4155203386758105,
    "1,4,5,7": 0.4125823363712253,
    "1,4,6,7": 0.7339099038846087,
    "1,5,6,7": 0.7440245798827572,
    "2,3,4,5": 0.3369633438147025,
    "2,3,4,6": 0.4384205258853715,
    "2,3,4,7": 0.4991548604972391,
    "2,3,5,6": 0.5890542153718401,
    "2,3,5,7": 0.5896967284348336,
    "2,3,6,7": 0.8052712272884336,
    "2,4,5,6": 0.540847872530797,
    "2,4,5,7": 0.5562396467291524,
    "2,4,6,7": 0.7955264537309367,
    "2,5,6,7": 0.7973888522750567,
    "3,4,5,6": 0.36051139530101495,
    "3,4,5,7": 0.34940520059381974,
    "3,4,6,7": 0.7141913117633618,
    "3,5,6,7": 0.7236756286259899,
    "4,5,6,7": 0.7232484397056718,
    "0,1,2,3,4": 0.6016923932783629,
    "0,1,2,3,5": 0.6615194007312359,
    "0,1,2,3,6": 0.6651961164223092,
    "0,1,2,3,7": 0.6889985480396181,
    "0,1,2,4,5": 0.6606242675330163,
    "0,1,2,4,6": 0.6547014459275979,
    "0,1,2,4,7": 0.6806670187792891,
    "0,1,2,5,6": 0.732643251364768,
    "0,1,2,5,7": 0.7405546910828461,
    "0,1,2,6,7": 0.8225691228996134,
    "0,1,3,4,5": 0.6420329067430981,
    "0,1,3,4,6": 0.6402048026464204,
    "0,1,3,4,7": 0.664520891228146,
    "0,1,3,5,6": 0.7273341470913296,
    "0,1,3,5,7": 0.733559895060439,
    "0,1,3,6,7": 0.8172961195597038,
    "0,1,4,5,6": 0.73309930592531,
    "0,1,4,5,7": 0.7296682831070112,
    "0,1,4,6,7": 0.8176955634357225,
    "0,1,5,6,7": 0.8248145509606548,
    "0,2,3,4,5": 0.6122595487051439,
    "0,2,3,4,6": 0.6307165763809632,
    "0,2,3,4,7": 0.6556244636978917,
    "0,2,3,5,6": 0.7018530248001911,
    "0,2,3,5,7": 0.7124560609393465,
    "0,2,3,6,7": 0.809750561354163,
    "0,2,4,5,6": 0.7063875443696106,
    "0,2,4,5,7": 0.71077830378053,
    "0,2,4,6,7": 0.8113835315235582,
    "0,2,5,6,7": 0.8220436881862154,
    "0,3,4,5,6": 0.6901560495062664,
    "0,3,4,5,7": 0.6958030269847941,
    "0,3,4,6,7": 0.8129083766752389,
    "0,3,5,6,7": 0.817744543247572,
    "0,4,5,6,7": 0.8107213413913165,
    "1,2,3,4,5": 0.3981520499842829,
    "1,2,3,4,6": 0.49111027897048076,
    "1,2,3,4,7": 0.540130460014548,
    "1,2,3,5,6": 0.6261440685983405,
    "1,2,3,5,7": 0.6356988604214338,
    "1,2,3,6,7": 0.8064949881736534,
    "1,2,4,5,6": 0.587993037158528,
    "1,2,4,5,7": 0.608767953163952,
    "1,2,4,6,7": 0.806841938833404,
    "1,2,5,6,7": 0.8087246758139183,
    "1,3,4,5,6": 0.42610987847137705,
    "1,3,4,5,7": 0.42712840882527536,
    "1,3,4,6,7": 0.7249328018590211,
    "1,3,5,6,7": 0.7301515671084373,
    "1,4,5,6,7": 0.7289630438513428,
    "2,3,4,5,6": 0.5965211540567148,
    "2,3,4,5,7": 0.5945521355145751,
    "2,3,4,6,7": 0.8029679072808877,
    "2,3,5,6,7": 0.8109775345102632,
    "2,4,5,6,7": 0.7985850278841002,
    "3,4,5,6,7": 0.7100479339261841,
    "0,1,2,3,4,5": 0.6727600903207374,