{
  "object_name": "Game",
  "data_type": "game",
  "version": "1.4.2.dev29+g3d3c3a7e6.d20260421",
  "created_from": null,
  "description": null,
  "parameters": {},
  "timestamp": "2026-04-21T12:25:55.893218+00:00Z",
  "metadata": {
    "n_players": 8,
    "game_name": "Game_object",
    "normalization_value": 0.0,
    "precompute_flag": false,
    "precomputed": true,
    "player_names": null
  },
  "data": {
    "Empty": 0.0,
    "0": 0.14107451914126778,
    "1": 0.025611404402315352,
    "2": -0.622134714270778,
    "3": -0.7576973168766419,
    "4": -0.21411743763191682,
    "5": -0.739041066050677,
    "6": 0.24113764434886975,
    "7": 0.2890616437849933,
    "0,1": 0.11369218816803994,
    "0,2": 0.10474064053222731,
    "0,3": 0.019548094983816156,
    "0,4": 0.006876121263866275,
    "0,5": 0.2302265094951882,
    "0,6": 0.22098915048727097,
    "0,7": 0.3147881656587457,
    "1,2": -0.551708376041744,
    "1,3": -0.8844610356405067,
    "1,4": -0.866617371944703,
    "1,5": -0.7093554353069145,
    "1,6": -0.02670062726856659,
    "1,7": 0.006315350125377206,
    "2,3": -0.5320427037305271,
    "2,4": -0.6397159235456951,
    "2,5": -0.40173241815635974,
    "2,6": -0.12003395933315586,
    "2,7": 0.025219468851067073,
    "3,4": -0.9862133191445981,
    "3,5": -0.7631159154518738,
    "3,6": -0.40997061341762864,
    "3,7": -0.2962277550348045,
    "4,5": -0.7995939999679724,
    "4,6": -0.3980252801182891,
    "4,7": -0.3231420730435255,
    "5,6": -0.16260903408924632,
    "5,7": -0.15316143181645558,
    "6,7": 0.734069036203125,
    "0,1,2": 0.22237928805864104,
    "0,1,3": 0.11113685880376467,
    "0,1,4": 0.10335355749907627,
    "0,1,5": 0.2967347096721341,
    "0,1,6": 0.2857443366629242,
    "0,1,7": 0.3520204322868796,
    "0,2,3": 0.18672939276160505,
    "0,2,4": 0.11232553038666138,
    "0,2,5": 0.2758665499373336,
    "0,2,6": 0.3150500016150366,
    "0,2,7": 0.34439493170653335,
    "0,3,4": 0.013160865090081963,
    "0,3,5": 0.21781340095420254,
    "0,3,6": 0.2204193417238428,
    "0,3,7": 0.35108035984587127,
    "0,4,5": 0.19492515873815786,
    "0,4,6": 0.236705420718184,
    "0,4,7": 0.3252984081864685,
    "0,5,6": 0.4139051293612771,
    "0,5,7": 0.4756879012289177,
    "0,6,7": 0.7036287886411153,
    "1,2,3": -0.44662310213254797,
    "1,2,4": -0.5412062620902547,
    "1,2,5": -0.2633505170698369,
    "1,2,6": 0.0455886445156134,
    "1,2,7": 0.11441443288625142,
    "1,3,4": -0.9066071964147784,
    "1,3,5": -0.6714615863793696,
    "1,3,6": -0.3707816322868973,
    "1,3,7": -0.17448093384504637,
    "1,4,5": -0.7797016493088123,
    "1,4,6": -0.2966636236922242,
    "1,4,7": -0.2583198654274861,
    "1,5,6": -0.08725471112715577,
    "1,5,7": 0.006906449218645472,
    "1,6,7": 0.6578588300417239,
    "2,3,4": -0.5514431559910862,
    "2,3,5": -0.24172136206860895,
    "2,3,6": -0.07338941216476402,
    "2,3,7": 0.12076939856062674,
    "2,4,5": -0.4028260500188765,
    "2,4,6": -0.1271936376741012,
    "2,4,7": 0.03268572090666877,
    "2,5,6": 0.19368198547166837,
    "2,5,7": 0.24503649905710234,
    "2,6,7": 0.7042788820582937,
    "3,4,5": -0.7935300225226372,
    "3,4,6": -0.4303900451620952,
    "3,4,7": -0.27734673232471496,
    "3,5,6": -0.1282577673811669,
    "3,5,7": -0.1470636103362022,
    "3,6,7": 0.631094606318795,
    "4,5,6": -0.14771957292478266,
    "4,5,7": -0.13338306455560867,
    "4,6,7": 0.6563566516739392,
    "5,6,7": 0.6324872962039828,
    "0,1,2,3": 0.28194899191616307,
    "0,1,2,4": 0.23030053819793228,
    "0,1,2,5": 0.36310714104639064,
    "0,1,2,6": 0.34290174191438083,
    "0,1,2,7": 0.3947997377754915,
    "0,1,3,4": 0.14133818471104231,
    "0,1,3,5": 0.3169894456211714,
    "0,1,3,6": 0.2864523744219236,
    "0,1,3,7": 0.39314559537351723,
    "0,1,4,5": 0.3041852766834656,
    "0,1,4,6": 0.284137341745359,
    "0,1,4,7": 0.3741348063418628,
    "0,1,5,6": 0.45368278855441513,
    "0,1,5,7": 0.48049606450976523,
    "0,1,6,7": 0.6634629822405823,
    "0,2,3,4": 0.1670405283458588,
    "0,2,3,5": 0.3077087035365569,
    "0,2,3,6": 0.306249055923862,
    "0,2,3,7": 0.39463919282291215,
    "0,2,4,5": 0.2627772809103698,
    "0,2,4,6": 0.3003311308830916,
    "0,2,4,7": 0.30880350556787517,
    "0,2,5,6": 0.4657841509404148,
    "0,2,5,7": 0.4830485018906453,
    "0,2,6,7": 0.6928351621089026,
    "0,3,4,5": 0.24136004131119715,
    "0,3,4,6": 0.25785248632268876,
    "0,3,4,7": 0.3858934655740971,
    "0,3,5,6": 0.4222731526495621,
    "0,3,5,7": 0.473008322250107,
    "0,3,6,7": 0.6948865197836979,
    "0,4,5,6": 0.42052377674680597,
    "0,4,5,7": 0.46446030579527986,
    "0,4,6,7": 0.7133856875068486,
    "0,5,6,7": 0.6757210388153113,
    "1,2,3,4": -0.39306562652890964,
    "1,2,3,5": -0.13769357815586414,
    "1,2,3,6": 0.03551131959384257,
    "1,2,3,7": 0.15976732207599897,
    "1,2,4,5": -0.2514075093778627,
    "1,2,4,6": 0.016489582817654003,
    "1,2,4,7": 0.13921662402263457,
    "1,2,5,6": 0.23532076027222615,
    "1,2,5,7": 0.35613382248429604,
    "1,2,6,7": 0.7038585565183323,
    "1,3,4,5": -0.7542027409078604,
    "1,3,4,6": -0.33277473923458833,
    "1,3,4,7": -0.202028902259916,
    "1,3,5,6": -0.05757153539909354,
    "1,3,5,7": -0.05598188689606998,
    "1,3,6,7": 0.6185634253603316,
    "1,4,5,6": -0.08246811282619326,
    "1,4,5,7": -0.006841181708662436,
    "1,4,6,7": 0.6257745307944365,
    "1,5,6,7": 0.599951772118388,
    "2,3,4,5": -0.22845350677803955,
    "2,3,4,6": -0.06427949496880325,
    "2,3,4,7": 0.11988905372434322,
    "2,3,5,6": 0.23677060852089837,
    "2,3,5,7": 0.2917815997135451,
    "2,3,6,7": 0.6933498237227282,
    "2,4,5,6": 0.21421410116736073,
    "2,4,5,7": 0.26224064325561525,
    "2,4,6,7": 0.6691430194127019,
    "2,5,6,7": 0.6513570552105443,
    "3,4,5,6": -0.11287868169865845,
    "3,4,5,7": -0.12101746547805181,
    "3,4,6,7": 0.6216643140288718,
    "3,5,6,7": 0.5842900508843312,
    "4,5,6,7": 0.604367559644853,
    "0,1,2,3,4": 0.26185509576545696,
    "0,1,2,3,5": 0.38470756657743577,
    "0,1,2,3,6": 0.3469710222347737,
    "0,1,2,3,7": 0.41157290926220946,
    "0,1,2,4,5": 0.37147702785877124,
    "0,1,2,4,6": 0.3428652157542438,
    "0,1,2,4,7": 0.3293228147707796,
    "0,1,2,5,6": 0.48911227953570424,
    "0,1,2,5,7": 0.4926565162880434,
    "0,1,2,6,7": 0.6607922305631606,
    "0,1,3,4,5": 0.3380562087514799,
    "0,1,3,4,6": 0.33916024751906315,
    "0,1,3,4,7": 0.3873434881792751,
    "0,1,3,5,6": 0.45790382154888065,
    "0,1,3,5,7": 0.4669634936979731,
    "0,1,3,6,7": 0.6590091565827993,
    "0,1,4,5,6": 0.42811493832922887,
    "0,1,4,5,7": 0.48546279221754474,
    "0,1,4,6,7": 0.6657819808670095,
    "0,1,5,6,7": 0.6182124916920493,
    "0,2,3,4,5": 0.3159273354873243,
    "0,2,3,4,6": 0.2965451169767075,
    "0,2,3,4,7": 0.3520652277939502,
    "0,2,3,5,6": 0.453973198503168,
    "0,2,3,5,7": 0.48816633754575833,
    "0,2,3,6,7": 0.6991461015611549,
    "0,2,4,5,6": 0.43594070305843724,
    "0,2,4,5,7": 0.44573646876900985,
    "0,2,4,6,7": 0.696410985833123,
    "0,2,5,6,7": 0.6797576796299503,
    "0,3,4,5,6": 0.4328114275052741,
    "0,3,4,5,7": 0.44301597176792906,
    "0,3,4,6,7": 0.7048453675870454,
    "0,3,5,6,7": 0.652191591283112,
    "0,4,5,6,7": 0.6670639312008491,
    "1,2,3,4,5": -0.12886482085144046,
    "1,2,3,4,6": 0.030072261127653266,
    "1,2,3,4,7": 0.16268849172032884,
    "1,2,3,5,6": 0.2796061089960208,
    "1,2,3,5,7": 0.3794892712413659,
    "1,2,3,6,7": 0.6831775157059468,
    "1,2,4,5,6": 0.23733511685129316,
    "1,2,4,5,7": 0.3538674056600304,
    "1,2,4,6,7": 0.6621714177823159,
    "1,2,5,6,7": 0.6603823269994575,
    "1,3,4,5,6": -0.09417976664542582,
    "1,3,4,5,7": -0.07288349352630097,
    "1,3,4,6,7": 0.5952709222796505,
    "1,3,5,6,7": 0.5842688814671371,
    "1,4,5,6,7": 0.5756120984845807,
    "2,3,4,5,6": 0.2553590455303496,
    "2,3,4,5,7": 0.2921849754208601,
    "2,3,4,6,7": 0.6603643691682692,
    "2,3,5,6,7": 0.6393575811782917,