{
  "object_name": "Game",
  "data_type": "game",
  "version": "1.4.2.dev29+g3d3c3a7e6.d20260421",
  "created_from": null,
  "description": null,
  "parameters": {},
  "timestamp": "2026-04-21T12:25:55.922033+00:00Z",
  "metadata": {
    "n_players": 8,
    "game_name": "Game_object",
    "normalization_value": 0.0,
    "precompute_flag": false,
    "precomputed": true,
    "player_names": null
  },
  "data": {
    "Empty": 0.0,
    "0": 0.17198485629687443,
    "1": 0.025479403936583878,
    "2": -0.6315298950269979,
    "3": -0.7245037445299616,
    "4": -0.24081324251868708,
    "5": -0.7798167262702531,
    "6": 0.2329031451509127,
    "7": 0.29155731359265846,
    "0,1": 0.08289477294408598,
    "0,2": 0.14406217616757755,
    "0,3": 0.032543741780575286,
    "0,4": -0.011106847989243773,
    "0,5": 0.21235442929448523,
    "0,6": 0.23726339310913636,
    "0,7": 0.3069483349408322,
    "1,2": -0.5629153174928634,
    "1,3": -0.9492098037822352,
    "1,4": -0.8861437441513771,
    "1,5": -0.7401486293651598,
    "1,6": -0.07982075589231541,
    "1,7": -0.014036383140292763,
    "2,3": -0.5019893663230248,
    "2,4": -0.6472369941163583,
    "2,5": -0.38432495886262874,
    "2,6": -0.1575463893260005,
    "2,7": 0.031016343475309904,
    "3,4": -0.9535984400541702,
    "3,5": -0.8143732073692891,
    "3,6": -0.46112447444986304,
    "3,7": -0.3772632845535375,
    "4,5": -0.8413922611095708,
    "4,6": -0.49341852668540076,
    "4,7": -0.2925045700691724,
    "5,6": -0.1654636221789374,
    "5,7": -0.17989970905417918,
    "6,7": 0.6874544072790634,
    "0,1,2": 0.25314846138024694,
    "0,1,3": 0.12276563979446509,
    "0,1,4": 0.11352806742428068,
    "0,1,5": 0.3030755714456169,
    "0,1,6": 0.30248058381390797,
    "0,1,7": 0.3598516761630166,
    "0,2,3": 0.1691683635053427,
    "0,2,4": 0.08798629727400198,
    "0,2,5": 0.2560244546121122,
    "0,2,6": 0.27582912716373986,
    "0,2,7": 0.32909973475692056,
    "0,3,4": 0.010774074745133921,
    "0,3,5": 0.18810719769521633,
    "0,3,6": 0.21567695171992718,
    "0,3,7": 0.3009088901055562,
    "0,4,5": 0.24218674817760633,
    "0,4,6": 0.2149271458590739,
    "0,4,7": 0.290468777687125,
    "0,5,6": 0.416516741423716,
    "0,5,7": 0.4748959159878775,
    "0,6,7": 0.6766685561651945,
    "1,2,3": -0.40974389829800906,
    "1,2,4": -0.5499417841900573,
    "1,2,5": -0.2471502637508396,
    "1,2,6": 0.0011750050475729523,
    "1,2,7": 0.12271307393366959,
    "1,3,4": -1.0191366132880648,
    "1,3,5": -0.6736341447075813,
    "1,3,6": -0.3424359869767861,
    "1,3,7": -0.2534876590661812,
    "1,4,5": -0.7512693569133675,
    "1,4,6": -0.3918210103082158,
    "1,4,7": -0.19502764721076615,
    "1,5,6": -0.0649004480394535,
    "1,5,7": -0.03359298176264458,
    "1,6,7": 0.6560569110259062,
    "2,3,4": -0.5079761960474607,
    "2,3,5": -0.18231058392907618,
    "2,3,6": -0.09566601128087227,
    "2,3,7": 0.09534070045684784,
    "2,4,5": -0.3415475802444554,
    "2,4,6": -0.1621927146478277,
    "2,4,7": 0.059525777078666686,
    "2,5,6": 0.17350495459164528,
    "2,5,7": 0.253799037176339,
    "2,6,7": 0.7167424026338808,
    "3,4,5": -0.8213372925889006,
    "3,4,6": -0.4488154687335837,
    "3,4,7": -0.3148236370859432,
    "3,5,6": -0.16222425569374055,
    "3,5,7": -0.06067930215430439,
    "3,6,7": 0.6068105805272161,
    "4,5,6": -0.1845839863579073,
    "4,5,7": -0.18808740928890977,
    "4,6,7": 0.6126333298292636,
    "5,6,7": 0.6105029751103792,
    "0,1,2,3": 0.3127081373767143,
    "0,1,2,4": 0.2379718762490477,
    "0,1,2,5": 0.3682516687865208,
    "0,1,2,6": 0.30397160355750164,
    "0,1,2,7": 0.39652041508118485,
    "0,1,3,4": 0.10340191308227786,
    "0,1,3,5": 0.33240714052986353,
    "0,1,3,6": 0.31665349849701185,
    "0,1,3,7": 0.3474658607058395,
    "0,1,4,5": 0.309017449669978,
    "0,1,4,6": 0.2915724615076958,
    "0,1,4,7": 0.34910043563454063,
    "0,1,5,6": 0.5055362047186407,
    "0,1,5,7": 0.47708275113547016,
    "0,1,6,7": 0.6600620649513498,
    "0,2,3,4": 0.1459705159763819,
    "0,2,3,5": 0.28330934799292196,
    "0,2,3,6": 0.27422915477469967,
    "0,2,3,7": 0.33400387391423103,
    "0,2,4,5": 0.29203628573174456,
    "0,2,4,6": 0.26767192180253196,
    "0,2,4,7": 0.3205351178979242,
    "0,2,5,6": 0.43284934466714475,
    "0,2,5,7": 0.4749858411273755,
    "0,2,6,7": 0.671554540607917,
    "0,3,4,5": 0.22870015259663723,
    "0,3,4,6": 0.2503906996936679,
    "0,3,4,7": 0.33298806816328785,
    "0,3,5,6": 0.4242583317987194,
    "0,3,5,7": 0.4752056853455485,
    "0,3,6,7": 0.658523796058921,
    "0,4,5,6": 0.4286706053735041,
    "0,4,5,7": 0.46740379785178776,
    "0,4,6,7": 0.6762174813751308,
    "0,5,6,7": 0.6626372474316714,
    "1,2,3,4": -0.4167025684620105,
    "1,2,3,5": -0.11605046833314914,
    "1,2,3,6": -0.014104958405070978,
    "1,2,3,7": 0.15424917981276887,
    "1,2,4,5": -0.2161549783347878,
    "1,2,4,6": -0.0019011408009328434,
    "1,2,4,7": 0.09991423397894428,
    "1,2,5,6": 0.27311229274249005,
    "1,2,5,7": 0.31153512348781176,
    "1,2,6,7": 0.687473963301504,
    "1,3,4,5": -0.6965024119456045,
    "1,3,4,6": -0.33057394969286413,
    "1,3,4,7": -0.2551201682185138,
    "1,3,5,6": -0.013877861001110325,
    "1,3,5,7": -0.033814277082881095,
    "1,3,6,7": 0.605916194452957,
    "1,4,5,6": -0.08330801515496278,
    "1,4,5,7": -0.045762832510344076,
    "1,4,6,7": 0.6243371312414404,
    "1,5,6,7": 0.6035538394921627,
    "2,3,4,5": -0.21379082521527137,
    "2,3,4,6": -0.10108104207581459,
    "2,3,4,7": 0.07736656534039488,
    "2,3,5,6": 0.2264022455566418,
    "2,3,5,7": 0.3139925482416801,
    "2,3,6,7": 0.7205600402490677,
    "2,4,5,6": 0.2020967768521965,
    "2,4,5,7": 0.24195575926517354,
    "2,4,6,7": 0.6867579369601922,
    "2,5,6,7": 0.6723681423467981,
    "3,4,5,6": -0.10518757298961345,
    "3,4,5,7": -0.10555881745895768,
    "3,4,6,7": 0.5847859197680151,
    "3,5,6,7": 0.5480541515469692,
    "4,5,6,7": 0.5773138352602012,
    "0,1,2,3,4": 0.30693905575819136,
    "0,1,2,3,5": 0.3866266688240204,
    "0,1,2,3,6": 0.36267642701005465,
    "0,1,2,3,7": 0.38836013511732126,
    "0,1,2,4,5": 0.37615099684944264,
    "0,1,2,4,6": 0.32521128614325634,
    "0,1,2,4,7": 0.3835543005112282,
    "0,1,2,5,6": 0.48631372362321634,
    "0,1,2,5,7": 0.4920396916657199,
    "0,1,2,6,7": 0.6405106440095593,
    "0,1,3,4,5": 0.33415089349966487,
    "0,1,3,4,6": 0.33019932103027316,
    "0,1,3,4,7": 0.3556380210838419,
    "0,1,3,5,6": 0.4855080579427562,
    "0,1,3,5,7": 0.48917134816933894,
    "0,1,3,6,7": 0.6294105929441001,
    "0,1,4,5,6": 0.4966605733707712,
    "0,1,4,5,7": 0.503304880136843,
    "0,1,4,6,7": 0.6551803969645575,
    "0,1,5,6,7": 0.6540943964532036,
    "0,2,3,4,5": 0.3079062450282767,
    "0,2,3,4,6": 0.26962772756794073,
    "0,2,3,4,7": 0.34283557008926857,
    "0,2,3,5,6": 0.4370939572035959,
    "0,2,3,5,7": 0.48714828002239574,
    "0,2,3,6,7": 0.6441922179859647,
    "0,2,4,5,6": 0.4407980704268287,
    "0,2,4,5,7": 0.4742989141900208,
    "0,2,4,6,7": 0.6517342340383403,
    "0,2,5,6,7": 0.6457240843568566,
    "0,3,4,5,6": 0.41636415109259517,
    "0,3,4,5,7": 0.4742920347567283,
    "0,3,4,6,7": 0.664377155496355,
    "0,3,5,6,7": 0.6631442662893146,
    "0,4,5,6,7": 0.6477772753851243,
    "1,2,3,4,5": -0.08707741469749841,
    "1,2,3,4,6": 0.048362680357989074,
    "1,2,3,4,7": 0.14302701598812106,
    "1,2,3,5,6": 0.29917032308229363,
    "1,2,3,5,7": 0.3413678674075612,
    "1,2,3,6,7": 0.6657921339938533,
    "1,2,4,5,6": 0.28127421300625854,
    "1,2,4,5,7": 0.3120068015016856,
    "1,2,4,6,7": 0.671782919747047,
    "1,2,5,6,7": 0.667942886266581,
    "1,3,4,5,6": -0.027516431262578633,
    "1,3,4,5,7": -0.037139758665861056,
    "1,3,4,6,7": 0.5761556234773038,
    "1,3,5,6,7": 0.5877905813329669,
    "1,4,5,6,7": 0.5698359967906368,
    "2,3,4,5,6": 0.24465354797785843,
    "2,3,4,5,7": 0.2927200150301934,
    "2,3,4,6,7": 0.695040058321689,
    "2,3,5,6,7": 0.6573393094464777,