{
  "object_name": "Game",
  "data_type": "game",
  "version": "1.4.2.dev29+g3d3c3a7e6.d20260421",
  "created_from": null,
  "description": null,
  "parameters": {},
  "timestamp": "2026-04-21T12:25:56.015983+00:00Z",
  "metadata": {
    "n_players": 8,
    "game_name": "Game_object",
    "normalization_value": 0.0,
    "precompute_flag": false,
    "precomputed": true,
    "player_names": null
  },
  "data": {
    "Empty": 0.0,
    "0": 0.27168085007436227,
    "1": 0.024038195954881214,
    "2": -0.2755215052036264,
    "3": -0.4416084470147197,
    "4": -0.22362046103955935,
    "5": -0.3560137500072058,
    "6": 0.23476679991084248,
    "7": 0.2834793087868632,
    "0,1": 0.3630154729174069,
    "0,2": 0.4488930645274791,
    "0,3": 0.37901856186613414,
    "0,4": 0.3636485931869491,
    "0,5": 0.4863402405425852,
    "0,6": 0.4917376990875162,
    "0,7": 0.5191236925883975,
    "1,2": -0.0749891767849209,
    "1,3": -0.3007719489945282,
    "1,4": -0.3664333671475428,
    "1,5": -0.1560297111579676,
    "1,6": 0.101977688871848,
    "1,7": 0.16165286169952087,
    "2,3": 0.03817743625732695,
    "2,4": -0.06061317732108096,
    "2,5": 0.10381109230803331,
    "2,6": 0.22235190002902017,
    "2,7": 0.34125431415416607,
    "3,4": -0.23327298923362538,
    "3,5": -0.14547754594281082,
    "3,6": 0.02691042431795465,
    "3,7": 0.09133073538784076,
    "4,5": -0.13827549155585395,
    "4,6": 0.044671848939501935,
    "4,7": 0.10035272316829791,
    "5,6": 0.21477027155905748,
    "5,7": 0.17753365252392317,
    "6,7": 0.7793438747105432,
    "0,1,2": 0.511905553461165,
    "0,1,3": 0.46056996181754795,
    "0,1,4": 0.465030975462177,
    "0,1,5": 0.564483692942944,
    "0,1,6": 0.5664762439206323,
    "0,1,7": 0.6015701732647318,
    "0,2,3": 0.4945285991566478,
    "0,2,4": 0.47569955206710446,
    "0,2,5": 0.5754958165473085,
    "0,2,6": 0.5780296838633185,
    "0,2,7": 0.6093437217736446,
    "0,3,4": 0.42511652078994744,
    "0,3,5": 0.526178397092997,
    "0,3,6": 0.5429235977764967,
    "0,3,7": 0.5832086118574956,
    "0,4,5": 0.5376141149203719,
    "0,4,6": 0.5403389979356046,
    "0,4,7": 0.5699118028205811,
    "0,5,6": 0.6403163423528839,
    "0,5,7": 0.6623432460262956,
    "0,6,7": 0.8026820650230088,
    "1,2,3": 0.13530865707852235,
    "1,2,4": 0.0629454478315441,
    "1,2,5": 0.21004456748531786,
    "1,2,6": 0.3618751894949622,
    "1,2,7": 0.447982688213898,
    "1,3,4": -0.13469414426238857,
    "1,3,5": -0.03647134780742012,
    "1,3,6": 0.16532661810857785,
    "1,3,7": 0.242246455974772,
    "1,4,5": -0.033481174434465855,
    "1,4,6": 0.19696032634948846,
    "1,4,7": 0.241026057503975,
    "1,5,6": 0.34201464845609497,
    "1,5,7": 0.3256985633373253,
    "1,6,7": 0.7767774676519896,
    "2,3,4": 0.10114676193773342,
    "2,3,5": 0.2648694561661631,
    "2,3,6": 0.35064381694167257,
    "2,3,7": 0.43799560992809117,
    "2,4,5": 0.15821458325697746,
    "2,4,6": 0.33513332776563254,
    "2,4,7": 0.40401101253933513,
    "2,5,6": 0.5089169863582435,
    "2,5,7": 0.5174564472782924,
    "2,6,7": 0.7985270866468908,
    "3,4,5": -0.08240776773550129,
    "3,4,6": 0.1545341487571089,
    "3,4,7": 0.19926052659564542,
    "3,5,6": 0.3048064089212794,
    "3,5,7": 0.2847701576966344,
    "3,6,7": 0.7620931258440735,
    "4,5,6": 0.30595048819687465,
    "4,5,7": 0.25535988444874924,
    "4,6,7": 0.7553215103491366,
    "5,6,7": 0.748798713438291,
    "0,1,2,3": 0.5545158498431044,
    "0,1,2,4": 0.5295761546783142,
    "0,1,2,5": 0.6274299592137798,
    "0,1,2,6": 0.6083249006956462,
    "0,1,2,7": 0.6270221876526095,
    "0,1,3,4": 0.4827686181725318,
    "0,1,3,5": 0.5983022882223068,
    "0,1,3,6": 0.5955587863197264,
    "0,1,3,7": 0.6260967105456474,
    "0,1,4,5": 0.5954046157395396,
    "0,1,4,6": 0.5883412978272139,
    "0,1,4,7": 0.607519875584726,
    "0,1,5,6": 0.6779381359202123,
    "0,1,5,7": 0.6824248922341363,
    "0,1,6,7": 0.7973991884943997,
    "0,2,3,4": 0.5224201570768165,
    "0,2,3,5": 0.5848687538908284,
    "0,2,3,6": 0.5877115626215941,
    "0,2,3,7": 0.6275722284742297,
    "0,2,4,5": 0.585466303360284,
    "0,2,4,6": 0.5906455391498591,
    "0,2,4,7": 0.6196365737491131,
    "0,2,5,6": 0.6596764216501355,
    "0,2,5,7": 0.6949804705982079,
    "0,2,6,7": 0.8043105909866909,
    "0,3,4,5": 0.5484982965116479,
    "0,3,4,6": 0.5627286365888036,
    "0,3,4,7": 0.6059985164970887,
    "0,3,5,6": 0.6553719492422647,
    "0,3,5,7": 0.6698558575988772,
    "0,3,6,7": 0.8073220606686102,
    "0,4,5,6": 0.6515307474252298,
    "0,4,5,7": 0.6719802413767668,
    "0,4,6,7": 0.8031302386538841,
    "0,5,6,7": 0.7826581010726483,
    "1,2,3,4": 0.1760056804775768,
    "1,2,3,5": 0.3308166970250829,
    "1,2,3,6": 0.43080047450377024,
    "1,2,3,7": 0.4957627511546303,
    "1,2,4,5": 0.25291802337027547,
    "1,2,4,6": 0.4040255031826385,
    "1,2,4,7": 0.4712123618055917,
    "1,2,5,6": 0.5509023462155146,
    "1,2,5,7": 0.5595194695570536,
    "1,2,6,7": 0.8052545577950523,
    "1,3,4,5": 0.022558113588917017,
    "1,3,4,6": 0.2541215297899102,
    "1,3,4,7": 0.30170848344674817,
    "1,3,5,6": 0.38974320062527856,
    "1,3,5,7": 0.38909787637272986,
    "1,3,6,7": 0.7649243003161231,
    "1,4,5,6": 0.37855159713861486,
    "1,4,5,7": 0.35550607081165253,
    "1,4,6,7": 0.7628410221026212,
    "1,5,6,7": 0.7459179625144541,
    "2,3,4,5": 0.2878529552349427,
    "2,3,4,6": 0.37990755666052656,
    "2,3,4,7": 0.4642159060392036,
    "2,3,5,6": 0.5652159479308263,
    "2,3,5,7": 0.5772571970587655,
    "2,3,6,7": 0.8035298428800897,
    "2,4,5,6": 0.5377766957835148,
    "2,4,5,7": 0.5465209351817725,
    "2,4,6,7": 0.8027205454152601,
    "2,5,6,7": 0.8061201072260187,
    "3,4,5,6": 0.3298719394530868,
    "3,4,5,7": 0.33089250151713856,
    "3,4,6,7": 0.7496061076658955,
    "3,5,6,7": 0.733280305731594,
    "4,5,6,7": 0.740502236982158,
    "0,1,2,3,4": 0.5753052639007632,
    "0,1,2,3,5": 0.6435374481417719,
    "0,1,2,3,6": 0.6267058705612271,
    "0,1,2,3,7": 0.6439656381611296,
    "0,1,2,4,5": 0.6431035988079039,
    "0,1,2,4,6": 0.6059434984426086,
    "0,1,2,4,7": 0.630940620331848,
    "0,1,2,5,6": 0.6975392864587613,
    "0,1,2,5,7": 0.7104832758990238,
    "0,1,2,6,7": 0.7874531213522639,
    "0,1,3,4,5": 0.6115642594562127,
    "0,1,3,4,6": 0.605095509585414,
    "0,1,3,4,7": 0.6300990532223834,
    "0,1,3,5,6": 0.6921513894113906,
    "0,1,3,5,7": 0.6842422838168929,
    "0,1,3,6,7": 0.794454694310911,
    "0,1,4,5,6": 0.6896085589224987,
    "0,1,4,5,7": 0.6915718315575372,
    "0,1,4,6,7": 0.7954575496296898,
    "0,1,5,6,7": 0.7821783920871856,
    "0,2,3,4,5": 0.6029438534118107,
    "0,2,3,4,6": 0.6009165502309017,
    "0,2,3,4,7": 0.6363543078712144,
    "0,2,3,5,6": 0.673755434418432,
    "0,2,3,5,7": 0.6963804552863119,
    "0,2,3,6,7": 0.8007521323650207,
    "0,2,4,5,6": 0.6725295136830107,
    "0,2,4,5,7": 0.6951275233645426,
    "0,2,4,6,7": 0.8014679118034682,
    "0,2,5,6,7": 0.7924821515373685,
    "0,3,4,5,6": 0.6633936395168913,
    "0,3,4,5,7": 0.6776692475491364,
    "0,3,4,6,7": 0.80361858138127,
    "0,3,5,6,7": 0.7848003742961442,
    "0,4,5,6,7": 0.788255544417366,
    "1,2,3,4,5": 0.346907456452371,
    "1,2,3,4,6": 0.4459999518814943,
    "1,2,3,4,7": 0.5061788479530278,
    "1,2,3,5,6": 0.5925320189195497,
    "1,2,3,5,7": 0.6070971963077515,
    "1,2,3,6,7": 0.8050374183069239,
    "1,2,4,5,6": 0.5613476945450979,
    "1,2,4,5,7": 0.5711553542295724,
    "1,2,4,6,7": 0.8020255724983334,
    "1,2,5,6,7": 0.806595805338943,
    "1,3,4,5,6": 0.394980394702136,
    "1,3,4,5,7": 0.3889559736578512,
    "1,3,4,6,7": 0.7553054536316576,
    "1,3,5,6,7": 0.739224604178378,
    "1,4,5,6,7": 0.7368350882291191,
    "2,3,4,5,6": 0.573542649932124,
    "2,3,4,5,7": 0.5907712830149432,
    "2,3,4,6,7": 0.8019580875653758,
    "2,3,5,6,7": 0.7991148819426699,
    "2,4,5,6,7": 0.8055112185990938,
    "3,4,5,6,7": 0.7264052606432816,
    "0,1,2,3,4,5": 0.6552626939683699,