{
  "object_name": "Game",
  "data_type": "game",
  "version": "1.4.2.dev29+g3d3c3a7e6.d20260421",
  "created_from": null,
  "description": null,
  "parameters": {},
  "timestamp": "2026-04-21T12:25:55.891695+00:00Z",
  "metadata": {
    "n_players": 8,
    "game_name": "Game_object",
    "normalization_value": 0.0,
    "precompute_flag": false,
    "precomputed": true,
    "player_names": null
  },
  "data": {
    "Empty": 0.0,
    "0": 0.1282753368635996,
    "1": 0.025878536589820866,
    "2": -0.7023699915318062,
    "3": -0.700058633785885,
    "4": -0.21424523407317064,
    "5": -0.8061554267630449,
    "6": 0.23901843055629501,
    "7": 0.2821353203773219,
    "0,1": 0.12366683528946953,
    "0,2": 0.07400917284156139,
    "0,3": 0.030395818908012684,
    "0,4": -0.008535093504854707,
    "0,5": 0.16584308458285568,
    "0,6": 0.20931047215817955,
    "0,7": 0.25595717996958745,
    "1,2": -0.5739660095632502,
    "1,3": -0.9673481120137262,
    "1,4": -0.9443123718120794,
    "1,5": -0.7029775185116456,
    "1,6": -0.029638726327838594,
    "1,7": -0.023935258460542563,
    "2,3": -0.5245163719986525,
    "2,4": -0.6053634691615617,
    "2,5": -0.4432402792673622,
    "2,6": -0.135138578122052,
    "2,7": -0.028500083847065927,
    "3,4": -0.903323310976395,
    "3,5": -0.7209943687557552,
    "3,6": -0.4300627872620686,
    "3,7": -0.3359348943376488,
    "4,5": -0.8096362473207692,
    "4,6": -0.4040057859409858,
    "4,7": -0.27984533741691653,
    "5,6": -0.15592070964594962,
    "5,7": -0.23062024761115296,
    "6,7": 0.7108652938163811,
    "0,1,2": 0.18083033324150377,
    "0,1,3": 0.11828534049868222,
    "0,1,4": 0.10003399427153281,
    "0,1,5": 0.3041263144527603,
    "0,1,6": 0.3083137608875893,
    "0,1,7": 0.33460306909166937,
    "0,2,3": 0.15164053079596962,
    "0,2,4": 0.10553287866124406,
    "0,2,5": 0.24910299242198874,
    "0,2,6": 0.23100833861733705,
    "0,2,7": 0.31311704812695795,
    "0,3,4": 0.03239922281835439,
    "0,3,5": 0.21877471590794628,
    "0,3,6": 0.26838946238566785,
    "0,3,7": 0.3030382205798906,
    "0,4,5": 0.22142022650371163,
    "0,4,6": 0.2438279654446439,
    "0,4,7": 0.27090692171270025,
    "0,5,6": 0.43350442798804156,
    "0,5,7": 0.4342627634260956,
    "0,6,7": 0.6862250460320853,
    "1,2,3": -0.4552007932428148,
    "1,2,4": -0.5220972389276488,
    "1,2,5": -0.3508532220636309,
    "1,2,6": -0.050443288749922655,
    "1,2,7": 0.08139572516179461,
    "1,3,4": -0.8883511169157436,
    "1,3,5": -0.7321595662718909,
    "1,3,6": -0.3324976067149288,
    "1,3,7": -0.21370770778042236,
    "1,4,5": -0.7036038699869525,
    "1,4,6": -0.2475786123147472,
    "1,4,7": -0.2339057264617812,
    "1,5,6": -0.04845448870225244,
    "1,5,7": -0.04217313100790876,
    "1,6,7": 0.639913895716317,
    "2,3,4": -0.6094861698548202,
    "2,3,5": -0.2577255127296221,
    "2,3,6": -0.0649282987796993,
    "2,3,7": 0.06882661806160617,
    "2,4,5": -0.4535470125475598,
    "2,4,6": -0.11432195206159301,
    "2,4,7": 0.016768274118119653,
    "2,5,6": 0.19826643857731874,
    "2,5,7": 0.22822100021880976,
    "2,6,7": 0.7053843012624232,
    "3,4,5": -0.8248784302910799,
    "3,4,6": -0.3783124259594268,
    "3,4,7": -0.2410118023201544,
    "3,5,6": -0.13323168410820174,
    "3,5,7": -0.14116560311954385,
    "3,6,7": 0.6502423025732784,
    "4,5,6": -0.15337094482567837,
    "4,5,7": -0.1924749153112657,
    "4,6,7": 0.6460014658133179,
    "5,6,7": 0.6531117351859701,
    "0,1,2,3": 0.2645145416529261,
    "0,1,2,4": 0.2549572218327263,
    "0,1,2,5": 0.3575115595583058,
    "0,1,2,6": 0.32620603256576897,
    "0,1,2,7": 0.3536566245847883,
    "0,1,3,4": 0.13643423221306195,
    "0,1,3,5": 0.3412129936702306,
    "0,1,3,6": 0.3441741627575363,
    "0,1,3,7": 0.3505851098713121,
    "0,1,4,5": 0.3342355399871506,
    "0,1,4,6": 0.30445869016393245,
    "0,1,4,7": 0.35658217415287563,
    "0,1,5,6": 0.44113804180400285,
    "0,1,5,7": 0.4792065308992648,
    "0,1,6,7": 0.6424347159339087,
    "0,2,3,4": 0.15690195700875575,
    "0,2,3,5": 0.3215581999137572,
    "0,2,3,6": 0.29282863762591027,
    "0,2,3,7": 0.34806169611830595,
    "0,2,4,5": 0.2724081504493385,
    "0,2,4,6": 0.3077540233554462,
    "0,2,4,7": 0.2987504824158732,
    "0,2,5,6": 0.4232627411692208,
    "0,2,5,7": 0.4591303628014829,
    "0,2,6,7": 0.6745404863388827,
    "0,3,4,5": 0.21443014106401836,
    "0,3,4,6": 0.24622469917324352,
    "0,3,4,7": 0.30807567746499587,
    "0,3,5,6": 0.4092499701485267,
    "0,3,5,7": 0.46303533653468076,
    "0,3,6,7": 0.6955870270357025,
    "0,4,5,6": 0.40430485252677606,
    "0,4,5,7": 0.46514548439629944,
    "0,4,6,7": 0.6697202325247624,
    "0,5,6,7": 0.6280783925309092,
    "1,2,3,4": -0.44896620786850194,
    "1,2,3,5": -0.15695506596265973,
    "1,2,3,6": 0.0212934164100389,
    "1,2,3,7": 0.08543281325546037,
    "1,2,4,5": -0.21768600544035865,
    "1,2,4,6": 0.014601424303826827,
    "1,2,4,7": 0.0904944998423024,
    "1,2,5,6": 0.20032978467688545,
    "1,2,5,7": 0.3328831087295845,
    "1,2,6,7": 0.6852913844562714,
    "1,3,4,5": -0.6791189282898527,
    "1,3,4,6": -0.28031171497835383,
    "1,3,4,7": -0.19684888063177253,
    "1,3,5,6": -0.05112278707811124,
    "1,3,5,7": -0.01788469863395359,
    "1,3,6,7": 0.6074349951724722,
    "1,4,5,6": -0.08852147106415797,
    "1,4,5,7": -0.05546140602613736,
    "1,4,6,7": 0.6033135619597252,
    "1,5,6,7": 0.6097665829050007,
    "2,3,4,5": -0.2525294871278687,
    "2,3,4,6": -0.07068207068002552,
    "2,3,4,7": 0.08622598512214774,
    "2,3,5,6": 0.23552421731606332,
    "2,3,5,7": 0.27225474655502324,
    "2,3,6,7": 0.68197090329871,
    "2,4,5,6": 0.19583294756267222,
    "2,4,5,7": 0.23144413105325756,
    "2,4,6,7": 0.6919004649921798,
    "2,5,6,7": 0.6772758428843249,
    "3,4,5,6": -0.16159337177160094,
    "3,4,5,7": -0.10790620955860031,
    "3,4,6,7": 0.6346207930241456,
    "3,5,6,7": 0.6115890516204299,
    "4,5,6,7": 0.5904357098675913,
    "0,1,2,3,4": 0.26362260700475715,
    "0,1,2,3,5": 0.41300280186440985,
    "0,1,2,3,6": 0.3506366264167723,
    "0,1,2,3,7": 0.38454295959605,
    "0,1,2,4,5": 0.37187667523206547,
    "0,1,2,4,6": 0.34103362657503433,
    "0,1,2,4,7": 0.3342810594476432,
    "0,1,2,5,6": 0.46068274976584855,
    "0,1,2,5,7": 0.49495288588532504,
    "0,1,2,6,7": 0.6382909387894771,
    "0,1,3,4,5": 0.3142700725561871,
    "0,1,3,4,6": 0.339108742331796,
    "0,1,3,4,7": 0.33958360091158235,
    "0,1,3,5,6": 0.45451702205706845,
    "0,1,3,5,7": 0.49758221270826963,
    "0,1,3,6,7": 0.626762852388657,
    "0,1,4,5,6": 0.4504142446264152,
    "0,1,4,5,7": 0.4888424222875205,
    "0,1,4,6,7": 0.6320779506246772,
    "0,1,5,6,7": 0.6370003874228779,
    "0,2,3,4,5": 0.32589431152428205,
    "0,2,3,4,6": 0.3004608496143082,
    "0,2,3,4,7": 0.32656239277470966,
    "0,2,3,5,6": 0.4194813173144316,
    "0,2,3,5,7": 0.4983674296904508,
    "0,2,3,6,7": 0.6652026161862781,
    "0,2,4,5,6": 0.43646475106534177,
    "0,2,4,5,7": 0.48599582181034495,
    "0,2,4,6,7": 0.6632789724504944,
    "0,2,5,6,7": 0.660749949233171,
    "0,3,4,5,6": 0.4276304737227812,
    "0,3,4,5,7": 0.4699433573622477,
    "0,3,4,6,7": 0.6625437978133946,
    "0,3,5,6,7": 0.6229815538465149,
    "0,4,5,6,7": 0.5966071854037431,
    "1,2,3,4,5": -0.10104954118212794,
    "1,2,3,4,6": 0.054854999362200396,
    "1,2,3,4,7": 0.1262173597886611,
    "1,2,3,5,6": 0.2714996509704374,
    "1,2,3,5,7": 0.34124878228056854,
    "1,2,3,6,7": 0.6713091194264078,
    "1,2,4,5,6": 0.21586195766295446,
    "1,2,4,5,7": 0.3095118912533271,
    "1,2,4,6,7": 0.6902221481471703,
    "1,2,5,6,7": 0.6828861689375881,
    "1,3,4,5,6": -0.05183007018951713,
    "1,3,4,5,7": -0.00188100792380963,
    "1,3,4,6,7": 0.6039803016217704,
    "1,3,5,6,7": 0.6007931594056137,
    "1,4,5,6,7": 0.5951526420186998,
    "2,3,4,5,6": 0.2624878260663487,
    "2,3,4,5,7": 0.27768954550771086,
    "2,3,4,6,7": 0.6889211828618061,
    "2,3,5,6,7": 0.6685441422176599,