{
  "object_name": "Game",
  "data_type": "game",
  "version": "1.4.2.dev29+g3d3c3a7e6.d20260421",
  "created_from": null,
  "description": null,
  "parameters": {},
  "timestamp": "2026-04-21T12:25:55.944247+00:00Z",
  "metadata": {
    "n_players": 8,
    "game_name": "Game_object",
    "normalization_value": 0.0,
    "precompute_flag": false,
    "precomputed": true,
    "player_names": null
  },
  "data": {
    "Empty": 0.0,
    "0": 0.47879932518528834,
    "1": 0.01654654335574479,
    "2": 0.14548331377029822,
    "3": 0.0025942827148066616,
    "4": -0.01806066609801471,
    "5": 0.059518711896586085,
    "6": 0.24189040886754076,
    "7": 0.3065637849718583,
    "0,1": 0.5047651195544766,
    "0,2": 0.515028977487596,
    "0,3": 0.46482551014505136,
    "0,4": 0.4581798016790759,
    "0,5": 0.5510744411491373,
    "0,6": 0.5843371365315722,
    "0,7": 0.6172495879277307,
    "1,2": 0.17171616020064662,
    "1,3": -0.03975214288468787,
    "1,4": -0.05336546094762351,
    "1,5": 0.0550339394162318,
    "1,6": 0.27364514518709826,
    "1,7": 0.35188254393319796,
    "2,3": 0.1823922776291983,
    "2,4": 0.09991759753726659,
    "2,5": 0.22719893254167278,
    "2,6": 0.3707677183508026,
    "2,7": 0.4601765905681038,
    "3,4": -0.06191820470799847,
    "3,5": 0.028030361491195754,
    "3,6": 0.21552774125673668,
    "3,7": 0.2799797129511762,
    "4,5": -0.014294060861304692,
    "4,6": 0.21230707052843567,
    "4,7": 0.2632172599955924,
    "5,6": 0.35409915341514764,
    "5,7": 0.3584256464344916,
    "6,7": 0.7760264316541385,
    "0,1,2": 0.5601927416675897,
    "0,1,3": 0.5187768437121636,
    "0,1,4": 0.5100205746672253,
    "0,1,5": 0.6036331079738039,
    "0,1,6": 0.6356709435397003,
    "0,1,7": 0.6574304459161133,
    "0,2,3": 0.5427892709346688,
    "0,2,4": 0.5180225602849,
    "0,2,5": 0.6002111034845552,
    "0,2,6": 0.6063031439370901,
    "0,2,7": 0.642935594138873,
    "0,3,4": 0.47121066342822326,
    "0,3,5": 0.5592435729739658,
    "0,3,6": 0.5877467679631669,
    "0,3,7": 0.6314998550004327,
    "0,4,5": 0.5633347073080361,
    "0,4,6": 0.5961629863262438,
    "0,4,7": 0.6291786702146756,
    "0,5,6": 0.6932250701938159,
    "0,5,7": 0.7033951436820141,
    "0,6,7": 0.8238375814424105,
    "1,2,3": 0.22926488305053927,
    "1,2,4": 0.16497201331695543,
    "1,2,5": 0.29582477898947845,
    "1,2,6": 0.449562416816764,
    "1,2,7": 0.5092188652495611,
    "1,3,4": -0.05861927195366223,
    "1,3,5": 0.06457686482694636,
    "1,3,6": 0.26961980975800115,
    "1,3,7": 0.34971444263353635,
    "1,4,5": 0.042034688113679386,
    "1,4,6": 0.27655519284903096,
    "1,4,7": 0.35277046774759346,
    "1,5,6": 0.4227203692467869,
    "1,5,7": 0.43365989384702663,
    "1,6,7": 0.7640713229102707,
    "2,3,4": 0.17413124222202103,
    "2,3,5": 0.3127492436296412,
    "2,3,6": 0.400039197652039,
    "2,3,7": 0.49740484143103936,
    "2,4,5": 0.20133858290626894,
    "2,4,6": 0.3861248543187279,
    "2,4,7": 0.4590814250403936,
    "2,5,6": 0.5530206302259884,
    "2,5,7": 0.5777903374428985,
    "2,6,7": 0.8091504251394274,
    "3,4,5": 0.01095191299969478,
    "3,4,6": 0.23454306241245104,
    "3,4,7": 0.2832290219263257,
    "3,5,6": 0.3763245657197536,
    "3,5,7": 0.3836354907657965,
    "3,6,7": 0.7482549622155903,
    "4,5,6": 0.36604381144800247,
    "4,5,7": 0.3551110407887069,
    "4,6,7": 0.7447294480431104,
    "5,6,7": 0.7532095846137209,
    "0,1,2,3": 0.5930068870935518,
    "0,1,2,4": 0.5626151066630918,
    "0,1,2,5": 0.6409785640683279,
    "0,1,2,6": 0.6554908311337877,
    "0,1,2,7": 0.67342737129818,
    "0,1,3,4": 0.5244808528436857,
    "0,1,3,5": 0.6148205580953627,
    "0,1,3,6": 0.6469959108017567,
    "0,1,3,7": 0.6715155756238502,
    "0,1,4,5": 0.626884062326057,
    "0,1,4,6": 0.6403254869380527,
    "0,1,4,7": 0.6569982283368527,
    "0,1,5,6": 0.7210866540209144,
    "0,1,5,7": 0.7326223377292418,
    "0,1,6,7": 0.824572517110107,
    "0,2,3,4": 0.5557591379335205,
    "0,2,3,5": 0.6186789500934398,
    "0,2,3,6": 0.6283823173931247,
    "0,2,3,7": 0.6596571780949451,
    "0,2,4,5": 0.6051095846973322,
    "0,2,4,6": 0.6253169655993613,
    "0,2,4,7": 0.6426937149070138,
    "0,2,5,6": 0.7121026543314508,
    "0,2,5,7": 0.7143463461282412,
    "0,2,6,7": 0.8273264004745673,
    "0,3,4,5": 0.5822907626720493,
    "0,3,4,6": 0.6049128775268375,
    "0,3,4,7": 0.6395700108922275,
    "0,3,5,6": 0.6932064530225799,
    "0,3,5,7": 0.706698418836109,
    "0,3,6,7": 0.8170401251282189,
    "0,4,5,6": 0.6989844488297756,
    "0,4,5,7": 0.7173910167034461,
    "0,4,6,7": 0.8228216695958076,
    "0,5,6,7": 0.822631873217539,
    "1,2,3,4": 0.23152725209876335,
    "1,2,3,5": 0.37896220331494945,
    "1,2,3,6": 0.464816982137801,
    "1,2,3,7": 0.546329923866566,
    "1,2,4,5": 0.31391502883828093,
    "1,2,4,6": 0.459447920217957,
    "1,2,4,7": 0.5183805977377419,
    "1,2,5,6": 0.5955584457168974,
    "1,2,5,7": 0.6266157600496782,
    "1,2,6,7": 0.8119077253767103,
    "1,3,4,5": 0.07058520320082717,
    "1,3,4,6": 0.28804540154843195,
    "1,3,4,7": 0.35283390945519133,
    "1,3,5,6": 0.4278590699766912,
    "1,3,5,7": 0.4442522638636687,
    "1,3,6,7": 0.7525908279213573,
    "1,4,5,6": 0.41953977496729433,
    "1,4,5,7": 0.43370894506421365,
    "1,4,6,7": 0.7520344429284684,
    "1,5,6,7": 0.7539568647422326,
    "2,3,4,5": 0.3032462576337859,
    "2,3,4,6": 0.4307340908576087,
    "2,3,4,7": 0.5068303479656253,
    "2,3,5,6": 0.5874332250717673,
    "2,3,5,7": 0.6236462654196786,
    "2,3,6,7": 0.8107897426229188,
    "2,4,5,6": 0.5596194126903771,
    "2,4,5,7": 0.5868186571192265,
    "2,4,6,7": 0.7985266885715832,
    "2,5,6,7": 0.8088646726155657,
    "3,4,5,6": 0.38102932588739713,
    "3,4,5,7": 0.38112839075078786,
    "3,4,6,7": 0.7354461233109603,
    "3,5,6,7": 0.7389694892952237,
    "4,5,6,7": 0.7413540882042766,
    "0,1,2,3,4": 0.6014541033139981,
    "0,1,2,3,5": 0.661231299231948,
    "0,1,2,3,6": 0.6704326611010683,
    "0,1,2,3,7": 0.6928183129686519,
    "0,1,2,4,5": 0.6614885011529321,
    "0,1,2,4,6": 0.6567849756675341,
    "0,1,2,4,7": 0.673376874228844,
    "0,1,2,5,6": 0.7358253175655427,
    "0,1,2,5,7": 0.7413321975422351,
    "0,1,2,6,7": 0.8267345581112331,
    "0,1,3,4,5": 0.6284712883577805,
    "0,1,3,4,6": 0.6516958864504425,
    "0,1,3,4,7": 0.6675209919993421,
    "0,1,3,5,6": 0.7273789873324117,
    "0,1,3,5,7": 0.7367173276271464,
    "0,1,3,6,7": 0.8234228944141894,
    "0,1,4,5,6": 0.7270168961466266,
    "0,1,4,5,7": 0.7381447677218387,
    "0,1,4,6,7": 0.8249184453133975,
    "0,1,5,6,7": 0.8304947850340149,
    "0,2,3,4,5": 0.6261180494233693,
    "0,2,3,4,6": 0.6344068083878003,
    "0,2,3,4,7": 0.6686245240498916,
    "0,2,3,5,6": 0.704114701069096,
    "0,2,3,5,7": 0.719528858716189,
    "0,2,3,6,7": 0.8177793445325827,
    "0,2,4,5,6": 0.7139582685434169,
    "0,2,4,5,7": 0.7234535145087704,
    "0,2,4,6,7": 0.8225310928821783,
    "0,2,5,6,7": 0.8273035818602965,
    "0,3,4,5,6": 0.7054592109531865,
    "0,3,4,5,7": 0.7124806195637605,
    "0,3,4,6,7": 0.8174600136184778,
    "0,3,5,6,7": 0.8218773586866559,
    "0,4,5,6,7": 0.8247963897203816,
    "1,2,3,4,5": 0.38352405776898846,
    "1,2,3,4,6": 0.4790995127098142,
    "1,2,3,4,7": 0.54800868089274,
    "1,2,3,5,6": 0.6328240582994107,
    "1,2,3,5,7": 0.65915052708372,
    "1,2,3,6,7": 0.8125153041683031,
    "1,2,4,5,6": 0.6003303684098853,
    "1,2,4,5,7": 0.624553283141483,
    "1,2,4,6,7": 0.805784529799903,
    "1,2,5,6,7": 0.8202737117625174,
    "1,3,4,5,6": 0.4260520025882284,
    "1,3,4,5,7": 0.43671705031895547,
    "1,3,4,6,7": 0.7463806010370195,
    "1,3,5,6,7": 0.7539008870355307,
    "1,4,5,6,7": 0.7588141483206918,
    "2,3,4,5,6": 0.5907924546206087,
    "2,3,4,5,7": 0.617761534889893,
    "2,3,4,6,7": 0.8066112323604937,
    "2,3,5,6,7": 0.8167343419435682,
    "2,4,5,6,7": 0.8057780903013885,
    "3,4,5,6,7": 0.739027588239072,
    "0,1,2,3,4,5": 0.6769969693301926,