{
  "object_name": "Game",
  "data_type": "game",
  "version": "1.4.2.dev29+g3d3c3a7e6.d20260421",
  "created_from": null,
  "description": null,
  "parameters": {},
  "timestamp": "2026-04-21T12:25:55.966633+00:00Z",
  "metadata": {
    "n_players": 8,
    "game_name": "Game_object",
    "normalization_value": 0.0,
    "precompute_flag": false,
    "precomputed": true,
    "player_names": null
  },
  "data": {
    "Empty": 0.0,
    "0": 0.48017757079228884,
    "1": 0.027144653361399262,
    "2": 0.13703986688947667,
    "3": 0.005443563782412952,
    "4": -0.01219638254695421,
    "5": 0.07547351583725981,
    "6": 0.23293210344873694,
    "7": 0.29492114701235916,
    "0,1": 0.5171856891239468,
    "0,2": 0.509564068135635,
    "0,3": 0.465991307054362,
    "0,4": 0.4501340875061005,
    "0,5": 0.5609216568185427,
    "0,6": 0.5774920130614524,
    "0,7": 0.6103467108559162,
    "1,2": 0.1559504061900041,
    "1,3": -0.023410694516077912,
    "1,4": -0.03787826709242359,
    "1,5": 0.08572296718884076,
    "1,6": 0.2547161060888966,
    "1,7": 0.34124229913203563,
    "2,3": 0.1699317833049404,
    "2,4": 0.08203060636956461,
    "2,5": 0.232878128976735,
    "2,6": 0.37641380400787394,
    "2,7": 0.45679185418242896,
    "3,4": -0.05964353937860323,
    "3,5": 0.05557369162715653,
    "3,6": 0.20243708243602843,
    "3,7": 0.25953856215177484,
    "4,5": 0.008578004348910762,
    "4,6": 0.2087065737549254,
    "4,7": 0.26587361782405583,
    "5,6": 0.34656972012823317,
    "5,7": 0.35769385319592284,
    "6,7": 0.7683895305600386,
    "0,1,2": 0.5693397717663118,
    "0,1,3": 0.5353749595981199,
    "0,1,4": 0.5102990842827072,
    "0,1,5": 0.6068314570887787,
    "0,1,6": 0.6333815707600763,
    "0,1,7": 0.6608731430706832,
    "0,2,3": 0.5363417871644162,
    "0,2,4": 0.5108346730569608,
    "0,2,5": 0.5916450279177689,
    "0,2,6": 0.6112297413914778,
    "0,2,7": 0.6385138796331138,
    "0,3,4": 0.46318434415422904,
    "0,3,5": 0.5617079644962109,
    "0,3,6": 0.5927846184388359,
    "0,3,7": 0.6242515019053498,
    "0,4,5": 0.5602347738549184,
    "0,4,6": 0.5904088279610417,
    "0,4,7": 0.6198671936875111,
    "0,5,6": 0.6865223084362277,
    "0,5,7": 0.7033606257006699,
    "0,6,7": 0.830677977882221,
    "1,2,3": 0.23427661947399292,
    "1,2,4": 0.15893658632687546,
    "1,2,5": 0.2786466410788655,
    "1,2,6": 0.45397252209532846,
    "1,2,7": 0.5172108698254322,
    "1,3,4": -0.027932201880060292,
    "1,3,5": 0.11663023702975195,
    "1,3,6": 0.2574698754027126,
    "1,3,7": 0.34538325071311704,
    "1,4,5": 0.07320065817818833,
    "1,4,6": 0.26864154451014455,
    "1,4,7": 0.34164015159480776,
    "1,5,6": 0.40843761843163384,
    "1,5,7": 0.4382896903145713,
    "1,6,7": 0.7627063451974545,
    "2,3,4": 0.17343437523798533,
    "2,3,5": 0.33464964175155254,
    "2,3,6": 0.40515937604454644,
    "2,3,7": 0.49357016350880345,
    "2,4,5": 0.22908153946304244,
    "2,4,6": 0.39144751166868474,
    "2,4,7": 0.4740770245851329,
    "2,5,6": 0.5584523680918918,
    "2,5,7": 0.5759052783916917,
    "2,6,7": 0.8173657450037384,
    "3,4,5": 0.05124209123167256,
    "3,4,6": 0.23273676488669337,
    "3,4,7": 0.2803036162740514,
    "3,5,6": 0.3596936157977044,
    "3,5,7": 0.36944452460285904,
    "3,6,7": 0.7401542978561325,
    "4,5,6": 0.3618096817615638,
    "4,5,7": 0.3597091034069144,
    "4,6,7": 0.7374435343791674,
    "5,6,7": 0.7536416241287178,
    "0,1,2,3": 0.5906537167244543,
    "0,1,2,4": 0.572710389878117,
    "0,1,2,5": 0.6407565732001244,
    "0,1,2,6": 0.6581423396803666,
    "0,1,2,7": 0.6721283653247745,
    "0,1,3,4": 0.544243831816947,
    "0,1,3,5": 0.6184224202499573,
    "0,1,3,6": 0.6453549226414054,
    "0,1,3,7": 0.6727505888622597,
    "0,1,4,5": 0.626438784149497,
    "0,1,4,6": 0.6336450818454183,
    "0,1,4,7": 0.6547364051341402,
    "0,1,5,6": 0.7161019715958545,
    "0,1,5,7": 0.7333860910499017,
    "0,1,6,7": 0.8250783350140323,
    "0,2,3,4": 0.5399985814202766,
    "0,2,3,5": 0.6107127209456408,
    "0,2,3,6": 0.6330791371164892,
    "0,2,3,7": 0.6580963078419831,
    "0,2,4,5": 0.5977485136260716,
    "0,2,4,6": 0.6219280688384288,
    "0,2,4,7": 0.6388527901214569,
    "0,2,5,6": 0.7107756332423834,
    "0,2,5,7": 0.7154721958245119,
    "0,2,6,7": 0.8323314878715111,
    "0,3,4,5": 0.5736536966644499,
    "0,3,4,6": 0.6095282993539776,
    "0,3,4,7": 0.6407986738290528,
    "0,3,5,6": 0.6945437312272976,
    "0,3,5,7": 0.7029895681717666,
    "0,3,6,7": 0.8265491532557732,
    "0,4,5,6": 0.6940304486278306,
    "0,4,5,7": 0.7050300039822661,
    "0,4,6,7": 0.8244206348486067,
    "0,5,6,7": 0.8265062795098924,
    "1,2,3,4": 0.2462520880550949,
    "1,2,3,5": 0.36959869425470804,
    "1,2,3,6": 0.46983260978638564,
    "1,2,3,7": 0.5460168198424149,
    "1,2,4,5": 0.3091536030849448,
    "1,2,4,6": 0.45589859608968986,
    "1,2,4,7": 0.5192984074561374,
    "1,2,5,6": 0.5952900686183038,
    "1,2,5,7": 0.6161903124771739,
    "1,2,6,7": 0.8221623446320658,
    "1,3,4,5": 0.1029590777901156,
    "1,3,4,6": 0.28342845029066643,
    "1,3,4,7": 0.35634062182461135,
    "1,3,5,6": 0.41303167276637387,
    "1,3,5,7": 0.45035105753731763,
    "1,3,6,7": 0.7445972537868715,
    "1,4,5,6": 0.401217751194591,
    "1,4,5,7": 0.4237699996581047,
    "1,4,6,7": 0.7430704663758956,
    "1,5,6,7": 0.7572794755385892,
    "2,3,4,5": 0.3265631274746972,
    "2,3,4,6": 0.4228692288114656,
    "2,3,4,7": 0.5121868225737696,
    "2,3,5,6": 0.5996605342749752,
    "2,3,5,7": 0.6147128823683643,
    "2,3,6,7": 0.8210554723644155,
    "2,4,5,6": 0.5643490172299681,
    "2,4,5,7": 0.5801110171457803,
    "2,4,6,7": 0.8097291739137228,
    "2,5,6,7": 0.8184709439435849,
    "3,4,5,6": 0.37652917821154985,
    "3,4,5,7": 0.37903272618158135,
    "3,4,6,7": 0.7228636090313565,
    "3,5,6,7": 0.7308698100967812,
    "4,5,6,7": 0.7441518883843639,
    "0,1,2,3,4": 0.5976569832993759,
    "0,1,2,3,5": 0.6575187596391152,
    "0,1,2,3,6": 0.6743904647842636,
    "0,1,2,3,7": 0.6847103192000402,
    "0,1,2,4,5": 0.6514622742428954,
    "0,1,2,4,6": 0.6562562492648009,
    "0,1,2,4,7": 0.6750209882077777,
    "0,1,2,5,6": 0.7302543865844833,
    "0,1,2,5,7": 0.7443639547584264,
    "0,1,2,6,7": 0.8313644080921139,
    "0,1,3,4,5": 0.630351798904685,
    "0,1,3,4,6": 0.6482654314808292,
    "0,1,3,4,7": 0.6705748606352874,
    "0,1,3,5,6": 0.7267503358342242,
    "0,1,3,5,7": 0.7352800280076953,
    "0,1,3,6,7": 0.8215750112730105,
    "0,1,4,5,6": 0.7240571303012964,
    "0,1,4,5,7": 0.7309338128109123,
    "0,1,4,6,7": 0.824359402021838,
    "0,1,5,6,7": 0.8292712287886099,
    "0,2,3,4,5": 0.6129599826618897,
    "0,2,3,4,6": 0.6408871473880002,
    "0,2,3,4,7": 0.653112509817905,
    "0,2,3,5,6": 0.7164543321578187,
    "0,2,3,5,7": 0.7167544081931932,
    "0,2,3,6,7": 0.8213239889916428,
    "0,2,4,5,6": 0.7099729000618105,
    "0,2,4,5,7": 0.7190484978573588,
    "0,2,4,6,7": 0.8289333960707355,
    "0,2,5,6,7": 0.8357429147706722,
    "0,3,4,5,6": 0.7027649725546466,
    "0,3,4,5,7": 0.714148344450613,
    "0,3,4,6,7": 0.8178022497736755,
    "0,3,5,6,7": 0.8262481709575995,
    "0,4,5,6,7": 0.8178666622952573,
    "1,2,3,4,5": 0.3913082839672969,
    "1,2,3,4,6": 0.4821660628230606,
    "1,2,3,4,7": 0.5491773478101252,
    "1,2,3,5,6": 0.6247160783294189,
    "1,2,3,5,7": 0.6477292414407302,
    "1,2,3,6,7": 0.8276851820315838,
    "1,2,4,5,6": 0.5903474641162879,
    "1,2,4,5,7": 0.6096308895441438,
    "1,2,4,6,7": 0.8144759135147919,
    "1,2,5,6,7": 0.8273909628041916,
    "1,3,4,5,6": 0.4244318165291542,
    "1,3,4,5,7": 0.43355741851898366,
    "1,3,4,6,7": 0.7333093017512076,
    "1,3,5,6,7": 0.7519939985309995,
    "1,4,5,6,7": 0.7569479923659869,
    "2,3,4,5,6": 0.6046269503074235,
    "2,3,4,5,7": 0.6195909691572105,
    "2,3,4,6,7": 0.8202727605840423,
    "2,3,5,6,7": 0.8179132202969932,
    "2,4,5,6,7": 0.8173021236208613,
    "3,4,5,6,7": 0.7237434937152502,
    "0,1,2,3,4,5": 0.6716560539572914,