{
  "object_name": "Game",
  "data_type": "game",
  "version": "1.4.2.dev29+g3d3c3a7e6.d20260421",
  "created_from": null,
  "description": null,
  "parameters": {},
  "timestamp": "2026-04-21T12:25:55.929221+00:00Z",
  "metadata": {
    "n_players": 8,
    "game_name": "Game_object",
    "normalization_value": 0.0,
    "precompute_flag": false,
    "precomputed": true,
    "player_names": null
  },
  "data": {
    "Empty": 0.0,
    "0": 0.10308255936885968,
    "1": 0.030375933017433798,
    "2": -0.6645678213047645,
    "3": -0.7763455954955227,
    "4": -0.24587814016356657,
    "5": -0.7997561780836959,
    "6": 0.237433167188557,
    "7": 0.28390643701043283,
    "0,1": 0.09690992345384053,
    "0,2": 0.021862964779758354,
    "0,3": -0.04377813004254749,
    "0,4": -0.05205515427123664,
    "0,5": 0.22191787088076464,
    "0,6": 0.20526642901228986,
    "0,7": 0.2554041653185063,
    "1,2": -0.5625778422259109,
    "1,3": -0.8975531390142135,
    "1,4": -0.9305241307317604,
    "1,5": -0.7978468211022216,
    "1,6": -0.04914927385497303,
    "1,7": -0.03263456705820178,
    "2,3": -0.5592776945935058,
    "2,4": -0.6353052113227586,
    "2,5": -0.43445115633023135,
    "2,6": -0.16237428315956137,
    "2,7": 0.013477497665906335,
    "3,4": -1.019893736601567,
    "3,5": -0.8250557609952718,
    "3,6": -0.41018564088962295,
    "3,7": -0.3349514471205466,
    "4,5": -0.9213621246937198,
    "4,6": -0.369818784680092,
    "4,7": -0.36119406782846397,
    "5,6": -0.20781624822332145,
    "5,7": -0.2680093309369813,
    "6,7": 0.7366316342854184,
    "0,1,2": 0.16846367485816105,
    "0,1,3": 0.1574338905339977,
    "0,1,4": 0.04889332091875487,
    "0,1,5": 0.27465290281285426,
    "0,1,6": 0.2626289356165493,
    "0,1,7": 0.3213076101900878,
    "0,2,3": 0.09458094257429206,
    "0,2,4": 0.05884932344465488,
    "0,2,5": 0.27225355312264177,
    "0,2,6": 0.2252455207720382,
    "0,2,7": 0.30354398358218115,
    "0,3,4": -0.007449121616081245,
    "0,3,5": 0.19780340583406075,
    "0,3,6": 0.20005308336101435,
    "0,3,7": 0.2950778541237532,
    "0,4,5": 0.1923227706296401,
    "0,4,6": 0.1783984591265122,
    "0,4,7": 0.2900641374706341,
    "0,5,6": 0.4315775094056644,
    "0,5,7": 0.4222894353017297,
    "0,6,7": 0.689521202623166,
    "1,2,3": -0.41840060038572435,
    "1,2,4": -0.55689705023631,
    "1,2,5": -0.34846900191165586,
    "1,2,6": -0.02253123472220353,
    "1,2,7": 0.10046423395495307,
    "1,3,4": -0.9292678244489192,
    "1,3,5": -0.7677073711200972,
    "1,3,6": -0.38488315578280785,
    "1,3,7": -0.21651273745373678,
    "1,4,5": -0.7840526982659246,
    "1,4,6": -0.31066950483788314,
    "1,4,7": -0.2214973682656085,
    "1,5,6": -0.107055891124469,
    "1,5,7": -0.05193363278047314,
    "1,6,7": 0.6639717496341723,
    "2,3,4": -0.5925629520772842,
    "2,3,5": -0.2670528801163492,
    "2,3,6": -0.15434182927055917,
    "2,3,7": 0.08864323600280422,
    "2,4,5": -0.42742068003535216,
    "2,4,6": -0.19217333309903872,
    "2,4,7": 0.05169215361568047,
    "2,5,6": 0.18987297810579085,
    "2,5,7": 0.25067842602261814,
    "2,6,7": 0.704301260559576,
    "3,4,5": -0.806747897806311,
    "3,4,6": -0.41676139029181614,
    "3,4,7": -0.32129768196419994,
    "3,5,6": -0.08706867262274476,
    "3,5,7": -0.1646359067235077,
    "3,6,7": 0.6309873785797068,
    "4,5,6": -0.16220609658799745,
    "4,5,7": -0.2368879434790221,
    "4,6,7": 0.6331163538566407,
    "5,6,7": 0.6233071947061521,
    "0,1,2,3": 0.27362601724462543,
    "0,1,2,4": 0.20396092578259328,
    "0,1,2,5": 0.3586927881937012,
    "0,1,2,6": 0.3437274495939785,
    "0,1,2,7": 0.33436204886619236,
    "0,1,3,4": 0.16527505011464594,
    "0,1,3,5": 0.31850561828064383,
    "0,1,3,6": 0.25187459046304017,
    "0,1,3,7": 0.3357240268706163,
    "0,1,4,5": 0.31527260455342665,
    "0,1,4,6": 0.2982322406394894,
    "0,1,4,7": 0.31373136741269136,
    "0,1,5,6": 0.444069298487754,
    "0,1,5,7": 0.47156539551379384,
    "0,1,6,7": 0.6825657943668006,
    "0,2,3,4": 0.1337164692989492,
    "0,2,3,5": 0.28612907733900106,
    "0,2,3,6": 0.2735961382037191,
    "0,2,3,7": 0.3224273084323216,
    "0,2,4,5": 0.30911086195014703,
    "0,2,4,6": 0.22527208234941565,
    "0,2,4,7": 0.3010492320953927,
    "0,2,5,6": 0.4235754832270796,
    "0,2,5,7": 0.44233090572681677,
    "0,2,6,7": 0.6796835158770108,
    "0,3,4,5": 0.20823704237136498,
    "0,3,4,6": 0.22798071308073897,
    "0,3,4,7": 0.32249514277739033,
    "0,3,5,6": 0.4201302462413481,
    "0,3,5,7": 0.4462346025009254,
    "0,3,6,7": 0.6772048851240355,
    "0,4,5,6": 0.42437036749288026,
    "0,4,5,7": 0.40886908609267014,
    "0,4,6,7": 0.6753947395137809,
    "0,5,6,7": 0.6245955111262129,
    "1,2,3,4": -0.48318368962606284,
    "1,2,3,5": -0.14388352199625465,
    "1,2,3,6": 0.020088434221604112,
    "1,2,3,7": 0.12843281944326312,
    "1,2,4,5": -0.2384495660198831,
    "1,2,4,6": -0.045731540261549464,
    "1,2,4,7": 0.06479447819792172,
    "1,2,5,6": 0.2082874835939198,
    "1,2,5,7": 0.28072256071619395,
    "1,2,6,7": 0.6820551664784371,
    "1,3,4,5": -0.6964536111293307,
    "1,3,4,6": -0.35994761705447864,
    "1,3,4,7": -0.22626083609261372,
    "1,3,5,6": -0.07326838889974607,
    "1,3,5,7": -0.0823838093303233,
    "1,3,6,7": 0.6305780785088491,
    "1,4,5,6": -0.03764667416386325,
    "1,4,5,7": -0.09431789891484854,
    "1,4,6,7": 0.6196033973940062,
    "1,5,6,7": 0.5768072108508633,
    "2,3,4,5": -0.25292698263885094,
    "2,3,4,6": -0.108424408329854,
    "2,3,4,7": 0.08867250237685265,
    "2,3,5,6": 0.2337988616934662,
    "2,3,5,7": 0.3225014766878752,
    "2,3,6,7": 0.687026239666563,
    "2,4,5,6": 0.1624268529988443,
    "2,4,5,7": 0.22155897192714358,
    "2,4,6,7": 0.671894518459013,
    "2,5,6,7": 0.6782402612026689,
    "3,4,5,6": -0.1198358804920181,
    "3,4,5,7": -0.1577990430526477,
    "3,4,6,7": 0.5999842603810697,
    "3,5,6,7": 0.5982665400093604,
    "4,5,6,7": 0.5945169218554414,
    "0,1,2,3,4": 0.28219137372882674,
    "0,1,2,3,5": 0.3941400365483315,
    "0,1,2,3,6": 0.35057772909638885,
    "0,1,2,3,7": 0.3743976208136931,
    "0,1,2,4,5": 0.3846214827611003,
    "0,1,2,4,6": 0.33347593333032943,
    "0,1,2,4,7": 0.334587079401663,
    "0,1,2,5,6": 0.46064805434930167,
    "0,1,2,5,7": 0.49964621670323695,
    "0,1,2,6,7": 0.6269715289525666,
    "0,1,3,4,5": 0.3420248541101625,
    "0,1,3,4,6": 0.251130082061752,
    "0,1,3,4,7": 0.31568112452890196,
    "0,1,3,5,6": 0.4638251715119954,
    "0,1,3,5,7": 0.48439778343739215,
    "0,1,3,6,7": 0.6709142433158995,
    "0,1,4,5,6": 0.46275429001285584,
    "0,1,4,5,7": 0.4754469352848917,
    "0,1,4,6,7": 0.6650847186164319,
    "0,1,5,6,7": 0.6211353765389901,
    "0,2,3,4,5": 0.3109229904995524,
    "0,2,3,4,6": 0.29187509210236295,
    "0,2,3,4,7": 0.3560601720884876,
    "0,2,3,5,6": 0.4246430016323868,
    "0,2,3,5,7": 0.44782588346058827,
    "0,2,3,6,7": 0.6559801010793578,
    "0,2,4,5,6": 0.397165513251861,
    "0,2,4,5,7": 0.4411456557669393,
    "0,2,4,6,7": 0.6578238658633686,
    "0,2,5,6,7": 0.620286821633327,
    "0,3,4,5,6": 0.41854821073313053,
    "0,3,4,5,7": 0.42446342581970653,
    "0,3,4,6,7": 0.6795843568990263,
    "0,3,5,6,7": 0.6262538912621103,
    "0,4,5,6,7": 0.6082517609827696,
    "1,2,3,4,5": -0.13687870121119294,
    "1,2,3,4,6": -0.0001815398492321929,
    "1,2,3,4,7": 0.14255622283449176,
    "1,2,3,5,6": 0.26723590064805836,
    "1,2,3,5,7": 0.3199166063204335,
    "1,2,3,6,7": 0.6876537111035965,
    "1,2,4,5,6": 0.23267984876743175,
    "1,2,4,5,7": 0.3153117901960726,
    "1,2,4,6,7": 0.6716846192207977,
    "1,2,5,6,7": 0.6700007651209121,
    "1,3,4,5,6": -0.05386305827023263,
    "1,3,4,5,7": -0.07072435001331923,
    "1,3,4,6,7": 0.6013372161886096,
    "1,3,5,6,7": 0.5757749513036032,
    "1,4,5,6,7": 0.5680779366955377,
    "2,3,4,5,6": 0.22089407111960147,
    "2,3,4,5,7": 0.3293882251886653,
    "2,3,4,6,7": 0.6640149104657758,
    "2,3,5,6,7": 0.6645754615610104,