{
  "object_name": "Game",
  "data_type": "game",
  "version": "1.4.2.dev29+g3d3c3a7e6.d20260421",
  "created_from": null,
  "description": null,
  "parameters": {},
  "timestamp": "2026-04-21T12:25:55.938347+00:00Z",
  "metadata": {
    "n_players": 8,
    "game_name": "Game_object",
    "normalization_value": 0.0,
    "precompute_flag": false,
    "precomputed": true,
    "player_names": null
  },
  "data": {
    "Empty": 0.0,
    "0": 0.48464615659156574,
    "1": 0.025616887724722037,
    "2": 0.16233181948559938,
    "3": -0.00896020718977697,
    "4": -0.005860146857724402,
    "5": 0.06745072974132138,
    "6": 0.2574730573915366,
    "7": 0.30561987229059673,
    "0,1": 0.5180370975811244,
    "0,2": 0.5230923287619241,
    "0,3": 0.46660761076541724,
    "0,4": 0.4524869715434968,
    "0,5": 0.5439976494951784,
    "0,6": 0.5897434249276327,
    "0,7": 0.641035103654078,
    "1,2": 0.18272078868784258,
    "1,3": -0.046523930657797585,
    "1,4": -0.0214737103405489,
    "1,5": 0.0515421533672209,
    "1,6": 0.2864604369480007,
    "1,7": 0.3454028423698797,
    "2,3": 0.19464405903197757,
    "2,4": 0.1253737005656662,
    "2,5": 0.23949020248899422,
    "2,6": 0.39716792710125326,
    "2,7": 0.48796997811526177,
    "3,4": -0.054894277754622856,
    "3,5": 0.028679298145111498,
    "3,6": 0.20201240555729216,
    "3,7": 0.28610974994635263,
    "4,5": 0.0009677707964136362,
    "4,6": 0.23015072946056025,
    "4,7": 0.27102489020688914,
    "5,6": 0.37104125549039624,
    "5,7": 0.3707574921368445,
    "6,7": 0.781367983786612,
    "0,1,2": 0.5794623950268047,
    "0,1,3": 0.533004032062429,
    "0,1,4": 0.5165496538227031,
    "0,1,5": 0.6149050538021443,
    "0,1,6": 0.642960785363313,
    "0,1,7": 0.6780571068157175,
    "0,2,3": 0.5383407216536537,
    "0,2,4": 0.530705614084882,
    "0,2,5": 0.5965804912234944,
    "0,2,6": 0.6270109428955517,
    "0,2,7": 0.6589988060412466,
    "0,3,4": 0.4685926269375924,
    "0,3,5": 0.5731567506962121,
    "0,3,6": 0.5953632257201742,
    "0,3,7": 0.6453265746315566,
    "0,4,5": 0.5758010016952912,
    "0,4,6": 0.6044877515794979,
    "0,4,7": 0.6455470362386009,
    "0,5,6": 0.7021578507699003,
    "0,5,7": 0.7132768828463396,
    "0,6,7": 0.8305432394072634,
    "1,2,3": 0.24574140910106534,
    "1,2,4": 0.1901009482218683,
    "1,2,5": 0.2931503096359863,
    "1,2,6": 0.4820805286369353,
    "1,2,7": 0.5490515071230512,
    "1,3,4": -0.033117072974802486,
    "1,3,5": 0.05592948267640385,
    "1,3,6": 0.2656486188728161,
    "1,3,7": 0.3484165638172114,
    "1,4,5": 0.0554432105382201,
    "1,4,6": 0.3025737636558824,
    "1,4,7": 0.3481052864205493,
    "1,5,6": 0.4342584231427743,
    "1,5,7": 0.43841976877349353,
    "1,6,7": 0.7694602922403202,
    "2,3,4": 0.19455061671312024,
    "2,3,5": 0.3347726856907821,
    "2,3,6": 0.4235955230877496,
    "2,3,7": 0.52235123707178,
    "2,4,5": 0.26071315566866593,
    "2,4,6": 0.4135761603981001,
    "2,4,7": 0.4900344201793444,
    "2,5,6": 0.5769544472998493,
    "2,5,7": 0.5994898502530807,
    "2,6,7": 0.8268367049851562,
    "3,4,5": 0.02478882742442834,
    "3,4,6": 0.22451403015930926,
    "3,4,7": 0.28947342007061583,
    "3,5,6": 0.36903991508045353,
    "3,5,7": 0.3803510688934514,
    "3,6,7": 0.7521962466603006,
    "4,5,6": 0.3679453442659889,
    "4,5,7": 0.36423486112890235,
    "4,6,7": 0.7538076988109643,
    "5,6,7": 0.764535842605409,
    "0,1,2,3": 0.6023209959803302,
    "0,1,2,4": 0.5804060709546117,
    "0,1,2,5": 0.6491945136349678,
    "0,1,2,6": 0.6743771194322005,
    "0,1,2,7": 0.6992017647053832,
    "0,1,3,4": 0.5347582668776623,
    "0,1,3,5": 0.6251996361911667,
    "0,1,3,6": 0.651735968255753,
    "0,1,3,7": 0.6833326445963817,
    "0,1,4,5": 0.6343327753834135,
    "0,1,4,6": 0.6503967613928707,
    "0,1,4,7": 0.6795518749813756,
    "0,1,5,6": 0.7329522746929482,
    "0,1,5,7": 0.7460589059135838,
    "0,1,6,7": 0.8349075747992624,
    "0,2,3,4": 0.5459789012869898,
    "0,2,3,5": 0.6123661149554178,
    "0,2,3,6": 0.6386805359171286,
    "0,2,3,7": 0.672900271297832,
    "0,2,4,5": 0.6137951417682872,
    "0,2,4,6": 0.6377564552741648,
    "0,2,4,7": 0.6685572979311202,
    "0,2,5,6": 0.7157045137040903,
    "0,2,5,7": 0.7304212244792201,
    "0,2,6,7": 0.8316577510257898,
    "0,3,4,5": 0.5725633269779172,
    "0,3,4,6": 0.6065099212565941,
    "0,3,4,7": 0.6498013860583911,
    "0,3,5,6": 0.7034615176752632,
    "0,3,5,7": 0.7167843435493568,
    "0,3,6,7": 0.8267453991964905,
    "0,4,5,6": 0.7067086747675175,
    "0,4,5,7": 0.7173255154047756,
    "0,4,6,7": 0.8296077019424009,
    "0,5,6,7": 0.8248983357700566,
    "1,2,3,4": 0.24733201058267307,
    "1,2,3,5": 0.383822863739141,
    "1,2,3,6": 0.49299163476214736,
    "1,2,3,7": 0.5695670588957187,
    "1,2,4,5": 0.3266310273838252,
    "1,2,4,6": 0.4840984082685499,
    "1,2,4,7": 0.555589098837105,
    "1,2,5,6": 0.6232283606826725,
    "1,2,5,7": 0.6351473287741811,
    "1,2,6,7": 0.8343503003250679,
    "1,3,4,5": 0.07712815943125606,
    "1,3,4,6": 0.2860525223118122,
    "1,3,4,7": 0.36019787531564773,
    "1,3,5,6": 0.43081112130212595,
    "1,3,5,7": 0.44379050333662984,
    "1,3,6,7": 0.7576822780518074,
    "1,4,5,6": 0.4282066040823548,
    "1,4,5,7": 0.4368191220509533,
    "1,4,6,7": 0.7677393385619161,
    "1,5,6,7": 0.7701334992504907,
    "2,3,4,5": 0.3405956116365002,
    "2,3,4,6": 0.4434080073272364,
    "2,3,4,7": 0.5280033371221999,
    "2,3,5,6": 0.5934979560226337,
    "2,3,5,7": 0.6296473251954593,
    "2,3,6,7": 0.8251361583795982,
    "2,4,5,6": 0.5814859329752005,
    "2,4,5,7": 0.605265399978921,
    "2,4,6,7": 0.8230846284452007,
    "2,5,6,7": 0.8248834328712678,
    "3,4,5,6": 0.3779623715329199,
    "3,4,5,7": 0.3779145407950051,
    "3,4,6,7": 0.7414217346169774,
    "3,5,6,7": 0.7524718306476107,
    "4,5,6,7": 0.7563371351495424,
    "0,1,2,3,4": 0.5954436863307196,
    "0,1,2,3,5": 0.6646432866993768,
    "0,1,2,3,6": 0.6809614549183117,
    "0,1,2,3,7": 0.7008274539762205,
    "0,1,2,4,5": 0.6605860582150911,
    "0,1,2,4,6": 0.6771497785395262,
    "0,1,2,4,7": 0.7038654017104828,
    "0,1,2,5,6": 0.7418545366464894,
    "0,1,2,5,7": 0.758920908272146,
    "0,1,2,6,7": 0.8360770370266699,
    "0,1,3,4,5": 0.6370448254317299,
    "0,1,3,4,6": 0.6498659585502236,
    "0,1,3,4,7": 0.688821932290824,
    "0,1,3,5,6": 0.7360832324612542,
    "0,1,3,5,7": 0.7453205290494254,
    "0,1,3,6,7": 0.8343235730475835,
    "0,1,4,5,6": 0.7414012579683512,
    "0,1,4,5,7": 0.7439867688675055,
    "0,1,4,6,7": 0.8266126328598595,
    "0,1,5,6,7": 0.83637708666345,
    "0,2,3,4,5": 0.6174222167360983,
    "0,2,3,4,6": 0.6402447043468484,
    "0,2,3,4,7": 0.68113416809867,
    "0,2,3,5,6": 0.7126902961303461,
    "0,2,3,5,7": 0.732031878524706,
    "0,2,3,6,7": 0.8265540157865017,
    "0,2,4,5,6": 0.7148703727446466,
    "0,2,4,5,7": 0.7372831000042306,
    "0,2,4,6,7": 0.8302527842831147,
    "0,2,5,6,7": 0.8333834308677595,
    "0,3,4,5,6": 0.7133360798837913,
    "0,3,4,5,7": 0.7272541033413402,
    "0,3,4,6,7": 0.827416975574775,
    "0,3,5,6,7": 0.8194269516630084,
    "0,4,5,6,7": 0.8288413940781874,
    "1,2,3,4,5": 0.3993989512845406,
    "1,2,3,4,6": 0.4993134091820072,
    "1,2,3,4,7": 0.571718610904286,
    "1,2,3,5,6": 0.6407391055836102,
    "1,2,3,5,7": 0.6796126930242408,
    "1,2,3,6,7": 0.8324472765181457,
    "1,2,4,5,6": 0.6145899386206675,
    "1,2,4,5,7": 0.6448090774974022,
    "1,2,4,6,7": 0.8293841422832713,
    "1,2,5,6,7": 0.834656962486851,
    "1,3,4,5,6": 0.43218094003868024,
    "1,3,4,5,7": 0.4330586387476134,
    "1,3,4,6,7": 0.7458449735972208,
    "1,3,5,6,7": 0.7534838896028809,
    "1,4,5,6,7": 0.7588283272898686,
    "2,3,4,5,6": 0.6055896286788596,
    "2,3,4,5,7": 0.6465481280658647,
    "2,3,4,6,7": 0.8321411406946285,
    "2,3,5,6,7": 0.8283550198414626,
    "2,4,5,6,7": 0.8248015588670795,
    "3,4,5,6,7": 0.7422932175026635,
    "0,1,2,3,4,5": 0.6738636945743126,