{
  "object_name": "Game",
  "data_type": "game",
  "version": "1.4.2.dev29+g3d3c3a7e6.d20260421",
  "created_from": null,
  "description": null,
  "parameters": {},
  "timestamp": "2026-04-21T12:25:55.958835+00:00Z",
  "metadata": {
    "n_players": 8,
    "game_name": "Game_object",
    "normalization_value": 0.0,
    "precompute_flag": false,
    "precomputed": true,
    "player_names": null
  },
  "data": {
    "Empty": 0.0,
    "0": 0.49694781507025143,
    "1": 0.013386382353582249,
    "2": 0.15259632972339832,
    "3": 0.005004639875271555,
    "4": -0.0067372000188454795,
    "5": 0.07165601559496437,
    "6": 0.24970921616017194,
    "7": 0.30113559180700245,
    "0,1": 0.5213156052797043,
    "0,2": 0.5273569078719041,
    "0,3": 0.4781066811818754,
    "0,4": 0.4678591820977611,
    "0,5": 0.55273133773232,
    "0,6": 0.5943509830183469,
    "0,7": 0.6254861687377511,
    "1,2": 0.16031001939153133,
    "1,3": -0.02298106041600212,
    "1,4": -0.055625928941198666,
    "1,5": 0.07100703220927496,
    "1,6": 0.2586250167352466,
    "1,7": 0.33224338443133505,
    "2,3": 0.19898552738908748,
    "2,4": 0.10297618891146054,
    "2,5": 0.22388850824720508,
    "2,6": 0.38940823005213543,
    "2,7": 0.459832275638714,
    "3,4": -0.05030853968364979,
    "3,5": 0.03841532352091537,
    "3,6": 0.2232368239935577,
    "3,7": 0.2624611611779837,
    "4,5": 0.015401251651340653,
    "4,6": 0.23589679877958114,
    "4,7": 0.27286653795763494,
    "5,6": 0.34802776025598336,
    "5,7": 0.3617593766463456,
    "6,7": 0.7595710602358847,
    "0,1,2": 0.5840627448554128,
    "0,1,3": 0.539746955965478,
    "0,1,4": 0.5264116078015475,
    "0,1,5": 0.6147697118236191,
    "0,1,6": 0.6487629073677974,
    "0,1,7": 0.6647949325466576,
    "0,2,3": 0.5517969788839108,
    "0,2,4": 0.5368135403468397,
    "0,2,5": 0.6053658093109331,
    "0,2,6": 0.6371504893260306,
    "0,2,7": 0.6493343939088758,
    "0,3,4": 0.4859873331034389,
    "0,3,5": 0.5734030485569386,
    "0,3,6": 0.6158758366353838,
    "0,3,7": 0.6301787162779664,
    "0,4,5": 0.5639541529077797,
    "0,4,6": 0.6013099438575309,
    "0,4,7": 0.6337260355023244,
    "0,5,6": 0.6946921101737363,
    "0,5,7": 0.7064072358404927,
    "0,6,7": 0.8217420293955838,
    "1,2,3": 0.24482797097392928,
    "1,2,4": 0.16050036351387775,
    "1,2,5": 0.2754145728793821,
    "1,2,6": 0.45575110969020327,
    "1,2,7": 0.5096661735156478,
    "1,3,4": -0.029015831786178392,
    "1,3,5": 0.08343530195403448,
    "1,3,6": 0.2702258944681516,
    "1,3,7": 0.3230108326976874,
    "1,4,5": 0.06957052109595807,
    "1,4,6": 0.2810383568001126,
    "1,4,7": 0.3348312352395596,
    "1,5,6": 0.41413660652968487,
    "1,5,7": 0.4235213103665161,
    "1,6,7": 0.7516209428072682,
    "2,3,4": 0.19241136207785148,
    "2,3,5": 0.32161404697241536,
    "2,3,6": 0.4334858709405446,
    "2,3,7": 0.49512291410264064,
    "2,4,5": 0.22974487760328233,
    "2,4,6": 0.3999562253959835,
    "2,4,7": 0.4747408749275227,
    "2,5,6": 0.5302406435607061,
    "2,5,7": 0.5694784081153571,
    "2,6,7": 0.8114209696930578,
    "3,4,5": 0.04980043913025478,
    "3,4,6": 0.25570727864645737,
    "3,4,7": 0.2860048238950096,
    "3,5,6": 0.3707830467378883,
    "3,5,7": 0.3737052023191689,
    "3,6,7": 0.7333020695142056,
    "4,5,6": 0.3582773191233186,
    "4,5,7": 0.3644635459505482,
    "4,6,7": 0.7364411854554065,
    "5,6,7": 0.751793529572708,
    "0,1,2,3": 0.6097176295663673,
    "0,1,2,4": 0.5888033320501025,
    "0,1,2,5": 0.654662432896865,
    "0,1,2,6": 0.6717600821917498,
    "0,1,2,7": 0.6858938092465325,
    "0,1,3,4": 0.5465465558677007,
    "0,1,3,5": 0.6306094336527914,
    "0,1,3,6": 0.6518692354421466,
    "0,1,3,7": 0.6741915671264915,
    "0,1,4,5": 0.6316075935816617,
    "0,1,4,6": 0.642888255129649,
    "0,1,4,7": 0.6721758144621524,
    "0,1,5,6": 0.732241363073809,
    "0,1,5,7": 0.7342671601336723,
    "0,1,6,7": 0.8206016257690117,
    "0,2,3,4": 0.5597763099244604,
    "0,2,3,5": 0.6044664363927237,
    "0,2,3,6": 0.6375551942794841,
    "0,2,3,7": 0.6612943436518927,
    "0,2,4,5": 0.6042847080068583,
    "0,2,4,6": 0.6328871912180032,
    "0,2,4,7": 0.6457709426416647,
    "0,2,5,6": 0.7108621923340348,
    "0,2,5,7": 0.7116116970802289,
    "0,2,6,7": 0.8240337829480325,
    "0,3,4,5": 0.585888933506007,
    "0,3,4,6": 0.6218796667041397,
    "0,3,4,7": 0.6456826818330037,
    "0,3,5,6": 0.7068221349369914,
    "0,3,5,7": 0.7067543947982392,
    "0,3,6,7": 0.8193052611310911,
    "0,4,5,6": 0.6937491723859557,
    "0,4,5,7": 0.7068789368292847,
    "0,4,6,7": 0.8148923624723918,
    "0,5,6,7": 0.8168763979200602,
    "1,2,3,4": 0.24717853743048046,
    "1,2,3,5": 0.3667387991747042,
    "1,2,3,6": 0.49064748822187076,
    "1,2,3,7": 0.5375412497598259,
    "1,2,4,5": 0.3020234129256544,
    "1,2,4,6": 0.45796218434695957,
    "1,2,4,7": 0.5116741843168138,
    "1,2,5,6": 0.5936563254837008,
    "1,2,5,7": 0.6130888736578927,
    "1,2,6,7": 0.8069683346537926,
    "1,3,4,5": 0.08868999219195295,
    "1,3,4,6": 0.2933509760390737,
    "1,3,4,7": 0.33287197393806744,
    "1,3,5,6": 0.42536427709586366,
    "1,3,5,7": 0.42337472788881536,
    "1,3,6,7": 0.7279386223104505,
    "1,4,5,6": 0.42030140407522165,
    "1,4,5,7": 0.4244061843928466,
    "1,4,6,7": 0.7267518485972961,
    "1,5,6,7": 0.7532289398967822,
    "2,3,4,5": 0.33159726271031187,
    "2,3,4,6": 0.4433888864520238,
    "2,3,4,7": 0.5044605328831038,
    "2,3,5,6": 0.5742951469045536,
    "2,3,5,7": 0.6082010969600083,
    "2,3,6,7": 0.8136799987951459,
    "2,4,5,6": 0.5387530594623116,
    "2,4,5,7": 0.5724910050044261,
    "2,4,6,7": 0.8017574454088886,
    "2,5,6,7": 0.8090355847540917,
    "3,4,5,6": 0.38045461076470577,
    "3,4,5,7": 0.37474819669167114,
    "3,4,6,7": 0.7292924209317786,
    "3,5,6,7": 0.7386451278323003,
    "4,5,6,7": 0.7357488280077858,
    "0,1,2,3,4": 0.6120697766204521,
    "0,1,2,3,5": 0.6619672005112339,
    "0,1,2,3,6": 0.6865569442077035,
    "0,1,2,3,7": 0.6924774099444997,
    "0,1,2,4,5": 0.6661964206173159,
    "0,1,2,4,6": 0.6751298296069451,
    "0,1,2,4,7": 0.6818528563304382,
    "0,1,2,5,6": 0.739819015565226,
    "0,1,2,5,7": 0.7460832379974897,
    "0,1,2,6,7": 0.8236109455124808,
    "0,1,3,4,5": 0.6355060714882684,
    "0,1,3,4,6": 0.6531194787204864,
    "0,1,3,4,7": 0.6811204858879125,
    "0,1,3,5,6": 0.7320418255801957,
    "0,1,3,5,7": 0.7366665856079444,
    "0,1,3,6,7": 0.8171153532950515,
    "0,1,4,5,6": 0.7370271644272719,
    "0,1,4,5,7": 0.7435614345501724,
    "0,1,4,6,7": 0.8193983462489717,
    "0,1,5,6,7": 0.8245244288061466,
    "0,2,3,4,5": 0.6193108674736314,
    "0,2,3,4,6": 0.6463773217198694,
    "0,2,3,4,7": 0.6729159568731506,
    "0,2,3,5,6": 0.7095237848439181,
    "0,2,3,5,7": 0.7114082684594941,
    "0,2,3,6,7": 0.8201889634639162,
    "0,2,4,5,6": 0.7147577357340273,
    "0,2,4,5,7": 0.7282926665111671,
    "0,2,4,6,7": 0.810839955393413,
    "0,2,5,6,7": 0.8172653667484864,
    "0,3,4,5,6": 0.705972977220797,
    "0,3,4,5,7": 0.7130922838999254,
    "0,3,4,6,7": 0.8126927824209706,
    "0,3,5,6,7": 0.8143404304920292,
    "0,4,5,6,7": 0.8162219829765038,
    "1,2,3,4,5": 0.3808422713542402,
    "1,2,3,4,6": 0.5020314998704929,
    "1,2,3,4,7": 0.5413340622873026,
    "1,2,3,5,6": 0.6253030060121318,
    "1,2,3,5,7": 0.6454230154700331,
    "1,2,3,6,7": 0.8154014737333761,
    "1,2,4,5,6": 0.5899605056387922,
    "1,2,4,5,7": 0.6089957554535983,
    "1,2,4,6,7": 0.8062666643411798,
    "1,2,5,6,7": 0.8139928110029176,
    "1,3,4,5,6": 0.4220998713336649,
    "1,3,4,5,7": 0.43107093901513793,
    "1,3,4,6,7": 0.7214715955021613,
    "1,3,5,6,7": 0.7405080859169746,
    "1,4,5,6,7": 0.7400743868989774,
    "2,3,4,5,6": 0.59043471083579,
    "2,3,4,5,7": 0.6224964042019234,
    "2,3,4,6,7": 0.8039473716156373,
    "2,3,5,6,7": 0.8127661667079087,
    "2,4,5,6,7": 0.8037101232704338,
    "3,4,5,6,7": 0.7319274651590867,
    "0,1,2,3,4,5": 0.6753426638957225,