{
  "object_name": "Game",
  "data_type": "game",
  "version": "1.4.2.dev29+g3d3c3a7e6.d20260421",
  "created_from": null,
  "description": null,
  "parameters": {},
  "timestamp": "2026-04-21T12:25:55.995999+00:00Z",
  "metadata": {
    "n_players": 8,
    "game_name": "Game_object",
    "normalization_value": 0.0,
    "precompute_flag": false,
    "precomputed": true,
    "player_names": null
  },
  "data": {
    "Empty": 0.0,
    "0": 0.3013813195453652,
    "1": 0.02980374286470744,
    "2": -0.23521461992335335,
    "3": -0.4411462139596938,
    "4": -0.16140024323285118,
    "5": -0.35728004332292596,
    "6": 0.2431802474124516,
    "7": 0.2965514529999408,
    "0,1": 0.40267196658619353,
    "0,2": 0.4368364902590839,
    "0,3": 0.40162299197888796,
    "0,4": 0.3789901430710557,
    "0,5": 0.5036946471384374,
    "0,6": 0.5144412881546416,
    "0,7": 0.5586079441580547,
    "1,2": -0.011595081393779516,
    "1,3": -0.26552757120628323,
    "1,4": -0.297430950576379,
    "1,5": -0.12474311719255438,
    "1,6": 0.13109518141705567,
    "1,7": 0.19923946742327148,
    "2,3": 0.07445924457343223,
    "2,4": -0.026937141410168453,
    "2,5": 0.13393437218846682,
    "2,6": 0.24363683567595584,
    "2,7": 0.35071073861080426,
    "3,4": -0.1949909701513457,
    "3,5": -0.11145336056121624,
    "3,6": 0.03214037694835248,
    "3,7": 0.13239963181170755,
    "4,5": -0.10985293211593938,
    "4,6": 0.0447280567157583,
    "4,7": 0.12669384552483354,
    "5,6": 0.25102763353622737,
    "5,7": 0.21980001753941536,
    "6,7": 0.7914985009007476,
    "0,1,2": 0.5342840743113897,
    "0,1,3": 0.49307283290083415,
    "0,1,4": 0.47622572638862937,
    "0,1,5": 0.5886403753298021,
    "0,1,6": 0.5881366723917044,
    "0,1,7": 0.6244098881885028,
    "0,2,3": 0.5081665105167963,
    "0,2,4": 0.48326669144868006,
    "0,2,5": 0.5786600342610291,
    "0,2,6": 0.5895426003512156,
    "0,2,7": 0.6228512142938227,
    "0,3,4": 0.4311635004105677,
    "0,3,5": 0.5511597934444556,
    "0,3,6": 0.5536612115098145,
    "0,3,7": 0.6011734336623151,
    "0,4,5": 0.5450856339273864,
    "0,4,6": 0.56103845910961,
    "0,4,7": 0.5930519494627373,
    "0,5,6": 0.6537504267764825,
    "0,5,7": 0.6701516098835717,
    "0,6,7": 0.8200705122916062,
    "1,2,3": 0.16458896547112434,
    "1,2,4": 0.09295430014377526,
    "1,2,5": 0.2501848426203904,
    "1,2,6": 0.3898146340066062,
    "1,2,7": 0.4490691883312098,
    "1,3,4": -0.12964559649610607,
    "1,3,5": 0.022704077287558744,
    "1,3,6": 0.1825207454657548,
    "1,3,7": 0.2698515690561062,
    "1,4,5": 0.0023527057810203145,
    "1,4,6": 0.22201875360151457,
    "1,4,7": 0.2694617675935791,
    "1,5,6": 0.36735196697601435,
    "1,5,7": 0.37796489452717463,
    "1,6,7": 0.7950096049922242,
    "2,3,4": 0.1117993145985533,
    "2,3,5": 0.29708378606905006,
    "2,3,6": 0.36393909444919914,
    "2,3,7": 0.4533436480812817,
    "2,4,5": 0.16944499979262662,
    "2,4,6": 0.33057600243042573,
    "2,4,7": 0.4140973578406686,
    "2,5,6": 0.4885466752265788,
    "2,5,7": 0.5465508279289576,
    "2,6,7": 0.816461638386023,
    "3,4,5": -0.043466221597353805,
    "3,4,6": 0.19784301586624575,
    "3,4,7": 0.23913930742051126,
    "3,5,6": 0.3384975903098407,
    "3,5,7": 0.3238286837839556,
    "3,6,7": 0.7602179562281799,
    "4,5,6": 0.33324358269870213,
    "4,5,7": 0.2642645780910572,
    "4,6,7": 0.778955197765489,
    "5,6,7": 0.7682432134558875,
    "0,1,2,3": 0.5872170421039522,
    "0,1,2,4": 0.5545381320519218,
    "0,1,2,5": 0.6520604190885354,
    "0,1,2,6": 0.6334386015585742,
    "0,1,2,7": 0.6542740078914102,
    "0,1,3,4": 0.5070369574421987,
    "0,1,3,5": 0.6019409138772298,
    "0,1,3,6": 0.6135949328036826,
    "0,1,3,7": 0.6368999476471018,
    "0,1,4,5": 0.616974009525527,
    "0,1,4,6": 0.6112401541289927,
    "0,1,4,7": 0.621001017916472,
    "0,1,5,6": 0.6925619941727263,
    "0,1,5,7": 0.7043497452135233,
    "0,1,6,7": 0.814725094688308,
    "0,2,3,4": 0.5337739569465916,
    "0,2,3,5": 0.6036029099300793,
    "0,2,3,6": 0.6097383647097847,
    "0,2,3,7": 0.6486201466064321,
    "0,2,4,5": 0.5887974052992075,
    "0,2,4,6": 0.6064968311738946,
    "0,2,4,7": 0.632189355804943,
    "0,2,5,6": 0.6824313929503347,
    "0,2,5,7": 0.6972097143434456,
    "0,2,6,7": 0.8198274726176604,
    "0,3,4,5": 0.5493826413849414,
    "0,3,4,6": 0.5839736628963473,
    "0,3,4,7": 0.6036730077298293,
    "0,3,5,6": 0.6672037460882319,
    "0,3,5,7": 0.6861743918327619,
    "0,3,6,7": 0.8156630021073865,
    "0,4,5,6": 0.6676590310275389,
    "0,4,5,7": 0.67769697045441,
    "0,4,6,7": 0.820537599846173,
    "0,5,6,7": 0.79685924908108,
    "1,2,3,4": 0.23161282643295766,
    "1,2,3,5": 0.36083341381135303,
    "1,2,3,6": 0.4554167279269882,
    "1,2,3,7": 0.5093863265950069,
    "1,2,4,5": 0.30159240168988144,
    "1,2,4,6": 0.4241431453500354,
    "1,2,4,7": 0.4800865775320383,
    "1,2,5,6": 0.551034827069812,
    "1,2,5,7": 0.5912398916970916,
    "1,2,6,7": 0.8201727858196498,
    "1,3,4,5": 0.07091352577742505,
    "1,3,4,6": 0.26051510557475355,
    "1,3,4,7": 0.32079628993012843,
    "1,3,5,6": 0.41952827898051015,
    "1,3,5,7": 0.40999163984025655,
    "1,3,6,7": 0.7693655609978839,
    "1,4,5,6": 0.39760581230914616,
    "1,4,5,7": 0.39558850077328256,
    "1,4,6,7": 0.7821352287740748,
    "1,5,6,7": 0.7750196804204236,
    "2,3,4,5": 0.29402114673638724,
    "2,3,4,6": 0.39619059868590667,
    "2,3,4,7": 0.47478038104329123,
    "2,3,5,6": 0.548385682515427,
    "2,3,5,7": 0.5970114395505762,
    "2,3,6,7": 0.8169265529322396,
    "2,4,5,6": 0.5201037578636762,
    "2,4,5,7": 0.559297969062866,
    "2,4,6,7": 0.8157162306432397,
    "2,5,6,7": 0.8078820996368449,
    "3,4,5,6": 0.36665426887998886,
    "3,4,5,7": 0.32109885133245564,
    "3,4,6,7": 0.7569196501448291,
    "3,5,6,7": 0.7479065292862958,
    "4,5,6,7": 0.7534309887558631,
    "0,1,2,3,4": 0.5965363138875011,
    "0,1,2,3,5": 0.6689076211532542,
    "0,1,2,3,6": 0.6518486615554706,
    "0,1,2,3,7": 0.6628841301318212,
    "0,1,2,4,5": 0.6606966308458408,
    "0,1,2,4,6": 0.6376693930761108,
    "0,1,2,4,7": 0.6557768334196057,
    "0,1,2,5,6": 0.7129772438448052,
    "0,1,2,5,7": 0.7222705730528639,
    "0,1,2,6,7": 0.8086492167451088,
    "0,1,3,4,5": 0.6271610752491423,
    "0,1,3,4,6": 0.6154974474480719,
    "0,1,3,4,7": 0.6368738997237327,
    "0,1,3,5,6": 0.708705931102043,
    "0,1,3,5,7": 0.7100080387643526,
    "0,1,3,6,7": 0.8089333170187101,
    "0,1,4,5,6": 0.7033275857685758,
    "0,1,4,5,7": 0.7075326969817998,
    "0,1,4,6,7": 0.8144730341906069,
    "0,1,5,6,7": 0.7976514699398055,
    "0,2,3,4,5": 0.6123792727387818,
    "0,2,3,4,6": 0.6282523890945343,
    "0,2,3,4,7": 0.649358747670683,
    "0,2,3,5,6": 0.6922891195770866,
    "0,2,3,5,7": 0.7070129455524183,
    "0,2,3,6,7": 0.8148354124204266,
    "0,2,4,5,6": 0.6900129311322363,
    "0,2,4,5,7": 0.704491704647902,
    "0,2,4,6,7": 0.8142719383028525,
    "0,2,5,6,7": 0.8023267436725217,
    "0,3,4,5,6": 0.6736548412458986,
    "0,3,4,5,7": 0.6865200918698275,
    "0,3,4,6,7": 0.8188618854674437,
    "0,3,5,6,7": 0.7986445979581831,
    "0,4,5,6,7": 0.7950584736251622,
    "1,2,3,4,5": 0.38361735003685593,
    "1,2,3,4,6": 0.47211741249306227,
    "1,2,3,4,7": 0.5151310359679888,
    "1,2,3,5,6": 0.5982297656033401,
    "1,2,3,5,7": 0.6210205994512868,
    "1,2,3,6,7": 0.8155797033236233,
    "1,2,4,5,6": 0.567670601679662,
    "1,2,4,5,7": 0.6005309550985024,
    "1,2,4,6,7": 0.8175307489537824,
    "1,2,5,6,7": 0.8137789806941986,
    "1,3,4,5,6": 0.4293818001073303,
    "1,3,4,5,7": 0.41678164543052,
    "1,3,4,6,7": 0.7630535258242455,
    "1,3,5,6,7": 0.7520963440957187,
    "1,4,5,6,7": 0.7660203834684566,
    "2,3,4,5,6": 0.5555990019755487,
    "2,3,4,5,7": 0.5976002525844908,
    "2,3,4,6,7": 0.8108099032000187,
    "2,3,5,6,7": 0.8071340431182846,
    "2,4,5,6,7": 0.8006441602340861,
    "3,4,5,6,7": 0.741289918571997,
    "0,1,2,3,4,5": 0.6797830356660668,