{
  "object_name": "Game",
  "data_type": "game",
  "version": "1.4.2.dev29+g3d3c3a7e6.d20260421",
  "created_from": null,
  "description": null,
  "parameters": {},
  "timestamp": "2026-04-21T12:25:55.907008+00:00Z",
  "metadata": {
    "n_players": 8,
    "game_name": "Game_object",
    "normalization_value": 0.0,
    "precompute_flag": false,
    "precomputed": true,
    "player_names": null
  },
  "data": {
    "Empty": 0.0,
    "0": 0.1432236863409042,
    "1": 0.0161148216897552,
    "2": -0.5751929936253857,
    "3": -0.7110319940178877,
    "4": -0.24501480293759537,
    "5": -0.7190133557897982,
    "6": 0.2374397863751908,
    "7": 0.29934775423003834,
    "0,1": 0.12589443128562017,
    "0,2": 0.13622744700315126,
    "0,3": 0.022145592226174404,
    "0,4": 0.0005368878488173356,
    "0,5": 0.22365715577245993,
    "0,6": 0.21568623053054037,
    "0,7": 0.30072336271698563,
    "1,2": -0.5532999024111933,
    "1,3": -0.9753060437086274,
    "1,4": -0.9402273153290548,
    "1,5": -0.7309370335323258,
    "1,6": -0.061252345120132334,
    "1,7": -0.013333095569391107,
    "2,3": -0.5105216301952611,
    "2,4": -0.6763188948822862,
    "2,5": -0.44585379814917814,
    "2,6": -0.1660520373805845,
    "2,7": 0.0034291137377695513,
    "3,4": -1.006865369334919,
    "3,5": -0.7800642824092339,
    "3,6": -0.4862398543301536,
    "3,7": -0.3022889387655092,
    "4,5": -0.8527447273465638,
    "4,6": -0.4212875856654672,
    "4,7": -0.2920413652836398,
    "5,6": -0.16417720010492265,
    "5,7": -0.14419603761165756,
    "6,7": 0.7123048646235547,
    "0,1,2": 0.1866843007074207,
    "0,1,3": 0.12041061231016248,
    "0,1,4": 0.15889626747392238,
    "0,1,5": 0.3114877452830038,
    "0,1,6": 0.3002229837451913,
    "0,1,7": 0.3593586509303418,
    "0,2,3": 0.19032582721261082,
    "0,2,4": 0.09766424099206894,
    "0,2,5": 0.26013391646572326,
    "0,2,6": 0.239265259457628,
    "0,2,7": 0.3080839528809822,
    "0,3,4": 0.01828518100758636,
    "0,3,5": 0.21331282783690197,
    "0,3,6": 0.20008029441627118,
    "0,3,7": 0.30757099899352036,
    "0,4,5": 0.20525033192973086,
    "0,4,6": 0.22137950938578776,
    "0,4,7": 0.3299289526447503,
    "0,5,6": 0.4259940456985124,
    "0,5,7": 0.43878427060795155,
    "0,6,7": 0.716827375939627,
    "1,2,3": -0.448740288971049,
    "1,2,4": -0.5432073487651281,
    "1,2,5": -0.3114666282983818,
    "1,2,6": -0.022143916486028425,
    "1,2,7": 0.08946753197198098,
    "1,3,4": -0.9561253167603498,
    "1,3,5": -0.6811358736481756,
    "1,3,6": -0.39753255993492176,
    "1,3,7": -0.24392348942512476,
    "1,4,5": -0.7536347746695757,
    "1,4,6": -0.3900119851781776,
    "1,4,7": -0.25644533628617205,
    "1,5,6": -0.05568759515657806,
    "1,5,7": -0.059021674982047356,
    "1,6,7": 0.666704144993995,
    "2,3,4": -0.5672145637334487,
    "2,3,5": -0.21602847907432454,
    "2,3,6": -0.12620361727504337,
    "2,3,7": 0.08273325234782558,
    "2,4,5": -0.3999668082052281,
    "2,4,6": -0.1280239485096688,
    "2,4,7": 0.006281178013438082,
    "2,5,6": 0.17974273947695119,
    "2,5,7": 0.2757718215189008,
    "2,6,7": 0.7100776976896139,
    "3,4,5": -0.7733958957656328,
    "3,4,6": -0.42002335234237,
    "3,4,7": -0.2972042588934549,
    "3,5,6": -0.12576714917124598,
    "3,5,7": -0.1894167858154323,
    "3,6,7": 0.6092839666213119,
    "4,5,6": -0.20496501748168394,
    "4,5,7": -0.15549833251748146,
    "4,6,7": 0.6273004357360413,
    "5,6,7": 0.6133405216556842,
    "0,1,2,3": 0.21853984772462987,
    "0,1,2,4": 0.2485714717845765,
    "0,1,2,5": 0.3838167226513345,
    "0,1,2,6": 0.3216370151949203,
    "0,1,2,7": 0.3800439585734171,
    "0,1,3,4": 0.1451837519153334,
    "0,1,3,5": 0.2991023507073288,
    "0,1,3,6": 0.30072135383218535,
    "0,1,3,7": 0.36696205987905506,
    "0,1,4,5": 0.32070252836050006,
    "0,1,4,6": 0.2873148557149441,
    "0,1,4,7": 0.35935203524787895,
    "0,1,5,6": 0.4379190905857764,
    "0,1,5,7": 0.45718254790893087,
    "0,1,6,7": 0.6755626715844253,
    "0,2,3,4": 0.1728712162034648,
    "0,2,3,5": 0.26536918085158057,
    "0,2,3,6": 0.2747565384966666,
    "0,2,3,7": 0.37667077100934654,
    "0,2,4,5": 0.2486476411203007,
    "0,2,4,6": 0.31047223967716864,
    "0,2,4,7": 0.33019069410404633,
    "0,2,5,6": 0.43616039689494146,
    "0,2,5,7": 0.4596404387856444,
    "0,2,6,7": 0.6934991471467975,
    "0,3,4,5": 0.18287125096393153,
    "0,3,4,6": 0.18597780820854126,
    "0,3,4,7": 0.3329386946360616,
    "0,3,5,6": 0.4122960515062314,
    "0,3,5,7": 0.393482552819737,
    "0,3,6,7": 0.6967210404153885,
    "0,4,5,6": 0.41718083284879537,
    "0,4,5,7": 0.41429536725533944,
    "0,4,6,7": 0.7039799607333281,
    "0,5,6,7": 0.6704970420036158,
    "1,2,3,4": -0.4145349012532422,
    "1,2,3,5": -0.16946530040777374,
    "1,2,3,6": 0.017979686357694202,
    "1,2,3,7": 0.12871416655773593,
    "1,2,4,5": -0.24475369315108053,
    "1,2,4,6": -0.06695551545984713,
    "1,2,4,7": 0.09953684777581484,
    "1,2,5,6": 0.22519835484926254,
    "1,2,5,7": 0.3174686291463007,
    "1,2,6,7": 0.6973106467104324,
    "1,3,4,5": -0.691257851411921,
    "1,3,4,6": -0.3723479388873425,
    "1,3,4,7": -0.22330712675740116,
    "1,3,5,6": -0.057526685470702166,
    "1,3,5,7": -0.03816998975052077,
    "1,3,6,7": 0.6057313711786594,
    "1,4,5,6": -0.018923184223839762,
    "1,4,5,7": -0.0414108742878343,
    "1,4,6,7": 0.6201167078834131,
    "1,5,6,7": 0.5552523144052405,
    "2,3,4,5": -0.2543255377906566,
    "2,3,4,6": -0.0651812293443137,
    "2,3,4,7": 0.0960037523777929,
    "2,3,5,6": 0.2117415159070909,
    "2,3,5,7": 0.3003153446604767,
    "2,3,6,7": 0.6915438207264129,
    "2,4,5,6": 0.16665731527878835,
    "2,4,5,7": 0.26676036639776,
    "2,4,6,7": 0.6958031040263843,
    "2,5,6,7": 0.6710084258531319,
    "3,4,5,6": -0.11437117924460605,
    "3,4,5,7": -0.09665203562601321,
    "3,4,6,7": 0.5878236266453603,
    "3,5,6,7": 0.5899170551552066,
    "4,5,6,7": 0.5850561358291133,
    "0,1,2,3,4": 0.2564983654600749,
    "0,1,2,3,5": 0.3889377136446567,
    "0,1,2,3,6": 0.35998493559202394,
    "0,1,2,3,7": 0.38573132371922003,
    "0,1,2,4,5": 0.3873445012975316,
    "0,1,2,4,6": 0.36394234649124046,
    "0,1,2,4,7": 0.3648491061405925,
    "0,1,2,5,6": 0.4706408879285925,
    "0,1,2,5,7": 0.47833790464471015,
    "0,1,2,6,7": 0.6377723655683797,
    "0,1,3,4,5": 0.35040198413800383,
    "0,1,3,4,6": 0.30990334799825403,
    "0,1,3,4,7": 0.3730171662779592,
    "0,1,3,5,6": 0.4590109843471971,
    "0,1,3,5,7": 0.45027413035573005,
    "0,1,3,6,7": 0.6505331108474564,
    "0,1,4,5,6": 0.4413933187612056,
    "0,1,4,5,7": 0.45579455176436634,
    "0,1,4,6,7": 0.6655906469075051,
    "0,1,5,6,7": 0.6457411064569165,
    "0,2,3,4,5": 0.31947134532420507,
    "0,2,3,4,6": 0.28839004620996,
    "0,2,3,4,7": 0.37241124401785075,
    "0,2,3,5,6": 0.4391504903439206,
    "0,2,3,5,7": 0.4607473243975375,
    "0,2,3,6,7": 0.674953743170285,
    "0,2,4,5,6": 0.4489377850865689,
    "0,2,4,5,7": 0.4494985126958275,
    "0,2,4,6,7": 0.6899720230549602,
    "0,2,5,6,7": 0.6409911273919415,
    "0,3,4,5,6": 0.3998873227439661,
    "0,3,4,5,7": 0.40857009781366915,
    "0,3,4,6,7": 0.681213935084388,
    "0,3,5,6,7": 0.6431081257382445,
    "0,4,5,6,7": 0.6209653175119891,
    "1,2,3,4,5": -0.12333717303098979,
    "1,2,3,4,6": 0.0013856389832317406,
    "1,2,3,4,7": 0.1538731658243605,
    "1,2,3,5,6": 0.27738688345950413,
    "1,2,3,5,7": 0.3843145243149082,
    "1,2,3,6,7": 0.6665742273345351,
    "1,2,4,5,6": 0.20152682005814504,
    "1,2,4,5,7": 0.30872771656810005,
    "1,2,4,6,7": 0.6806938557124784,
    "1,2,5,6,7": 0.6699036024642724,
    "1,3,4,5,6": -0.05158995538580036,
    "1,3,4,5,7": -0.023102748611545376,
    "1,3,4,6,7": 0.589740187198798,
    "1,3,5,6,7": 0.569964254658039,
    "1,4,5,6,7": 0.5690412677946286,
    "2,3,4,5,6": 0.2266954364752084,
    "2,3,4,5,7": 0.3188424722052515,
    "2,3,4,6,7": 0.6743128268051131,
    "2,3,5,6,7": 0.665636991261344,