{
  "object_name": "Game",
  "data_type": "game",
  "version": "1.4.2.dev29+g3d3c3a7e6.d20260421",
  "created_from": null,
  "description": null,
  "parameters": {},
  "timestamp": "2026-04-21T12:25:55.960119+00:00Z",
  "metadata": {
    "n_players": 8,
    "game_name": "Game_object",
    "normalization_value": 0.0,
    "precompute_flag": false,
    "precomputed": true,
    "player_names": null
  },
  "data": {
    "Empty": 0.0,
    "0": 0.4750338743414285,
    "1": 0.022381369777113913,
    "2": 0.15831873757777026,
    "3": -0.0033137034573142987,
    "4": -0.014527336423498127,
    "5": 0.07197644491835076,
    "6": 0.2517702687965804,
    "7": 0.3024406000553804,
    "0,1": 0.5000468250782129,
    "0,2": 0.5135294751288826,
    "0,3": 0.45255675109348126,
    "0,4": 0.4476176522612325,
    "0,5": 0.5513774613692257,
    "0,6": 0.577686307380493,
    "0,7": 0.6065906356340371,
    "1,2": 0.1605542777578356,
    "1,3": -0.044788447491334926,
    "1,4": -0.04299016948193857,
    "1,5": 0.07109556643958093,
    "1,6": 0.2626238814172662,
    "1,7": 0.3381121346422914,
    "2,3": 0.18163640672733272,
    "2,4": 0.10585984072338006,
    "2,5": 0.23058660473090908,
    "2,6": 0.3797014757880067,
    "2,7": 0.460980543840637,
    "3,4": -0.07363440628111229,
    "3,5": 0.04036387942722819,
    "3,6": 0.2339369052863418,
    "3,7": 0.2595051513376798,
    "4,5": 0.00890086918777333,
    "4,6": 0.21289424587895744,
    "4,7": 0.2658850376262063,
    "5,6": 0.3617401859163444,
    "5,7": 0.3661400085589448,
    "6,7": 0.7601403342506172,
    "0,1,2": 0.5514270209802966,
    "0,1,3": 0.5188258576939733,
    "0,1,4": 0.5198373768523236,
    "0,1,5": 0.6016231760752173,
    "0,1,6": 0.6182988697617804,
    "0,1,7": 0.6460102353007323,
    "0,2,3": 0.538704076045597,
    "0,2,4": 0.5203028608127507,
    "0,2,5": 0.6039181846429105,
    "0,2,6": 0.6032460497870258,
    "0,2,7": 0.6317725024057185,
    "0,3,4": 0.46553241088616126,
    "0,3,5": 0.5670707185391924,
    "0,3,6": 0.5937925941356174,
    "0,3,7": 0.616626378525775,
    "0,4,5": 0.5702262417212488,
    "0,4,6": 0.5965493065411277,
    "0,4,7": 0.6139036829718645,
    "0,5,6": 0.6820979386824729,
    "0,5,7": 0.7057382265523682,
    "0,6,7": 0.8213936887257919,
    "1,2,3": 0.2310209617545399,
    "1,2,4": 0.1725173213041229,
    "1,2,5": 0.28947143448443735,
    "1,2,6": 0.440837600519541,
    "1,2,7": 0.5077206895987538,
    "1,3,4": -0.04280188661120343,
    "1,3,5": 0.08546349001751352,
    "1,3,6": 0.2642734124750781,
    "1,3,7": 0.32913482622315593,
    "1,4,5": 0.07961219540865572,
    "1,4,6": 0.27873197118305304,
    "1,4,7": 0.3330037301028008,
    "1,5,6": 0.4116781235951348,
    "1,5,7": 0.4310341276705284,
    "1,6,7": 0.7558340185069928,
    "2,3,4": 0.16905988533468308,
    "2,3,5": 0.33719566238982435,
    "2,3,6": 0.419872637035285,
    "2,3,7": 0.4944960959944311,
    "2,4,5": 0.23191255066793592,
    "2,4,6": 0.39076169668014005,
    "2,4,7": 0.465842661854713,
    "2,5,6": 0.5416977343972547,
    "2,5,7": 0.582465488961955,
    "2,6,7": 0.816774037296009,
    "3,4,5": 0.03047762646481489,
    "3,4,6": 0.24577194893749987,
    "3,4,7": 0.2780312390347458,
    "3,5,6": 0.36735790699313997,
    "3,5,7": 0.37357429446949075,
    "3,6,7": 0.7442594270183287,
    "4,5,6": 0.3711937885365678,
    "4,5,7": 0.3598343897197196,
    "4,6,7": 0.7329582691175927,
    "5,6,7": 0.7495171175197208,
    "0,1,2,3": 0.5948627579646695,
    "0,1,2,4": 0.5648115806437555,
    "0,1,2,5": 0.6393712195046921,
    "0,1,2,6": 0.6433043491677319,
    "0,1,2,7": 0.6610074217243751,
    "0,1,3,4": 0.53188199075926,
    "0,1,3,5": 0.6190861553410486,
    "0,1,3,6": 0.6370074476144261,
    "0,1,3,7": 0.6542211989348498,
    "0,1,4,5": 0.6273055239502188,
    "0,1,4,6": 0.6332094403767442,
    "0,1,4,7": 0.6540498177948928,
    "0,1,5,6": 0.7150299685718178,
    "0,1,5,7": 0.7260622373108994,
    "0,1,6,7": 0.8188540352265858,
    "0,2,3,4": 0.5484243646770094,
    "0,2,3,5": 0.613170639504488,
    "0,2,3,6": 0.6194461462002908,
    "0,2,3,7": 0.6565204655972807,
    "0,2,4,5": 0.6185593559211274,
    "0,2,4,6": 0.6198909888843895,
    "0,2,4,7": 0.6326734625507576,
    "0,2,5,6": 0.7045060969655552,
    "0,2,5,7": 0.7173221847875826,
    "0,2,6,7": 0.8244901951460373,
    "0,3,4,5": 0.5812226817000021,
    "0,3,4,6": 0.6063011586339727,
    "0,3,4,7": 0.6317347937994343,
    "0,3,5,6": 0.6879278673845043,
    "0,3,5,7": 0.7089488588595252,
    "0,3,6,7": 0.8158943484920541,
    "0,4,5,6": 0.6985316014919574,
    "0,4,5,7": 0.7113795155239919,
    "0,4,6,7": 0.8158353304761052,
    "0,5,6,7": 0.8104380993491002,
    "1,2,3,4": 0.22951676271804256,
    "1,2,3,5": 0.3677290403149026,
    "1,2,3,6": 0.4758376977537885,
    "1,2,3,7": 0.5267648666445086,
    "1,2,4,5": 0.31138535259416045,
    "1,2,4,6": 0.4516361403053941,
    "1,2,4,7": 0.5117148873883111,
    "1,2,5,6": 0.5893361897856139,
    "1,2,5,7": 0.6120691612046694,
    "1,2,6,7": 0.8191630199647002,
    "1,3,4,5": 0.08971023494836827,
    "1,3,4,6": 0.28740020901479035,
    "1,3,4,7": 0.33508695054587945,
    "1,3,5,6": 0.4134718963290278,
    "1,3,5,7": 0.4297170797762241,
    "1,3,6,7": 0.73825833591354,
    "1,4,5,6": 0.421689814549028,
    "1,4,5,7": 0.4213331449558414,
    "1,4,6,7": 0.7421992356779643,
    "1,5,6,7": 0.7540087059514551,
    "2,3,4,5": 0.33767058165813313,
    "2,3,4,6": 0.43398225445885286,
    "2,3,4,7": 0.4848630558549809,
    "2,3,5,6": 0.5934993634020451,
    "2,3,5,7": 0.6084204398912487,
    "2,3,6,7": 0.8196755629424668,
    "2,4,5,6": 0.5422601768919247,
    "2,4,5,7": 0.5833084651597424,
    "2,4,6,7": 0.8160895834994603,
    "2,5,6,7": 0.814421242688959,
    "3,4,5,6": 0.37706821755784314,
    "3,4,5,7": 0.3695964959635145,
    "3,4,6,7": 0.7337500563159224,
    "3,5,6,7": 0.7478403310075614,
    "4,5,6,7": 0.7413034650812178,
    "0,1,2,3,4": 0.5975634009536663,
    "0,1,2,3,5": 0.6609780089704047,
    "0,1,2,3,6": 0.6574969101792114,
    "0,1,2,3,7": 0.6870676750067943,
    "0,1,2,4,5": 0.6626148404509384,
    "0,1,2,4,6": 0.6410941715556662,
    "0,1,2,4,7": 0.6669127750289985,
    "0,1,2,5,6": 0.7249557763372934,
    "0,1,2,5,7": 0.7382354015226004,
    "0,1,2,6,7": 0.8190886095347965,
    "0,1,3,4,5": 0.6314424056001431,
    "0,1,3,4,6": 0.6431883319571348,
    "0,1,3,4,7": 0.6643009940914022,
    "0,1,3,5,6": 0.7200035615675773,
    "0,1,3,5,7": 0.7292434896907554,
    "0,1,3,6,7": 0.8110860532550583,
    "0,1,4,5,6": 0.7221502198051387,
    "0,1,4,5,7": 0.7396194426073627,
    "0,1,4,6,7": 0.8135472490618785,
    "0,1,5,6,7": 0.8230757696956562,
    "0,2,3,4,5": 0.6200539960890825,
    "0,2,3,4,6": 0.6375740313801002,
    "0,2,3,4,7": 0.6612474527952447,
    "0,2,3,5,6": 0.7049816265145536,
    "0,2,3,5,7": 0.7211327986870739,
    "0,2,3,6,7": 0.8162833521402387,
    "0,2,4,5,6": 0.7073183500641246,
    "0,2,4,5,7": 0.7234139826260166,
    "0,2,4,6,7": 0.8256158925084338,
    "0,2,5,6,7": 0.8292515912023555,
    "0,3,4,5,6": 0.6931805747386757,
    "0,3,4,5,7": 0.7072304695981082,
    "0,3,4,6,7": 0.8188395194757241,
    "0,3,5,6,7": 0.815665236580875,
    "0,4,5,6,7": 0.8179421686731514,
    "1,2,3,4,5": 0.3856546362497142,
    "1,2,3,4,6": 0.47876185205633137,
    "1,2,3,4,7": 0.5343421687604939,
    "1,2,3,5,6": 0.6207085045571592,
    "1,2,3,5,7": 0.6382975551382588,
    "1,2,3,6,7": 0.8201545090108273,
    "1,2,4,5,6": 0.5915760247412146,
    "1,2,4,5,7": 0.6152814746209411,
    "1,2,4,6,7": 0.8129413667346882,
    "1,2,5,6,7": 0.8204068184213381,
    "1,3,4,5,6": 0.4213165211053338,
    "1,3,4,5,7": 0.43655921146592147,
    "1,3,4,6,7": 0.7336442855985126,
    "1,3,5,6,7": 0.7471668271349194,
    "1,4,5,6,7": 0.7444594245387504,
    "2,3,4,5,6": 0.6012083395510537,
    "2,3,4,5,7": 0.6114526798729657,
    "2,3,4,6,7": 0.8102909680453658,
    "2,3,5,6,7": 0.822938722477216,
    "2,4,5,6,7": 0.808951539779954,
    "3,4,5,6,7": 0.7429892143019867,
    "0,1,2,3,4,5": 0.6642533568104887,