{
  "object_name": "Game",
  "data_type": "game",
  "version": "1.4.2.dev29+g3d3c3a7e6.d20260421",
  "created_from": null,
  "description": null,
  "parameters": {},
  "timestamp": "2026-04-21T12:25:55.941538+00:00Z",
  "metadata": {
    "n_players": 8,
    "game_name": "Game_object",
    "normalization_value": 0.0,
    "precompute_flag": false,
    "precomputed": true,
    "player_names": null
  },
  "data": {
    "Empty": 0.0,
    "0": 0.48183234534236563,
    "1": 0.021114135767340336,
    "2": 0.1311097340964772,
    "3": 0.0054372484292992684,
    "4": -0.01650899500653691,
    "5": 0.09107643294143386,
    "6": 0.23674226196599435,
    "7": 0.31432214923550916,
    "0,1": 0.510581587416221,
    "0,2": 0.5066731172698906,
    "0,3": 0.4646009543158254,
    "0,4": 0.4583977191599746,
    "0,5": 0.5746095332581411,
    "0,6": 0.5829808852173326,
    "0,7": 0.6217602522516006,
    "1,2": 0.14807263965451078,
    "1,3": -0.040689996385519844,
    "1,4": -0.032026009743868045,
    "1,5": 0.09510801927132029,
    "1,6": 0.2552506059574223,
    "1,7": 0.344318166232069,
    "2,3": 0.1508415470710467,
    "2,4": 0.08715309252794812,
    "2,5": 0.22844268709501692,
    "2,6": 0.3518001308022075,
    "2,7": 0.46185313118757254,
    "3,4": -0.03497915702566079,
    "3,5": 0.0823941073175466,
    "3,6": 0.21717463396237124,
    "3,7": 0.28753265256765304,
    "4,5": 0.030377114876756206,
    "4,6": 0.21578425423065517,
    "4,7": 0.2818031700392525,
    "5,6": 0.3562941295380285,
    "5,7": 0.38896868674334195,
    "6,7": 0.7799182997832145,
    "0,1,2": 0.5710696342372985,
    "0,1,3": 0.5219424091870526,
    "0,1,4": 0.5137405229061531,
    "0,1,5": 0.6218543626171191,
    "0,1,6": 0.633510496790197,
    "0,1,7": 0.6537749418909453,
    "0,2,3": 0.5379696397511478,
    "0,2,4": 0.5206567746164563,
    "0,2,5": 0.6129650118164527,
    "0,2,6": 0.616982087611306,
    "0,2,7": 0.6472497339109932,
    "0,3,4": 0.4756448157197898,
    "0,3,5": 0.5824864619598245,
    "0,3,6": 0.5957278093269633,
    "0,3,7": 0.6422847438595786,
    "0,4,5": 0.5878110199894615,
    "0,4,6": 0.598057794152689,
    "0,4,7": 0.6300974934453555,
    "0,5,6": 0.7114066403510064,
    "0,5,7": 0.7181048172694331,
    "0,6,7": 0.8463683003718427,
    "1,2,3": 0.21469264177911973,
    "1,2,4": 0.1617849416856464,
    "1,2,5": 0.28426356437117484,
    "1,2,6": 0.4396553833260548,
    "1,2,7": 0.5152450822777915,
    "1,3,4": -0.03445674906287555,
    "1,3,5": 0.09938147581423962,
    "1,3,6": 0.264820134045085,
    "1,3,7": 0.34852441716563676,
    "1,4,5": 0.08563778018173251,
    "1,4,6": 0.26908960950902006,
    "1,4,7": 0.3452127276452047,
    "1,5,6": 0.4215477224053866,
    "1,5,7": 0.46309238090625615,
    "1,6,7": 0.7726788991008133,
    "2,3,4": 0.14956204445608023,
    "2,3,5": 0.3405931463055185,
    "2,3,6": 0.3876694656034162,
    "2,3,7": 0.49716556805053325,
    "2,4,5": 0.23518601406618844,
    "2,4,6": 0.3690571245034028,
    "2,4,7": 0.46954107272616163,
    "2,5,6": 0.5487487128038611,
    "2,5,7": 0.6068239709626281,
    "2,6,7": 0.8230264267060943,
    "3,4,5": 0.08148381257172055,
    "3,4,6": 0.2303924120072267,
    "3,4,7": 0.29258149559032265,
    "3,5,6": 0.37634861599549685,
    "3,5,7": 0.4069940561013835,
    "3,6,7": 0.7607303570044233,
    "4,5,6": 0.3594839799983044,
    "4,5,7": 0.3860258719703342,
    "4,6,7": 0.7496389809816826,
    "5,6,7": 0.7686160878297965,
    "0,1,2,3": 0.6034811351478007,
    "0,1,2,4": 0.5707983298002488,
    "0,1,2,5": 0.6575740543003816,
    "0,1,2,6": 0.6609682690227814,
    "0,1,2,7": 0.6806835558822253,
    "0,1,3,4": 0.5369154708703453,
    "0,1,3,5": 0.6315772074102336,
    "0,1,3,6": 0.637562589966602,
    "0,1,3,7": 0.6713536704688097,
    "0,1,4,5": 0.6400794226824034,
    "0,1,4,6": 0.6428608249006211,
    "0,1,4,7": 0.6642648315537762,
    "0,1,5,6": 0.7309729704833556,
    "0,1,5,7": 0.7466891635551314,
    "0,1,6,7": 0.8393309333895357,
    "0,2,3,4": 0.551916973868031,
    "0,2,3,5": 0.6297697292009292,
    "0,2,3,6": 0.6329938129588736,
    "0,2,3,7": 0.6632341254149954,
    "0,2,4,5": 0.6203161343903526,
    "0,2,4,6": 0.6282375948344072,
    "0,2,4,7": 0.6473677974224663,
    "0,2,5,6": 0.7093524786833136,
    "0,2,5,7": 0.7343663431683918,
    "0,2,6,7": 0.8386573568281334,
    "0,3,4,5": 0.5947402772339734,
    "0,3,4,6": 0.612689245697428,
    "0,3,4,7": 0.6392329147823621,
    "0,3,5,6": 0.713729195665358,
    "0,3,5,7": 0.7223746657818082,
    "0,3,6,7": 0.8390763784099253,
    "0,4,5,6": 0.711405313335205,
    "0,4,5,7": 0.7181435950214684,
    "0,4,6,7": 0.837037491598702,
    "0,5,6,7": 0.8420637760909535,
    "1,2,3,4": 0.21497155833871773,
    "1,2,3,5": 0.3755095743257243,
    "1,2,3,6": 0.4671947977515899,
    "1,2,3,7": 0.5421838369176211,
    "1,2,4,5": 0.3288770021913272,
    "1,2,4,6": 0.4341416382849701,
    "1,2,4,7": 0.5221792405634083,
    "1,2,5,6": 0.6058626878051663,
    "1,2,5,7": 0.6366411960294425,
    "1,2,6,7": 0.8254972839420575,
    "1,3,4,5": 0.09850209877197846,
    "1,3,4,6": 0.27200936873599646,
    "1,3,4,7": 0.35011376726951793,
    "1,3,5,6": 0.4386882515412682,
    "1,3,5,7": 0.465335673220696,
    "1,3,6,7": 0.753243051925804,
    "1,4,5,6": 0.41428015922082795,
    "1,4,5,7": 0.4490624832011514,
    "1,4,6,7": 0.7543027377731103,
    "1,5,6,7": 0.7651401674602438,
    "2,3,4,5": 0.3410943903300282,
    "2,3,4,6": 0.40977983792582706,
    "2,3,4,7": 0.5072214039557745,
    "2,3,5,6": 0.592081995902149,
    "2,3,5,7": 0.6364897587055351,
    "2,3,6,7": 0.8249932379312395,
    "2,4,5,6": 0.5590591139640273,
    "2,4,5,7": 0.6050050471467655,
    "2,4,6,7": 0.8179894827585016,
    "2,5,6,7": 0.8281067179060385,
    "3,4,5,6": 0.39082970931667205,
    "3,4,5,7": 0.4070235217857475,
    "3,4,6,7": 0.7535311554688463,
    "3,5,6,7": 0.749603373400487,
    "4,5,6,7": 0.755403684564124,
    "0,1,2,3,4": 0.5992171460310197,
    "0,1,2,3,5": 0.6794456962109219,
    "0,1,2,3,6": 0.6788372254580004,
    "0,1,2,3,7": 0.6877015091694301,
    "0,1,2,4,5": 0.6685637778847242,
    "0,1,2,4,6": 0.6604759963439572,
    "0,1,2,4,7": 0.6788961143075335,
    "0,1,2,5,6": 0.7456548913304154,
    "0,1,2,5,7": 0.7559549843253186,
    "0,1,2,6,7": 0.8345232334503929,
    "0,1,3,4,5": 0.645273139564003,
    "0,1,3,4,6": 0.6536835636417833,
    "0,1,3,4,7": 0.6709308407854733,
    "0,1,3,5,6": 0.7462517652424607,
    "0,1,3,5,7": 0.7433798704641565,
    "0,1,3,6,7": 0.8325809184230127,
    "0,1,4,5,6": 0.733699051402285,
    "0,1,4,5,7": 0.7425674472151856,
    "0,1,4,6,7": 0.8327628325047071,
    "0,1,5,6,7": 0.8382723415191452,
    "0,2,3,4,5": 0.6280224955945449,
    "0,2,3,4,6": 0.6477143313033982,
    "0,2,3,4,7": 0.6640194789151023,
    "0,2,3,5,6": 0.7206735650628551,
    "0,2,3,5,7": 0.7320496326945332,
    "0,2,3,6,7": 0.8353635903636634,
    "0,2,4,5,6": 0.7172964692611757,
    "0,2,4,5,7": 0.7386958369430305,
    "0,2,4,6,7": 0.835857873928785,
    "0,2,5,6,7": 0.8483473099504644,
    "0,3,4,5,6": 0.714495070916256,
    "0,3,4,5,7": 0.7252176636032869,
    "0,3,4,6,7": 0.8296376275155094,
    "0,3,5,6,7": 0.8390085940410356,
    "0,4,5,6,7": 0.833670362765852,
    "1,2,3,4,5": 0.3918895262923433,
    "1,2,3,4,6": 0.46153341746147447,
    "1,2,3,4,7": 0.539557819712382,
    "1,2,3,5,6": 0.6327170465320221,
    "1,2,3,5,7": 0.6584880580066268,
    "1,2,3,6,7": 0.8290937710798666,
    "1,2,4,5,6": 0.6096293034846862,
    "1,2,4,5,7": 0.6319044962633182,
    "1,2,4,6,7": 0.8161625644979688,
    "1,2,5,6,7": 0.83165208573281,
    "1,3,4,5,6": 0.4337685950372776,
    "1,3,4,5,7": 0.4582825399567245,
    "1,3,4,6,7": 0.7457425476553925,
    "1,3,5,6,7": 0.758153082575839,
    "1,4,5,6,7": 0.7596276056975592,
    "2,3,4,5,6": 0.6063946665322785,
    "2,3,4,5,7": 0.6348541226944032,
    "2,3,4,6,7": 0.8226515684649415,
    "2,3,5,6,7": 0.8235613590884114,
    "2,4,5,6,7": 0.8271337432824061,
    "3,4,5,6,7": 0.7519376840294754,
    "0,1,2,3,4,5": 0.6816991506022978,