{
  "object_name": "Game",
  "data_type": "game",
  "version": "1.4.2.dev29+g3d3c3a7e6.d20260421",
  "created_from": null,
  "description": null,
  "parameters": {},
  "timestamp": "2026-04-21T12:25:55.981303+00:00Z",
  "metadata": {
    "n_players": 8,
    "game_name": "Game_object",
    "normalization_value": 0.0,
    "precompute_flag": false,
    "precomputed": true,
    "player_names": null
  },
  "data": {
    "Empty": 0.0,
    "0": 0.2898723018868825,
    "1": 0.02540596175262022,
    "2": -0.23553572554206714,
    "3": -0.4537017452851966,
    "4": -0.18582155259934408,
    "5": -0.3502603955088204,
    "6": 0.24281097462196122,
    "7": 0.286716852273871,
    "0,1": 0.4000278117033115,
    "0,2": 0.4432868095530642,
    "0,3": 0.3822380472650768,
    "0,4": 0.36841759253095707,
    "0,5": 0.492772040918556,
    "0,6": 0.5030434737067355,
    "0,7": 0.5564023111366897,
    "1,2": 0.012378662020374187,
    "1,3": -0.28631476980668347,
    "1,4": -0.3075816978889552,
    "1,5": -0.17140139145789668,
    "1,6": 0.12818502797394093,
    "1,7": 0.1897399162613761,
    "2,3": 0.06900782322071808,
    "2,4": -0.02193619232739219,
    "2,5": 0.1323572583712339,
    "2,6": 0.2646480004297539,
    "2,7": 0.3989119865361862,
    "3,4": -0.22669204096376694,
    "3,5": -0.15324673115981557,
    "3,6": 0.03828786099782888,
    "3,7": 0.11953320089952701,
    "4,5": -0.12782228956705377,
    "4,6": 0.08159622656516463,
    "4,7": 0.12876357216882217,
    "5,6": 0.24398169726793684,
    "5,7": 0.24210005724241435,
    "6,7": 0.7994189642211851,
    "0,1,2": 0.5286689148683064,
    "0,1,3": 0.4853742000329909,
    "0,1,4": 0.47051579356384265,
    "0,1,5": 0.5728893872297693,
    "0,1,6": 0.5893916087125728,
    "0,1,7": 0.6357549812003283,
    "0,2,3": 0.5017627598791519,
    "0,2,4": 0.480971632390348,
    "0,2,5": 0.5753721257963421,
    "0,2,6": 0.5701183534049391,
    "0,2,7": 0.6275946072093073,
    "0,3,4": 0.41474419554690356,
    "0,3,5": 0.5308940036432948,
    "0,3,6": 0.5406208572657021,
    "0,3,7": 0.606361413059734,
    "0,4,5": 0.5257315050215081,
    "0,4,6": 0.539940928787956,
    "0,4,7": 0.6048284492325222,
    "0,5,6": 0.6513874015166816,
    "0,5,7": 0.68088377723229,
    "0,6,7": 0.8151282229981798,
    "1,2,3": 0.16630267477687966,
    "1,2,4": 0.10818213127754883,
    "1,2,5": 0.22066702752885226,
    "1,2,6": 0.39973551305048904,
    "1,2,7": 0.4929585060164312,
    "1,3,4": -0.12924233223721737,
    "1,3,5": -0.03423445963677074,
    "1,3,6": 0.16553999795871444,
    "1,3,7": 0.26161639542566595,
    "1,4,5": -0.04012499268059688,
    "1,4,6": 0.21081426999259523,
    "1,4,7": 0.24796374927285403,
    "1,5,6": 0.35656688702666506,
    "1,5,7": 0.3697591133867313,
    "1,6,7": 0.7925652977671784,
    "2,3,4": 0.12520435456638723,
    "2,3,5": 0.2729647676523269,
    "2,3,6": 0.36239774521291634,
    "2,3,7": 0.4654346916285945,
    "2,4,5": 0.16850652720674386,
    "2,4,6": 0.3477072832728316,
    "2,4,7": 0.43254415227893905,
    "2,5,6": 0.5151703449880245,
    "2,5,7": 0.5546600639373513,
    "2,6,7": 0.8192648522796581,
    "3,4,5": -0.06842934803554734,
    "3,4,6": 0.172444184059649,
    "3,4,7": 0.23238372119176465,
    "3,5,6": 0.30242364002129474,
    "3,5,7": 0.30844468612026177,
    "3,6,7": 0.7735451419034002,
    "4,5,6": 0.31647766329599725,
    "4,5,7": 0.304551639979487,
    "4,6,7": 0.7785540170381158,
    "5,6,7": 0.7658446784159675,
    "0,1,2,3": 0.5668103436408838,
    "0,1,2,4": 0.5408265783791797,
    "0,1,2,5": 0.6312105200847589,
    "0,1,2,6": 0.6295969499440166,
    "0,1,2,7": 0.6490694099111759,
    "0,1,3,4": 0.5007324769563648,
    "0,1,3,5": 0.6007782471297329,
    "0,1,3,6": 0.6055443538867324,
    "0,1,3,7": 0.6473056999056825,
    "0,1,4,5": 0.6164479556964015,
    "0,1,4,6": 0.5930805255258523,
    "0,1,4,7": 0.6476990675952483,
    "0,1,5,6": 0.6910504935060435,
    "0,1,5,7": 0.7048822905781618,
    "0,1,6,7": 0.8100324822268627,
    "0,2,3,4": 0.5195107733640819,
    "0,2,3,5": 0.5984734339926119,
    "0,2,3,6": 0.6029657529092535,
    "0,2,3,7": 0.6430941938530952,
    "0,2,4,5": 0.583340475388495,
    "0,2,4,6": 0.5924500781833976,
    "0,2,4,7": 0.6315646789319851,
    "0,2,5,6": 0.6801252111706766,
    "0,2,5,7": 0.6950890942801281,
    "0,2,6,7": 0.816315095817363,
    "0,3,4,5": 0.5468933562483933,
    "0,3,4,6": 0.5597675511221094,
    "0,3,4,7": 0.6259008128745971,
    "0,3,5,6": 0.6603966227064818,
    "0,3,5,7": 0.6903284415991948,
    "0,3,6,7": 0.8093663142330988,
    "0,4,5,6": 0.6690505818565615,
    "0,4,5,7": 0.685291899318069,
    "0,4,6,7": 0.8158567047972898,
    "0,5,6,7": 0.7890510134401815,
    "1,2,3,4": 0.18680452218360655,
    "1,2,3,5": 0.3299567733499632,
    "1,2,3,6": 0.4498847244721784,
    "1,2,3,7": 0.5305563618582221,
    "1,2,4,5": 0.2797400041560254,
    "1,2,4,6": 0.429903346782609,
    "1,2,4,7": 0.5025422737661063,
    "1,2,5,6": 0.5564800592031263,
    "1,2,5,7": 0.6057756941889103,
    "1,2,6,7": 0.8196616245370463,
    "1,3,4,5": 0.032271889277727506,
    "1,3,4,6": 0.24948525643522168,
    "1,3,4,7": 0.31657193783174886,
    "1,3,5,6": 0.37622878733885634,
    "1,3,5,7": 0.4017278976337827,
    "1,3,6,7": 0.7770093803542997,
    "1,4,5,6": 0.38972640496003164,
    "1,4,5,7": 0.3927150457862091,
    "1,4,6,7": 0.7763118806622202,
    "1,5,6,7": 0.7646317753151529,
    "2,3,4,5": 0.2816692263372096,
    "2,3,4,6": 0.38250589127923074,
    "2,3,4,7": 0.4869885297593647,
    "2,3,5,6": 0.562672889297711,
    "2,3,5,7": 0.6044134861011109,
    "2,3,6,7": 0.8187372886739279,
    "2,4,5,6": 0.5347853184185574,
    "2,4,5,7": 0.5715124266908362,
    "2,4,6,7": 0.8134828091811622,
    "2,5,6,7": 0.8058003415899047,
    "3,4,5,6": 0.34306584187992806,
    "3,4,5,7": 0.33599306651214367,
    "3,4,6,7": 0.7649150748668808,
    "3,5,6,7": 0.7515184316753513,
    "4,5,6,7": 0.7570306603378674,
    "0,1,2,3,4": 0.5737552292150189,
    "0,1,2,3,5": 0.6530407452731921,
    "0,1,2,3,6": 0.6484493566269365,
    "0,1,2,3,7": 0.6651850098979694,
    "0,1,2,4,5": 0.6545892998160221,
    "0,1,2,4,6": 0.6327328382981785,
    "0,1,2,4,7": 0.646390861860531,
    "0,1,2,5,6": 0.7060084909761151,
    "0,1,2,5,7": 0.7136776668728577,
    "0,1,2,6,7": 0.8082631975626914,
    "0,1,3,4,5": 0.6234978868178205,
    "0,1,3,4,6": 0.6060949384967425,
    "0,1,3,4,7": 0.6613633587472072,
    "0,1,3,5,6": 0.7055349921117507,
    "0,1,3,5,7": 0.7124584589219407,
    "0,1,3,6,7": 0.8017252098418024,
    "0,1,4,5,6": 0.7001771737017277,
    "0,1,4,5,7": 0.7141414612006568,
    "0,1,4,6,7": 0.8091918754905284,
    "0,1,5,6,7": 0.7899904555985274,
    "0,2,3,4,5": 0.5966199736909342,
    "0,2,3,4,6": 0.6119873853310567,
    "0,2,3,4,7": 0.6514182707098755,
    "0,2,3,5,6": 0.6907402982830357,
    "0,2,3,5,7": 0.7041616013998698,
    "0,2,3,6,7": 0.811735695969414,
    "0,2,4,5,6": 0.6847292441278681,
    "0,2,4,5,7": 0.6992528802873498,
    "0,2,4,6,7": 0.8159034465452769,
    "0,2,5,6,7": 0.7934910310319402,
    "0,3,4,5,6": 0.6619517460779472,
    "0,3,4,5,7": 0.6914813565863165,
    "0,3,4,6,7": 0.8043941707854776,
    "0,3,5,6,7": 0.7858753018575422,
    "0,4,5,6,7": 0.7922842682341749,
    "1,2,3,4,5": 0.3540604640276348,
    "1,2,3,4,6": 0.46305857868381894,
    "1,2,3,4,7": 0.5327405558278283,
    "1,2,3,5,6": 0.591012530865753,
    "1,2,3,5,7": 0.6362412244108677,
    "1,2,3,6,7": 0.8163059289797665,
    "1,2,4,5,6": 0.5612716143603309,
    "1,2,4,5,7": 0.6088428380656465,
    "1,2,4,6,7": 0.8173055893679085,
    "1,2,5,6,7": 0.8113146123387984,
    "1,3,4,5,6": 0.39525947890015867,
    "1,3,4,5,7": 0.40410516697862753,
    "1,3,4,6,7": 0.7629823696972058,
    "1,3,5,6,7": 0.7541272500530611,
    "1,4,5,6,7": 0.7472559393631217,
    "2,3,4,5,6": 0.5659049885687782,
    "2,3,4,5,7": 0.6077455337658486,
    "2,3,4,6,7": 0.8135397989934392,
    "2,3,5,6,7": 0.8057476527753953,
    "2,4,5,6,7": 0.8070178444799473,
    "3,4,5,6,7": 0.7417413487401672,
    "0,1,2,3,4,5": 0.6665304676725166,