{
  "object_name": "Game",
  "data_type": "game",
  "version": "1.4.2.dev29+g3d3c3a7e6.d20260421",
  "created_from": null,
  "description": null,
  "parameters": {},
  "timestamp": "2026-04-21T12:25:55.905519+00:00Z",
  "metadata": {
    "n_players": 8,
    "game_name": "Game_object",
    "normalization_value": 0.0,
    "precompute_flag": false,
    "precomputed": true,
    "player_names": null
  },
  "data": {
    "Empty": 0.0,
    "0": 0.08954537931776108,
    "1": 0.030964060656382464,
    "2": -0.7407138890769593,
    "3": -0.7428603362452944,
    "4": -0.2905468554190267,
    "5": -0.9228171270703038,
    "6": 0.22991314071688096,
    "7": 0.28938911112426524,
    "0,1": 0.038652735362975976,
    "0,2": 0.08964862048582323,
    "0,3": -0.048676018233623886,
    "0,4": -0.04264921212518358,
    "0,5": 0.2028771944408574,
    "0,6": 0.18517661907823635,
    "0,7": 0.2721707835529801,
    "1,2": -0.5371287688487898,
    "1,3": -1.0220017559500159,
    "1,4": -0.8993265161560866,
    "1,5": -0.8096926000871503,
    "1,6": -0.13953577169234888,
    "1,7": -0.04835251785632,
    "2,3": -0.6162769771022665,
    "2,4": -0.7125711088024556,
    "2,5": -0.4368780738428202,
    "2,6": -0.1474264802215246,
    "2,7": -0.025749510399292186,
    "3,4": -1.0598495426802064,
    "3,5": -0.8178778887163523,
    "3,6": -0.47006262391939946,
    "3,7": -0.3344432201020071,
    "4,5": -0.9144910368428478,
    "4,6": -0.4779764951706138,
    "4,7": -0.405827461225462,
    "5,6": -0.22624633466624755,
    "5,7": -0.28058627985654394,
    "6,7": 0.7152798817828153,
    "0,1,2": 0.1920267516186389,
    "0,1,3": 0.07246171316777372,
    "0,1,4": 0.06707502693073242,
    "0,1,5": 0.247405474880513,
    "0,1,6": 0.3079559152950513,
    "0,1,7": 0.3200035616104281,
    "0,2,3": 0.13699930773704017,
    "0,2,4": 0.08536660563215603,
    "0,2,5": 0.26805379451638567,
    "0,2,6": 0.23263019462691303,
    "0,2,7": 0.2949490028647501,
    "0,3,4": -0.03207875573616503,
    "0,3,5": 0.19081235753278059,
    "0,3,6": 0.21291488002622927,
    "0,3,7": 0.29292630428890865,
    "0,4,5": 0.1644040122685273,
    "0,4,6": 0.20911805316201115,
    "0,4,7": 0.26721400752207425,
    "0,5,6": 0.3976892933626621,
    "0,5,7": 0.4375359569700763,
    "0,6,7": 0.6779944748049274,
    "1,2,3": -0.5270091941992006,
    "1,2,4": -0.5453064297904173,
    "1,2,5": -0.29416716889558026,
    "1,2,6": 0.006084424968540891,
    "1,2,7": 0.08248911305100493,
    "1,3,4": -1.007843287293043,
    "1,3,5": -0.7807297157420172,
    "1,3,6": -0.423646424527361,
    "1,3,7": -0.2329811957446004,
    "1,4,5": -0.7758355960503955,
    "1,4,6": -0.4061991764706341,
    "1,4,7": -0.2629176295035942,
    "1,5,6": -0.13071253610929,
    "1,5,7": -0.08859570073038214,
    "1,6,7": 0.6808650291585638,
    "2,3,4": -0.598454197006121,
    "2,3,5": -0.2963308794472068,
    "2,3,6": -0.10207136817831053,
    "2,3,7": 0.045521123776916195,
    "2,4,5": -0.4407463599164927,
    "2,4,6": -0.13504737663425948,
    "2,4,7": 0.007982045172006513,
    "2,5,6": 0.18617216997519537,
    "2,5,7": 0.22168472505439174,
    "2,6,7": 0.7009807779000992,
    "3,4,5": -0.8326149777004348,
    "3,4,6": -0.48805934874741363,
    "3,4,7": -0.357368954981673,
    "3,5,6": -0.1870421098888464,
    "3,5,7": -0.1933972637645125,
    "3,6,7": 0.6203216325745879,
    "4,5,6": -0.14916567695934346,
    "4,5,7": -0.18348973800243495,
    "4,6,7": 0.6155879511106912,
    "5,6,7": 0.609409508479891,
    "0,1,2,3": 0.20715093218656233,
    "0,1,2,4": 0.19265721184539453,
    "0,1,2,5": 0.33574395492024756,
    "0,1,2,6": 0.3174337986345849,
    "0,1,2,7": 0.3507040536845035,
    "0,1,3,4": 0.10956457168666822,
    "0,1,3,5": 0.270487071208508,
    "0,1,3,6": 0.30331564963327806,
    "0,1,3,7": 0.3280051301901441,
    "0,1,4,5": 0.2947888867025408,
    "0,1,4,6": 0.2847608493556767,
    "0,1,4,7": 0.325035962311913,
    "0,1,5,6": 0.43601517326214034,
    "0,1,5,7": 0.4373867754210533,
    "0,1,6,7": 0.6538317918834339,
    "0,2,3,4": 0.14943884553899822,
    "0,2,3,5": 0.3066302885726113,
    "0,2,3,6": 0.26629061465192116,
    "0,2,3,7": 0.3613336818763382,
    "0,2,4,5": 0.24120018065986848,
    "0,2,4,6": 0.25202032486927006,
    "0,2,4,7": 0.3234833417976726,
    "0,2,5,6": 0.41717676870193066,
    "0,2,5,7": 0.46060197856906704,
    "0,2,6,7": 0.6703395581319642,
    "0,3,4,5": 0.17186702486076288,
    "0,3,4,6": 0.22069415646036072,
    "0,3,4,7": 0.2879150152786205,
    "0,3,5,6": 0.40929654480963895,
    "0,3,5,7": 0.44059035166977956,
    "0,3,6,7": 0.6702196556675224,
    "0,4,5,6": 0.40465767055521773,
    "0,4,5,7": 0.4259331448980914,
    "0,4,6,7": 0.6872049344550382,
    "0,5,6,7": 0.634987923141674,
    "1,2,3,4": -0.49604038426100217,
    "1,2,3,5": -0.21507327999912285,
    "1,2,3,6": 0.03233390771869793,
    "1,2,3,7": 0.09184990942260796,
    "1,2,4,5": -0.2726703324328492,
    "1,2,4,6": 0.001796404452083178,
    "1,2,4,7": 0.03462461767361802,
    "1,2,5,6": 0.2156509154155073,
    "1,2,5,7": 0.29907018294092635,
    "1,2,6,7": 0.6831710093640664,
    "1,3,4,5": -0.6892712190157853,
    "1,3,4,6": -0.42304522022941726,
    "1,3,4,7": -0.2374209585297451,
    "1,3,5,6": -0.13553618726375416,
    "1,3,5,7": -0.07255406057973057,
    "1,3,6,7": 0.6020378677648751,
    "1,4,5,6": -0.1314050503420583,
    "1,4,5,7": -0.030850760595704685,
    "1,4,6,7": 0.6275995564748718,
    "1,5,6,7": 0.5960659280700347,
    "2,3,4,5": -0.2911003890551689,
    "2,3,4,6": -0.10550970752000155,
    "2,3,4,7": 0.038084991537283175,
    "2,3,5,6": 0.23709975934225092,
    "2,3,5,7": 0.2378655866008912,
    "2,3,6,7": 0.6963871314954271,
    "2,4,5,6": 0.17268159434750197,
    "2,4,5,7": 0.25575928088520117,
    "2,4,6,7": 0.6817658178734317,
    "2,5,6,7": 0.6566695085076704,
    "3,4,5,6": -0.15340671215808932,
    "3,4,5,7": -0.1464259069603593,
    "3,4,6,7": 0.6057435399892886,
    "3,5,6,7": 0.5640448015736299,
    "4,5,6,7": 0.5932585290775315,
    "0,1,2,3,4": 0.23698464930881158,
    "0,1,2,3,5": 0.3564587151572638,
    "0,1,2,3,6": 0.3462417061341666,
    "0,1,2,3,7": 0.42073061472216533,
    "0,1,2,4,5": 0.3462757707139166,
    "0,1,2,4,6": 0.30418371149131496,
    "0,1,2,4,7": 0.377899179539124,
    "0,1,2,5,6": 0.4457869065281418,
    "0,1,2,5,7": 0.45586515109932624,
    "0,1,2,6,7": 0.6430800113428559,
    "0,1,3,4,5": 0.3007568063135657,
    "0,1,3,4,6": 0.28541751391319803,
    "0,1,3,4,7": 0.34804862310893814,
    "0,1,3,5,6": 0.4433557453731356,
    "0,1,3,5,7": 0.4712422584475501,
    "0,1,3,6,7": 0.6382299641464129,
    "0,1,4,5,6": 0.43868717219937026,
    "0,1,4,5,7": 0.46801509143006936,
    "0,1,4,6,7": 0.6597220111325888,
    "0,1,5,6,7": 0.6132120082209982,
    "0,2,3,4,5": 0.28207405986037326,
    "0,2,3,4,6": 0.29469659990375907,
    "0,2,3,4,7": 0.3865196448934478,
    "0,2,3,5,6": 0.4092455714066635,
    "0,2,3,5,7": 0.4703490865459754,
    "0,2,3,6,7": 0.6568364351039627,
    "0,2,4,5,6": 0.4321578977192174,
    "0,2,4,5,7": 0.4616613861695955,
    "0,2,4,6,7": 0.6640604274819624,
    "0,2,5,6,7": 0.652165353018985,
    "0,3,4,5,6": 0.40888821698767974,
    "0,3,4,5,7": 0.42060382903602245,
    "0,3,4,6,7": 0.6613739316359639,
    "0,3,5,6,7": 0.6350022471912994,
    "0,4,5,6,7": 0.6280971969622109,
    "1,2,3,4,5": -0.14716625572841502,
    "1,2,3,4,6": -0.009239804140663388,
    "1,2,3,4,7": 0.06357912288690126,
    "1,2,3,5,6": 0.24966510930365182,
    "1,2,3,5,7": 0.2673609203822741,
    "1,2,3,6,7": 0.6695955607586763,
    "1,2,4,5,6": 0.24352703069173431,
    "1,2,4,5,7": 0.2881398599737147,
    "1,2,4,6,7": 0.6399087120071297,
    "1,2,5,6,7": 0.6642981863461024,
    "1,3,4,5,6": -0.1011457643184881,
    "1,3,4,5,7": -0.09682440745384557,
    "1,3,4,6,7": 0.6062909642607577,
    "1,3,5,6,7": 0.581828788880371,
    "1,4,5,6,7": 0.5659330498166838,
    "2,3,4,5,6": 0.23178727796310405,
    "2,3,4,5,7": 0.24927124178822857,
    "2,3,4,6,7": 0.6730603460602146,
    "2,3,5,6,7": 0.651267807673394,