{
  "object_name": "Game",
  "data_type": "game",
  "version": "1.4.2.dev29+g3d3c3a7e6.d20260421",
  "created_from": null,
  "description": null,
  "parameters": {},
  "timestamp": "2026-04-21T12:25:55.979720+00:00Z",
  "metadata": {
    "n_players": 8,
    "game_name": "Game_object",
    "normalization_value": 0.0,
    "precompute_flag": false,
    "precomputed": true,
    "player_names": null
  },
  "data": {
    "Empty": 0.0,
    "0": 0.28413707701687385,
    "1": 0.025645606997638737,
    "2": -0.2877661823050166,
    "3": -0.396525870411101,
    "4": -0.17748683088335615,
    "5": -0.40256019827567147,
    "6": 0.24006193550625787,
    "7": 0.2813751144130572,
    "0,1": 0.40090595254942607,
    "0,2": 0.43330634054517914,
    "0,3": 0.3889512381758399,
    "0,4": 0.3740868704677187,
    "0,5": 0.5058248414846194,
    "0,6": 0.5057278270507617,
    "0,7": 0.5366275858930666,
    "1,2": -0.0268863399278072,
    "1,3": -0.31171477763041877,
    "1,4": -0.3516440755120074,
    "1,5": -0.14121930513440462,
    "1,6": 0.13444818147566284,
    "1,7": 0.18322168483641543,
    "2,3": 0.034974056674973664,
    "2,4": -0.03239780922313007,
    "2,5": 0.10867496224586426,
    "2,6": 0.2584140663996093,
    "2,7": 0.3364084169428708,
    "3,4": -0.22134631173609853,
    "3,5": -0.11004788329239346,
    "3,6": 0.05306947315320454,
    "3,7": 0.12527652652632004,
    "4,5": -0.1386798819453694,
    "4,6": 0.07089394825938367,
    "4,7": 0.1418028873088243,
    "5,6": 0.24559992743142744,
    "5,7": 0.22132942673988154,
    "6,7": 0.7865578378276772,
    "0,1,2": 0.511060170463895,
    "0,1,3": 0.4831148525521082,
    "0,1,4": 0.4685012933993855,
    "0,1,5": 0.5769646302102835,
    "0,1,6": 0.5844056590003057,
    "0,1,7": 0.6022130629087373,
    "0,2,3": 0.49067822136748707,
    "0,2,4": 0.47562581880375143,
    "0,2,5": 0.5676459409363663,
    "0,2,6": 0.570791553438174,
    "0,2,7": 0.5955490638139007,
    "0,3,4": 0.4356969416754696,
    "0,3,5": 0.539164598437605,
    "0,3,6": 0.5542058344044662,
    "0,3,7": 0.5971890183049455,
    "0,4,5": 0.5454268652001018,
    "0,4,6": 0.542847062478196,
    "0,4,7": 0.5767959017584661,
    "0,5,6": 0.6605362984224964,
    "0,5,7": 0.6728623875701694,
    "0,6,7": 0.8158750820966458,
    "1,2,3": 0.15174179747357242,
    "1,2,4": 0.08746880665405388,
    "1,2,5": 0.22148328627560776,
    "1,2,6": 0.3721058379988267,
    "1,2,7": 0.43912417429485173,
    "1,3,4": -0.14441302682088453,
    "1,3,5": -0.020814028277540864,
    "1,3,6": 0.191947054088073,
    "1,3,7": 0.2617434874394091,
    "1,4,5": -0.03560351025639297,
    "1,4,6": 0.19569281183732734,
    "1,4,7": 0.2763173440081821,
    "1,5,6": 0.3548297613963818,
    "1,5,7": 0.3479573044765166,
    "1,6,7": 0.7889413958881138,
    "2,3,4": 0.06743803489916023,
    "2,3,5": 0.2655751028516311,
    "2,3,6": 0.36268350026849594,
    "2,3,7": 0.43375599039904,
    "2,4,5": 0.16614787179848545,
    "2,4,6": 0.317868374021547,
    "2,4,7": 0.39954649818699073,
    "2,5,6": 0.505982239168974,
    "2,5,7": 0.5404035239468835,
    "2,6,7": 0.8139881956018891,
    "3,4,5": -0.04408790099505944,
    "3,4,6": 0.17454720994572182,
    "3,4,7": 0.22038475660761936,
    "3,5,6": 0.31480745950021105,
    "3,5,7": 0.32310419580886773,
    "3,6,7": 0.776767866959302,
    "4,5,6": 0.31577954944444575,
    "4,5,7": 0.2968630467665957,
    "4,6,7": 0.770149475552736,
    "5,6,7": 0.7662666448265014,
    "0,1,2,3": 0.5794124448991869,
    "0,1,2,4": 0.5447153364968046,
    "0,1,2,5": 0.6274925777137808,
    "0,1,2,6": 0.6171263744874926,
    "0,1,2,7": 0.6354789083470125,
    "0,1,3,4": 0.5093364515845613,
    "0,1,3,5": 0.6008053422865169,
    "0,1,3,6": 0.5996465469089944,
    "0,1,3,7": 0.6320055014529171,
    "0,1,4,5": 0.6142090050070552,
    "0,1,4,6": 0.5928348902688529,
    "0,1,4,7": 0.619446951460797,
    "0,1,5,6": 0.6842567621665524,
    "0,1,5,7": 0.6963030763573779,
    "0,1,6,7": 0.8035590405749649,
    "0,2,3,4": 0.5193630982306283,
    "0,2,3,5": 0.5977240604540203,
    "0,2,3,6": 0.595534297080902,
    "0,2,3,7": 0.6300464242278007,
    "0,2,4,5": 0.5963965640633886,
    "0,2,4,6": 0.5932556118753327,
    "0,2,4,7": 0.614990701566588,
    "0,2,5,6": 0.6689913840441066,
    "0,2,5,7": 0.6982215923890818,
    "0,2,6,7": 0.810131354527224,
    "0,3,4,5": 0.5493195856764052,
    "0,3,4,6": 0.5688674567046217,
    "0,3,4,7": 0.6195234152537832,
    "0,3,5,6": 0.6655372623494258,
    "0,3,5,7": 0.6870959818299688,
    "0,3,6,7": 0.8103850394368142,
    "0,4,5,6": 0.6622031355539422,
    "0,4,5,7": 0.687904119157984,
    "0,4,6,7": 0.8120774390403056,
    "0,5,6,7": 0.7945826080094514,
    "1,2,3,4": 0.17009484913210615,
    "1,2,3,5": 0.31818905634492556,
    "1,2,3,6": 0.42754092314249803,
    "1,2,3,7": 0.4846282003549969,
    "1,2,4,5": 0.2900333797568512,
    "1,2,4,6": 0.3999769379382234,
    "1,2,4,7": 0.4676407083103452,
    "1,2,5,6": 0.5639580965983242,
    "1,2,5,7": 0.5909882117386445,
    "1,2,6,7": 0.8185979366720852,
    "1,3,4,5": 0.032650227678208465,
    "1,3,4,6": 0.25287090360841,
    "1,3,4,7": 0.3158442728295069,
    "1,3,5,6": 0.40085241309033814,
    "1,3,5,7": 0.4103273789826384,
    "1,3,6,7": 0.77264926339971,
    "1,4,5,6": 0.3945399405763831,
    "1,4,5,7": 0.3975032265068488,
    "1,4,6,7": 0.7703184480033783,
    "1,5,6,7": 0.7617491085234388,
    "2,3,4,5": 0.2898981722879791,
    "2,3,4,6": 0.3886883157118449,
    "2,3,4,7": 0.4513413013874119,
    "2,3,5,6": 0.5476060410734099,
    "2,3,5,7": 0.5904935901053441,
    "2,3,6,7": 0.8105155440321173,
    "2,4,5,6": 0.528368690341961,
    "2,4,5,7": 0.5570400102618753,
    "2,4,6,7": 0.811086322281498,
    "2,5,6,7": 0.8045364148618442,
    "3,4,5,6": 0.3481664821351067,
    "3,4,5,7": 0.34475543510980367,
    "3,4,6,7": 0.7705403357258394,
    "3,5,6,7": 0.7638130421508297,
    "4,5,6,7": 0.7459722222643823,
    "0,1,2,3,4": 0.5862563725917072,
    "0,1,2,3,5": 0.6555287416789239,
    "0,1,2,3,6": 0.6424141052021544,
    "0,1,2,3,7": 0.6465152972697434,
    "0,1,2,4,5": 0.6571521901256283,
    "0,1,2,4,6": 0.6293175157461064,
    "0,1,2,4,7": 0.6410899742578395,
    "0,1,2,5,6": 0.702050399460783,
    "0,1,2,5,7": 0.7056118174302559,
    "0,1,2,6,7": 0.7947910091776542,
    "0,1,3,4,5": 0.6276963392691531,
    "0,1,3,4,6": 0.6108590156884368,
    "0,1,3,4,7": 0.6376777492082228,
    "0,1,3,5,6": 0.6965760919253272,
    "0,1,3,5,7": 0.7096407632870647,
    "0,1,3,6,7": 0.7977308706804295,
    "0,1,4,5,6": 0.6887818698475234,
    "0,1,4,5,7": 0.7008820662104934,
    "0,1,4,6,7": 0.8004524179653356,
    "0,1,5,6,7": 0.7904988591866544,
    "0,2,3,4,5": 0.6135426596257005,
    "0,2,3,4,6": 0.6071206016028321,
    "0,2,3,4,7": 0.6415480620650292,
    "0,2,3,5,6": 0.6759113085393031,
    "0,2,3,5,7": 0.705689584367782,
    "0,2,3,6,7": 0.8069664491051962,
    "0,2,4,5,6": 0.6787381026069605,
    "0,2,4,5,7": 0.7037999723095583,
    "0,2,4,6,7": 0.8113174265913666,
    "0,2,5,6,7": 0.7992713528844367,
    "0,3,4,5,6": 0.6656427408950583,
    "0,3,4,5,7": 0.6945955620577857,
    "0,3,4,6,7": 0.8085113047352288,
    "0,3,5,6,7": 0.8010735463735926,
    "0,4,5,6,7": 0.7927751435977679,
    "1,2,3,4,5": 0.3578123506010862,
    "1,2,3,4,6": 0.4467191438740117,
    "1,2,3,4,7": 0.49334638081628235,
    "1,2,3,5,6": 0.5851723003824774,
    "1,2,3,5,7": 0.609334363423766,
    "1,2,3,6,7": 0.8059028356667518,
    "1,2,4,5,6": 0.5720227085957452,
    "1,2,4,5,7": 0.6016966520450302,
    "1,2,4,6,7": 0.8099677704249848,
    "1,2,5,6,7": 0.8129483893841425,
    "1,3,4,5,6": 0.4204357734874201,
    "1,3,4,5,7": 0.421250384051605,
    "1,3,4,6,7": 0.7672092169124274,
    "1,3,5,6,7": 0.7493089232436838,
    "1,4,5,6,7": 0.7506559115824994,
    "2,3,4,5,6": 0.5516024511757152,
    "2,3,4,5,7": 0.5846642654654319,
    "2,3,4,6,7": 0.8067068493545125,
    "2,3,5,6,7": 0.8027349346707295,
    "2,4,5,6,7": 0.80387104080252,
    "3,4,5,6,7": 0.7501743603957048,
    "0,1,2,3,4,5": 0.6702638186643393,