{
  "object_name": "Game",
  "data_type": "game",
  "version": "1.4.2.dev29+g3d3c3a7e6.d20260421",
  "created_from": null,
  "description": null,
  "parameters": {},
  "timestamp": "2026-04-21T12:25:55.965298+00:00Z",
  "metadata": {
    "n_players": 8,
    "game_name": "Game_object",
    "normalization_value": 0.0,
    "precompute_flag": false,
    "precomputed": true,
    "player_names": null
  },
  "data": {
    "Empty": 0.0,
    "0": 0.4916058147707656,
    "1": 0.02548124064457713,
    "2": 0.1582512080191526,
    "3": -0.0003733484035335355,
    "4": -0.01985928625494915,
    "5": 0.07181156673692646,
    "6": 0.2483082502102304,
    "7": 0.3013733810929352,
    "0,1": 0.5195038969828869,
    "0,2": 0.5376821389501489,
    "0,3": 0.4702234297465012,
    "0,4": 0.45646673018764206,
    "0,5": 0.5683359523462002,
    "0,6": 0.5856827479101401,
    "0,7": 0.6332875265873561,
    "1,2": 0.17484118891371891,
    "1,3": -0.038672045778910036,
    "1,4": -0.033104767738671104,
    "1,5": 0.08290886337903891,
    "1,6": 0.2793744133198287,
    "1,7": 0.33081772176362245,
    "2,3": 0.19609945553995323,
    "2,4": 0.11250045968977762,
    "2,5": 0.2518996948169011,
    "2,6": 0.3993503677201484,
    "2,7": 0.4671156909003201,
    "3,4": -0.056539142417456834,
    "3,5": 0.04500880686415032,
    "3,6": 0.20888331608947974,
    "3,7": 0.27514935758641323,
    "4,5": 0.00942884985765402,
    "4,6": 0.21386566481077618,
    "4,7": 0.26777412462580896,
    "5,6": 0.37054057040961075,
    "5,7": 0.3585804258297616,
    "6,7": 0.7651622063491759,
    "0,1,2": 0.5848038655949199,
    "0,1,3": 0.5238731225660849,
    "0,1,4": 0.5167690536197747,
    "0,1,5": 0.6174536825657393,
    "0,1,6": 0.6431493656837324,
    "0,1,7": 0.6628126334761311,
    "0,2,3": 0.5549783982746557,
    "0,2,4": 0.5289009227009529,
    "0,2,5": 0.6165332762630578,
    "0,2,6": 0.6282319085481377,
    "0,2,7": 0.653647138567526,
    "0,3,4": 0.46967963430880033,
    "0,3,5": 0.5816825885541012,
    "0,3,6": 0.6029503147502275,
    "0,3,7": 0.6383658058385648,
    "0,4,5": 0.5822718509404945,
    "0,4,6": 0.5874750267110621,
    "0,4,7": 0.6248498821139445,
    "0,5,6": 0.7028134716385086,
    "0,5,7": 0.712124590131204,
    "0,6,7": 0.8268385757593684,
    "1,2,3": 0.2609389354749738,
    "1,2,4": 0.18801455423699265,
    "1,2,5": 0.2902344988980774,
    "1,2,6": 0.4662249874004506,
    "1,2,7": 0.5193846906739227,
    "1,3,4": -0.03809788799053848,
    "1,3,5": 0.09870888434237157,
    "1,3,6": 0.28060705011583364,
    "1,3,7": 0.32868939384965945,
    "1,4,5": 0.07494575965959716,
    "1,4,6": 0.2765896902886501,
    "1,4,7": 0.3306440319481665,
    "1,5,6": 0.4274360421203717,
    "1,5,7": 0.4355908985575079,
    "1,6,7": 0.7597637183544186,
    "2,3,4": 0.19874399368479745,
    "2,3,5": 0.3363025819557045,
    "2,3,6": 0.43664609059121373,
    "2,3,7": 0.49618961508640824,
    "2,4,5": 0.241039451597996,
    "2,4,6": 0.39433408331451436,
    "2,4,7": 0.4808819421109237,
    "2,5,6": 0.5719111031850532,
    "2,5,7": 0.5890145332975598,
    "2,6,7": 0.8162998929094187,
    "3,4,5": 0.030177559734232196,
    "3,4,6": 0.23460437538712653,
    "3,4,7": 0.2847127564916464,
    "3,5,6": 0.3633389929536356,
    "3,5,7": 0.3840803222976966,
    "3,6,7": 0.7436037141209925,
    "4,5,6": 0.36298281107031705,
    "4,5,7": 0.3528654922460944,
    "4,6,7": 0.736265425818494,
    "5,6,7": 0.7407436337027169,
    "0,1,2,3": 0.6089100480835707,
    "0,1,2,4": 0.5770778086679682,
    "0,1,2,5": 0.6628079324022941,
    "0,1,2,6": 0.6683237898522579,
    "0,1,2,7": 0.6817250165171418,
    "0,1,3,4": 0.5355180198858392,
    "0,1,3,5": 0.6296101577018984,
    "0,1,3,6": 0.6465912782088411,
    "0,1,3,7": 0.6697496864968591,
    "0,1,4,5": 0.6390150654004769,
    "0,1,4,6": 0.6343031698042537,
    "0,1,4,7": 0.6601263513810558,
    "0,1,5,6": 0.7321492666672655,
    "0,1,5,7": 0.731005502220627,
    "0,1,6,7": 0.8223495645032658,
    "0,2,3,4": 0.556987370622546,
    "0,2,3,5": 0.6267222240578487,
    "0,2,3,6": 0.6431368139241975,
    "0,2,3,7": 0.6619370903681976,
    "0,2,4,5": 0.6296108291285165,
    "0,2,4,6": 0.6266863106895777,
    "0,2,4,7": 0.654211435678183,
    "0,2,5,6": 0.7212768023961602,
    "0,2,5,7": 0.7278916403487476,
    "0,2,6,7": 0.827832805112581,
    "0,3,4,5": 0.5834150331621785,
    "0,3,4,6": 0.6029839407039534,
    "0,3,4,7": 0.6403039552616123,
    "0,3,5,6": 0.7024657580022844,
    "0,3,5,7": 0.7116379994440949,
    "0,3,6,7": 0.8242983569117573,
    "0,4,5,6": 0.7001437407967881,
    "0,4,5,7": 0.7222507113034203,
    "0,4,6,7": 0.8232368999836583,
    "0,5,6,7": 0.822771839885681,
    "1,2,3,4": 0.2666786496914435,
    "1,2,3,5": 0.3822299537012367,
    "1,2,3,6": 0.49812056360936374,
    "1,2,3,7": 0.5512082457983873,
    "1,2,4,5": 0.334399529010617,
    "1,2,4,6": 0.4717373847097117,
    "1,2,4,7": 0.5289058750999858,
    "1,2,5,6": 0.6175342985566199,
    "1,2,5,7": 0.6256683493746567,
    "1,2,6,7": 0.8191056506527609,
    "1,3,4,5": 0.10294783553299036,
    "1,3,4,6": 0.293238416870222,
    "1,3,4,7": 0.34650305898445577,
    "1,3,5,6": 0.43704216389485073,
    "1,3,5,7": 0.44872231944464147,
    "1,3,6,7": 0.746713172671521,
    "1,4,5,6": 0.4181740592664823,
    "1,4,5,7": 0.4211938006208428,
    "1,4,6,7": 0.7453605762793262,
    "1,5,6,7": 0.754400215653563,
    "2,3,4,5": 0.33788767564617506,
    "2,3,4,6": 0.4350507584759544,
    "2,3,4,7": 0.5085620091089904,
    "2,3,5,6": 0.6016504569442984,
    "2,3,5,7": 0.6272715247540819,
    "2,3,6,7": 0.8145892618609802,
    "2,4,5,6": 0.5795240540630311,
    "2,4,5,7": 0.5953322119196063,
    "2,4,6,7": 0.8119867903934144,
    "2,5,6,7": 0.8139645926503264,
    "3,4,5,6": 0.37797485969569633,
    "3,4,5,7": 0.3805097007126309,
    "3,4,6,7": 0.7314879919789017,
    "3,5,6,7": 0.7385559409923069,
    "4,5,6,7": 0.7386792633104209,
    "0,1,2,3,4": 0.6027093439227043,
    "0,1,2,3,5": 0.6784007417285782,
    "0,1,2,3,6": 0.6799579765899362,
    "0,1,2,3,7": 0.6955568134075798,
    "0,1,2,4,5": 0.6679387439106681,
    "0,1,2,4,6": 0.6638980839315747,
    "0,1,2,4,7": 0.6833075023256583,
    "0,1,2,5,6": 0.7470212495869752,
    "0,1,2,5,7": 0.749158972238299,
    "0,1,2,6,7": 0.8275138118848723,
    "0,1,3,4,5": 0.6464771432734697,
    "0,1,3,4,6": 0.6387435506368266,
    "0,1,3,4,7": 0.6639640425586462,
    "0,1,3,5,6": 0.732581894707094,
    "0,1,3,5,7": 0.739444255035328,
    "0,1,3,6,7": 0.8192222886174975,
    "0,1,4,5,6": 0.7379037090413019,
    "0,1,4,5,7": 0.7366538472553603,
    "0,1,4,6,7": 0.8162462470627635,
    "0,1,5,6,7": 0.8258806902623916,
    "0,2,3,4,5": 0.6279688454170533,
    "0,2,3,4,6": 0.6410982846814597,
    "0,2,3,4,7": 0.6667519801126098,
    "0,2,3,5,6": 0.7184793949997157,
    "0,2,3,5,7": 0.7325100512522948,
    "0,2,3,6,7": 0.8230490744334086,
    "0,2,4,5,6": 0.7186053726975361,
    "0,2,4,5,7": 0.7317225047543692,
    "0,2,4,6,7": 0.8285524848405279,
    "0,2,5,6,7": 0.8385743844135012,
    "0,3,4,5,6": 0.704557601241907,
    "0,3,4,5,7": 0.7184386665161008,
    "0,3,4,6,7": 0.8204995183563752,
    "0,3,5,6,7": 0.8196044840400127,
    "0,4,5,6,7": 0.823851694483146,
    "1,2,3,4,5": 0.4068832644869693,
    "1,2,3,4,6": 0.4871485483250896,
    "1,2,3,4,7": 0.5493531958253917,
    "1,2,3,5,6": 0.6458432621214164,
    "1,2,3,5,7": 0.6548438584019389,
    "1,2,3,6,7": 0.8210592317158159,
    "1,2,4,5,6": 0.6116044135965056,
    "1,2,4,5,7": 0.6296688599003986,
    "1,2,4,6,7": 0.8130233708973162,
    "1,2,5,6,7": 0.8216367693775275,
    "1,3,4,5,6": 0.43123260166901356,
    "1,3,4,5,7": 0.4437854864080436,
    "1,3,4,6,7": 0.7344180615292001,
    "1,3,5,6,7": 0.743102250110534,
    "1,4,5,6,7": 0.7460557884939745,
    "2,3,4,5,6": 0.6123350256356418,
    "2,3,4,5,7": 0.6316665886776004,
    "2,3,4,6,7": 0.811293083074098,
    "2,3,5,6,7": 0.8170997441864518,
    "2,4,5,6,7": 0.8160956924639565,
    "3,4,5,6,7": 0.7273231461509189,
    "0,1,2,3,4,5": 0.6860042364282013,