{
  "object_name": "Game",
  "data_type": "game",
  "version": "1.4.2.dev29+g3d3c3a7e6.d20260421",
  "created_from": null,
  "description": null,
  "parameters": {},
  "timestamp": "2026-04-21T12:25:55.989840+00:00Z",
  "metadata": {
    "n_players": 8,
    "game_name": "Game_object",
    "normalization_value": 0.0,
    "precompute_flag": false,
    "precomputed": true,
    "player_names": null
  },
  "data": {
    "Empty": 0.0,
    "0": 0.2715204446201257,
    "1": 0.022583226977917037,
    "2": -0.2687801330580488,
    "3": -0.4112308175572248,
    "4": -0.20838099763175055,
    "5": -0.3921503849951269,
    "6": 0.2255920284610331,
    "7": 0.26889842351502624,
    "0,1": 0.38475592689140503,
    "0,2": 0.45292358687720957,
    "0,3": 0.38827249771447736,
    "0,4": 0.3780212559200403,
    "0,5": 0.5075471197447456,
    "0,6": 0.4822645712941105,
    "0,7": 0.5133272285463042,
    "1,2": -0.06469157640927281,
    "1,3": -0.2895508926656689,
    "1,4": -0.356157465551336,
    "1,5": -0.1753223011218692,
    "1,6": 0.11362416516021234,
    "1,7": 0.1804186856190928,
    "2,3": 0.04917856906180529,
    "2,4": -0.016902290619343008,
    "2,5": 0.11895285956452628,
    "2,6": 0.22203402337850464,
    "2,7": 0.33908173781364614,
    "3,4": -0.22218591811246746,
    "3,5": -0.11137252961748989,
    "3,6": 0.04242227745295668,
    "3,7": 0.12298578507755376,
    "4,5": -0.1624845162197892,
    "4,6": 0.054561084493405576,
    "4,7": 0.11490332355945432,
    "5,6": 0.21717210569518686,
    "5,7": 0.21202736378575548,
    "6,7": 0.7872010541608104,
    "0,1,2": 0.513424930033779,
    "0,1,3": 0.4785778344347318,
    "0,1,4": 0.4730498525225597,
    "0,1,5": 0.5746577454402566,
    "0,1,6": 0.5779260553782857,
    "0,1,7": 0.6037209086390607,
    "0,2,3": 0.49903951540901237,
    "0,2,4": 0.47491776156422827,
    "0,2,5": 0.5786849361472695,
    "0,2,6": 0.5558934216706956,
    "0,2,7": 0.6030521494448051,
    "0,3,4": 0.43521954200091195,
    "0,3,5": 0.5394653162944016,
    "0,3,6": 0.5477924513337916,
    "0,3,7": 0.5745911523144922,
    "0,4,5": 0.5358204435413464,
    "0,4,6": 0.5482215510455459,
    "0,4,7": 0.5785844993344519,
    "0,5,6": 0.6501660980275389,
    "0,5,7": 0.6594614440296585,
    "0,6,7": 0.8076665818481472,
    "1,2,3": 0.1485280128708948,
    "1,2,4": 0.08670532026451416,
    "1,2,5": 0.23842097317155908,
    "1,2,6": 0.38813066823011455,
    "1,2,7": 0.44074746923352415,
    "1,3,4": -0.1595957509803534,
    "1,3,5": -0.04988134721125892,
    "1,3,6": 0.16330800280193403,
    "1,3,7": 0.2763139656828949,
    "1,4,5": -0.03940669238158612,
    "1,4,6": 0.2122889308047642,
    "1,4,7": 0.25402652997219544,
    "1,5,6": 0.3544306675618303,
    "1,5,7": 0.36149771142069065,
    "1,6,7": 0.7724813243892628,
    "2,3,4": 0.10634309715487056,
    "2,3,5": 0.2758511984409474,
    "2,3,6": 0.3291885917796359,
    "2,3,7": 0.4432571352572273,
    "2,4,5": 0.15971730577364585,
    "2,4,6": 0.3402596491186972,
    "2,4,7": 0.4103652739925763,
    "2,5,6": 0.501508176540062,
    "2,5,7": 0.5387947536862601,
    "2,6,7": 0.8096404798953026,
    "3,4,5": -0.03584787370735665,
    "3,4,6": 0.15542571480402967,
    "3,4,7": 0.21328421280171195,
    "3,5,6": 0.30270693933160897,
    "3,5,7": 0.31505264386267284,
    "3,6,7": 0.7595676375243005,
    "4,5,6": 0.31450399377638494,
    "4,5,7": 0.28740815044913404,
    "4,6,7": 0.7587852771261561,
    "5,6,7": 0.7467605021173083,
    "0,1,2,3": 0.5647252277674024,
    "0,1,2,4": 0.5392891057579355,
    "0,1,2,5": 0.6297243504443331,
    "0,1,2,6": 0.6117397761621421,
    "0,1,2,7": 0.6368110525924336,
    "0,1,3,4": 0.49186941662150585,
    "0,1,3,5": 0.6054190663834864,
    "0,1,3,6": 0.5929381356804695,
    "0,1,3,7": 0.6172768664053608,
    "0,1,4,5": 0.61938231921956,
    "0,1,4,6": 0.596331006328521,
    "0,1,4,7": 0.6175535522272476,
    "0,1,5,6": 0.6866962622739261,
    "0,1,5,7": 0.690615758716586,
    "0,1,6,7": 0.7906303246895907,
    "0,2,3,4": 0.5005005848722157,
    "0,2,3,5": 0.5883235217395919,
    "0,2,3,6": 0.5895273985137179,
    "0,2,3,7": 0.6249808007373546,
    "0,2,4,5": 0.5924146873296614,
    "0,2,4,6": 0.5829960338282778,
    "0,2,4,7": 0.62539891781985,
    "0,2,5,6": 0.6747350803437882,
    "0,2,5,7": 0.6968292421893654,
    "0,2,6,7": 0.8070873963766625,
    "0,3,4,5": 0.5584307297589963,
    "0,3,4,6": 0.5704597748645983,
    "0,3,4,7": 0.6012316468134127,
    "0,3,5,6": 0.6536868631501276,
    "0,3,5,7": 0.664468606108542,
    "0,3,6,7": 0.8018051682168599,
    "0,4,5,6": 0.6690605396597796,
    "0,4,5,7": 0.675636123096567,
    "0,4,6,7": 0.8042424878326906,
    "0,5,6,7": 0.7902143289917705,
    "1,2,3,4": 0.16643021603317565,
    "1,2,3,5": 0.3494896177738457,
    "1,2,3,6": 0.4325683018670321,
    "1,2,3,7": 0.5015223197306595,
    "1,2,4,5": 0.295160342391955,
    "1,2,4,6": 0.42745667920786057,
    "1,2,4,7": 0.4707731654913394,
    "1,2,5,6": 0.5720109699668846,
    "1,2,5,7": 0.5744537194629089,
    "1,2,6,7": 0.8095572703671488,
    "1,3,4,5": 0.04147179212478569,
    "1,3,4,6": 0.23493265489707182,
    "1,3,4,7": 0.3080305909655322,
    "1,3,5,6": 0.3924492227897226,
    "1,3,5,7": 0.4115362989651816,
    "1,3,6,7": 0.7616037802129727,
    "1,4,5,6": 0.3918899388690885,
    "1,4,5,7": 0.40440390120638403,
    "1,4,6,7": 0.7606565011708116,
    "1,5,6,7": 0.7403233020880831,
    "2,3,4,5": 0.29062664710042163,
    "2,3,4,6": 0.3808726720255766,
    "2,3,4,7": 0.45960277376287817,
    "2,3,5,6": 0.5628789733004451,
    "2,3,5,7": 0.5654525135073418,
    "2,3,6,7": 0.8052758801397869,
    "2,4,5,6": 0.5241873441202154,
    "2,4,5,7": 0.5509760703822615,
    "2,4,6,7": 0.8088547007134426,
    "2,5,6,7": 0.803369150387107,
    "3,4,5,6": 0.3543954948796326,
    "3,4,5,7": 0.3251690435510384,
    "3,4,6,7": 0.7511136602975221,
    "3,5,6,7": 0.7381444433138851,
    "4,5,6,7": 0.7335321190738266,
    "0,1,2,3,4": 0.585077844827085,
    "0,1,2,3,5": 0.6544330195671302,
    "0,1,2,3,6": 0.6269553320406099,
    "0,1,2,3,7": 0.6442413194214458,
    "0,1,2,4,5": 0.6602609149487164,
    "0,1,2,4,6": 0.619518657361508,
    "0,1,2,4,7": 0.6304084726511179,
    "0,1,2,5,6": 0.7141308923753484,
    "0,1,2,5,7": 0.7082101482739613,
    "0,1,2,6,7": 0.7923437121860122,
    "0,1,3,4,5": 0.6276249647508,
    "0,1,3,4,6": 0.6136209804073776,
    "0,1,3,4,7": 0.6294387779602193,
    "0,1,3,5,6": 0.7009530010871903,
    "0,1,3,5,7": 0.7043371429373366,
    "0,1,3,6,7": 0.7894298021940188,
    "0,1,4,5,6": 0.7025931297537751,
    "0,1,4,5,7": 0.7021277095668441,
    "0,1,4,6,7": 0.7908749217340993,
    "0,1,5,6,7": 0.7884424582064133,
    "0,2,3,4,5": 0.6064677715198631,
    "0,2,3,4,6": 0.605611617383043,
    "0,2,3,4,7": 0.6346037345958504,
    "0,2,3,5,6": 0.6741005309157204,
    "0,2,3,5,7": 0.6955555467139393,
    "0,2,3,6,7": 0.800306720039207,
    "0,2,4,5,6": 0.6877486414512443,
    "0,2,4,5,7": 0.7045593852058485,
    "0,2,4,6,7": 0.8025100900795407,
    "0,2,5,6,7": 0.8027433706934853,
    "0,3,4,5,6": 0.6703693739419916,
    "0,3,4,5,7": 0.6769173536560278,
    "0,3,4,6,7": 0.7994087103478441,
    "0,3,5,6,7": 0.7900926789253585,
    "0,4,5,6,7": 0.7907979533565288,
    "1,2,3,4,5": 0.3524456584921827,
    "1,2,3,4,6": 0.4571952030648725,
    "1,2,3,4,7": 0.5197858025598961,
    "1,2,3,5,6": 0.5995445379876936,
    "1,2,3,5,7": 0.6102686185459396,
    "1,2,3,6,7": 0.8116398462521651,
    "1,2,4,5,6": 0.5742939985541045,
    "1,2,4,5,7": 0.5822809655247871,
    "1,2,4,6,7": 0.8066174436229427,
    "1,2,5,6,7": 0.808608265235474,
    "1,3,4,5,6": 0.4122193749339491,
    "1,3,4,5,7": 0.4214939996135909,
    "1,3,4,6,7": 0.750008163093697,
    "1,3,5,6,7": 0.738490804259293,
    "1,4,5,6,7": 0.7340400194982748,
    "2,3,4,5,6": 0.5664394269835213,
    "2,3,4,5,7": 0.5683355448479159,
    "2,3,4,6,7": 0.8057714591557033,
    "2,3,5,6,7": 0.7974069249102331,
    "2,4,5,6,7": 0.7955649314365459,
    "3,4,5,6,7": 0.7285451425632449,
    "0,1,2,3,4,5": 0.6662251140283616,