{
  "object_name": "Game",
  "data_type": "game",
  "version": "1.4.2.dev29+g3d3c3a7e6.d20260421",
  "created_from": null,
  "description": null,
  "parameters": {},
  "timestamp": "2026-04-21T12:25:55.962698+00:00Z",
  "metadata": {
    "n_players": 8,
    "game_name": "Game_object",
    "normalization_value": 0.0,
    "precompute_flag": false,
    "precomputed": true,
    "player_names": null
  },
  "data": {
    "Empty": 0.0,
    "0": 0.48662121286232507,
    "1": 0.025917440066442254,
    "2": 0.17490833016540186,
    "3": -4.073389039671582e-05,
    "4": -0.015202045324190117,
    "5": 0.08521212076193119,
    "6": 0.25652163898700353,
    "7": 0.3099262849917791,
    "0,1": 0.5311431680488342,
    "0,2": 0.521249350723384,
    "0,3": 0.4789955314700479,
    "0,4": 0.45921356711913874,
    "0,5": 0.579269347160047,
    "0,6": 0.5921824564790611,
    "0,7": 0.6354896147195607,
    "1,2": 0.20860553499048629,
    "1,3": -0.02717892203557737,
    "1,4": -0.027058850370601295,
    "1,5": 0.08821581948157908,
    "1,6": 0.2796141998915892,
    "1,7": 0.3422225006333044,
    "2,3": 0.2047834398298206,
    "2,4": 0.12701240307694617,
    "2,5": 0.28142923199772085,
    "2,6": 0.41199442739599845,
    "2,7": 0.48312106470513216,
    "3,4": -0.04534068358109056,
    "3,5": 0.05172899336919623,
    "3,6": 0.2162641077646812,
    "3,7": 0.2783534835631496,
    "4,5": 0.01497869484170189,
    "4,6": 0.24307384292936984,
    "4,7": 0.289238620702561,
    "5,6": 0.3900340936352502,
    "5,7": 0.37108692197780146,
    "6,7": 0.793465106103881,
    "0,1,2": 0.5873148143872778,
    "0,1,3": 0.5449241368637612,
    "0,1,4": 0.5317754614372203,
    "0,1,5": 0.6295174071514547,
    "0,1,6": 0.650105673178327,
    "0,1,7": 0.6808176802584205,
    "0,2,3": 0.5559673198249416,
    "0,2,4": 0.5351104630015434,
    "0,2,5": 0.6236069991451774,
    "0,2,6": 0.6265033211069246,
    "0,2,7": 0.6645921384626565,
    "0,3,4": 0.4798572927483,
    "0,3,5": 0.5890917726097487,
    "0,3,6": 0.6124657961141684,
    "0,3,7": 0.6438650373468567,
    "0,4,5": 0.5923504854290218,
    "0,4,6": 0.6112593647903912,
    "0,4,7": 0.6399064482625627,
    "0,5,6": 0.7160103950314016,
    "0,5,7": 0.7287674863417786,
    "0,6,7": 0.8397869792520628,
    "1,2,3": 0.2651214680875903,
    "1,2,4": 0.20655861036538092,
    "1,2,5": 0.34224484859735993,
    "1,2,6": 0.4843736707360655,
    "1,2,7": 0.5370050609452334,
    "1,3,4": -0.02203426463154945,
    "1,3,5": 0.09641703181917882,
    "1,3,6": 0.27389934376553393,
    "1,3,7": 0.34650985888078845,
    "1,4,5": 0.08708140054602354,
    "1,4,6": 0.30136062314687107,
    "1,4,7": 0.3503485534688384,
    "1,5,6": 0.44671143625798926,
    "1,5,7": 0.4503614651065423,
    "1,6,7": 0.7738958225697952,
    "2,3,4": 0.20338756716816775,
    "2,3,5": 0.3634356176714393,
    "2,3,6": 0.4440400135613507,
    "2,3,7": 0.5208024743943972,
    "2,4,5": 0.2730448492345432,
    "2,4,6": 0.42893883129493227,
    "2,4,7": 0.4958788061696239,
    "2,5,6": 0.5997439326135836,
    "2,5,7": 0.6016099625649863,
    "2,6,7": 0.8330133953775161,
    "3,4,5": 0.06652245613836916,
    "3,4,6": 0.2599742439071634,
    "3,4,7": 0.2911474137834942,
    "3,5,6": 0.38497825860110146,
    "3,5,7": 0.39104695002820855,
    "3,6,7": 0.7652199424369478,
    "4,5,6": 0.39585645645681555,
    "4,5,7": 0.38462256547300333,
    "4,6,7": 0.7638861759730253,
    "5,6,7": 0.7697316423167131,
    "0,1,2,3": 0.623961441311841,
    "0,1,2,4": 0.593167809570197,
    "0,1,2,5": 0.670079408099763,
    "0,1,2,6": 0.6815322998421458,
    "0,1,2,7": 0.6967121205513978,
    "0,1,3,4": 0.5437154710359785,
    "0,1,3,5": 0.647945179416909,
    "0,1,3,6": 0.6598386699988885,
    "0,1,3,7": 0.6850242257391959,
    "0,1,4,5": 0.6455197292383253,
    "0,1,4,6": 0.6538522995796273,
    "0,1,4,7": 0.6721801359421999,
    "0,1,5,6": 0.7450976686441124,
    "0,1,5,7": 0.7501602148543085,
    "0,1,6,7": 0.8341570273916309,
    "0,2,3,4": 0.5576563676518849,
    "0,2,3,5": 0.6357513783387556,
    "0,2,3,6": 0.6456834537228721,
    "0,2,3,7": 0.6773156627355449,
    "0,2,4,5": 0.6227005242939287,
    "0,2,4,6": 0.6405561976443288,
    "0,2,4,7": 0.665338497453078,
    "0,2,5,6": 0.7300545650320939,
    "0,2,5,7": 0.7450121748942025,
    "0,2,6,7": 0.8377528521621654,
    "0,3,4,5": 0.5862103071451478,
    "0,3,4,6": 0.6198083334983016,
    "0,3,4,7": 0.6551784201355086,
    "0,3,5,6": 0.7178750049403655,
    "0,3,5,7": 0.7323087307450575,
    "0,3,6,7": 0.838515087733016,
    "0,4,5,6": 0.7208258039779745,
    "0,4,5,7": 0.7313829890830597,
    "0,4,6,7": 0.8399935268087406,
    "0,5,6,7": 0.8452995699364498,
    "1,2,3,4": 0.25266252642159837,
    "1,2,3,5": 0.4108326517581171,
    "1,2,3,6": 0.5134426981440503,
    "1,2,3,7": 0.5628807741818747,
    "1,2,4,5": 0.3636360755204737,
    "1,2,4,6": 0.4828370932101148,
    "1,2,4,7": 0.5414951568398669,
    "1,2,5,6": 0.6324761664633134,
    "1,2,5,7": 0.6333259966020337,
    "1,2,6,7": 0.8280575071651799,
    "1,3,4,5": 0.10927411565189105,
    "1,3,4,6": 0.2910633602965623,
    "1,3,4,7": 0.35633651575315617,
    "1,3,5,6": 0.4420344880426821,
    "1,3,5,7": 0.45255939602609985,
    "1,3,6,7": 0.7627701996444811,
    "1,4,5,6": 0.44125393007418023,
    "1,4,5,7": 0.44773660697248574,
    "1,4,6,7": 0.7642977267331512,
    "1,5,6,7": 0.7778634211690496,
    "2,3,4,5": 0.36295947373548887,
    "2,3,4,6": 0.4570361615778793,
    "2,3,4,7": 0.5343200365910242,
    "2,3,5,6": 0.630748152520221,
    "2,3,5,7": 0.6413581380590546,
    "2,3,6,7": 0.8303631253886278,
    "2,4,5,6": 0.601746866125247,
    "2,4,5,7": 0.6097480770666417,
    "2,4,6,7": 0.8251519983223832,
    "2,5,6,7": 0.8384925364502079,
    "3,4,5,6": 0.4055262473176765,
    "3,4,5,7": 0.3955376972365612,
    "3,4,6,7": 0.7509665681857781,
    "3,5,6,7": 0.7574162463245973,
    "4,5,6,7": 0.7606452513127813,
    "0,1,2,3,4": 0.6239621620434774,
    "0,1,2,3,5": 0.6900870493291645,
    "0,1,2,3,6": 0.6932784167891363,
    "0,1,2,3,7": 0.7104144273958553,
    "0,1,2,4,5": 0.6835494309098127,
    "0,1,2,4,6": 0.6844657616119665,
    "0,1,2,4,7": 0.6963119454651245,
    "0,1,2,5,6": 0.7560889924873656,
    "0,1,2,5,7": 0.7625216402619563,
    "0,1,2,6,7": 0.8386629972978163,
    "0,1,3,4,5": 0.6503298641622257,
    "0,1,3,4,6": 0.6646027597709285,
    "0,1,3,4,7": 0.6896252459789948,
    "0,1,3,5,6": 0.7465308360247576,
    "0,1,3,5,7": 0.7545166518444204,
    "0,1,3,6,7": 0.8320122825758249,
    "0,1,4,5,6": 0.7431459457811289,
    "0,1,4,5,7": 0.7457523921183364,
    "0,1,4,6,7": 0.8309058649403354,
    "0,1,5,6,7": 0.842978559999862,
    "0,2,3,4,5": 0.6389510972586503,
    "0,2,3,4,6": 0.6592454816258202,
    "0,2,3,4,7": 0.670651232944901,
    "0,2,3,5,6": 0.738671140048279,
    "0,2,3,5,7": 0.7458133475764421,
    "0,2,3,6,7": 0.8376246240098385,
    "0,2,4,5,6": 0.7368671670532909,
    "0,2,4,5,7": 0.7413843181240694,
    "0,2,4,6,7": 0.8364545496547732,
    "0,2,5,6,7": 0.8501733335607231,
    "0,3,4,5,6": 0.726762204666936,
    "0,3,4,5,7": 0.7322651947280372,
    "0,3,4,6,7": 0.8324210353058406,
    "0,3,5,6,7": 0.8401162314967862,
    "0,4,5,6,7": 0.8446451016590406,
    "1,2,3,4,5": 0.42973405642385964,
    "1,2,3,4,6": 0.5248881471392008,
    "1,2,3,4,7": 0.5668525880079176,
    "1,2,3,5,6": 0.6567182549046158,
    "1,2,3,5,7": 0.6634973620552355,
    "1,2,3,6,7": 0.8321372357716015,
    "1,2,4,5,6": 0.6388418069467202,
    "1,2,4,5,7": 0.641016875231941,
    "1,2,4,6,7": 0.8251866477241112,
    "1,2,5,6,7": 0.8408259554573119,
    "1,3,4,5,6": 0.4456406614467482,
    "1,3,4,5,7": 0.45326308593099374,
    "1,3,4,6,7": 0.7502270481710304,
    "1,3,5,6,7": 0.7647559966253742,
    "1,4,5,6,7": 0.764333544942829,
    "2,3,4,5,6": 0.6368145716521844,
    "2,3,4,5,7": 0.6449727141750143,
    "2,3,4,6,7": 0.8297844091847137,
    "2,3,5,6,7": 0.8382572794928731,
    "2,4,5,6,7": 0.8324433208853579,
    "3,4,5,6,7": 0.7567002638990461,
    "0,1,2,3,4,5": 0.6912610354788566,