{
  "object_name": "Game",
  "data_type": "game",
  "version": "1.4.2.dev29+g3d3c3a7e6.d20260421",
  "created_from": null,
  "description": null,
  "parameters": {},
  "timestamp": "2026-04-21T12:25:55.925027+00:00Z",
  "metadata": {
    "n_players": 8,
    "game_name": "Game_object",
    "normalization_value": 0.0,
    "precompute_flag": false,
    "precomputed": true,
    "player_names": null
  },
  "data": {
    "Empty": 0.0,
    "0": 0.11146538527225447,
    "1": 0.029359793579223692,
    "2": -0.6460289693938721,
    "3": -0.7986979251517785,
    "4": -0.2317860266467977,
    "5": -0.8152472680309744,
    "6": 0.21953417797334895,
    "7": 0.2734635140127286,
    "0,1": 0.08156420994802971,
    "0,2": 0.03911162212228314,
    "0,3": -0.034186072657538924,
    "0,4": -0.02027159205284157,
    "0,5": 0.1547945011381925,
    "0,6": 0.17658370299870185,
    "0,7": 0.2583765944345999,
    "1,2": -0.6159714982826427,
    "1,3": -0.992525411922806,
    "1,4": -0.9571832869106149,
    "1,5": -0.7650760196132436,
    "1,6": -0.04672426431255716,
    "1,7": -0.01189541981422626,
    "2,3": -0.5493115847201175,
    "2,4": -0.6643119251222098,
    "2,5": -0.4622109980412312,
    "2,6": -0.161092320817517,
    "2,7": 0.01082208099888049,
    "3,4": -1.0367404304677295,
    "3,5": -0.8359345978947224,
    "3,6": -0.4829873374785405,
    "3,7": -0.35473789418332946,
    "4,5": -0.9146205759717492,
    "4,6": -0.4438615247582438,
    "4,7": -0.4028812607044241,
    "5,6": -0.20371184323192626,
    "5,7": -0.21431691644942985,
    "6,7": 0.7215375521695079,
    "0,1,2": 0.164215382151367,
    "0,1,3": 0.11577772518156726,
    "0,1,4": 0.08827619433430689,
    "0,1,5": 0.24799993649901897,
    "0,1,6": 0.2853385242348475,
    "0,1,7": 0.32195322928460857,
    "0,2,3": 0.10525125381568756,
    "0,2,4": 0.08554654861644517,
    "0,2,5": 0.209948102049346,
    "0,2,6": 0.18828181977041303,
    "0,2,7": 0.32087403294905303,
    "0,3,4": 0.002658789414214602,
    "0,3,5": 0.1726182633414054,
    "0,3,6": 0.20843280604780545,
    "0,3,7": 0.2729109804810237,
    "0,4,5": 0.18856250047404444,
    "0,4,6": 0.2109387118166529,
    "0,4,7": 0.26924306810794907,
    "0,5,6": 0.3917664482171783,
    "0,5,7": 0.39691336776250874,
    "0,6,7": 0.7141566989144246,
    "1,2,3": -0.442307673825993,
    "1,2,4": -0.5639338979918636,
    "1,2,5": -0.33440615113017036,
    "1,2,6": -0.038039985790826014,
    "1,2,7": 0.09997070950342413,
    "1,3,4": -0.9773322114273792,
    "1,3,5": -0.7568020989042461,
    "1,3,6": -0.4032121867620395,
    "1,3,7": -0.2771667115978953,
    "1,4,5": -0.7765634799088887,
    "1,4,6": -0.35391705297823295,
    "1,4,7": -0.28515289534689825,
    "1,5,6": -0.059951582949832494,
    "1,5,7": -0.10651314587550331,
    "1,6,7": 0.6536100081509765,
    "2,3,4": -0.5715134522568985,
    "2,3,5": -0.26970945404619107,
    "2,3,6": -0.12099923876932084,
    "2,3,7": 0.0512001203361242,
    "2,4,5": -0.4685455108777512,
    "2,4,6": -0.10769899517317216,
    "2,4,7": 0.012206248565922562,
    "2,5,6": 0.17483939981664587,
    "2,5,7": 0.19086437603288542,
    "2,6,7": 0.6989919912415605,
    "3,4,5": -0.8717912678664435,
    "3,4,6": -0.39363712769972814,
    "3,4,7": -0.33204217549229953,
    "3,5,6": -0.12120289201596202,
    "3,5,7": -0.13142028521550397,
    "3,6,7": 0.6559252300504292,
    "4,5,6": -0.17150728585681252,
    "4,5,7": -0.1795561722638257,
    "4,6,7": 0.6228775558059743,
    "5,6,7": 0.6208284407537175,
    "0,1,2,3": 0.23187011969040328,
    "0,1,2,4": 0.1806427111343849,
    "0,1,2,5": 0.35108307412146034,
    "0,1,2,6": 0.29080681995396473,
    "0,1,2,7": 0.3428140885965987,
    "0,1,3,4": 0.12343898426042688,
    "0,1,3,5": 0.27740253524244796,
    "0,1,3,6": 0.24955050907827714,
    "0,1,3,7": 0.3503344705220157,
    "0,1,4,5": 0.31855800768150955,
    "0,1,4,6": 0.3046240580416415,
    "0,1,4,7": 0.3035663118983084,
    "0,1,5,6": 0.4267789155947628,
    "0,1,5,7": 0.44915950469071986,
    "0,1,6,7": 0.6665309915106192,
    "0,2,3,4": 0.08275242756169188,
    "0,2,3,5": 0.2596450738634615,
    "0,2,3,6": 0.2879486955165862,
    "0,2,3,7": 0.2966971319335674,
    "0,2,4,5": 0.23904901048669458,
    "0,2,4,6": 0.23434331281756027,
    "0,2,4,7": 0.2821007001384662,
    "0,2,5,6": 0.4199129537448285,
    "0,2,5,7": 0.4229237607263099,
    "0,2,6,7": 0.675223970168792,
    "0,3,4,5": 0.2003045485432028,
    "0,3,4,6": 0.2612267051603775,
    "0,3,4,7": 0.28757189347653056,
    "0,3,5,6": 0.4033082890647104,
    "0,3,5,7": 0.4425904507227386,
    "0,3,6,7": 0.6996700211105016,
    "0,4,5,6": 0.40571753740675776,
    "0,4,5,7": 0.4012713444696563,
    "0,4,6,7": 0.7019184988301095,
    "0,5,6,7": 0.6510353298116234,
    "1,2,3,4": -0.39791797384795835,
    "1,2,3,5": -0.12731767108921832,
    "1,2,3,6": -0.008353411377100661,
    "1,2,3,7": 0.10201103505291598,
    "1,2,4,5": -0.24099512207609064,
    "1,2,4,6": 0.001705851437706296,
    "1,2,4,7": 0.09606780647037338,
    "1,2,5,6": 0.2070498677618151,
    "1,2,5,7": 0.2502162525601017,
    "1,2,6,7": 0.7007672968163157,
    "1,3,4,5": -0.6450922826162788,
    "1,3,4,6": -0.34088067028044144,
    "1,3,4,7": -0.20990927718165353,
    "1,3,5,6": -0.09466141490087487,
    "1,3,5,7": -0.09347767714753807,
    "1,3,6,7": 0.5967652435246391,
    "1,4,5,6": -0.03674958154661723,
    "1,4,5,7": -0.053546434068754145,
    "1,4,6,7": 0.5923631138314718,
    "1,5,6,7": 0.590549957973789,
    "2,3,4,5": -0.25661220029190357,
    "2,3,4,6": -0.07968743152046609,
    "2,3,4,7": 0.07067760240019927,
    "2,3,5,6": 0.2387994493563299,
    "2,3,5,7": 0.2682117192122495,
    "2,3,6,7": 0.6848484206282706,
    "2,4,5,6": 0.216319820061318,
    "2,4,5,7": 0.22200486421113153,
    "2,4,6,7": 0.7015788370152296,
    "2,5,6,7": 0.677231793706063,
    "3,4,5,6": -0.15315710929934867,
    "3,4,5,7": -0.12528622437485293,
    "3,4,6,7": 0.6042802452853914,
    "3,5,6,7": 0.6200989441502958,
    "4,5,6,7": 0.6038845424037659,
    "0,1,2,3,4": 0.26138806339019016,
    "0,1,2,3,5": 0.3666293916244423,
    "0,1,2,3,6": 0.29110433662260626,
    "0,1,2,3,7": 0.3761727631077837,
    "0,1,2,4,5": 0.3726581637290981,
    "0,1,2,4,6": 0.30214478475099094,
    "0,1,2,4,7": 0.3483046569215559,
    "0,1,2,5,6": 0.4472579734021861,
    "0,1,2,5,7": 0.47591857955932415,
    "0,1,2,6,7": 0.6382812727401032,
    "0,1,3,4,5": 0.31186401394908203,
    "0,1,3,4,6": 0.27965999587097723,
    "0,1,3,4,7": 0.33135367988520026,
    "0,1,3,5,6": 0.4457396028183742,
    "0,1,3,5,7": 0.4730652184980928,
    "0,1,3,6,7": 0.6528746469285716,
    "0,1,4,5,6": 0.46171651234821964,
    "0,1,4,5,7": 0.4822142812821395,
    "0,1,4,6,7": 0.6727218427802975,
    "0,1,5,6,7": 0.6529712955845581,
    "0,2,3,4,5": 0.27672169692294935,
    "0,2,3,4,6": 0.27864428652842177,
    "0,2,3,4,7": 0.2941595784065498,
    "0,2,3,5,6": 0.4529434627545026,
    "0,2,3,5,7": 0.44993120247744556,
    "0,2,3,6,7": 0.691857378587894,
    "0,2,4,5,6": 0.429022152699439,
    "0,2,4,5,7": 0.4525007046561884,
    "0,2,4,6,7": 0.6778165527092432,
    "0,2,5,6,7": 0.648161792010743,
    "0,3,4,5,6": 0.4293498575562794,
    "0,3,4,5,7": 0.4502776592510619,
    "0,3,4,6,7": 0.6885117596055635,
    "0,3,5,6,7": 0.6444338043745249,
    "0,4,5,6,7": 0.6470567595973524,
    "1,2,3,4,5": -0.1262400713991021,
    "1,2,3,4,6": 0.054786764638043106,
    "1,2,3,4,7": 0.1524700089545994,
    "1,2,3,5,6": 0.2973803509388512,
    "1,2,3,5,7": 0.32453671758839087,
    "1,2,3,6,7": 0.6704090231149762,
    "1,2,4,5,6": 0.27127607199710624,
    "1,2,4,5,7": 0.2564544181273375,
    "1,2,4,6,7": 0.6868929350595055,
    "1,2,5,6,7": 0.6776801833802808,
    "1,3,4,5,6": -0.11282167742849047,
    "1,3,4,5,7": -0.029067470031114873,
    "1,3,4,6,7": 0.5807219501427232,
    "1,3,5,6,7": 0.5821980249929408,
    "1,4,5,6,7": 0.6102871896268529,
    "2,3,4,5,6": 0.2818208294445598,
    "2,3,4,5,7": 0.2834463651973912,
    "2,3,4,6,7": 0.6749105749017,
    "2,3,5,6,7": 0.6470730037411783,