{
  "object_name": "Game",
  "data_type": "game",
  "version": "1.4.2.dev29+g3d3c3a7e6.d20260421",
  "created_from": null,
  "description": null,
  "parameters": {},
  "timestamp": "2026-04-21T12:25:55.888376+00:00Z",
  "metadata": {
    "n_players": 8,
    "game_name": "Game_object",
    "normalization_value": 0.0,
    "precompute_flag": false,
    "precomputed": true,
    "player_names": null
  },
  "data": {
    "Empty": 0.0,
    "0": 0.1337652433674289,
    "1": 0.030605824319936303,
    "2": -0.5915791522924814,
    "3": -0.742330028760287,
    "4": -0.22554553760119744,
    "5": -0.7803808611728431,
    "6": 0.2487304472567533,
    "7": 0.2956154286168369,
    "0,1": 0.13462258167148133,
    "0,2": 0.11753240782774499,
    "0,3": 0.0036782729595732366,
    "0,4": 0.004877078458772832,
    "0,5": 0.2168208766676103,
    "0,6": 0.23386443687347602,
    "0,7": 0.2838779677298243,
    "1,2": -0.5285045318440622,
    "1,3": -0.8953331703404901,
    "1,4": -0.8655636219619318,
    "1,5": -0.7523161058976464,
    "1,6": -0.024109914106452912,
    "1,7": -0.041906876260600745,
    "2,3": -0.4795700271799075,
    "2,4": -0.6884724581133796,
    "2,5": -0.44999372395938253,
    "2,6": -0.12824597471735277,
    "2,7": 0.027753955398002073,
    "3,4": -0.9501019905285217,
    "3,5": -0.7586636959030939,
    "3,6": -0.37504883550617674,
    "3,7": -0.31310486621122813,
    "4,5": -0.8941532132707892,
    "4,6": -0.3698303517259274,
    "4,7": -0.29301050878342094,
    "5,6": -0.14529614235036092,
    "5,7": -0.18910230952260032,
    "6,7": 0.7141836282020353,
    "0,1,2": 0.22005025999632466,
    "0,1,3": 0.13419035810112567,
    "0,1,4": 0.11494571654923491,
    "0,1,5": 0.2763494905339001,
    "0,1,6": 0.3093306836645101,
    "0,1,7": 0.33811221470629893,
    "0,2,3": 0.1531041007029249,
    "0,2,4": 0.09581773054467047,
    "0,2,5": 0.2641597344359846,
    "0,2,6": 0.23563801045838828,
    "0,2,7": 0.34611287081659636,
    "0,3,4": 0.008011619583003893,
    "0,3,5": 0.201343796771837,
    "0,3,6": 0.2506573110942839,
    "0,3,7": 0.3081804625721821,
    "0,4,5": 0.22990082750185326,
    "0,4,6": 0.2426125621083134,
    "0,4,7": 0.2967061836858311,
    "0,5,6": 0.4390396151754593,
    "0,5,7": 0.4416862248398208,
    "0,6,7": 0.7009502285998725,
    "1,2,3": -0.4165626016117683,
    "1,2,4": -0.5072727050683701,
    "1,2,5": -0.34092664208876156,
    "1,2,6": 0.03771358078430431,
    "1,2,7": 0.1170725024026994,
    "1,3,4": -0.9105330696324452,
    "1,3,5": -0.7006419312568499,
    "1,3,6": -0.3614685459199143,
    "1,3,7": -0.19750538748583413,
    "1,4,5": -0.7754774377255447,
    "1,4,6": -0.3081236254948245,
    "1,4,7": -0.16140679106690858,
    "1,5,6": -0.05780254093866688,
    "1,5,7": -0.02041658842609162,
    "1,6,7": 0.6806489458713995,
    "2,3,4": -0.5426146387668833,
    "2,3,5": -0.19621520592566832,
    "2,3,6": -0.034106489690531205,
    "2,3,7": 0.08066875241967053,
    "2,4,5": -0.4332720541936066,
    "2,4,6": -0.08883655086502329,
    "2,4,7": 0.060313795443124096,
    "2,5,6": 0.14003158832364948,
    "2,5,7": 0.2648352888169492,
    "2,6,7": 0.7097101948526625,
    "3,4,5": -0.8402827185008337,
    "3,4,6": -0.37783679674525095,
    "3,4,7": -0.29645739718974173,
    "3,5,6": -0.11292452964748168,
    "3,5,7": -0.13682181462033394,
    "3,6,7": 0.6247697713613302,
    "4,5,6": -0.12203099851815424,
    "4,5,7": -0.11475874147220777,
    "4,6,7": 0.6483622526198207,
    "5,6,7": 0.5964723065553874,
    "0,1,2,3": 0.2718291551944455,
    "0,1,2,4": 0.19033509553549655,
    "0,1,2,5": 0.380608328404033,
    "0,1,2,6": 0.35292188540812797,
    "0,1,2,7": 0.35035430757099817,
    "0,1,3,4": 0.14807954998109085,
    "0,1,3,5": 0.32753145150178653,
    "0,1,3,6": 0.30313004998958293,
    "0,1,3,7": 0.3898649134581845,
    "0,1,4,5": 0.3083583499928171,
    "0,1,4,6": 0.3299518499441919,
    "0,1,4,7": 0.33538174877508775,
    "0,1,5,6": 0.45046349813366293,
    "0,1,5,7": 0.47839576265946926,
    "0,1,6,7": 0.6701609708974183,
    "0,2,3,4": 0.14296837326377687,
    "0,2,3,5": 0.2820484882387464,
    "0,2,3,6": 0.29449773728873374,
    "0,2,3,7": 0.3560417304768332,
    "0,2,4,5": 0.3055636623798281,
    "0,2,4,6": 0.274104662999898,
    "0,2,4,7": 0.35150675998975645,
    "0,2,5,6": 0.44416192104081953,
    "0,2,5,7": 0.4661392103817016,
    "0,2,6,7": 0.6762093552174371,
    "0,3,4,5": 0.21822756855000103,
    "0,3,4,6": 0.25585063225895355,
    "0,3,4,7": 0.347598940617886,
    "0,3,5,6": 0.4191734741828087,
    "0,3,5,7": 0.4554907055279057,
    "0,3,6,7": 0.6850826555139446,
    "0,4,5,6": 0.43089274795250687,
    "0,4,5,7": 0.427778115102429,
    "0,4,6,7": 0.6984950460107207,
    "0,5,6,7": 0.6320695236419409,
    "1,2,3,4": -0.3953338735372556,
    "1,2,3,5": -0.13857073305277812,
    "1,2,3,6": 0.09468256510545026,
    "1,2,3,7": 0.11211859511721667,
    "1,2,4,5": -0.22986122145938848,
    "1,2,4,6": 0.032679835337562135,
    "1,2,4,7": 0.11410166251972631,
    "1,2,5,6": 0.27133022845182164,
    "1,2,5,7": 0.31596135395886016,
    "1,2,6,7": 0.6988624179160905,
    "1,3,4,5": -0.5899186278947846,
    "1,3,4,6": -0.3035759579248756,
    "1,3,4,7": -0.15257686237481294,
    "1,3,5,6": 0.03095402430512406,
    "1,3,5,7": -0.02910700687777501,
    "1,3,6,7": 0.6068222457406889,
    "1,4,5,6": -0.07829190170523193,
    "1,4,5,7": 0.004033166743816152,
    "1,4,6,7": 0.6154075438908391,
    "1,5,6,7": 0.5973011526220555,
    "2,3,4,5": -0.22958140930477344,
    "2,3,4,6": -0.06707920979990645,
    "2,3,4,7": 0.1147271701881456,
    "2,3,5,6": 0.23088033628801108,
    "2,3,5,7": 0.3148042734224846,
    "2,3,6,7": 0.6967212823308496,
    "2,4,5,6": 0.1537917711708463,
    "2,4,5,7": 0.2726280062160573,
    "2,4,6,7": 0.6966981743202547,
    "2,5,6,7": 0.6802820947410213,
    "3,4,5,6": -0.11391492150228788,
    "3,4,5,7": -0.1541205730378945,
    "3,4,6,7": 0.6103681756257633,
    "3,5,6,7": 0.5846064566735492,
    "4,5,6,7": 0.5784120591238229,
    "0,1,2,3,4": 0.2623099334315633,
    "0,1,2,3,5": 0.38438483120779776,
    "0,1,2,3,6": 0.3738313069949548,
    "0,1,2,3,7": 0.4029439636390727,
    "0,1,2,4,5": 0.39246047862514344,
    "0,1,2,4,6": 0.35182521578741976,
    "0,1,2,4,7": 0.3687766656687733,
    "0,1,2,5,6": 0.48786998806320303,
    "0,1,2,5,7": 0.45788044447363563,
    "0,1,2,6,7": 0.6598473113008778,
    "0,1,3,4,5": 0.33067891082800493,
    "0,1,3,4,6": 0.31079618984099466,
    "0,1,3,4,7": 0.3872729167805342,
    "0,1,3,5,6": 0.4821748556968546,
    "0,1,3,5,7": 0.47906440975489184,
    "0,1,3,6,7": 0.632752226256009,
    "0,1,4,5,6": 0.4996813544074651,
    "0,1,4,5,7": 0.5057073333794663,
    "0,1,4,6,7": 0.6731107619688642,
    "0,1,5,6,7": 0.6372634647903577,
    "0,2,3,4,5": 0.30562917244762144,
    "0,2,3,4,6": 0.3306303606142652,
    "0,2,3,4,7": 0.3848602826439089,
    "0,2,3,5,6": 0.46119317473827104,
    "0,2,3,5,7": 0.4628829102065296,
    "0,2,3,6,7": 0.66066489191033,
    "0,2,4,5,6": 0.45374274710899065,
    "0,2,4,5,7": 0.4459366743816766,
    "0,2,4,6,7": 0.6749948560337872,
    "0,2,5,6,7": 0.6580791967908464,
    "0,3,4,5,6": 0.4215434458981877,
    "0,3,4,5,7": 0.47546501011653386,
    "0,3,4,6,7": 0.6780712951217754,
    "0,3,5,6,7": 0.6479718413239579,
    "0,4,5,6,7": 0.6297577620035271,
    "1,2,3,4,5": -0.09197868852997737,
    "1,2,3,4,6": 0.09281546307739419,
    "1,2,3,4,7": 0.1377110008854251,
    "1,2,3,5,6": 0.2823136468892675,
    "1,2,3,5,7": 0.3291347044438524,
    "1,2,3,6,7": 0.6739203555417026,
    "1,2,4,5,6": 0.24188763837415905,
    "1,2,4,5,7": 0.2909739255949708,
    "1,2,4,6,7": 0.6787787805657468,
    "1,2,5,6,7": 0.6984768679516999,
    "1,3,4,5,6": 0.011621214369801236,
    "1,3,4,5,7": -0.04765127064374708,
    "1,3,4,6,7": 0.5862989105492289,
    "1,3,5,6,7": 0.580333778752588,
    "1,4,5,6,7": 0.5650834811603462,
    "2,3,4,5,6": 0.21401439726600158,
    "2,3,4,5,7": 0.3100318066172125,
    "2,3,4,6,7": 0.6906825602242161,
    "2,3,5,6,7": 0.6686686016157257,