{
  "object_name": "Game",
  "data_type": "game",
  "version": "1.4.2.dev29+g3d3c3a7e6.d20260421",
  "created_from": null,
  "description": null,
  "parameters": {},
  "timestamp": "2026-04-21T12:25:55.976771+00:00Z",
  "metadata": {
    "n_players": 8,
    "game_name": "Game_object",
    "normalization_value": 0.0,
    "precompute_flag": false,
    "precomputed": true,
    "player_names": null
  },
  "data": {
    "Empty": 0.0,
    "0": 0.28062203672610087,
    "1": 0.03013502562469983,
    "2": -0.22066204275395185,
    "3": -0.4270040443757934,
    "4": -0.19877011043086856,
    "5": -0.3757446474162305,
    "6": 0.2478846522941005,
    "7": 0.30027963382729783,
    "0,1": 0.4195488865633008,
    "0,2": 0.45272717104241966,
    "0,3": 0.39186328148767613,
    "0,4": 0.39374243545123333,
    "0,5": 0.5102531042569134,
    "0,6": 0.5062949376956322,
    "0,7": 0.550568772966066,
    "1,2": -0.01086825405476044,
    "1,3": -0.27221696160776365,
    "1,4": -0.3281637433621014,
    "1,5": -0.14824419626994056,
    "1,6": 0.1386106133606,
    "1,7": 0.1854179370246899,
    "2,3": 0.07456626041519354,
    "2,4": -0.007163726121622194,
    "2,5": 0.11624769064850982,
    "2,6": 0.2688553895863055,
    "2,7": 0.38319220665243103,
    "3,4": -0.2206875335834182,
    "3,5": -0.11225721439147174,
    "3,6": 0.04598838952052586,
    "3,7": 0.12036313022236111,
    "4,5": -0.1722583003325857,
    "4,6": 0.09495118178825734,
    "4,7": 0.14818276282590814,
    "5,6": 0.24819483215644533,
    "5,7": 0.2505837345586741,
    "6,7": 0.7938718543267284,
    "0,1,2": 0.5345340607028326,
    "0,1,3": 0.49907993203919554,
    "0,1,4": 0.4705220900474213,
    "0,1,5": 0.5736535773422742,
    "0,1,6": 0.607898673843911,
    "0,1,7": 0.6159932227640932,
    "0,2,3": 0.5069761919678618,
    "0,2,4": 0.4914382461734417,
    "0,2,5": 0.5761515701448119,
    "0,2,6": 0.5827921601603862,
    "0,2,7": 0.614253386963062,
    "0,3,4": 0.45250220734694857,
    "0,3,5": 0.5449449296556224,
    "0,3,6": 0.564650650845915,
    "0,3,7": 0.5923268183356518,
    "0,4,5": 0.5429061270498505,
    "0,4,6": 0.5509564872107778,
    "0,4,7": 0.6003622603358251,
    "0,5,6": 0.6652178923660126,
    "0,5,7": 0.6798717948829629,
    "0,6,7": 0.8172972401223205,
    "1,2,3": 0.17920345301327922,
    "1,2,4": 0.10667302489767128,
    "1,2,5": 0.22987802770391208,
    "1,2,6": 0.41788635692284726,
    "1,2,7": 0.47975767479849674,
    "1,3,4": -0.14318049247882203,
    "1,3,5": -0.0010391184286902,
    "1,3,6": 0.1901755506403705,
    "1,3,7": 0.2686947405769763,
    "1,4,5": -0.047247664525416955,
    "1,4,6": 0.2136418756348013,
    "1,4,7": 0.29763621381137884,
    "1,5,6": 0.3624077925842123,
    "1,5,7": 0.3831027214558048,
    "1,6,7": 0.7886337699577444,
    "2,3,4": 0.13354023838212237,
    "2,3,5": 0.27897992349110945,
    "2,3,6": 0.35903370095212594,
    "2,3,7": 0.4575277754477901,
    "2,4,5": 0.14807813899811073,
    "2,4,6": 0.34938938301730127,
    "2,4,7": 0.4525292318390901,
    "2,5,6": 0.5194035046530231,
    "2,5,7": 0.575729218049592,
    "2,6,7": 0.8274374462744937,
    "3,4,5": -0.07133808221090288,
    "3,4,6": 0.16632688515648786,
    "3,4,7": 0.2327857956357301,
    "3,5,6": 0.32860947681651487,
    "3,5,7": 0.3254964774730954,
    "3,6,7": 0.7682451623752469,
    "4,5,6": 0.3256025191874302,
    "4,5,7": 0.31389711277063226,
    "4,6,7": 0.7775886010105175,
    "5,6,7": 0.7687199281928556,
    "0,1,2,3": 0.5780019086333676,
    "0,1,2,4": 0.5552630390373553,
    "0,1,2,5": 0.6456589355208096,
    "0,1,2,6": 0.6370426845150112,
    "0,1,2,7": 0.6504540142847341,
    "0,1,3,4": 0.5153372903062772,
    "0,1,3,5": 0.6073281564246676,
    "0,1,3,6": 0.6214571244823751,
    "0,1,3,7": 0.6402421275357333,
    "0,1,4,5": 0.6135131831019756,
    "0,1,4,6": 0.611512370710295,
    "0,1,4,7": 0.6283644903227801,
    "0,1,5,6": 0.7015987966675146,
    "0,1,5,7": 0.7093195638308207,
    "0,1,6,7": 0.8069481285928491,
    "0,2,3,4": 0.5247825580074852,
    "0,2,3,5": 0.6013683801514065,
    "0,2,3,6": 0.6117442499693175,
    "0,2,3,7": 0.6316253946283991,
    "0,2,4,5": 0.5921650439745745,
    "0,2,4,6": 0.6036038532246826,
    "0,2,4,7": 0.635256272865335,
    "0,2,5,6": 0.6869643763701974,
    "0,2,5,7": 0.703169561645839,
    "0,2,6,7": 0.8176059962368029,
    "0,3,4,5": 0.5587186990899883,
    "0,3,4,6": 0.5776092643469201,
    "0,3,4,7": 0.6186758820405607,
    "0,3,5,6": 0.6745050252947924,
    "0,3,5,7": 0.6966439541450122,
    "0,3,6,7": 0.8149250528973366,
    "0,4,5,6": 0.6768549579386101,
    "0,4,5,7": 0.6928903971171707,
    "0,4,6,7": 0.8206540707313187,
    "0,5,6,7": 0.8071683403007818,
    "1,2,3,4": 0.20545781233806848,
    "1,2,3,5": 0.3589857348086162,
    "1,2,3,6": 0.4538821103246966,
    "1,2,3,7": 0.5152162362731851,
    "1,2,4,5": 0.2652364871141111,
    "1,2,4,6": 0.4425325032062879,
    "1,2,4,7": 0.5140700276012228,
    "1,2,5,6": 0.5561441373548213,
    "1,2,5,7": 0.6107287250452185,
    "1,2,6,7": 0.8241687746359446,
    "1,3,4,5": 0.01725949705267349,
    "1,3,4,6": 0.248740060785545,
    "1,3,4,7": 0.3309402176257208,
    "1,3,5,6": 0.40730424599937576,
    "1,3,5,7": 0.4055105354175341,
    "1,3,6,7": 0.768334970539272,
    "1,4,5,6": 0.3847389473957662,
    "1,4,5,7": 0.4058997971195941,
    "1,4,6,7": 0.7728995496027129,
    "1,5,6,7": 0.7637557920235771,
    "2,3,4,5": 0.2771132104148246,
    "2,3,4,6": 0.41253998865694896,
    "2,3,4,7": 0.49438455108774537,
    "2,3,5,6": 0.5720287399595203,
    "2,3,5,7": 0.608496186865022,
    "2,3,6,7": 0.8247547413844054,
    "2,4,5,6": 0.5456548170623405,
    "2,4,5,7": 0.5780371410500057,
    "2,4,6,7": 0.8169013221885426,
    "2,5,6,7": 0.8163813706343784,
    "3,4,5,6": 0.33554113982197,
    "3,4,5,7": 0.34415590055117673,
    "3,4,6,7": 0.7661701125551567,
    "3,5,6,7": 0.7513488944605831,
    "4,5,6,7": 0.7593045839905828,
    "0,1,2,3,4": 0.5935140212886694,
    "0,1,2,3,5": 0.6602379729793402,
    "0,1,2,3,6": 0.6537426112277163,
    "0,1,2,3,7": 0.662502701600008,
    "0,1,2,4,5": 0.6552301412412442,
    "0,1,2,4,6": 0.6476070797144249,
    "0,1,2,4,7": 0.6478951858425936,
    "0,1,2,5,6": 0.7132981459716115,
    "0,1,2,5,7": 0.7177036406237476,
    "0,1,2,6,7": 0.8076849777245825,
    "0,1,3,4,5": 0.6317772240945154,
    "0,1,3,4,6": 0.6287761048705529,
    "0,1,3,4,7": 0.648930899824521,
    "0,1,3,5,6": 0.6988418037457749,
    "0,1,3,5,7": 0.7121604098302171,
    "0,1,3,6,7": 0.8023559990394324,
    "0,1,4,5,6": 0.7078512074461981,
    "0,1,4,5,7": 0.7192555924940337,
    "0,1,4,6,7": 0.8072634057762431,
    "0,1,5,6,7": 0.7935371674706082,
    "0,2,3,4,5": 0.6089159052257167,
    "0,2,3,4,6": 0.6175709481020146,
    "0,2,3,4,7": 0.6451429652839462,
    "0,2,3,5,6": 0.6909724325994528,
    "0,2,3,5,7": 0.7046407891601972,
    "0,2,3,6,7": 0.8116601835121483,
    "0,2,4,5,6": 0.6914060166685443,
    "0,2,4,5,7": 0.7071437127556475,
    "0,2,4,6,7": 0.8217927056336249,
    "0,2,5,6,7": 0.801082017564189,
    "0,3,4,5,6": 0.6857378819455453,
    "0,3,4,5,7": 0.7041519731169998,
    "0,3,4,6,7": 0.8137042499640377,
    "0,3,5,6,7": 0.8012598496748213,
    "0,4,5,6,7": 0.8037147695219116,
    "1,2,3,4,5": 0.3681989142313786,
    "1,2,3,4,6": 0.4829181786455261,
    "1,2,3,4,7": 0.5321075415628783,
    "1,2,3,5,6": 0.5947315148268244,
    "1,2,3,5,7": 0.630811475433146,
    "1,2,3,6,7": 0.8192096593900534,
    "1,2,4,5,6": 0.5698407031410524,
    "1,2,4,5,7": 0.5989537687097621,
    "1,2,4,6,7": 0.8211869289651152,
    "1,2,5,6,7": 0.816372562379531,
    "1,3,4,5,6": 0.4124320528367478,
    "1,3,4,5,7": 0.40572920019156056,
    "1,3,4,6,7": 0.7627378610154808,
    "1,3,5,6,7": 0.7393014784420748,
    "1,4,5,6,7": 0.744020928157249,
    "2,3,4,5,6": 0.5813114045616435,
    "2,3,4,5,7": 0.6055244778426714,
    "2,3,4,6,7": 0.8170343732956429,
    "2,3,5,6,7": 0.8160755708462859,
    "2,4,5,6,7": 0.8153221598095972,
    "3,4,5,6,7": 0.7424680633241162,
    "0,1,2,3,4,5": 0.6730230161575367,