{
  "object_name": "Game",
  "data_type": "game",
  "version": "1.4.2.dev29+g3d3c3a7e6.d20260421",
  "created_from": null,
  "description": null,
  "parameters": {},
  "timestamp": "2026-04-21T12:25:55.932250+00:00Z",
  "metadata": {
    "n_players": 8,
    "game_name": "Game_object",
    "normalization_value": 0.0,
    "precompute_flag": false,
    "precomputed": true,
    "player_names": null
  },
  "data": {
    "Empty": 0.0,
    "0": 0.4821996662247098,
    "1": 0.022456259449788463,
    "2": 0.15592433439231013,
    "3": -0.004206899202088055,
    "4": -0.0038740506408425635,
    "5": 0.06701326782732586,
    "6": 0.2560471591237,
    "7": 0.27545120660401656,
    "0,1": 0.5115829074325051,
    "0,2": 0.5139690310185584,
    "0,3": 0.46165139805347066,
    "0,4": 0.4640449657410498,
    "0,5": 0.5638718490746291,
    "0,6": 0.587965732436921,
    "0,7": 0.6053266133371105,
    "1,2": 0.1519035599483728,
    "1,3": -0.01807457252656386,
    "1,4": -0.05069217256713099,
    "1,5": 0.06181491555511587,
    "1,6": 0.26150917538518403,
    "1,7": 0.302941386198735,
    "2,3": 0.1641540270901598,
    "2,4": 0.10482705707074835,
    "2,5": 0.231255222545121,
    "2,6": 0.3872914992123354,
    "2,7": 0.4436241289723447,
    "3,4": -0.04611499708838074,
    "3,5": 0.03788601664907332,
    "3,6": 0.223104391466722,
    "3,7": 0.249667832008171,
    "4,5": 0.007358150857789458,
    "4,6": 0.2363414352635127,
    "4,7": 0.25714086303830863,
    "5,6": 0.35865004831696845,
    "5,7": 0.3501128559168074,
    "6,7": 0.7691118502041678,
    "0,1,2": 0.5727475664285699,
    "0,1,3": 0.53229633469888,
    "0,1,4": 0.5203933701306109,
    "0,1,5": 0.6222222432917873,
    "0,1,6": 0.6383046568684846,
    "0,1,7": 0.6546791033492823,
    "0,2,3": 0.5444413470517705,
    "0,2,4": 0.5273888180775399,
    "0,2,5": 0.6138798932523324,
    "0,2,6": 0.6189161904792484,
    "0,2,7": 0.6418783680480525,
    "0,3,4": 0.4850461704925415,
    "0,3,5": 0.5688163218408502,
    "0,3,6": 0.585911553417041,
    "0,3,7": 0.6306128414009444,
    "0,4,5": 0.5754586052211181,
    "0,4,6": 0.6007310509628151,
    "0,4,7": 0.6278218978881972,
    "0,5,6": 0.6907771942788479,
    "0,5,7": 0.6905015497993012,
    "0,6,7": 0.8259196536974412,
    "1,2,3": 0.22778585000801244,
    "1,2,4": 0.17317935983694266,
    "1,2,5": 0.2991647041332216,
    "1,2,6": 0.45263595661227074,
    "1,2,7": 0.5033308426685186,
    "1,3,4": -0.02331118945547006,
    "1,3,5": 0.09151439357495861,
    "1,3,6": 0.27251551200115365,
    "1,3,7": 0.30621603168762734,
    "1,4,5": 0.07270702295598919,
    "1,4,6": 0.2852833843386817,
    "1,4,7": 0.3199655452402782,
    "1,5,6": 0.4289358334796557,
    "1,5,7": 0.4155134589511643,
    "1,6,7": 0.7572546861375318,
    "2,3,4": 0.16951018515635896,
    "2,3,5": 0.33494191559665965,
    "2,3,6": 0.41115642021553,
    "2,3,7": 0.46976841377654155,
    "2,4,5": 0.24529556985916778,
    "2,4,6": 0.4026525124221,
    "2,4,7": 0.4544479647523614,
    "2,5,6": 0.5460508199160181,
    "2,5,7": 0.57135960880829,
    "2,6,7": 0.8192755879191419,
    "3,4,5": 0.0544072366589079,
    "3,4,6": 0.24484885548498314,
    "3,4,7": 0.2716943962069184,
    "3,5,6": 0.3722567246889993,
    "3,5,7": 0.3593407378204029,
    "3,6,7": 0.7435511718182262,
    "4,5,6": 0.37048875436278417,
    "4,5,7": 0.3495641437650162,
    "4,6,7": 0.7444544248375224,
    "5,6,7": 0.7636844487556592,
    "0,1,2,3": 0.608102054861748,
    "0,1,2,4": 0.5672225857440643,
    "0,1,2,5": 0.6659584843043045,
    "0,1,2,6": 0.6601681402643624,
    "0,1,2,7": 0.683077894288568,
    "0,1,3,4": 0.539869478457419,
    "0,1,3,5": 0.6250666104801019,
    "0,1,3,6": 0.6462615180726694,
    "0,1,3,7": 0.670038664922009,
    "0,1,4,5": 0.6296693933336771,
    "0,1,4,6": 0.6383093524024606,
    "0,1,4,7": 0.6594802788247338,
    "0,1,5,6": 0.7230027244749999,
    "0,1,5,7": 0.7332068129235914,
    "0,1,6,7": 0.8245721071554059,
    "0,2,3,4": 0.5659215854963697,
    "0,2,3,5": 0.6181815917686408,
    "0,2,3,6": 0.6412354373139859,
    "0,2,3,7": 0.6620449614122955,
    "0,2,4,5": 0.6235378992330105,
    "0,2,4,6": 0.6291610551236922,
    "0,2,4,7": 0.6509066569868449,
    "0,2,5,6": 0.7128550137891478,
    "0,2,5,7": 0.7150367821305381,
    "0,2,6,7": 0.8229168874364371,
    "0,3,4,5": 0.5860794382286172,
    "0,3,4,6": 0.6127153540585113,
    "0,3,4,7": 0.645446800624475,
    "0,3,5,6": 0.6931950478445308,
    "0,3,5,7": 0.7053092204272325,
    "0,3,6,7": 0.8195491516433194,
    "0,4,5,6": 0.6978907301314797,
    "0,4,5,7": 0.701255111564575,
    "0,4,6,7": 0.82605653044755,
    "0,5,6,7": 0.8195446294289604,
    "1,2,3,4": 0.22653795628301276,
    "1,2,3,5": 0.3686425784310844,
    "1,2,3,6": 0.4720023278455461,
    "1,2,3,7": 0.5202915940227257,
    "1,2,4,5": 0.31533091628314314,
    "1,2,4,6": 0.4621240878386209,
    "1,2,4,7": 0.4983583756919169,
    "1,2,5,6": 0.6020047670914295,
    "1,2,5,7": 0.613683589200769,
    "1,2,6,7": 0.8166221342177866,
    "1,3,4,5": 0.09550874469358261,
    "1,3,4,6": 0.2945335709149418,
    "1,3,4,7": 0.3252219946414834,
    "1,3,5,6": 0.42503231909549744,
    "1,3,5,7": 0.42497079439062324,
    "1,3,6,7": 0.7407673087496589,
    "1,4,5,6": 0.4274833921258272,
    "1,4,5,7": 0.42173851767600556,
    "1,4,6,7": 0.7462246893432416,
    "1,5,6,7": 0.7606506691566796,
    "2,3,4,5": 0.3397536048502786,
    "2,3,4,6": 0.4260951572542664,
    "2,3,4,7": 0.4911065084767242,
    "2,3,5,6": 0.583218867798597,
    "2,3,5,7": 0.598293105065558,
    "2,3,6,7": 0.817893763080485,
    "2,4,5,6": 0.551718074480501,
    "2,4,5,7": 0.5764211455626143,
    "2,4,6,7": 0.8177821790348728,
    "2,5,6,7": 0.8190749355254724,
    "3,4,5,6": 0.3795580355087744,
    "3,4,5,7": 0.37213594744691536,
    "3,4,6,7": 0.7285995770181652,
    "3,5,6,7": 0.7477376007258416,
    "4,5,6,7": 0.7449855389308708,
    "0,1,2,3,4": 0.6053516291189354,
    "0,1,2,3,5": 0.672680008380274,
    "0,1,2,3,6": 0.6789253271153743,
    "0,1,2,3,7": 0.6962183634690842,
    "0,1,2,4,5": 0.6655860457702665,
    "0,1,2,4,6": 0.6678905365495404,
    "0,1,2,4,7": 0.6815743168922823,
    "0,1,2,5,6": 0.7351036166623139,
    "0,1,2,5,7": 0.7472831107955832,
    "0,1,2,6,7": 0.8294752520263956,
    "0,1,3,4,5": 0.6352569785320914,
    "0,1,3,4,6": 0.6521294233389612,
    "0,1,3,4,7": 0.6803489958253708,
    "0,1,3,5,6": 0.7223600603895539,
    "0,1,3,5,7": 0.7366740637308613,
    "0,1,3,6,7": 0.8182652403110372,
    "0,1,4,5,6": 0.7269075038344062,
    "0,1,4,5,7": 0.7330690875826215,
    "0,1,4,6,7": 0.8200368994052756,
    "0,1,5,6,7": 0.8250491685353716,
    "0,2,3,4,5": 0.6256271917455521,
    "0,2,3,4,6": 0.6505866275189099,
    "0,2,3,4,7": 0.6692589131971823,
    "0,2,3,5,6": 0.7014788981788586,
    "0,2,3,5,7": 0.7165160331315558,
    "0,2,3,6,7": 0.8247062283155134,
    "0,2,4,5,6": 0.7115660090204345,
    "0,2,4,5,7": 0.7254039426770497,
    "0,2,4,6,7": 0.8295680862272853,
    "0,2,5,6,7": 0.8327881870912136,
    "0,3,4,5,6": 0.6977901524770382,
    "0,3,4,5,7": 0.7057499508841142,
    "0,3,4,6,7": 0.8223297544658787,
    "0,3,5,6,7": 0.8235792498694071,
    "0,4,5,6,7": 0.8203109479916668,
    "1,2,3,4,5": 0.3956599772140641,
    "1,2,3,4,6": 0.48693416816741386,
    "1,2,3,4,7": 0.5314352059865728,
    "1,2,3,5,6": 0.6257063404713024,
    "1,2,3,5,7": 0.6304408561232625,
    "1,2,3,6,7": 0.8189152177236315,
    "1,2,4,5,6": 0.6060426556703464,
    "1,2,4,5,7": 0.6129099338810605,
    "1,2,4,6,7": 0.8156240837195177,
    "1,2,5,6,7": 0.8244712535430144,
    "1,3,4,5,6": 0.43193923091358655,
    "1,3,4,5,7": 0.4297715296829141,
    "1,3,4,6,7": 0.7390673309390698,
    "1,3,5,6,7": 0.7526740423946685,
    "1,4,5,6,7": 0.7611897094425617,
    "2,3,4,5,6": 0.5991169498880087,
    "2,3,4,5,7": 0.6006622130510517,
    "2,3,4,6,7": 0.8145271448709629,
    "2,3,5,6,7": 0.8176714517421211,
    "2,4,5,6,7": 0.8172153236808375,
    "3,4,5,6,7": 0.7377234612922532,
    "0,1,2,3,4,5": 0.6846632965571737,
    "0,1,2,3,4,6": 0.6832165768596161,