{
  "object_name": "Game",
  "data_type": "game",
  "version": "1.4.2.dev29+g3d3c3a7e6.d20260421",
  "created_from": null,
  "description": null,
  "parameters": {},
  "timestamp": "2026-04-21T12:25:55.947155+00:00Z",
  "metadata": {
    "n_players": 8,
    "game_name": "Game_object",
    "normalization_value": 0.0,
    "precompute_flag": false,
    "precomputed": true,
    "player_names": null
  },
  "data": {
    "Empty": 0.0,
    "0": 0.48667176447453053,
    "1": 0.022542938484668484,
    "2": 0.14893957228084542,
    "3": 0.006294898576102437,
    "4": -0.008742560241386643,
    "5": 0.07245745528741376,
    "6": 0.24116035958079496,
    "7": 0.2851425692875281,
    "0,1": 0.5132160719703895,
    "0,2": 0.5093057444781572,
    "0,3": 0.4702737391738927,
    "0,4": 0.4672237721059913,
    "0,5": 0.5577687333960957,
    "0,6": 0.5810616197018903,
    "0,7": 0.6138869272177784,
    "1,2": 0.14739309604475814,
    "1,3": -0.021184287441506466,
    "1,4": -0.03475354789844598,
    "1,5": 0.0698434016458861,
    "1,6": 0.2705484663314006,
    "1,7": 0.3304901862113713,
    "2,3": 0.18347721247484672,
    "2,4": 0.11388270699018255,
    "2,5": 0.23618665733907573,
    "2,6": 0.3759599319479837,
    "2,7": 0.4583734909503019,
    "3,4": -0.052912123512333986,
    "3,5": 0.054742410479891146,
    "3,6": 0.22267182377391292,
    "3,7": 0.2607701765233007,
    "4,5": 0.013759668893830956,
    "4,6": 0.2208632798466308,
    "4,7": 0.2701743655048522,
    "5,6": 0.34866481558015994,
    "5,7": 0.33636143496345494,
    "6,7": 0.7603053368302299,
    "0,1,2": 0.5607611799365253,
    "0,1,3": 0.5289679995236385,
    "0,1,4": 0.5227527445093011,
    "0,1,5": 0.6150381418716431,
    "0,1,6": 0.6301603172889619,
    "0,1,7": 0.6531627496619585,
    "0,2,3": 0.5298852962580832,
    "0,2,4": 0.5256463635088056,
    "0,2,5": 0.6063271411322633,
    "0,2,6": 0.6014803623530206,
    "0,2,7": 0.644427346514755,
    "0,3,4": 0.48187672834576156,
    "0,3,5": 0.5721908056235677,
    "0,3,6": 0.5890051514518011,
    "0,3,7": 0.6245104154452099,
    "0,4,5": 0.5771678242379333,
    "0,4,6": 0.5866892892706312,
    "0,4,7": 0.6289511111844485,
    "0,5,6": 0.6977097940070915,
    "0,5,7": 0.6995631700090038,
    "0,6,7": 0.8293044406502444,
    "1,2,3": 0.23332534616700418,
    "1,2,4": 0.18633694579137117,
    "1,2,5": 0.31458057505125103,
    "1,2,6": 0.45395412254391854,
    "1,2,7": 0.5118259189980042,
    "1,3,4": -0.03460590452184653,
    "1,3,5": 0.09421692174554963,
    "1,3,6": 0.27525251544854146,
    "1,3,7": 0.3491219227333424,
    "1,4,5": 0.07213620746713101,
    "1,4,6": 0.2847066112931048,
    "1,4,7": 0.33478802132022256,
    "1,5,6": 0.4301388717713658,
    "1,5,7": 0.41435538644084025,
    "1,6,7": 0.7565900928162229,
    "2,3,4": 0.18099694074617223,
    "2,3,5": 0.33569240734744366,
    "2,3,6": 0.41602213769213836,
    "2,3,7": 0.49669693290893113,
    "2,4,5": 0.2523108718453787,
    "2,4,6": 0.4042080579670153,
    "2,4,7": 0.4698393043661625,
    "2,5,6": 0.5549060309701186,
    "2,5,7": 0.5739101048461096,
    "2,6,7": 0.8107890092563974,
    "3,4,5": 0.03978730303966738,
    "3,4,6": 0.2508456540747661,
    "3,4,7": 0.27395425814036856,
    "3,5,6": 0.3791214287837693,
    "3,5,7": 0.3638124205431834,
    "3,6,7": 0.7367975395175953,
    "4,5,6": 0.36734450140420305,
    "4,5,7": 0.34467780039130036,
    "4,6,7": 0.7320893097480409,
    "5,6,7": 0.7419319977700379,
    "0,1,2,3": 0.6012990165489279,
    "0,1,2,4": 0.5747736976777449,
    "0,1,2,5": 0.6625445187346124,
    "0,1,2,6": 0.6455702176226472,
    "0,1,2,7": 0.67499659620529,
    "0,1,3,4": 0.537944345726904,
    "0,1,3,5": 0.6253294040414932,
    "0,1,3,6": 0.644981660921949,
    "0,1,3,7": 0.6642401122669557,
    "0,1,4,5": 0.6439086116308944,
    "0,1,4,6": 0.6386665652960671,
    "0,1,4,7": 0.6611831337575356,
    "0,1,5,6": 0.733439812411149,
    "0,1,5,7": 0.7313492523276425,
    "0,1,6,7": 0.8220950327899533,
    "0,2,3,4": 0.5560147331259524,
    "0,2,3,5": 0.6211201985331543,
    "0,2,3,6": 0.6188543898582927,
    "0,2,3,7": 0.6564914118417824,
    "0,2,4,5": 0.6248623396618611,
    "0,2,4,6": 0.6199323478065086,
    "0,2,4,7": 0.6567770005646605,
    "0,2,5,6": 0.706608110689696,
    "0,2,5,7": 0.7240094956378162,
    "0,2,6,7": 0.8236069885510579,
    "0,3,4,5": 0.5819984314730531,
    "0,3,4,6": 0.6103953445584565,
    "0,3,4,7": 0.6446733554946752,
    "0,3,5,6": 0.6932809213049151,
    "0,3,5,7": 0.6960524832151419,
    "0,3,6,7": 0.8274288260788912,
    "0,4,5,6": 0.7008191409292553,
    "0,4,5,7": 0.7033065011830417,
    "0,4,6,7": 0.827922183854038,
    "0,5,6,7": 0.8274072754122981,
    "1,2,3,4": 0.23261615985305528,
    "1,2,3,5": 0.3826878692721952,
    "1,2,3,6": 0.48519452688593057,
    "1,2,3,7": 0.5417539449410474,
    "1,2,4,5": 0.3416886136153342,
    "1,2,4,6": 0.4695127499441003,
    "1,2,4,7": 0.5241565049809604,
    "1,2,5,6": 0.6206779209974923,
    "1,2,5,7": 0.6178454673564275,
    "1,2,6,7": 0.8161083224377848,
    "1,3,4,5": 0.10484394663206198,
    "1,3,4,6": 0.2981027362758988,
    "1,3,4,7": 0.3402853788630815,
    "1,3,5,6": 0.4393149873131825,
    "1,3,5,7": 0.4228315721954242,
    "1,3,6,7": 0.7360163101183967,
    "1,4,5,6": 0.43557351208763173,
    "1,4,5,7": 0.4184614241197112,
    "1,4,6,7": 0.7366564085524283,
    "1,5,6,7": 0.752402820613167,
    "2,3,4,5": 0.33603608527342865,
    "2,3,4,6": 0.43818018427562433,
    "2,3,4,7": 0.5037780312923286,
    "2,3,5,6": 0.5938607619799918,
    "2,3,5,7": 0.6080081892601005,
    "2,3,6,7": 0.8149737320162804,
    "2,4,5,6": 0.5723627487199272,
    "2,4,5,7": 0.5842611691806744,
    "2,4,6,7": 0.8039735569372016,
    "2,5,6,7": 0.8178679774666073,
    "3,4,5,6": 0.3841507920444046,
    "3,4,5,7": 0.35541149028322705,
    "3,4,6,7": 0.7238121510413719,
    "3,5,6,7": 0.7291814099325715,
    "4,5,6,7": 0.7332754225116107,
    "0,1,2,3,4": 0.6030807519229167,
    "0,1,2,3,5": 0.6690887341469074,
    "0,1,2,3,6": 0.667909323464561,
    "0,1,2,3,7": 0.6900511778543759,
    "0,1,2,4,5": 0.6743548846583832,
    "0,1,2,4,6": 0.6517510096814151,
    "0,1,2,4,7": 0.6782636134134097,
    "0,1,2,5,6": 0.7418063673620935,
    "0,1,2,5,7": 0.7488446438112206,
    "0,1,2,6,7": 0.8257323826224765,
    "0,1,3,4,5": 0.647735177215039,
    "0,1,3,4,6": 0.6470663308443609,
    "0,1,3,4,7": 0.6661488305156393,
    "0,1,3,5,6": 0.7312176951128245,
    "0,1,3,5,7": 0.7380233981639337,
    "0,1,3,6,7": 0.8213334437082064,
    "0,1,4,5,6": 0.736595423169053,
    "0,1,4,5,7": 0.7360677818524475,
    "0,1,4,6,7": 0.816801862520979,
    "0,1,5,6,7": 0.8310773486704797,
    "0,2,3,4,5": 0.6300514473392121,
    "0,2,3,4,6": 0.6350846159548342,
    "0,2,3,4,7": 0.6665599224766248,
    "0,2,3,5,6": 0.7109831834230218,
    "0,2,3,5,7": 0.7188492971075253,
    "0,2,3,6,7": 0.8232874840368649,
    "0,2,4,5,6": 0.7224982885013771,
    "0,2,4,5,7": 0.7297752490446288,
    "0,2,4,6,7": 0.8313081873838468,
    "0,2,5,6,7": 0.8344623652006986,
    "0,3,4,5,6": 0.7026228500918253,
    "0,3,4,5,7": 0.7029807708654634,
    "0,3,4,6,7": 0.822229653372426,
    "0,3,5,6,7": 0.8242270616204341,
    "0,4,5,6,7": 0.8270730208426011,
    "1,2,3,4,5": 0.41086759971456266,
    "1,2,3,4,6": 0.49527488571368605,
    "1,2,3,4,7": 0.540538063138039,
    "1,2,3,5,6": 0.640240055811497,
    "1,2,3,5,7": 0.6389412939887944,
    "1,2,3,6,7": 0.81355007149216,
    "1,2,4,5,6": 0.6310183584786024,
    "1,2,4,5,7": 0.6280219472576141,
    "1,2,4,6,7": 0.8059216039739688,
    "1,2,5,6,7": 0.8232176558632214,
    "1,3,4,5,6": 0.4550761600240276,
    "1,3,4,5,7": 0.4239180763560175,
    "1,3,4,6,7": 0.7296319900070536,
    "1,3,5,6,7": 0.7438509084224043,
    "1,4,5,6,7": 0.7461835712696079,
    "2,3,4,5,6": 0.6135725714112539,
    "2,3,4,5,7": 0.6113728225569564,
    "2,3,4,6,7": 0.8032831171419771,
    "2,3,5,6,7": 0.8206800123934344,
    "2,4,5,6,7": 0.8176300124814995,
    "3,4,5,6,7": 0.7337149815822827,
    "0,1,2,3,4,5": 0.6814971251369141,