{
  "object_name": "Game",
  "data_type": "game",
  "version": "1.4.2.dev29+g3d3c3a7e6.d20260421",
  "created_from": null,
  "description": null,
  "parameters": {},
  "timestamp": "2026-04-21T12:25:55.900932+00:00Z",
  "metadata": {
    "n_players": 8,
    "game_name": "Game_object",
    "normalization_value": 0.0,
    "precompute_flag": false,
    "precomputed": true,
    "player_names": null
  },
  "data": {
    "Empty": 0.0,
    "0": 0.13550974506062508,
    "1": 0.028796658540058306,
    "2": -0.6598215838123755,
    "3": -0.7533855564169025,
    "4": -0.24314464385802448,
    "5": -0.7972410815064821,
    "6": 0.22530345467767132,
    "7": 0.2780726130465535,
    "0,1": 0.0423360106498849,
    "0,2": 0.09067727249152813,
    "0,3": -0.03899402962683052,
    "0,4": -0.024998604701928384,
    "0,5": 0.19623964004329397,
    "0,6": 0.17125591754606895,
    "0,7": 0.21901694151129658,
    "1,2": -0.5284453436801813,
    "1,3": -0.9793474374219102,
    "1,4": -0.8969359614860248,
    "1,5": -0.6278409721209202,
    "1,6": -0.05346735539243119,
    "1,7": -0.01692654481099498,
    "2,3": -0.5078752486805498,
    "2,4": -0.6877796719125275,
    "2,5": -0.4229237681074227,
    "2,6": -0.18013628820493,
    "2,7": 0.001716014740507088,
    "3,4": -0.9506587159331561,
    "3,5": -0.7920222829034087,
    "3,6": -0.457186171403533,
    "3,7": -0.3725790806885454,
    "4,5": -0.8398748553992612,
    "4,6": -0.4275557283115965,
    "4,7": -0.35927889853575157,
    "5,6": -0.19429670493881313,
    "5,7": -0.18435276600142858,
    "6,7": 0.7200161292602707,
    "0,1,2": 0.151499218252227,
    "0,1,3": 0.10685538153137208,
    "0,1,4": 0.09120001079292317,
    "0,1,5": 0.2723651394080282,
    "0,1,6": 0.2713272060628549,
    "0,1,7": 0.32432726906521536,
    "0,2,3": 0.12451163797397202,
    "0,2,4": 0.07427823744117201,
    "0,2,5": 0.2959876446271168,
    "0,2,6": 0.25171834344622945,
    "0,2,7": 0.2696226467142747,
    "0,3,4": 0.003508417811735165,
    "0,3,5": 0.1966535244946621,
    "0,3,6": 0.19656643564404663,
    "0,3,7": 0.2879821702656532,
    "0,4,5": 0.17526989673105642,
    "0,4,6": 0.2155189205955843,
    "0,4,7": 0.2671000695712137,
    "0,5,6": 0.4360531988388734,
    "0,5,7": 0.43812873773436856,
    "0,6,7": 0.7083997149013437,
    "1,2,3": -0.44005318819509576,
    "1,2,4": -0.5923818370970533,
    "1,2,5": -0.34146590097240126,
    "1,2,6": -0.03375872787539702,
    "1,2,7": 0.07287077753859572,
    "1,3,4": -0.9092323248952623,
    "1,3,5": -0.783437099135837,
    "1,3,6": -0.39923301154625124,
    "1,3,7": -0.22515971713308924,
    "1,4,5": -0.6885557465811933,
    "1,4,6": -0.2940644052844039,
    "1,4,7": -0.20394302319232183,
    "1,5,6": -0.08652090882609209,
    "1,5,7": -0.03512627039423499,
    "1,6,7": 0.6706539890975272,
    "2,3,4": -0.567140133811201,
    "2,3,5": -0.19557272563923855,
    "2,3,6": -0.1295739879841078,
    "2,3,7": 0.04772698117829466,
    "2,4,5": -0.4484634166848849,
    "2,4,6": -0.18048790632617928,
    "2,4,7": -0.01849729852467319,
    "2,5,6": 0.16139800412353933,
    "2,5,7": 0.23398286662312684,
    "2,6,7": 0.7101848454004007,
    "3,4,5": -0.8282995365232442,
    "3,4,6": -0.4755941635368919,
    "3,4,7": -0.3552283745629774,
    "3,5,6": -0.18247168133738723,
    "3,5,7": -0.1492606774366112,
    "3,6,7": 0.6312909114058993,
    "4,5,6": -0.12024828258220333,
    "4,5,7": -0.17480495650622196,
    "4,6,7": 0.6356257473707894,
    "5,6,7": 0.6193580218279404,
    "0,1,2,3": 0.22517694508720143,
    "0,1,2,4": 0.2049172947978687,
    "0,1,2,5": 0.349054082373808,
    "0,1,2,6": 0.3292964893774093,
    "0,1,2,7": 0.35173064823725186,
    "0,1,3,4": 0.13857886264165742,
    "0,1,3,5": 0.2950915068723091,
    "0,1,3,6": 0.26659629814509667,
    "0,1,3,7": 0.3611884137215371,
    "0,1,4,5": 0.27804059285627625,
    "0,1,4,6": 0.31255593843771323,
    "0,1,4,7": 0.32587675848996256,
    "0,1,5,6": 0.48065168898295885,
    "0,1,5,7": 0.4790977653409565,
    "0,1,6,7": 0.66985293590096,
    "0,2,3,4": 0.13685604213034197,
    "0,2,3,5": 0.3018151510808438,
    "0,2,3,6": 0.2653436536417043,
    "0,2,3,7": 0.34359349148465335,
    "0,2,4,5": 0.286500509762343,
    "0,2,4,6": 0.24306805348764182,
    "0,2,4,7": 0.2994944556544713,
    "0,2,5,6": 0.44531452332201316,
    "0,2,5,7": 0.48655505536700316,
    "0,2,6,7": 0.6914154296246053,
    "0,3,4,5": 0.16759551845699938,
    "0,3,4,6": 0.22489335655076215,
    "0,3,4,7": 0.2890302040692725,
    "0,3,5,6": 0.4279656728085709,
    "0,3,5,7": 0.4477627554692746,
    "0,3,6,7": 0.6829972627865126,
    "0,4,5,6": 0.41887939950476527,
    "0,4,5,7": 0.47681874033652916,
    "0,4,6,7": 0.6654051707611719,
    "0,5,6,7": 0.6538707276801295,
    "1,2,3,4": -0.47859346369735567,
    "1,2,3,5": -0.166291822956681,
    "1,2,3,6": 0.06808797505048236,
    "1,2,3,7": 0.11497128557486858,
    "1,2,4,5": -0.23743174826523084,
    "1,2,4,6": -0.03812718914680846,
    "1,2,4,7": 0.06698502408232876,
    "1,2,5,6": 0.24814618848326553,
    "1,2,5,7": 0.254965905554413,
    "1,2,6,7": 0.6887858005214409,
    "1,3,4,5": -0.7383491149972772,
    "1,3,4,6": -0.31497045689630343,
    "1,3,4,7": -0.17791758373834066,
    "1,3,5,6": -0.07525348791807374,
    "1,3,5,7": -0.019884482695887495,
    "1,3,6,7": 0.6177536146809366,
    "1,4,5,6": -0.0454638767944171,
    "1,4,5,7": -0.008049615560868473,
    "1,4,6,7": 0.633089139323064,
    "1,5,6,7": 0.5993311931684117,
    "2,3,4,5": -0.29530719744962086,
    "2,3,4,6": -0.07758611335728194,
    "2,3,4,7": 0.0023497311410518584,
    "2,3,5,6": 0.2017155845738582,
    "2,3,5,7": 0.3142051249208926,
    "2,3,6,7": 0.6889756204576073,
    "2,4,5,6": 0.15836337843221515,
    "2,4,5,7": 0.25213621725142643,
    "2,4,6,7": 0.6924147826830103,
    "2,5,6,7": 0.6722929550625353,
    "3,4,5,6": -0.1420389076446924,
    "3,4,5,7": -0.10750274277670258,
    "3,4,6,7": 0.5949293621562912,
    "3,5,6,7": 0.5903127010901875,
    "4,5,6,7": 0.6030135199198514,
    "0,1,2,3,4": 0.22085384107685035,
    "0,1,2,3,5": 0.3845342840782252,
    "0,1,2,3,6": 0.3321140391972969,
    "0,1,2,3,7": 0.35691726172546356,
    "0,1,2,4,5": 0.3724875831573484,
    "0,1,2,4,6": 0.3339913899435498,
    "0,1,2,4,7": 0.34963439428497345,
    "0,1,2,5,6": 0.47685854159323304,
    "0,1,2,5,7": 0.49060243217040433,
    "0,1,2,6,7": 0.6493898753301648,
    "0,1,3,4,5": 0.3160792273523877,
    "0,1,3,4,6": 0.27396864763823514,
    "0,1,3,4,7": 0.3840599984664572,
    "0,1,3,5,6": 0.4832345888151136,
    "0,1,3,5,7": 0.5051721623910678,
    "0,1,3,6,7": 0.6494205177276751,
    "0,1,4,5,6": 0.4648797752252054,
    "0,1,4,5,7": 0.5041071558908781,
    "0,1,4,6,7": 0.6609098164339634,
    "0,1,5,6,7": 0.6421938912778562,
    "0,2,3,4,5": 0.3158385432058277,
    "0,2,3,4,6": 0.27098453604098816,
    "0,2,3,4,7": 0.33336708636930756,
    "0,2,3,5,6": 0.450184549035453,
    "0,2,3,5,7": 0.46039872405842763,
    "0,2,3,6,7": 0.6662048026750615,
    "0,2,4,5,6": 0.4502983280987056,
    "0,2,4,5,7": 0.5023083471556247,
    "0,2,4,6,7": 0.6649935556493519,
    "0,2,5,6,7": 0.6490944350405694,
    "0,3,4,5,6": 0.42644360003378556,
    "0,3,4,5,7": 0.45632898650139164,
    "0,3,4,6,7": 0.662800205235109,
    "0,3,5,6,7": 0.6459606339972387,
    "0,4,5,6,7": 0.6562613463204073,
    "1,2,3,4,5": -0.13142749132274711,
    "1,2,3,4,6": 0.025096194735443222,
    "1,2,3,4,7": 0.1003970342804591,
    "1,2,3,5,6": 0.2515367497862997,
    "1,2,3,5,7": 0.3337749278098261,
    "1,2,3,6,7": 0.6486732893101474,
    "1,2,4,5,6": 0.21693895391851037,
    "1,2,4,5,7": 0.28489219579713865,
    "1,2,4,6,7": 0.6790050287128366,
    "1,2,5,6,7": 0.682104573783226,
    "1,3,4,5,6": -0.039263217646473336,
    "1,3,4,5,7": 0.008986030490224728,
    "1,3,4,6,7": 0.608585565645509,
    "1,3,5,6,7": 0.5821129159883722,
    "1,4,5,6,7": 0.5751960239368371,
    "2,3,4,5,6": 0.21431501639620842,
    "2,3,4,5,7": 0.32637666486226147,
    "2,3,4,6,7": 0.677393237524992,
    "2,3,5,6,7": 0.6641767633854058,