{
  "object_name": "Game",
  "data_type": "game",
  "version": "1.4.2.dev29+g3d3c3a7e6.d20260421",
  "created_from": null,
  "description": null,
  "parameters": {},
  "timestamp": "2026-04-21T12:25:55.991295+00:00Z",
  "metadata": {
    "n_players": 8,
    "game_name": "Game_object",
    "normalization_value": 0.0,
    "precompute_flag": false,
    "precomputed": true,
    "player_names": null
  },
  "data": {
    "Empty": 0.0,
    "0": 0.2817547990766992,
    "1": 0.03395929414919696,
    "2": -0.26405527659095784,
    "3": -0.4402405896194401,
    "4": -0.18528067877870513,
    "5": -0.4131200159885373,
    "6": 0.2512348209976619,
    "7": 0.2722684938674165,
    "0,1": 0.3971274473851141,
    "0,2": 0.44637206088450443,
    "0,3": 0.3685323864024981,
    "0,4": 0.35822016467135,
    "0,5": 0.49196866143787943,
    "0,6": 0.5138281193691802,
    "0,7": 0.5246283762400381,
    "1,2": -0.04993741676490293,
    "1,3": -0.27951596654317235,
    "1,4": -0.3093026255616298,
    "1,5": -0.1550337306245011,
    "1,6": 0.13275456319506418,
    "1,7": 0.1785604662881085,
    "2,3": 0.04409778324637503,
    "2,4": -0.04858222206821661,
    "2,5": 0.10455807468053113,
    "2,6": 0.2446131239917665,
    "2,7": 0.3481119023900695,
    "3,4": -0.19181332054748057,
    "3,5": -0.11758784607086992,
    "3,6": 0.05680181706857623,
    "3,7": 0.10301765506411897,
    "4,5": -0.15110392851608734,
    "4,6": 0.08630404468473529,
    "4,7": 0.09500473372667395,
    "5,6": 0.2626270191149904,
    "5,7": 0.2345423650051197,
    "6,7": 0.7905954752039843,
    "0,1,2": 0.5222756249048992,
    "0,1,3": 0.4788843826476946,
    "0,1,4": 0.45712845768629096,
    "0,1,5": 0.5749127116455464,
    "0,1,6": 0.5708126663543442,
    "0,1,7": 0.6010705687521958,
    "0,2,3": 0.4877756801416694,
    "0,2,4": 0.48860352204489976,
    "0,2,5": 0.567807751908195,
    "0,2,6": 0.5824713411777469,
    "0,2,7": 0.6054337809153947,
    "0,3,4": 0.4203481177897257,
    "0,3,5": 0.5336922371465482,
    "0,3,6": 0.5444254342751184,
    "0,3,7": 0.575126493729273,
    "0,4,5": 0.5329946417642473,
    "0,4,6": 0.5473755920787389,
    "0,4,7": 0.5722575876669296,
    "0,5,6": 0.6733959530985867,
    "0,5,7": 0.6773644560198593,
    "0,6,7": 0.8183096846752191,
    "1,2,3": 0.14969668064105057,
    "1,2,4": 0.07675934382351368,
    "1,2,5": 0.235935325849556,
    "1,2,6": 0.40871043503906823,
    "1,2,7": 0.4510084665675932,
    "1,3,4": -0.12701273364072052,
    "1,3,5": 0.012767087044502023,
    "1,3,6": 0.2093251182735456,
    "1,3,7": 0.27309760611548983,
    "1,4,5": -0.007449034785446784,
    "1,4,6": 0.23239436604252406,
    "1,4,7": 0.26700555996921993,
    "1,5,6": 0.39054915440230087,
    "1,5,7": 0.36153277258313454,
    "1,6,7": 0.7842160636295966,
    "2,3,4": 0.08636192216308014,
    "2,3,5": 0.2840825137703955,
    "2,3,6": 0.3516874028084468,
    "2,3,7": 0.44728403494010205,
    "2,4,5": 0.14939212148390857,
    "2,4,6": 0.3358229543027481,
    "2,4,7": 0.4184677678791232,
    "2,5,6": 0.5259369553933375,
    "2,5,7": 0.5434016483096025,
    "2,6,7": 0.8070133589036572,
    "3,4,5": -0.06307735302384332,
    "3,4,6": 0.1950161114843667,
    "3,4,7": 0.22151043908749402,
    "3,5,6": 0.35144146568510404,
    "3,5,7": 0.3260445529605449,
    "3,6,7": 0.766247117399608,
    "4,5,6": 0.34950408724165516,
    "4,5,7": 0.3226233982712693,
    "4,6,7": 0.7769242561792774,
    "5,6,7": 0.7661081622488966,
    "0,1,2,3": 0.5611820090695915,
    "0,1,2,4": 0.5445243980430348,
    "0,1,2,5": 0.6318702631623891,
    "0,1,2,6": 0.6150768839839575,
    "0,1,2,7": 0.6406279570342752,
    "0,1,3,4": 0.4870898905949995,
    "0,1,3,5": 0.5918533807427359,
    "0,1,3,6": 0.604380571812327,
    "0,1,3,7": 0.6165855129122434,
    "0,1,4,5": 0.6007060740887231,
    "0,1,4,6": 0.594761583303985,
    "0,1,4,7": 0.6156681775897428,
    "0,1,5,6": 0.6995754072428042,
    "0,1,5,7": 0.7007065698841926,
    "0,1,6,7": 0.808848594917707,
    "0,2,3,4": 0.5112955354957849,
    "0,2,3,5": 0.5825550205585013,
    "0,2,3,6": 0.6018680012739168,
    "0,2,3,7": 0.6147742802007633,
    "0,2,4,5": 0.5788675412182074,
    "0,2,4,6": 0.5937013493963845,
    "0,2,4,7": 0.6159614568910978,
    "0,2,5,6": 0.6865898557084799,
    "0,2,5,7": 0.6903734254921581,
    "0,2,6,7": 0.8147270510911633,
    "0,3,4,5": 0.5461169381517343,
    "0,3,4,6": 0.5631945294350283,
    "0,3,4,7": 0.5922246922588845,
    "0,3,5,6": 0.6853505498693822,
    "0,3,5,7": 0.6873056813651421,
    "0,3,6,7": 0.8152616902969043,
    "0,4,5,6": 0.6759598972334014,
    "0,4,5,7": 0.6846727495354632,
    "0,4,6,7": 0.8161217794484124,
    "0,5,6,7": 0.8029154100986592,
    "1,2,3,4": 0.1897982976229926,
    "1,2,3,5": 0.3356370390028367,
    "1,2,3,6": 0.4670807704909734,
    "1,2,3,7": 0.5078537336792182,
    "1,2,4,5": 0.2939246065735527,
    "1,2,4,6": 0.42173084589130994,
    "1,2,4,7": 0.4816453549426418,
    "1,2,5,6": 0.5743815485711301,
    "1,2,5,7": 0.5770704502317183,
    "1,2,6,7": 0.8063149107475749,
    "1,3,4,5": 0.033670754394650504,
    "1,3,4,6": 0.2726438150247954,
    "1,3,4,7": 0.32637376902101,
    "1,3,5,6": 0.4270613503458086,
    "1,3,5,7": 0.4229302845331786,
    "1,3,6,7": 0.7693534018939217,
    "1,4,5,6": 0.417591246269169,
    "1,4,5,7": 0.40057694635289,
    "1,4,6,7": 0.7804086490107622,
    "1,5,6,7": 0.7661396705200216,
    "2,3,4,5": 0.2872945721910407,
    "2,3,4,6": 0.4036452088597916,
    "2,3,4,7": 0.4700960597635637,
    "2,3,5,6": 0.5692993001568416,
    "2,3,5,7": 0.5954226823072006,
    "2,3,6,7": 0.8162938522721481,
    "2,4,5,6": 0.5381247377045819,
    "2,4,5,7": 0.5623607084584996,
    "2,4,6,7": 0.8073468290737347,
    "2,5,6,7": 0.8049514397159885,
    "3,4,5,6": 0.3853245702450807,
    "3,4,5,7": 0.34637509748950557,
    "3,4,6,7": 0.7629141521274043,
    "3,5,6,7": 0.7570926347409546,
    "4,5,6,7": 0.754489094344499,
    "0,1,2,3,4": 0.5753227196545644,
    "0,1,2,3,5": 0.6402286305972062,
    "0,1,2,3,6": 0.6286918322601818,
    "0,1,2,3,7": 0.6450435515923407,
    "0,1,2,4,5": 0.6480956685113315,
    "0,1,2,4,6": 0.6212926649997041,
    "0,1,2,4,7": 0.64378469107918,
    "0,1,2,5,6": 0.7025095664499619,
    "0,1,2,5,7": 0.7091425335137501,
    "0,1,2,6,7": 0.8024527429879459,
    "0,1,3,4,5": 0.615964174245381,
    "0,1,3,4,6": 0.6078565231443445,
    "0,1,3,4,7": 0.6249907887154259,
    "0,1,3,5,6": 0.7094918094913301,
    "0,1,3,5,7": 0.705341550561603,
    "0,1,3,6,7": 0.8012805637857696,
    "0,1,4,5,6": 0.7048206139894037,
    "0,1,4,5,7": 0.7019386172829007,
    "0,1,4,6,7": 0.8055117349162593,
    "0,1,5,6,7": 0.7971635197283378,
    "0,2,3,4,5": 0.5877851878629601,
    "0,2,3,4,6": 0.6033074298699683,
    "0,2,3,4,7": 0.6311349520897616,
    "0,2,3,5,6": 0.6915626276967628,
    "0,2,3,5,7": 0.6862821741605719,
    "0,2,3,6,7": 0.8060200705473995,
    "0,2,4,5,6": 0.6878223439421057,
    "0,2,4,5,7": 0.7017482914709082,
    "0,2,4,6,7": 0.8159553555448666,
    "0,2,5,6,7": 0.8038531736310173,
    "0,3,4,5,6": 0.6756871412396658,
    "0,3,4,5,7": 0.6862841215578784,
    "0,3,4,6,7": 0.8130881580399028,
    "0,3,5,6,7": 0.8022420776411542,
    "0,4,5,6,7": 0.8016032760863898,
    "1,2,3,4,5": 0.3653210874360987,
    "1,2,3,4,6": 0.4796978267692904,
    "1,2,3,4,7": 0.5191028996803491,
    "1,2,3,5,6": 0.5952621891230472,
    "1,2,3,5,7": 0.626152962222255,
    "1,2,3,6,7": 0.8105066353945234,
    "1,2,4,5,6": 0.5652109306247259,
    "1,2,4,5,7": 0.5751584304290797,
    "1,2,4,6,7": 0.8126570151473012,
    "1,2,5,6,7": 0.8097368544565634,
    "1,3,4,5,6": 0.4345057467629885,
    "1,3,4,5,7": 0.4187449769679661,
    "1,3,4,6,7": 0.763126385880837,
    "1,3,5,6,7": 0.7514259414061201,
    "1,4,5,6,7": 0.7595549734981822,
    "2,3,4,5,6": 0.5745148869744282,
    "2,3,4,5,7": 0.6069943308258583,
    "2,3,4,6,7": 0.8168448425690484,
    "2,3,5,6,7": 0.8091929244443276,
    "2,4,5,6,7": 0.8050428157648313,
    "3,4,5,6,7": 0.7513720270401506,
    "0,1,2,3,4,5": 0.6604480410782673,