{
  "object_name": "Game",
  "data_type": "game",
  "version": "1.4.2.dev29+g3d3c3a7e6.d20260421",
  "created_from": null,
  "description": null,
  "parameters": {},
  "timestamp": "2026-04-21T12:25:55.927800+00:00Z",
  "metadata": {
    "n_players": 8,
    "game_name": "Game_object",
    "normalization_value": 0.0,
    "precompute_flag": false,
    "precomputed": true,
    "player_names": null
  },
  "data": {
    "Empty": 0.0,
    "0": 0.11105599761599327,
    "1": 0.02439635275431662,
    "2": -0.6929653088550332,
    "3": -0.7707012583235782,
    "4": -0.2583178464404745,
    "5": -0.7853982697088286,
    "6": 0.23569927984945183,
    "7": 0.284209506186362,
    "0,1": 0.038592560762355066,
    "0,2": 0.12519311650257647,
    "0,3": -0.0012287694486392553,
    "0,4": -0.06294046960770538,
    "0,5": 0.1702447669552477,
    "0,6": 0.22005792831509985,
    "0,7": 0.24614522267828887,
    "1,2": -0.6177477904104658,
    "1,3": -0.9659743617340599,
    "1,4": -0.9725905018480976,
    "1,5": -0.7573161777542243,
    "1,6": -0.0819666566894206,
    "1,7": -0.04339345355827806,
    "2,3": -0.6271070804694141,
    "2,4": -0.6964800228596175,
    "2,5": -0.41355144541362043,
    "2,6": -0.1815476830707523,
    "2,7": 0.00392399490192008,
    "3,4": -1.0280887388890307,
    "3,5": -0.8963491735323161,
    "3,6": -0.4579586999170189,
    "3,7": -0.3976928450191657,
    "4,5": -0.9343017859051839,
    "4,6": -0.4650210888709452,
    "4,7": -0.4265309651116329,
    "5,6": -0.19924713577253517,
    "5,7": -0.24958354191965948,
    "6,7": 0.7102348011945157,
    "0,1,2": 0.1758577927478857,
    "0,1,3": 0.10335059647651057,
    "0,1,4": 0.03733984459350226,
    "0,1,5": 0.25035872402303616,
    "0,1,6": 0.264860804629121,
    "0,1,7": 0.34443042428732273,
    "0,2,3": 0.14925576506298788,
    "0,2,4": 0.09914893057959129,
    "0,2,5": 0.2619169094867587,
    "0,2,6": 0.26846031808409276,
    "0,2,7": 0.33616224999021826,
    "0,3,4": 0.0006557841275227627,
    "0,3,5": 0.18060733844175192,
    "0,3,6": 0.23034458218553278,
    "0,3,7": 0.26122997098685985,
    "0,4,5": 0.16675004537272375,
    "0,4,6": 0.2493303334794097,
    "0,4,7": 0.2786688460289134,
    "0,5,6": 0.3716185221200691,
    "0,5,7": 0.4519773809138845,
    "0,6,7": 0.684598643535424,
    "1,2,3": -0.5109027810400477,
    "1,2,4": -0.5562339340796831,
    "1,2,5": -0.3768088113597914,
    "1,2,6": -0.07479790299713707,
    "1,2,7": 0.09101680619513597,
    "1,3,4": -1.029619691507007,
    "1,3,5": -0.8065902770444182,
    "1,3,6": -0.36829999503642785,
    "1,3,7": -0.2564042271968281,
    "1,4,5": -0.8265081886757359,
    "1,4,6": -0.3457542079126732,
    "1,4,7": -0.26152088690544706,
    "1,5,6": -0.06798945192741179,
    "1,5,7": -0.163153798157063,
    "1,6,7": 0.6332639084023428,
    "2,3,4": -0.5350456524275673,
    "2,3,5": -0.2618680599354324,
    "2,3,6": -0.07835426358124553,
    "2,3,7": 0.02966677412554175,
    "2,4,5": -0.4532168078576506,
    "2,4,6": -0.13717735123737995,
    "2,4,7": 0.023264262744162267,
    "2,5,6": 0.14157282649702818,
    "2,5,7": 0.1762086976456273,
    "2,6,7": 0.6797815274990502,
    "3,4,5": -0.8916833086068097,
    "3,4,6": -0.4555651078996359,
    "3,4,7": -0.33310555952833276,
    "3,5,6": -0.13907627016408286,
    "3,5,7": -0.20324154005325612,
    "3,6,7": 0.6147136811273901,
    "4,5,6": -0.17553943912433012,
    "4,5,7": -0.19271538669477795,
    "4,6,7": 0.6250860452595283,
    "5,6,7": 0.6015495588018085,
    "0,1,2,3": 0.21648549060664868,
    "0,1,2,4": 0.17555377987414478,
    "0,1,2,5": 0.3138642993057006,
    "0,1,2,6": 0.3210103992775284,
    "0,1,2,7": 0.3490459282509628,
    "0,1,3,4": 0.08596662525768983,
    "0,1,3,5": 0.27560033474725454,
    "0,1,3,6": 0.2975259135843782,
    "0,1,3,7": 0.3606646081181887,
    "0,1,4,5": 0.27400839180878733,
    "0,1,4,6": 0.30366351382058854,
    "0,1,4,7": 0.357588651838599,
    "0,1,5,6": 0.4290266804000531,
    "0,1,5,7": 0.45079695242188544,
    "0,1,6,7": 0.6672901848318689,
    "0,2,3,4": 0.13925223558346833,
    "0,2,3,5": 0.28509326385166944,
    "0,2,3,6": 0.21695200358911948,
    "0,2,3,7": 0.34916651730564363,
    "0,2,4,5": 0.2517320948210259,
    "0,2,4,6": 0.2590950168434082,
    "0,2,4,7": 0.3252383106472785,
    "0,2,5,6": 0.4014523663580625,
    "0,2,5,7": 0.4726839526988268,
    "0,2,6,7": 0.6990359536409626,
    "0,3,4,5": 0.15583947069905946,
    "0,3,4,6": 0.21205674270504649,
    "0,3,4,7": 0.29519842967093557,
    "0,3,5,6": 0.3982506952996324,
    "0,3,5,7": 0.45738864164857773,
    "0,3,6,7": 0.6625492268611688,
    "0,4,5,6": 0.3981374751795336,
    "0,4,5,7": 0.46413489226941673,
    "0,4,6,7": 0.6622319105160326,
    "0,5,6,7": 0.63359394136115,
    "1,2,3,4": -0.42691884619402853,
    "1,2,3,5": -0.2228635701768451,
    "1,2,3,6": -0.0029050008556741336,
    "1,2,3,7": 0.15506852303877738,
    "1,2,4,5": -0.32215447115757034,
    "1,2,4,6": -0.08207439169569875,
    "1,2,4,7": 0.10230409679841845,
    "1,2,5,6": 0.18110586783379223,
    "1,2,5,7": 0.24674466561321629,
    "1,2,6,7": 0.6528686980913629,
    "1,3,4,5": -0.7413874408214909,
    "1,3,4,6": -0.29978875158179163,
    "1,3,4,7": -0.2781953485104087,
    "1,3,5,6": -0.0480899022386343,
    "1,3,5,7": -0.12374203219669089,
    "1,3,6,7": 0.573554018587191,
    "1,4,5,6": 0.008659468451799768,
    "1,4,5,7": -0.12220167575264651,
    "1,4,6,7": 0.5945915611108943,
    "1,5,6,7": 0.5558443230502077,
    "2,3,4,5": -0.29503631269802866,
    "2,3,4,6": -0.06901273387795359,
    "2,3,4,7": 0.0422707564127317,
    "2,3,5,6": 0.22959597351975425,
    "2,3,5,7": 0.2789505743781109,
    "2,3,6,7": 0.6968174629382892,
    "2,4,5,6": 0.15800488002792734,
    "2,4,5,7": 0.18547241167673711,
    "2,4,6,7": 0.6781704098647534,
    "2,5,6,7": 0.6453580876847733,
    "3,4,5,6": -0.12082282719246362,
    "3,4,5,7": -0.16981681001866278,
    "3,4,6,7": 0.5848451936365808,
    "3,5,6,7": 0.5655540771712981,
    "4,5,6,7": 0.5715576927833816,
    "0,1,2,3,4": 0.198704536504404,
    "0,1,2,3,5": 0.37345165397639146,
    "0,1,2,3,6": 0.3372439483456786,
    "0,1,2,3,7": 0.3999652467213638,
    "0,1,2,4,5": 0.36324612134968104,
    "0,1,2,4,6": 0.33607700203747104,
    "0,1,2,4,7": 0.3742406703318647,
    "0,1,2,5,6": 0.44968717236352596,
    "0,1,2,5,7": 0.4521679479387807,
    "0,1,2,6,7": 0.6458921702477909,
    "0,1,3,4,5": 0.31366914644067045,
    "0,1,3,4,6": 0.2734665827472461,
    "0,1,3,4,7": 0.3612015651803242,
    "0,1,3,5,6": 0.4422742761569839,
    "0,1,3,5,7": 0.4504753556331125,
    "0,1,3,6,7": 0.6464210691363048,
    "0,1,4,5,6": 0.43181212384612044,
    "0,1,4,5,7": 0.4429793828669393,
    "0,1,4,6,7": 0.6587218520278506,
    "0,1,5,6,7": 0.626782519468394,
    "0,2,3,4,5": 0.2771325422053864,
    "0,2,3,4,6": 0.25917623639104814,
    "0,2,3,4,7": 0.3208685854069879,
    "0,2,3,5,6": 0.39500323001340243,
    "0,2,3,5,7": 0.4479256758901844,
    "0,2,3,6,7": 0.6719299461314487,
    "0,2,4,5,6": 0.3970004764630093,
    "0,2,4,5,7": 0.4592293513099319,
    "0,2,4,6,7": 0.6590580087017281,
    "0,2,5,6,7": 0.6367016868233055,
    "0,3,4,5,6": 0.41131971032254977,
    "0,3,4,5,7": 0.4530460754420733,
    "0,3,4,6,7": 0.6429698489457225,
    "0,3,5,6,7": 0.6147080026128084,
    "0,4,5,6,7": 0.6289735511739327,
    "1,2,3,4,5": -0.155933987674008,
    "1,2,3,4,6": -0.0001454153446478479,
    "1,2,3,4,7": 0.14031417777406996,
    "1,2,3,5,6": 0.2700257224421485,
    "1,2,3,5,7": 0.29504731345660495,
    "1,2,3,6,7": 0.6489402342824613,
    "1,2,4,5,6": 0.21693048174625784,
    "1,2,4,5,7": 0.24510365144413382,
    "1,2,4,6,7": 0.6659623333720102,
    "1,2,5,6,7": 0.6750760525534462,
    "1,3,4,5,6": -0.01048708134188625,
    "1,3,4,5,7": -0.12562799739091512,
    "1,3,4,6,7": 0.5607919010675084,
    "1,3,5,6,7": 0.5545763910429873,
    "1,4,5,6,7": 0.5426834311580138,
    "2,3,4,5,6": 0.1926871449144011,
    "2,3,4,5,7": 0.2430028876351641,
    "2,3,4,6,7": 0.6938566502977819,
    "2,3,5,6,7": 0.6560017725260439,