{
  "object_name": "Game",
  "data_type": "game",
  "version": "1.4.2.dev29+g3d3c3a7e6.d20260421",
  "created_from": null,
  "description": null,
  "parameters": {},
  "timestamp": "2026-04-21T12:25:55.992762+00:00Z",
  "metadata": {
    "n_players": 8,
    "game_name": "Game_object",
    "normalization_value": 0.0,
    "precompute_flag": false,
    "precomputed": true,
    "player_names": null
  },
  "data": {
    "Empty": 0.0,
    "0": 0.24045795864402952,
    "1": 0.03094463594744301,
    "2": -0.3097312474137388,
    "3": -0.42733855112264973,
    "4": -0.23177225385031353,
    "5": -0.4336841300167753,
    "6": 0.230005882576221,
    "7": 0.28756798169040365,
    "0,1": 0.37652451212528026,
    "0,2": 0.43336051947632226,
    "0,3": 0.35840803748601613,
    "0,4": 0.33002728084470556,
    "0,5": 0.4958380989205575,
    "0,6": 0.4847912345684092,
    "0,7": 0.5311180089571494,
    "1,2": -0.023555855935641024,
    "1,3": -0.33621785049549957,
    "1,4": -0.30877574541721553,
    "1,5": -0.17935647533060806,
    "1,6": 0.08466114213681308,
    "1,7": 0.17140741879083032,
    "2,3": 0.01334896733752955,
    "2,4": -0.06510737412938616,
    "2,5": 0.11139213278131088,
    "2,6": 0.2781852710172341,
    "2,7": 0.35094985258410527,
    "3,4": -0.2517910050251362,
    "3,5": -0.0774431454609017,
    "3,6": 0.030963311999251952,
    "3,7": 0.13127151345568655,
    "4,5": -0.16125201425211566,
    "4,6": 0.021825406626268973,
    "4,7": 0.11196527862159134,
    "5,6": 0.2100769855485215,
    "5,7": 0.19803546551498707,
    "6,7": 0.786139812944081,
    "0,1,2": 0.5144632186312377,
    "0,1,3": 0.4596101536333911,
    "0,1,4": 0.4553673542218175,
    "0,1,5": 0.5696387020694045,
    "0,1,6": 0.5693941107977969,
    "0,1,7": 0.6002419164774359,
    "0,2,3": 0.49363571117172234,
    "0,2,4": 0.45358746681693085,
    "0,2,5": 0.5682980920161346,
    "0,2,6": 0.5640254119905479,
    "0,2,7": 0.597779761472295,
    "0,3,4": 0.4011241287083239,
    "0,3,5": 0.5274838454634136,
    "0,3,6": 0.5417693085333332,
    "0,3,7": 0.5765450404971254,
    "0,4,5": 0.5155934295061843,
    "0,4,6": 0.5255408406306004,
    "0,4,7": 0.5725997887579507,
    "0,5,6": 0.6430859313209132,
    "0,5,7": 0.6624646336280435,
    "0,6,7": 0.8128434495605004,
    "1,2,3": 0.15247943704087696,
    "1,2,4": 0.07836577439590042,
    "1,2,5": 0.23625211052004214,
    "1,2,6": 0.38815526726849914,
    "1,2,7": 0.4500891201604129,
    "1,3,4": -0.13330860440596304,
    "1,3,5": -0.011240485393948951,
    "1,3,6": 0.1451421937087689,
    "1,3,7": 0.27139494236243533,
    "1,4,5": -0.020605470638930257,
    "1,4,6": 0.15254340547865874,
    "1,4,7": 0.2628206996246276,
    "1,5,6": 0.3563601451417938,
    "1,5,7": 0.3699206489232951,
    "1,6,7": 0.7920546692247977,
    "2,3,4": 0.07102715437893892,
    "2,3,5": 0.25881113693104996,
    "2,3,6": 0.345898208226027,
    "2,3,7": 0.4349054864673053,
    "2,4,5": 0.15853621102034465,
    "2,4,6": 0.31937242380325825,
    "2,4,7": 0.3941225292783572,
    "2,5,6": 0.5150984911976455,
    "2,5,7": 0.5320916816141893,
    "2,6,7": 0.8100061878375595,
    "3,4,5": -0.036671135630644836,
    "3,4,6": 0.1572335596521831,
    "3,4,7": 0.20780961329043568,
    "3,5,6": 0.31534405756184614,
    "3,5,7": 0.3002940830926156,
    "3,6,7": 0.7653565930240693,
    "4,5,6": 0.3225862327205131,
    "4,5,7": 0.30880690826339563,
    "4,6,7": 0.7676549851573491,
    "5,6,7": 0.7651483579812461,
    "0,1,2,3": 0.5561004655560515,
    "0,1,2,4": 0.538167543135454,
    "0,1,2,5": 0.6262615930143118,
    "0,1,2,6": 0.6033028249287827,
    "0,1,2,7": 0.640438289164095,
    "0,1,3,4": 0.4903335061874563,
    "0,1,3,5": 0.5891454407842771,
    "0,1,3,6": 0.5900179586785044,
    "0,1,3,7": 0.6259936664250809,
    "0,1,4,5": 0.5942684183176088,
    "0,1,4,6": 0.5851571612187093,
    "0,1,4,7": 0.6177504582640587,
    "0,1,5,6": 0.6743567799872761,
    "0,1,5,7": 0.6920085589219727,
    "0,1,6,7": 0.8019685727929727,
    "0,2,3,4": 0.5145314069596449,
    "0,2,3,5": 0.5904303084013653,
    "0,2,3,6": 0.5909779661083931,
    "0,2,3,7": 0.6340486235394796,
    "0,2,4,5": 0.5818423394024218,
    "0,2,4,6": 0.5766499131097049,
    "0,2,4,7": 0.6298405127425368,
    "0,2,5,6": 0.662892911340556,
    "0,2,5,7": 0.6976024663914577,
    "0,2,6,7": 0.8149692988181754,
    "0,3,4,5": 0.535087602572266,
    "0,3,4,6": 0.5548272474654006,
    "0,3,4,7": 0.6067183431431804,
    "0,3,5,6": 0.6551458092230108,
    "0,3,5,7": 0.677535485560127,
    "0,3,6,7": 0.8100795953288125,
    "0,4,5,6": 0.6517020722982589,
    "0,4,5,7": 0.6755189038004247,
    "0,4,6,7": 0.8125803248573482,
    "0,5,6,7": 0.7927239940506987,
    "1,2,3,4": 0.18525389487793098,
    "1,2,3,5": 0.3222028872131626,
    "1,2,3,6": 0.43734352153261713,
    "1,2,3,7": 0.4952331436821984,
    "1,2,4,5": 0.2880393802387039,
    "1,2,4,6": 0.3866054663913844,
    "1,2,4,7": 0.465679560936746,
    "1,2,5,6": 0.5626342767277703,
    "1,2,5,7": 0.5954282919069718,
    "1,2,6,7": 0.8092733507869555,
    "1,3,4,5": 0.018723401195285483,
    "1,3,4,6": 0.21107117644892637,
    "1,3,4,7": 0.30164817858362925,
    "1,3,5,6": 0.37530439402793525,
    "1,3,5,7": 0.41406936816491136,
    "1,3,6,7": 0.7753069103762693,
    "1,4,5,6": 0.3855730725709581,
    "1,4,5,7": 0.39949210722774964,
    "1,4,6,7": 0.7779320965980683,
    "1,5,6,7": 0.7668809724168717,
    "2,3,4,5": 0.2755773519222846,
    "2,3,4,6": 0.37445719851097614,
    "2,3,4,7": 0.456292381962624,
    "2,3,5,6": 0.5536316627405374,
    "2,3,5,7": 0.5873949072050522,
    "2,3,6,7": 0.8151023635749589,
    "2,4,5,6": 0.5252360057512723,
    "2,4,5,7": 0.5581273161169611,
    "2,4,6,7": 0.8049450784747423,
    "2,5,6,7": 0.8024970614478663,
    "3,4,5,6": 0.3536228872455066,
    "3,4,5,7": 0.35106538009134103,
    "3,4,6,7": 0.7635795528171505,
    "3,5,6,7": 0.7482025217452835,
    "4,5,6,7": 0.7498691761195477,
    "0,1,2,3,4": 0.5674707768494572,
    "0,1,2,3,5": 0.6494945624216577,
    "0,1,2,3,6": 0.6235793919609135,
    "0,1,2,3,7": 0.6530521446707731,
    "0,1,2,4,5": 0.6416978672283795,
    "0,1,2,4,6": 0.6093191328666894,
    "0,1,2,4,7": 0.6386221551708264,
    "0,1,2,5,6": 0.7000267467185222,
    "0,1,2,5,7": 0.7128443996231798,
    "0,1,2,6,7": 0.8002271588277403,
    "0,1,3,4,5": 0.6130091690665133,
    "0,1,3,4,6": 0.5922615497709771,
    "0,1,3,4,7": 0.6303579532470589,
    "0,1,3,5,6": 0.6873291377079171,
    "0,1,3,5,7": 0.7041886205037551,
    "0,1,3,6,7": 0.8021491460324918,
    "0,1,4,5,6": 0.6847744968343781,
    "0,1,4,5,7": 0.7047346687605882,
    "0,1,4,6,7": 0.7969935218738133,
    "0,1,5,6,7": 0.7856950559939002,
    "0,2,3,4,5": 0.595881420841752,
    "0,2,3,4,6": 0.5971255442040642,
    "0,2,3,4,7": 0.6414899844001869,
    "0,2,3,5,6": 0.6684399738757727,
    "0,2,3,5,7": 0.6960676212783349,
    "0,2,3,6,7": 0.810561153833685,
    "0,2,4,5,6": 0.6637128524954965,
    "0,2,4,5,7": 0.6940844931123782,
    "0,2,4,6,7": 0.8141390036884555,
    "0,2,5,6,7": 0.8032097692436674,
    "0,3,4,5,6": 0.6548138451002364,
    "0,3,4,5,7": 0.6793361750156823,
    "0,3,4,6,7": 0.8078652988633682,
    "0,3,5,6,7": 0.7939042000827148,
    "0,4,5,6,7": 0.7961127943868951,
    "1,2,3,4,5": 0.36165494500572193,
    "1,2,3,4,6": 0.4397706591800753,
    "1,2,3,4,7": 0.5016909324915487,
    "1,2,3,5,6": 0.5770054373244886,
    "1,2,3,5,7": 0.6191777730584405,
    "1,2,3,6,7": 0.8100253372248976,
    "1,2,4,5,6": 0.5607827465783541,
    "1,2,4,5,7": 0.5995890484849851,
    "1,2,4,6,7": 0.8039854049953721,
    "1,2,5,6,7": 0.8083291133336123,
    "1,3,4,5,6": 0.3963660091310467,
    "1,3,4,5,7": 0.4186862898230723,
    "1,3,4,6,7": 0.7656447891894294,
    "1,3,5,6,7": 0.7523285815800576,
    "1,4,5,6,7": 0.749994711950954,
    "2,3,4,5,6": 0.550166011169823,
    "2,3,4,5,7": 0.5883153840739909,
    "2,3,4,6,7": 0.8082301379963146,
    "2,3,5,6,7": 0.8017654351702244,
    "2,4,5,6,7": 0.8041405757391784,
    "3,4,5,6,7": 0.7406888232947344,