{
  "object_name": "Game",
  "data_type": "game",
  "version": "1.4.2.dev29+g3d3c3a7e6.d20260421",
  "created_from": null,
  "description": null,
  "parameters": {},
  "timestamp": "2026-04-21T12:25:55.919166+00:00Z",
  "metadata": {
    "n_players": 8,
    "game_name": "Game_object",
    "normalization_value": 0.0,
    "precompute_flag": false,
    "precomputed": true,
    "player_names": null
  },
  "data": {
    "Empty": 0.0,
    "0": 0.1494854064246922,
    "1": 0.025914581734343467,
    "2": -0.5754268058617478,
    "3": -0.7333608934016425,
    "4": -0.2089832785843697,
    "5": -0.800727441880603,
    "6": 0.24827189478301914,
    "7": 0.29855429325278726,
    "0,1": 0.10465751929382194,
    "0,2": 0.10224603030945023,
    "0,3": 0.01408118347927434,
    "0,4": -0.017246026909381484,
    "0,5": 0.21141650349634977,
    "0,6": 0.24416436584571855,
    "0,7": 0.3022718933466063,
    "1,2": -0.5234339422000898,
    "1,3": -0.8965669350556613,
    "1,4": -0.8856061576207488,
    "1,5": -0.7228843768434396,
    "1,6": -0.0399196004441591,
    "1,7": -0.009451407128317157,
    "2,3": -0.5043475073857868,
    "2,4": -0.703486006233284,
    "2,5": -0.3316437407760242,
    "2,6": -0.06717208472034852,
    "2,7": 0.06852542429695296,
    "3,4": -0.8463056572021981,
    "3,5": -0.7586241180307158,
    "3,6": -0.41525602080238233,
    "3,7": -0.314129286834536,
    "4,5": -0.7544214830942695,
    "4,6": -0.3835838435918262,
    "4,7": -0.2593963368289922,
    "5,6": -0.11034448849388712,
    "5,7": -0.11377483452414916,
    "6,7": 0.7279564120065249,
    "0,1,2": 0.21900636792703054,
    "0,1,3": 0.12662998359404976,
    "0,1,4": 0.10213712984561596,
    "0,1,5": 0.3168149279525898,
    "0,1,6": 0.309263678149988,
    "0,1,7": 0.3883112888404896,
    "0,2,3": 0.1480017801735477,
    "0,2,4": 0.08877943726970527,
    "0,2,5": 0.26301231075086096,
    "0,2,6": 0.3054786430383395,
    "0,2,7": 0.357579160488358,
    "0,3,4": 0.039896677621843124,
    "0,3,5": 0.23775601541927693,
    "0,3,6": 0.26095733310280156,
    "0,3,7": 0.33312424514993844,
    "0,4,5": 0.22961601803512421,
    "0,4,6": 0.2525460498942492,
    "0,4,7": 0.29879305045842486,
    "0,5,6": 0.41578052017086387,
    "0,5,7": 0.46420545150589565,
    "0,6,7": 0.7217524427239097,
    "1,2,3": -0.3472358952726009,
    "1,2,4": -0.5249445661794421,
    "1,2,5": -0.21605813442621757,
    "1,2,6": 0.018532514787403587,
    "1,2,7": 0.15048037150608673,
    "1,3,4": -0.9254545329840576,
    "1,3,5": -0.6248512457821369,
    "1,3,6": -0.3600916186185865,
    "1,3,7": -0.20369892929959255,
    "1,4,5": -0.6780475787991016,
    "1,4,6": -0.26181274959191914,
    "1,4,7": -0.16149268118319515,
    "1,5,6": -0.022082972893981756,
    "1,5,7": 0.02953910579925434,
    "1,6,7": 0.6737915695408505,
    "2,3,4": -0.5270654355089082,
    "2,3,5": -0.21754771854679755,
    "2,3,6": 0.006602020359542493,
    "2,3,7": 0.1493906195098117,
    "2,4,5": -0.40759373177146885,
    "2,4,6": -0.08376502171301481,
    "2,4,7": 0.07573913345928385,
    "2,5,6": 0.21077735970631095,
    "2,5,7": 0.2630376595927849,
    "2,6,7": 0.7112121446658848,
    "3,4,5": -0.8017947907328418,
    "3,4,6": -0.3920707182857863,
    "3,4,7": -0.2459618227169682,
    "3,5,6": -0.10943520521288064,
    "3,5,7": -0.12209363274977236,
    "3,6,7": 0.6435802298252452,
    "4,5,6": -0.08843554598774839,
    "4,5,7": -0.11763691055563719,
    "4,6,7": 0.6506874223114394,
    "5,6,7": 0.6293120631691074,
    "0,1,2,3": 0.2642719563708321,
    "0,1,2,4": 0.21417971236346856,
    "0,1,2,5": 0.37873082843748074,
    "0,1,2,6": 0.3495692358237178,
    "0,1,2,7": 0.43040419380362294,
    "0,1,3,4": 0.15672686234813937,
    "0,1,3,5": 0.35470730207180345,
    "0,1,3,6": 0.32271441909011966,
    "0,1,3,7": 0.35824278214213545,
    "0,1,4,5": 0.355497177153817,
    "0,1,4,6": 0.31860315758579494,
    "0,1,4,7": 0.3616542059001433,
    "0,1,5,6": 0.46899636738126627,
    "0,1,5,7": 0.4921642122093659,
    "0,1,6,7": 0.6851219716307875,
    "0,2,3,4": 0.19216247332746839,
    "0,2,3,5": 0.3300453077097707,
    "0,2,3,6": 0.2941548250419118,
    "0,2,3,7": 0.36332220717685837,
    "0,2,4,5": 0.30110059338958695,
    "0,2,4,6": 0.2621746681458925,
    "0,2,4,7": 0.37236795458306626,
    "0,2,5,6": 0.4269487513810457,
    "0,2,5,7": 0.49379344921586676,
    "0,2,6,7": 0.7020794232699621,
    "0,3,4,5": 0.1984225745848559,
    "0,3,4,6": 0.2817836849414269,
    "0,3,4,7": 0.3604714626172303,
    "0,3,5,6": 0.43026919482365755,
    "0,3,5,7": 0.45497285352916206,
    "0,3,6,7": 0.7163305625535189,
    "0,4,5,6": 0.4347271486474884,
    "0,4,5,7": 0.4794154018073882,
    "0,4,6,7": 0.7170105111884597,
    "0,5,6,7": 0.6780321154371041,
    "1,2,3,4": -0.3891282362368038,
    "1,2,3,5": -0.09048318483040774,
    "1,2,3,6": 0.05801946423340876,
    "1,2,3,7": 0.17040189575136355,
    "1,2,4,5": -0.18352131839230745,
    "1,2,4,6": 0.0048833312403882,
    "1,2,4,7": 0.15445563385113847,
    "1,2,5,6": 0.26640340713423516,
    "1,2,5,7": 0.2887122857738976,
    "1,2,6,7": 0.7115353268798017,
    "1,3,4,5": -0.6434300893549092,
    "1,3,4,6": -0.25784651096890143,
    "1,3,4,7": -0.14363769208696864,
    "1,3,5,6": 0.006638390408611028,
    "1,3,5,7": 0.011327634396407826,
    "1,3,6,7": 0.6325008140855573,
    "1,4,5,6": -0.0430765096745791,
    "1,4,5,7": 0.011140604457420378,
    "1,4,6,7": 0.6269201779302356,
    "1,5,6,7": 0.560458491954299,
    "2,3,4,5": -0.2098365758211087,
    "2,3,4,6": 0.0094978146439324,
    "2,3,4,7": 0.1066487899550762,
    "2,3,5,6": 0.2960638317628169,
    "2,3,5,7": 0.341757159899187,
    "2,3,6,7": 0.7067878874555469,
    "2,4,5,6": 0.23878406108864358,
    "2,4,5,7": 0.27732962729166444,
    "2,4,6,7": 0.7097672709915325,
    "2,5,6,7": 0.6889087491886692,
    "3,4,5,6": -0.13958593323658852,
    "3,4,5,7": -0.11259829478727457,
    "3,4,6,7": 0.6223847747379494,
    "3,5,6,7": 0.6071903932740605,
    "4,5,6,7": 0.5959023689607321,
    "0,1,2,3,4": 0.2896993213532606,
    "0,1,2,3,5": 0.4247278310160375,
    "0,1,2,3,6": 0.3469620971536248,
    "0,1,2,3,7": 0.43064382158198555,
    "0,1,2,4,5": 0.4171830898460399,
    "0,1,2,4,6": 0.3594986945215016,
    "0,1,2,4,7": 0.42282954860147326,
    "0,1,2,5,6": 0.48282142323667876,
    "0,1,2,5,7": 0.4999901152676991,
    "0,1,2,6,7": 0.6713228742401659,
    "0,1,3,4,5": 0.3527423558181696,
    "0,1,3,4,6": 0.30997653134269565,
    "0,1,3,4,7": 0.38161544237980005,
    "0,1,3,5,6": 0.4897962634276801,
    "0,1,3,5,7": 0.49605563541861775,
    "0,1,3,6,7": 0.678000691783933,
    "0,1,4,5,6": 0.4673563030110879,
    "0,1,4,5,7": 0.4949052999944882,
    "0,1,4,6,7": 0.6986649983158832,
    "0,1,5,6,7": 0.6547173362791363,
    "0,2,3,4,5": 0.32270173588968043,
    "0,2,3,4,6": 0.3019339135387532,
    "0,2,3,4,7": 0.36274274572952847,
    "0,2,3,5,6": 0.4536816342754091,
    "0,2,3,5,7": 0.47371911378996523,
    "0,2,3,6,7": 0.7023404714306989,
    "0,2,4,5,6": 0.43967624263710814,
    "0,2,4,5,7": 0.4660916548883197,
    "0,2,4,6,7": 0.6881769325113062,
    "0,2,5,6,7": 0.6731812556601744,
    "0,3,4,5,6": 0.4251905053744094,
    "0,3,4,5,7": 0.4500739057279224,
    "0,3,4,6,7": 0.7156262326835556,
    "0,3,5,6,7": 0.6620830975781657,
    "0,4,5,6,7": 0.6794780970775014,
    "1,2,3,4,5": -0.05485221418455666,
    "1,2,3,4,6": 0.07721275400711969,
    "1,2,3,4,7": 0.16834061616905072,
    "1,2,3,5,6": 0.29958617353800376,
    "1,2,3,5,7": 0.3413062395364441,
    "1,2,3,6,7": 0.6764494458834611,
    "1,2,4,5,6": 0.23587557207500487,
    "1,2,4,5,7": 0.3469897968943615,
    "1,2,4,6,7": 0.7067306461356688,
    "1,2,5,6,7": 0.6940546283540746,
    "1,3,4,5,6": -0.03482512903924517,
    "1,3,4,5,7": 0.0031676576379896515,
    "1,3,4,6,7": 0.6097184144789911,
    "1,3,5,6,7": 0.5885519819956126,
    "1,4,5,6,7": 0.5758362974098961,
    "2,3,4,5,6": 0.2822305557757888,
    "2,3,4,5,7": 0.335758341496065,
    "2,3,4,6,7": 0.6911619641618507,
    "2,3,5,6,7": 0.6742410269104027,