{
  "object_name": "Game",
  "data_type": "game",
  "version": "1.4.2.dev29+g3d3c3a7e6.d20260421",
  "created_from": null,
  "description": null,
  "parameters": {},
  "timestamp": "2026-04-21T12:25:55.886864+00:00Z",
  "metadata": {
    "n_players": 8,
    "game_name": "Game_object",
    "normalization_value": 0.0,
    "precompute_flag": false,
    "precomputed": true,
    "player_names": null
  },
  "data": {
    "Empty": 0.0,
    "0": 0.11848513556128348,
    "1": 0.02244878668943051,
    "2": -0.6881293715096921,
    "3": -0.739509633738386,
    "4": -0.2000994456713756,
    "5": -0.8051425458061896,
    "6": 0.23860559839092976,
    "7": 0.2607825812679285,
    "0,1": 0.11432206425869085,
    "0,2": 0.09420725672970565,
    "0,3": -0.012125043877196262,
    "0,4": 0.02140798941315636,
    "0,5": 0.21437537153335118,
    "0,6": 0.21417454562863913,
    "0,7": 0.28721926716763124,
    "1,2": -0.5599147430149232,
    "1,3": -0.9075265024779047,
    "1,4": -0.8723797574986831,
    "1,5": -0.7245358358531471,
    "1,6": -0.055672034944868276,
    "1,7": -0.029725287059261696,
    "2,3": -0.5811842961025264,
    "2,4": -0.6513772015931607,
    "2,5": -0.4055638227866303,
    "2,6": -0.1372996016294532,
    "2,7": 0.013925383670597924,
    "3,4": -0.9059466271878418,
    "3,5": -0.7802959220253545,
    "3,6": -0.46375959840617864,
    "3,7": -0.3208265938730761,
    "4,5": -0.8597127235168345,
    "4,6": -0.40337347795975953,
    "4,7": -0.34286645684390726,
    "5,6": -0.2261583693591016,
    "5,7": -0.1299103593477564,
    "6,7": 0.6922770747808369,
    "0,1,2": 0.19029599007310327,
    "0,1,3": 0.14908942140428005,
    "0,1,4": 0.09338676930253809,
    "0,1,5": 0.2632193603356967,
    "0,1,6": 0.3313564128030587,
    "0,1,7": 0.3526721477737409,
    "0,2,3": 0.11414213852313326,
    "0,2,4": 0.13470488700469407,
    "0,2,5": 0.2938201950231244,
    "0,2,6": 0.2532500318815376,
    "0,2,7": 0.3592629843187428,
    "0,3,4": 0.009580385880304187,
    "0,3,5": 0.22102677132936666,
    "0,3,6": 0.22251667307778444,
    "0,3,7": 0.2922493061796936,
    "0,4,5": 0.2425019905181719,
    "0,4,6": 0.2582447595754268,
    "0,4,7": 0.30041972529281935,
    "0,5,6": 0.42178212877317267,
    "0,5,7": 0.4457283278630959,
    "0,6,7": 0.6968732174568122,
    "1,2,3": -0.4637028856550618,
    "1,2,4": -0.5347604255681917,
    "1,2,5": -0.26557281980299274,
    "1,2,6": -0.03782591379671807,
    "1,2,7": 0.13310305695168279,
    "1,3,4": -1.000870387555001,
    "1,3,5": -0.6399526082403344,
    "1,3,6": -0.37640105736079477,
    "1,3,7": -0.21650621935265768,
    "1,4,5": -0.6909516908020688,
    "1,4,6": -0.3056464571298909,
    "1,4,7": -0.21701043389901575,
    "1,5,6": -0.05913324684649113,
    "1,5,7": -0.06829565264507487,
    "1,6,7": 0.6517555474336021,
    "2,3,4": -0.5268497127567753,
    "2,3,5": -0.23491698724149201,
    "2,3,6": -0.10033435819589265,
    "2,3,7": 0.04786728700223475,
    "2,4,5": -0.44096080196093035,
    "2,4,6": -0.09588676779224037,
    "2,4,7": 0.010039714006579326,
    "2,5,6": 0.19345741667755945,
    "2,5,7": 0.2524858561119916,
    "2,6,7": 0.7107904118591787,
    "3,4,5": -0.7828636011118495,
    "3,4,6": -0.41237978750209336,
    "3,4,7": -0.393352601122988,
    "3,5,6": -0.15986697264017824,
    "3,5,7": -0.1602505174945259,
    "3,6,7": 0.6335334778577326,
    "4,5,6": -0.11928995164419964,
    "4,5,7": -0.14485672454224985,
    "4,6,7": 0.6055217624555878,
    "5,6,7": 0.6290635345320703,
    "0,1,2,3": 0.2899833668132429,
    "0,1,2,4": 0.22687236008618838,
    "0,1,2,5": 0.3811493924633381,
    "0,1,2,6": 0.37829660489613937,
    "0,1,2,7": 0.3650009684923632,
    "0,1,3,4": 0.10293714021219602,
    "0,1,3,5": 0.2711973613055191,
    "0,1,3,6": 0.3184581437193196,
    "0,1,3,7": 0.3801008970704439,
    "0,1,4,5": 0.32593764094446376,
    "0,1,4,6": 0.2714066672721235,
    "0,1,4,7": 0.39200753468801675,
    "0,1,5,6": 0.4548215395438482,
    "0,1,5,7": 0.488796852522555,
    "0,1,6,7": 0.6971011236582765,
    "0,2,3,4": 0.15536654626970592,
    "0,2,3,5": 0.2768335095714617,
    "0,2,3,6": 0.2749047476697055,
    "0,2,3,7": 0.3485224557197597,
    "0,2,4,5": 0.29791797697264344,
    "0,2,4,6": 0.2953465957937462,
    "0,2,4,7": 0.366814947078132,
    "0,2,5,6": 0.43655681909599375,
    "0,2,5,7": 0.4962835330351124,
    "0,2,6,7": 0.6880479099135923,
    "0,3,4,5": 0.21039065420268732,
    "0,3,4,6": 0.20375612750062022,
    "0,3,4,7": 0.33299970524048483,
    "0,3,5,6": 0.42246814639673413,
    "0,3,5,7": 0.4687580758243526,
    "0,3,6,7": 0.6881303748457066,
    "0,4,5,6": 0.39643030197067186,
    "0,4,5,7": 0.464656842695356,
    "0,4,6,7": 0.6967089904479119,
    "0,5,6,7": 0.6568321207887463,
    "1,2,3,4": -0.4503787105159367,
    "1,2,3,5": -0.14116653699234516,
    "1,2,3,6": 0.017704322464660027,
    "1,2,3,7": 0.143222118642386,
    "1,2,4,5": -0.2280009651727446,
    "1,2,4,6": 0.0029273109072024406,
    "1,2,4,7": 0.1115149391703093,
    "1,2,5,6": 0.21988221771319794,
    "1,2,5,7": 0.3139750520434864,
    "1,2,6,7": 0.7038381893652267,
    "1,3,4,5": -0.7022009676277445,
    "1,3,4,6": -0.3111011245680799,
    "1,3,4,7": -0.16006650376360243,
    "1,3,5,6": -0.00703089720678407,
    "1,3,5,7": -0.007724722854043575,
    "1,3,6,7": 0.6302085600069189,
    "1,4,5,6": -0.06601354886717492,
    "1,4,5,7": -0.024742465769812094,
    "1,4,6,7": 0.615812519671324,
    "1,5,6,7": 0.5826871003051386,
    "2,3,4,5": -0.1860495997349807,
    "2,3,4,6": -0.06222215744995019,
    "2,3,4,7": 0.07363040441008517,
    "2,3,5,6": 0.2341204206495403,
    "2,3,5,7": 0.30804060746871353,
    "2,3,6,7": 0.683134557718029,
    "2,4,5,6": 0.19200372904656415,
    "2,4,5,7": 0.26996824431441535,
    "2,4,6,7": 0.693363618755682,
    "2,5,6,7": 0.6821243641768369,
    "3,4,5,6": -0.09070262682510188,
    "3,4,5,7": -0.1318349223167583,
    "3,4,6,7": 0.6028888040633789,
    "3,5,6,7": 0.5822891400166648,
    "4,5,6,7": 0.6051329405583843,
    "0,1,2,3,4": 0.2880795813383855,
    "0,1,2,3,5": 0.4123600654015751,
    "0,1,2,3,6": 0.3849037004660034,
    "0,1,2,3,7": 0.40410102053122543,
    "0,1,2,4,5": 0.3742675420172201,
    "0,1,2,4,6": 0.3627191052954012,
    "0,1,2,4,7": 0.3759861723321848,
    "0,1,2,5,6": 0.48002854880487855,
    "0,1,2,5,7": 0.47850832361376794,
    "0,1,2,6,7": 0.6667779259617845,
    "0,1,3,4,5": 0.33846025523001155,
    "0,1,3,4,6": 0.30272991791284964,
    "0,1,3,4,7": 0.3893310906506958,
    "0,1,3,5,6": 0.47000796707841974,
    "0,1,3,5,7": 0.4664608352340619,
    "0,1,3,6,7": 0.6615999826996671,
    "0,1,4,5,6": 0.44042110102434806,
    "0,1,4,5,7": 0.4553598692632048,
    "0,1,4,6,7": 0.6956488875227271,
    "0,1,5,6,7": 0.618848231526028,
    "0,2,3,4,5": 0.2975739428025006,
    "0,2,3,4,6": 0.2897583786356649,
    "0,2,3,4,7": 0.3863925225751229,
    "0,2,3,5,6": 0.4271330067371216,
    "0,2,3,5,7": 0.49583851152116865,
    "0,2,3,6,7": 0.6745451435734753,
    "0,2,4,5,6": 0.4368162342233035,
    "0,2,4,5,7": 0.4818369264560626,
    "0,2,4,6,7": 0.6822400760991487,
    "0,2,5,6,7": 0.6532659059802215,
    "0,3,4,5,6": 0.4233802776865857,
    "0,3,4,5,7": 0.4652505669653778,
    "0,3,4,6,7": 0.688598866840935,
    "0,3,5,6,7": 0.6558546203711626,
    "0,4,5,6,7": 0.6341507612412354,
    "1,2,3,4,5": -0.10057665172339902,
    "1,2,3,4,6": 0.024894112497480192,
    "1,2,3,4,7": 0.11386926854147772,
    "1,2,3,5,6": 0.27469933472115127,
    "1,2,3,5,7": 0.3372072673255385,
    "1,2,3,6,7": 0.6906202118058957,
    "1,2,4,5,6": 0.24261286349891376,
    "1,2,4,5,7": 0.2835568526695533,
    "1,2,4,6,7": 0.6916312215762833,
    "1,2,5,6,7": 0.6978152427659734,
    "1,3,4,5,6": -0.0074492604129494655,
    "1,3,4,5,7": -0.026596407209254602,
    "1,3,4,6,7": 0.6299837642479167,
    "1,3,5,6,7": 0.5752912734390703,
    "1,4,5,6,7": 0.5680918469459635,
    "2,3,4,5,6": 0.21097264231168988,
    "2,3,4,5,7": 0.30323494817493657,
    "2,3,4,6,7": 0.6843538992541132,
    "2,3,5,6,7": 0.676285448707013,