{
  "object_name": "Game",
  "data_type": "game",
  "version": "1.4.2.dev29+g3d3c3a7e6.d20260421",
  "created_from": null,
  "description": null,
  "parameters": {},
  "timestamp": "2026-04-21T12:25:55.954673+00:00Z",
  "metadata": {
    "n_players": 8,
    "game_name": "Game_object",
    "normalization_value": 0.0,
    "precompute_flag": false,
    "precomputed": true,
    "player_names": null
  },
  "data": {
    "Empty": 0.0,
    "0": 0.48930983376812154,
    "1": 0.019871453177698672,
    "2": 0.1588844716201796,
    "3": -0.0019194147431043085,
    "4": -0.009806691088065422,
    "5": 0.07439958078155617,
    "6": 0.26134338966626536,
    "7": 0.28906723087501884,
    "0,1": 0.5104027667936588,
    "0,2": 0.5224181503430281,
    "0,3": 0.47366014591792105,
    "0,4": 0.466243889232705,
    "0,5": 0.5771361036139026,
    "0,6": 0.5783614954623488,
    "0,7": 0.6140394343291109,
    "1,2": 0.15489596503405312,
    "1,3": -0.0337994737171583,
    "1,4": -0.05131434273909852,
    "1,5": 0.053417724520566146,
    "1,6": 0.2883487330084219,
    "1,7": 0.32947054203922066,
    "2,3": 0.1775740105648257,
    "2,4": 0.10090620116648241,
    "2,5": 0.23648450681791777,
    "2,6": 0.38233423755826657,
    "2,7": 0.4398215286550593,
    "3,4": -0.049733730411625876,
    "3,5": 0.02645359741584652,
    "3,6": 0.23010712129682975,
    "3,7": 0.25605897141104006,
    "4,5": 0.004618565084885562,
    "4,6": 0.23178497293656997,
    "4,7": 0.26056677056485367,
    "5,6": 0.36406955429265353,
    "5,7": 0.3607071789316957,
    "6,7": 0.778200741240038,
    "0,1,2": 0.56899447461282,
    "0,1,3": 0.5339629371453738,
    "0,1,4": 0.5255179614103558,
    "0,1,5": 0.618602413957792,
    "0,1,6": 0.6286718536401816,
    "0,1,7": 0.6544974224609457,
    "0,2,3": 0.5442041730004343,
    "0,2,4": 0.5237136732649026,
    "0,2,5": 0.6182576873292458,
    "0,2,6": 0.6092603295069112,
    "0,2,7": 0.6396844692240078,
    "0,3,4": 0.4700336378215879,
    "0,3,5": 0.5792821037028754,
    "0,3,6": 0.5983193576554036,
    "0,3,7": 0.6258034550094012,
    "0,4,5": 0.5782062703868283,
    "0,4,6": 0.5939180852099657,
    "0,4,7": 0.6150896506482071,
    "0,5,6": 0.701447268852758,
    "0,5,7": 0.7088913809697348,
    "0,6,7": 0.8261617967566629,
    "1,2,3": 0.2300563336083702,
    "1,2,4": 0.172851457464961,
    "1,2,5": 0.27784270107920483,
    "1,2,6": 0.44628772290345675,
    "1,2,7": 0.49342761252393086,
    "1,3,4": -0.03124749630003687,
    "1,3,5": 0.0907535789983025,
    "1,3,6": 0.2807078479537187,
    "1,3,7": 0.3363787223189635,
    "1,4,5": 0.053869458693711514,
    "1,4,6": 0.2983664061290726,
    "1,4,7": 0.3257104334496217,
    "1,5,6": 0.4249557802933045,
    "1,5,7": 0.4254191892251453,
    "1,6,7": 0.7684758915478315,
    "2,3,4": 0.18475421196104203,
    "2,3,5": 0.33184755723563586,
    "2,3,6": 0.41198011005557134,
    "2,3,7": 0.4796181892357749,
    "2,4,5": 0.2389422884654976,
    "2,4,6": 0.3923306266899975,
    "2,4,7": 0.45402779814692606,
    "2,5,6": 0.5700932190305272,
    "2,5,7": 0.5800096009954568,
    "2,6,7": 0.8165750178848974,
    "3,4,5": 0.028914090892734223,
    "3,4,6": 0.24425865393773616,
    "3,4,7": 0.2728558487162015,
    "3,5,6": 0.38005157091965713,
    "3,5,7": 0.37756515249737566,
    "3,6,7": 0.7485563399726691,
    "4,5,6": 0.37205191599749843,
    "4,5,7": 0.3540817656518085,
    "4,6,7": 0.7510332560627418,
    "5,6,7": 0.7547521700546316,
    "0,1,2,3": 0.6035707837433112,
    "0,1,2,4": 0.5755370719403801,
    "0,1,2,5": 0.6612864151556181,
    "0,1,2,6": 0.6546856888405466,
    "0,1,2,7": 0.6644961113644594,
    "0,1,3,4": 0.5351579823171075,
    "0,1,3,5": 0.6315105409215095,
    "0,1,3,6": 0.641017974377427,
    "0,1,3,7": 0.6689401183165302,
    "0,1,4,5": 0.639936253776135,
    "0,1,4,6": 0.6305585927186801,
    "0,1,4,7": 0.6524485225201963,
    "0,1,5,6": 0.7299444574237597,
    "0,1,5,7": 0.7380362288719131,
    "0,1,6,7": 0.8303432378489952,
    "0,2,3,4": 0.5566529533367707,
    "0,2,3,5": 0.6283981782576797,
    "0,2,3,6": 0.6296865022246572,
    "0,2,3,7": 0.6540145552063295,
    "0,2,4,5": 0.615531396499732,
    "0,2,4,6": 0.6273874838445359,
    "0,2,4,7": 0.6381297929073051,
    "0,2,5,6": 0.7176740779539001,
    "0,2,5,7": 0.7228543259887725,
    "0,2,6,7": 0.8321863506386888,
    "0,3,4,5": 0.5798174340261837,
    "0,3,4,6": 0.6096963980622249,
    "0,3,4,7": 0.6330905782236649,
    "0,3,5,6": 0.7083294593499267,
    "0,3,5,7": 0.7115588940122977,
    "0,3,6,7": 0.8248765210324014,
    "0,4,5,6": 0.6959720954230635,
    "0,4,5,7": 0.7033236936988037,
    "0,4,6,7": 0.8283690471123966,
    "0,5,6,7": 0.8320134408084798,
    "1,2,3,4": 0.23247228441677992,
    "1,2,3,5": 0.3727377689895758,
    "1,2,3,6": 0.4769391881766367,
    "1,2,3,7": 0.5250657208442715,
    "1,2,4,5": 0.31272758846486204,
    "1,2,4,6": 0.45057035805324297,
    "1,2,4,7": 0.49038032039110613,
    "1,2,5,6": 0.6081939839769269,
    "1,2,5,7": 0.6004142631014007,
    "1,2,6,7": 0.8236146439965928,
    "1,3,4,5": 0.08593982709330694,
    "1,3,4,6": 0.2946745977036318,
    "1,3,4,7": 0.33443000010364776,
    "1,3,5,6": 0.4380499053235041,
    "1,3,5,7": 0.43668800509358874,
    "1,3,6,7": 0.7523961123961935,
    "1,4,5,6": 0.4274561588792192,
    "1,4,5,7": 0.41570146731950464,
    "1,4,6,7": 0.7557130606255785,
    "1,5,6,7": 0.7611255574920174,
    "2,3,4,5": 0.33315881389681445,
    "2,3,4,6": 0.4298988271281924,
    "2,3,4,7": 0.4857049039500022,
    "2,3,5,6": 0.6047807510847282,
    "2,3,5,7": 0.6100470565002167,
    "2,3,6,7": 0.8196021817472173,
    "2,4,5,6": 0.5714085608155549,
    "2,4,5,7": 0.581751628800852,
    "2,4,6,7": 0.809702560151395,
    "2,5,6,7": 0.8220840915298165,
    "3,4,5,6": 0.3777341230965715,
    "3,4,5,7": 0.36495323031941473,
    "3,4,6,7": 0.7361665247938941,
    "3,5,6,7": 0.7471066479881087,
    "4,5,6,7": 0.7467879169750034,
    "0,1,2,3,4": 0.614648340922004,
    "0,1,2,3,5": 0.6797915242147369,
    "0,1,2,3,6": 0.66885360245116,
    "0,1,2,3,7": 0.6929236120474399,
    "0,1,2,4,5": 0.6708339314873761,
    "0,1,2,4,6": 0.6555908681439782,
    "0,1,2,4,7": 0.6697382041135042,
    "0,1,2,5,6": 0.7527700601323462,
    "0,1,2,5,7": 0.7531578470590798,
    "0,1,2,6,7": 0.83266599104658,
    "0,1,3,4,5": 0.6435720822432447,
    "0,1,3,4,6": 0.6363987573944172,
    "0,1,3,4,7": 0.6627946944388261,
    "0,1,3,5,6": 0.7402957544854522,
    "0,1,3,5,7": 0.7405628416257368,
    "0,1,3,6,7": 0.8233674687816197,
    "0,1,4,5,6": 0.7373457973748312,
    "0,1,4,5,7": 0.7348547966548704,
    "0,1,4,6,7": 0.8222863152567605,
    "0,1,5,6,7": 0.8336518726222428,
    "0,2,3,4,5": 0.6245205686287005,
    "0,2,3,4,6": 0.631219369961057,
    "0,2,3,4,7": 0.6584211491416461,
    "0,2,3,5,6": 0.7166805252803661,
    "0,2,3,5,7": 0.7277148910118156,
    "0,2,3,6,7": 0.8231128649775019,
    "0,2,4,5,6": 0.7103536828042963,
    "0,2,4,5,7": 0.7217926137412951,
    "0,2,4,6,7": 0.8281246964676263,
    "0,2,5,6,7": 0.8418721258581221,
    "0,3,4,5,6": 0.7063769385692384,
    "0,3,4,5,7": 0.7118903761614648,
    "0,3,4,6,7": 0.8224668209508437,
    "0,3,5,6,7": 0.8278810479738472,
    "0,4,5,6,7": 0.8229146094271877,
    "1,2,3,4,5": 0.37631237493544234,
    "1,2,3,4,6": 0.47730147426990477,
    "1,2,3,4,7": 0.5232528033385329,
    "1,2,3,5,6": 0.6380781032919525,
    "1,2,3,5,7": 0.6421153219195711,
    "1,2,3,6,7": 0.8201731209301908,
    "1,2,4,5,6": 0.6125335390931282,
    "1,2,4,5,7": 0.6126936376822979,
    "1,2,4,6,7": 0.8115448024678444,
    "1,2,5,6,7": 0.8306602636920041,
    "1,3,4,5,6": 0.4342406087464862,
    "1,3,4,5,7": 0.43187265026347244,
    "1,3,4,6,7": 0.741626621508455,
    "1,3,5,6,7": 0.7551860902878841,
    "1,4,5,6,7": 0.7477345030584288,
    "2,3,4,5,6": 0.608960346834303,
    "2,3,4,5,7": 0.6130571114429787,
    "2,3,4,6,7": 0.8105965647203607,
    "2,3,5,6,7": 0.8293967364863457,
    "2,4,5,6,7": 0.8177925400130557,
    "3,4,5,6,7": 0.7407672430936858,
    "0,1,2,3,4,5": 0.6802064475333316,