{
  "object_name": "Game",
  "data_type": "game",
  "version": "1.4.2.dev29+g3d3c3a7e6.d20260421",
  "created_from": null,
  "description": null,
  "parameters": {},
  "timestamp": "2026-04-21T12:25:56.014346+00:00Z",
  "metadata": {
    "n_players": 8,
    "game_name": "Game_object",
    "normalization_value": 0.0,
    "precompute_flag": false,
    "precomputed": true,
    "player_names": null
  },
  "data": {
    "Empty": 0.0,
    "0": 0.2604766484015807,
    "1": 0.018675486132605723,
    "2": -0.25419282072532745,
    "3": -0.4654534090362439,
    "4": -0.2010076544686561,
    "5": -0.4026187671140864,
    "6": 0.21942653620852326,
    "7": 0.29602257795716025,
    "0,1": 0.3856376822329155,
    "0,2": 0.4378390002651803,
    "0,3": 0.36216173301904064,
    "0,4": 0.3582928668183607,
    "0,5": 0.5125272663009738,
    "0,6": 0.485188572210702,
    "0,7": 0.5317249794734069,
    "1,2": -0.03920850844455459,
    "1,3": -0.2899698345520165,
    "1,4": -0.3333578626564355,
    "1,5": -0.17473589470618678,
    "1,6": 0.10599860097089331,
    "1,7": 0.1979861882728744,
    "2,3": 0.041187805370814456,
    "2,4": -0.07171976949990633,
    "2,5": 0.11588011328491377,
    "2,6": 0.2297037189021549,
    "2,7": 0.3769464792744963,
    "3,4": -0.2253840509591698,
    "3,5": -0.10018327723723375,
    "3,6": 0.015473087075407066,
    "3,7": 0.1253421832773165,
    "4,5": -0.16701975583367235,
    "4,6": 0.04713376341695663,
    "4,7": 0.13526874995219296,
    "5,6": 0.21203846793250947,
    "5,7": 0.23735476108584252,
    "6,7": 0.7869431787474718,
    "0,1,2": 0.5192783535120326,
    "0,1,3": 0.48477118604202807,
    "0,1,4": 0.46509164972844164,
    "0,1,5": 0.5814713340255393,
    "0,1,6": 0.5671530647223367,
    "0,1,7": 0.6000455636235122,
    "0,2,3": 0.4912111979561212,
    "0,2,4": 0.4658348829149228,
    "0,2,5": 0.571731978153912,
    "0,2,6": 0.5605304453021012,
    "0,2,7": 0.6037725237984204,
    "0,3,4": 0.41836397907547984,
    "0,3,5": 0.541997310618514,
    "0,3,6": 0.5474882840060913,
    "0,3,7": 0.5852360586893338,
    "0,4,5": 0.5387619351063188,
    "0,4,6": 0.5252438504280208,
    "0,4,7": 0.5725667209243505,
    "0,5,6": 0.6554495149158684,
    "0,5,7": 0.6686134594393216,
    "0,6,7": 0.8093486340716323,
    "1,2,3": 0.1537275780595766,
    "1,2,4": 0.06554660120189781,
    "1,2,5": 0.23782657962977138,
    "1,2,6": 0.3612457073478025,
    "1,2,7": 0.4587828251045488,
    "1,3,4": -0.1613979473262308,
    "1,3,5": -0.025264504421184553,
    "1,3,6": 0.16216290576100056,
    "1,3,7": 0.2653362177549681,
    "1,4,5": -0.01971246811836269,
    "1,4,6": 0.173986765988554,
    "1,4,7": 0.262008609692995,
    "1,5,6": 0.34968282502013226,
    "1,5,7": 0.3692420728071666,
    "1,6,7": 0.7734818791242167,
    "2,3,4": 0.07121316830608848,
    "2,3,5": 0.27073500542328166,
    "2,3,6": 0.33903865827015767,
    "2,3,7": 0.4508630439952399,
    "2,4,5": 0.17060765716540016,
    "2,4,6": 0.3143694922832957,
    "2,4,7": 0.4380635141052568,
    "2,5,6": 0.49994558477776097,
    "2,5,7": 0.5379118645019176,
    "2,6,7": 0.7959478067622663,
    "3,4,5": -0.03695140184508117,
    "3,4,6": 0.15218818326884864,
    "3,4,7": 0.22056068434287746,
    "3,5,6": 0.2917394401593726,
    "3,5,7": 0.3331834501483417,
    "3,6,7": 0.7619553011927607,
    "4,5,6": 0.2971328339802697,
    "4,5,7": 0.3047416938175084,
    "4,6,7": 0.7661864642932982,
    "5,6,7": 0.7624485564109071,
    "0,1,2,3": 0.5798209381092265,
    "0,1,2,4": 0.5209187571656386,
    "0,1,2,5": 0.6292047098435365,
    "0,1,2,6": 0.6102152301026793,
    "0,1,2,7": 0.6273648543683625,
    "0,1,3,4": 0.4985064664623545,
    "0,1,3,5": 0.5984330147984763,
    "0,1,3,6": 0.5969490693461297,
    "0,1,3,7": 0.6195641890585665,
    "0,1,4,5": 0.613241938364839,
    "0,1,4,6": 0.5795004286846639,
    "0,1,4,7": 0.6154941901620392,
    "0,1,5,6": 0.6901218926792887,
    "0,1,5,7": 0.6944620456913223,
    "0,1,6,7": 0.8042390452452718,
    "0,2,3,4": 0.5125752113804541,
    "0,2,3,5": 0.5856705955465242,
    "0,2,3,6": 0.5909788379626222,
    "0,2,3,7": 0.6296850026687562,
    "0,2,4,5": 0.5765800400866857,
    "0,2,4,6": 0.586769608936953,
    "0,2,4,7": 0.6094539362919795,
    "0,2,5,6": 0.6660994641044071,
    "0,2,5,7": 0.6931935079857809,
    "0,2,6,7": 0.8035784579887305,
    "0,3,4,5": 0.552539983736921,
    "0,3,4,6": 0.5670037146812515,
    "0,3,4,7": 0.6069817445934629,
    "0,3,5,6": 0.6643082226712945,
    "0,3,5,7": 0.6732755577122569,
    "0,3,6,7": 0.8005643476227523,
    "0,4,5,6": 0.6602113237752714,
    "0,4,5,7": 0.6714156822457513,
    "0,4,6,7": 0.8042998937198516,
    "0,5,6,7": 0.7938806832066008,
    "1,2,3,4": 0.16305329894887932,
    "1,2,3,5": 0.3379025594163716,
    "1,2,3,6": 0.4317284392679801,
    "1,2,3,7": 0.5179408712971743,
    "1,2,4,5": 0.2817880281719032,
    "1,2,4,6": 0.380848498045548,
    "1,2,4,7": 0.48942416995464044,
    "1,2,5,6": 0.5413718702446683,
    "1,2,5,7": 0.5817980119025639,
    "1,2,6,7": 0.8042877422440774,
    "1,3,4,5": 0.03969258021233579,
    "1,3,4,6": 0.22376736376063555,
    "1,3,4,7": 0.30867742981072854,
    "1,3,5,6": 0.39361446354628504,
    "1,3,5,7": 0.40483245728249473,
    "1,3,6,7": 0.7617180957414662,
    "1,4,5,6": 0.37292716230537915,
    "1,4,5,7": 0.40212988197263166,
    "1,4,6,7": 0.7633709744657888,
    "1,5,6,7": 0.7507737311256593,
    "2,3,4,5": 0.29260382101330085,
    "2,3,4,6": 0.36458975797569537,
    "2,3,4,7": 0.47586238448119056,
    "2,3,5,6": 0.5314089105160796,
    "2,3,5,7": 0.58027796823515,
    "2,3,6,7": 0.7953725106282251,
    "2,4,5,6": 0.5193536778972245,
    "2,4,5,7": 0.554728719710158,
    "2,4,6,7": 0.7976434043377142,
    "2,5,6,7": 0.7828785306133205,
    "3,4,5,6": 0.3417110723807206,
    "3,4,5,7": 0.35323694709540643,
    "3,4,6,7": 0.7517153481377357,
    "3,5,6,7": 0.7426793854226204,
    "4,5,6,7": 0.7492387730191998,
    "0,1,2,3,4": 0.5782625578092724,
    "0,1,2,3,5": 0.6518106566673769,
    "0,1,2,3,6": 0.6445636434896189,
    "0,1,2,3,7": 0.651772642061693,
    "0,1,2,4,5": 0.6464669417791082,
    "0,1,2,4,6": 0.6131754228221973,
    "0,1,2,4,7": 0.6282189773670794,
    "0,1,2,5,6": 0.7001859103674941,
    "0,1,2,5,7": 0.7049859489617207,
    "0,1,2,6,7": 0.7905569401481851,
    "0,1,3,4,5": 0.6186675160509065,
    "0,1,3,4,6": 0.5987135027847379,
    "0,1,3,4,7": 0.6241834049608632,
    "0,1,3,5,6": 0.6953324919617188,
    "0,1,3,5,7": 0.7064930474417832,
    "0,1,3,6,7": 0.7912146494940101,
    "0,1,4,5,6": 0.7028894781090749,
    "0,1,4,5,7": 0.7065421141645616,
    "0,1,4,6,7": 0.7986985349240574,
    "0,1,5,6,7": 0.7919348448908833,
    "0,2,3,4,5": 0.5945240166122878,
    "0,2,3,4,6": 0.6115415655459908,
    "0,2,3,4,7": 0.6330707575101748,
    "0,2,3,5,6": 0.6687217846934979,
    "0,2,3,5,7": 0.6847198726689756,
    "0,2,3,6,7": 0.7962226073316192,
    "0,2,4,5,6": 0.6679821839283665,
    "0,2,4,5,7": 0.6852163473332916,
    "0,2,4,6,7": 0.8005389953097645,
    "0,2,5,6,7": 0.7854008290603907,
    "0,3,4,5,6": 0.6633370194952899,
    "0,3,4,5,7": 0.6814952372218048,
    "0,3,4,6,7": 0.8008265288748425,
    "0,3,5,6,7": 0.7887711800682501,
    "0,4,5,6,7": 0.789306737953833,
    "1,2,3,4,5": 0.34784939259527026,
    "1,2,3,4,6": 0.4416822787590551,
    "1,2,3,4,7": 0.5153228553238411,
    "1,2,3,5,6": 0.5836420753255003,
    "1,2,3,5,7": 0.6094947971478172,
    "1,2,3,6,7": 0.8009494681635597,
    "1,2,4,5,6": 0.5444026834802194,
    "1,2,4,5,7": 0.5966330502780955,
    "1,2,4,6,7": 0.8041401224050486,
    "1,2,5,6,7": 0.799943611850539,
    "1,3,4,5,6": 0.3971131725517817,
    "1,3,4,5,7": 0.42986710961723096,
    "1,3,4,6,7": 0.7482782808000079,
    "1,3,5,6,7": 0.740114747471769,
    "1,4,5,6,7": 0.7498580287113,
    "2,3,4,5,6": 0.5499305738868054,
    "2,3,4,5,7": 0.5878206123586549,
    "2,3,4,6,7": 0.7937229467555375,
    "2,3,5,6,7": 0.7833214657440996,
    "2,4,5,6,7": 0.7821331588258057,
    "3,4,5,6,7": 0.7370557406721265,
    "0,1,2,3,4,5": 0.6585723519811827,