{
  "object_name": "Game",
  "data_type": "game",
  "version": "1.4.2.dev29+g3d3c3a7e6.d20260421",
  "created_from": null,
  "description": null,
  "parameters": {},
  "timestamp": "2026-04-21T12:25:56.010817+00:00Z",
  "metadata": {
    "n_players": 8,
    "game_name": "Game_object",
    "normalization_value": 0.0,
    "precompute_flag": false,
    "precomputed": true,
    "player_names": null
  },
  "data": {
    "Empty": 0.0,
    "0": 0.27053870178409867,
    "1": 0.02726961854575849,
    "2": -0.30557190647823096,
    "3": -0.4171215788994054,
    "4": -0.21798256522761839,
    "5": -0.42438742241535254,
    "6": 0.21664596165237726,
    "7": 0.28016680351123435,
    "0,1": 0.3673052159894895,
    "0,2": 0.43111069783070277,
    "0,3": 0.3649549218559426,
    "0,4": 0.35934717963014895,
    "0,5": 0.48110584944340884,
    "0,6": 0.47828475632517775,
    "0,7": 0.5389941694418512,
    "1,2": -0.057552525048894854,
    "1,3": -0.2962493547737297,
    "1,4": -0.3318418229210416,
    "1,5": -0.1685350671820185,
    "1,6": 0.0782490843696565,
    "1,7": 0.20730477737628106,
    "2,3": 0.015638400699365396,
    "2,4": -0.08499836153241147,
    "2,5": 0.11325646020576419,
    "2,6": 0.23981785158270186,
    "2,7": 0.3524172590845781,
    "3,4": -0.22077621717969187,
    "3,5": -0.0775241280453598,
    "3,6": 0.012880953651290716,
    "3,7": 0.08107567840819241,
    "4,5": -0.15103668247058422,
    "4,6": 0.06023285754114294,
    "4,7": 0.08765979898740917,
    "5,6": 0.21614828830696964,
    "5,7": 0.2516400705617994,
    "6,7": 0.7791588189539003,
    "0,1,2": 0.5112243966728115,
    "0,1,3": 0.461977393723748,
    "0,1,4": 0.45365969826613317,
    "0,1,5": 0.5641600072228314,
    "0,1,6": 0.572247892031692,
    "0,1,7": 0.6006881419286646,
    "0,2,3": 0.47985329718078995,
    "0,2,4": 0.45665804312531233,
    "0,2,5": 0.5447849730760204,
    "0,2,6": 0.5674335928811536,
    "0,2,7": 0.6018899788953933,
    "0,3,4": 0.40832993972673326,
    "0,3,5": 0.5183583844393955,
    "0,3,6": 0.5400612597785617,
    "0,3,7": 0.5735533493617446,
    "0,4,5": 0.5115255158181846,
    "0,4,6": 0.5418710144011623,
    "0,4,7": 0.5722183095501215,
    "0,5,6": 0.6394671882237113,
    "0,5,7": 0.6646767762260477,
    "0,6,7": 0.810176420840289,
    "1,2,3": 0.14297387902641745,
    "1,2,4": 0.05566259785652239,
    "1,2,5": 0.21997405172122775,
    "1,2,6": 0.36208979820965426,
    "1,2,7": 0.4568057891500308,
    "1,3,4": -0.1628756614008111,
    "1,3,5": 0.007009794850370121,
    "1,3,6": 0.15610072468916958,
    "1,3,7": 0.2424540727308594,
    "1,4,5": -0.04817823184136483,
    "1,4,6": 0.1619601809477259,
    "1,4,7": 0.235784098186679,
    "1,5,6": 0.32866856278342504,
    "1,5,7": 0.3700693802289743,
    "1,6,7": 0.7791054656101908,
    "2,3,4": 0.075436563050999,
    "2,3,5": 0.27063317945578924,
    "2,3,6": 0.32707907782115053,
    "2,3,7": 0.43258756336772153,
    "2,4,5": 0.15778153691668073,
    "2,4,6": 0.3304533097713508,
    "2,4,7": 0.4154513358733133,
    "2,5,6": 0.5030486040865192,
    "2,5,7": 0.5473250785609636,
    "2,6,7": 0.8152048074222644,
    "3,4,5": -0.03990564319102918,
    "3,4,6": 0.15456633523803065,
    "3,4,7": 0.20263286501245792,
    "3,5,6": 0.30253620522945135,
    "3,5,7": 0.3006138172904884,
    "3,6,7": 0.7609288381155429,
    "4,5,6": 0.3123464855867357,
    "4,5,7": 0.3142117424926286,
    "4,6,7": 0.7602207141281969,
    "5,6,7": 0.7596994349123163,
    "0,1,2,3": 0.5586910694287803,
    "0,1,2,4": 0.5325325586484,
    "0,1,2,5": 0.608966948251217,
    "0,1,2,6": 0.6167907235254182,
    "0,1,2,7": 0.6341945136015734,
    "0,1,3,4": 0.4904243428488225,
    "0,1,3,5": 0.590249306854506,
    "0,1,3,6": 0.6027372858332973,
    "0,1,3,7": 0.6280046164997127,
    "0,1,4,5": 0.5889143318841978,
    "0,1,4,6": 0.5921355902078217,
    "0,1,4,7": 0.6118834145360873,
    "0,1,5,6": 0.6888016366580098,
    "0,1,5,7": 0.6866265829271506,
    "0,1,6,7": 0.8047378737915403,
    "0,2,3,4": 0.5005373110648095,
    "0,2,3,5": 0.5734023929345581,
    "0,2,3,6": 0.6015558038680653,
    "0,2,3,7": 0.6231507945627377,
    "0,2,4,5": 0.5598757356046579,
    "0,2,4,6": 0.575200992768051,
    "0,2,4,7": 0.6090408051799803,
    "0,2,5,6": 0.6535651435121821,
    "0,2,5,7": 0.6789510624902677,
    "0,2,6,7": 0.8139025242694939,
    "0,3,4,5": 0.5401128003751952,
    "0,3,4,6": 0.5645839744442211,
    "0,3,4,7": 0.609409882413634,
    "0,3,5,6": 0.650501531915337,
    "0,3,5,7": 0.671969479097702,
    "0,3,6,7": 0.8070390486000631,
    "0,4,5,6": 0.6588427523027847,
    "0,4,5,7": 0.6698277618318635,
    "0,4,6,7": 0.8083417437864956,
    "0,5,6,7": 0.789401742543845,
    "1,2,3,4": 0.18464639388701898,
    "1,2,3,5": 0.3320135326057132,
    "1,2,3,6": 0.43360463199424615,
    "1,2,3,7": 0.5093001781347755,
    "1,2,4,5": 0.26495544989726094,
    "1,2,4,6": 0.3953497465602276,
    "1,2,4,7": 0.4842028181834169,
    "1,2,5,6": 0.5407024576195238,
    "1,2,5,7": 0.5956236528247594,
    "1,2,6,7": 0.8120822597931598,
    "1,3,4,5": 0.045149373916382296,
    "1,3,4,6": 0.20999414678990458,
    "1,3,4,7": 0.28302463085343,
    "1,3,5,6": 0.3744178873651217,
    "1,3,5,7": 0.3793649091796899,
    "1,3,6,7": 0.7711085988618165,
    "1,4,5,6": 0.36030318964755537,
    "1,4,5,7": 0.39933876251758893,
    "1,4,6,7": 0.7602850055194876,
    "1,5,6,7": 0.7494978337158429,
    "2,3,4,5": 0.29724955787627483,
    "2,3,4,6": 0.36135234856315857,
    "2,3,4,7": 0.46311966423164197,
    "2,3,5,6": 0.5656345002995491,
    "2,3,5,7": 0.5818448624077506,
    "2,3,6,7": 0.815439134842367,
    "2,4,5,6": 0.5302268390708291,
    "2,4,5,7": 0.5523788700496777,
    "2,4,6,7": 0.8028966111431102,
    "2,5,6,7": 0.809944001182719,
    "3,4,5,6": 0.3339967097369403,
    "3,4,5,7": 0.3428242620623515,
    "3,4,6,7": 0.7495166027375546,
    "3,5,6,7": 0.7454839965774054,
    "4,5,6,7": 0.7526991458359169,
    "0,1,2,3,4": 0.5746470438661249,
    "0,1,2,3,5": 0.6316962710362375,
    "0,1,2,3,6": 0.6331264647371087,
    "0,1,2,3,7": 0.6474625952099304,
    "0,1,2,4,5": 0.625797240166929,
    "0,1,2,4,6": 0.6186746913977973,
    "0,1,2,4,7": 0.6329541103467775,
    "0,1,2,5,6": 0.6870982314840437,
    "0,1,2,5,7": 0.6900780081608887,
    "0,1,2,6,7": 0.7939660847239044,
    "0,1,3,4,5": 0.6090836120486909,
    "0,1,3,4,6": 0.6087646694283142,
    "0,1,3,4,7": 0.636185325904196,
    "0,1,3,5,6": 0.6959061785897109,
    "0,1,3,5,7": 0.6948521992364718,
    "0,1,3,6,7": 0.7966608289902348,
    "0,1,4,5,6": 0.6905895576664474,
    "0,1,4,5,7": 0.6872350415808153,
    "0,1,4,6,7": 0.8024779330805165,
    "0,1,5,6,7": 0.7828806582637924,
    "0,2,3,4,5": 0.5887010564857479,
    "0,2,3,4,6": 0.6068695186736814,
    "0,2,3,4,7": 0.6292738438496523,
    "0,2,3,5,6": 0.6646451622848846,
    "0,2,3,5,7": 0.6802057219773996,
    "0,2,3,6,7": 0.8076863052120005,
    "0,2,4,5,6": 0.6654564832828239,
    "0,2,4,5,7": 0.6826597899762237,
    "0,2,4,6,7": 0.8040096932362799,
    "0,2,5,6,7": 0.7842678510522159,
    "0,3,4,5,6": 0.6635777666489739,
    "0,3,4,5,7": 0.6755597821556676,
    "0,3,4,6,7": 0.8097477009641635,
    "0,3,5,6,7": 0.7851153958025436,
    "0,4,5,6,7": 0.7855357377699558,
    "1,2,3,4,5": 0.35572886687228145,
    "1,2,3,4,6": 0.4361584520580837,
    "1,2,3,4,7": 0.5123775545101388,
    "1,2,3,5,6": 0.5918889237248534,
    "1,2,3,5,7": 0.6210060421510184,
    "1,2,3,6,7": 0.8173280576771103,
    "1,2,4,5,6": 0.5513362953344605,
    "1,2,4,5,7": 0.5909958849140816,
    "1,2,4,6,7": 0.8061530113741736,
    "1,2,5,6,7": 0.8061570228151356,
    "1,3,4,5,6": 0.3843546539809266,
    "1,3,4,5,7": 0.4027202497924375,
    "1,3,4,6,7": 0.7488381973386293,
    "1,3,5,6,7": 0.7413980146126855,
    "1,4,5,6,7": 0.7495015272162001,
    "2,3,4,5,6": 0.5749153006036942,
    "2,3,4,5,7": 0.5935447461684467,
    "2,3,4,6,7": 0.8085391016387683,
    "2,3,5,6,7": 0.805083534219759,
    "2,4,5,6,7": 0.8012577449622926,
    "3,4,5,6,7": 0.7409095309724065,
    "0,1,2,3,4,5": 0.6493251738090147,