{
  "object_name": "Game",
  "data_type": "game",
  "version": "1.4.2.dev29+g3d3c3a7e6.d20260421",
  "created_from": null,
  "description": null,
  "parameters": {},
  "timestamp": "2026-04-21T12:25:55.987092+00:00Z",
  "metadata": {
    "n_players": 8,
    "game_name": "Game_object",
    "normalization_value": 0.0,
    "precompute_flag": false,
    "precomputed": true,
    "player_names": null
  },
  "data": {
    "Empty": 0.0,
    "0": 0.294674529003604,
    "1": 0.016190441862088623,
    "2": -0.2820226930314593,
    "3": -0.42494685636152174,
    "4": -0.2074855183145914,
    "5": -0.3703107012215947,
    "6": 0.22388176552628947,
    "7": 0.29458163501543444,
    "0,1": 0.38963035392570367,
    "0,2": 0.441192604259817,
    "0,3": 0.39021115127591954,
    "0,4": 0.3675745287561295,
    "0,5": 0.4809028157692138,
    "0,6": 0.4934915340111812,
    "0,7": 0.5436379151903464,
    "1,2": -0.050792079498104936,
    "1,3": -0.26436383036293076,
    "1,4": -0.34520972545685114,
    "1,5": -0.17888253209205174,
    "1,6": 0.13130758238407148,
    "1,7": 0.21020793902324675,
    "2,3": 0.044846980866275254,
    "2,4": -0.053872523745009726,
    "2,5": 0.10848587798512321,
    "2,6": 0.23538659650673976,
    "2,7": 0.34573869163260806,
    "3,4": -0.20039831685639342,
    "3,5": -0.13955158566544767,
    "3,6": -0.003399284920200696,
    "3,7": 0.1020439286546817,
    "4,5": -0.16150758783153374,
    "4,6": 0.04517089536246632,
    "4,7": 0.10582892015403278,
    "5,6": 0.22222888748008962,
    "5,7": 0.22480302433213106,
    "6,7": 0.7903171150855307,
    "0,1,2": 0.5220776597673071,
    "0,1,3": 0.46926340614233675,
    "0,1,4": 0.44835979616715604,
    "0,1,5": 0.5595514670048211,
    "0,1,6": 0.5779476695917697,
    "0,1,7": 0.6058336828253831,
    "0,2,3": 0.5070611291154525,
    "0,2,4": 0.46646580011916317,
    "0,2,5": 0.5619644534143373,
    "0,2,6": 0.5721193763318286,
    "0,2,7": 0.6073325883596915,
    "0,3,4": 0.43007093511637395,
    "0,3,5": 0.5231815677793007,
    "0,3,6": 0.5463548991063034,
    "0,3,7": 0.5877562441516997,
    "0,4,5": 0.5316346856623759,
    "0,4,6": 0.5404938636016665,
    "0,4,7": 0.5890018930954743,
    "0,5,6": 0.6372532579595117,
    "0,5,7": 0.6692753791478806,
    "0,6,7": 0.8080870117134258,
    "1,2,3": 0.1303867071519298,
    "1,2,4": 0.07006113101647882,
    "1,2,5": 0.23500869490681664,
    "1,2,6": 0.3698112405233628,
    "1,2,7": 0.46038621743626207,
    "1,3,4": -0.16457733399734176,
    "1,3,5": -0.02610308506414749,
    "1,3,6": 0.15646752119530005,
    "1,3,7": 0.25780964078378976,
    "1,4,5": -0.06424826243675152,
    "1,4,6": 0.19241874512021495,
    "1,4,7": 0.2707898418366268,
    "1,5,6": 0.33002805118304934,
    "1,5,7": 0.38585455957289827,
    "1,6,7": 0.7800928646844452,
    "2,3,4": 0.09171110746211697,
    "2,3,5": 0.27701337347715005,
    "2,3,6": 0.32380449806089406,
    "2,3,7": 0.4532992291192752,
    "2,4,5": 0.15933013225822368,
    "2,4,6": 0.3147946982646129,
    "2,4,7": 0.41900817440322013,
    "2,5,6": 0.5009426424694581,
    "2,5,7": 0.5379422500852904,
    "2,6,7": 0.7969578503107073,
    "3,4,5": -0.05765737524972292,
    "3,4,6": 0.1358336398678669,
    "3,4,7": 0.19688787083927095,
    "3,5,6": 0.296681695046614,
    "3,5,7": 0.31776629058264283,
    "3,6,7": 0.7653476821645502,
    "4,5,6": 0.3131416871206849,
    "4,5,7": 0.28289623166404687,
    "4,6,7": 0.7644964632651573,
    "5,6,7": 0.7580203615852219,
    "0,1,2,3": 0.5631939670050137,
    "0,1,2,4": 0.5324282194490418,
    "0,1,2,5": 0.6309883461228607,
    "0,1,2,6": 0.6138956572285259,
    "0,1,2,7": 0.6470493691925902,
    "0,1,3,4": 0.489838244362481,
    "0,1,3,5": 0.5870163169218043,
    "0,1,3,6": 0.5931719325074447,
    "0,1,3,7": 0.6370157653845957,
    "0,1,4,5": 0.594193662472796,
    "0,1,4,6": 0.5946446463978048,
    "0,1,4,7": 0.6206159165918735,
    "0,1,5,6": 0.6806135106451079,
    "0,1,5,7": 0.6960988059461681,
    "0,1,6,7": 0.7935008568027184,
    "0,2,3,4": 0.5275880734565095,
    "0,2,3,5": 0.5956958109417576,
    "0,2,3,6": 0.5954169854970777,
    "0,2,3,7": 0.6261301688731339,
    "0,2,4,5": 0.5797163424032534,
    "0,2,4,6": 0.580048049306522,
    "0,2,4,7": 0.6148767724519411,
    "0,2,5,6": 0.6642615705171251,
    "0,2,5,7": 0.6824880227531573,
    "0,2,6,7": 0.8069573227100584,
    "0,3,4,5": 0.5425034811805857,
    "0,3,4,6": 0.5650609447570233,
    "0,3,4,7": 0.6140480965982245,
    "0,3,5,6": 0.6569407425118244,
    "0,3,5,7": 0.6767404383469602,
    "0,3,6,7": 0.8022019526114759,
    "0,4,5,6": 0.6528741227201651,
    "0,4,5,7": 0.6821282410613394,
    "0,4,6,7": 0.8061720187192691,
    "0,5,6,7": 0.7913272937720536,
    "1,2,3,4": 0.16411408986785836,
    "1,2,3,5": 0.3295216222182762,
    "1,2,3,6": 0.43425441880014415,
    "1,2,3,7": 0.5075701589028485,
    "1,2,4,5": 0.2573686836541862,
    "1,2,4,6": 0.38197882974497843,
    "1,2,4,7": 0.48677022370952794,
    "1,2,5,6": 0.5534078854519926,
    "1,2,5,7": 0.5850956337428919,
    "1,2,6,7": 0.7981335360774138,
    "1,3,4,5": 0.00446769335487085,
    "1,3,4,6": 0.2052383872564727,
    "1,3,4,7": 0.3021277202848265,
    "1,3,5,6": 0.37977899840828633,
    "1,3,5,7": 0.3985090955271742,
    "1,3,6,7": 0.7637868635967273,
    "1,4,5,6": 0.3746376261681347,
    "1,4,5,7": 0.40415718599267114,
    "1,4,6,7": 0.7627226274670759,
    "1,5,6,7": 0.746929700315187,
    "2,3,4,5": 0.29153716770035076,
    "2,3,4,6": 0.3798130667862112,
    "2,3,4,7": 0.474901636625249,
    "2,3,5,6": 0.5374787003806392,
    "2,3,5,7": 0.5779908194033714,
    "2,3,6,7": 0.8073091443167318,
    "2,4,5,6": 0.5173182315828754,
    "2,4,5,7": 0.5465184926238655,
    "2,4,6,7": 0.7946093127541269,
    "2,5,6,7": 0.7918512003678514,
    "3,4,5,6": 0.35318434452959746,
    "3,4,5,7": 0.3403534341005846,
    "3,4,6,7": 0.7528683446335162,
    "3,5,6,7": 0.7417924638937421,
    "4,5,6,7": 0.7468685138599316,
    "0,1,2,3,4": 0.5813452854038084,
    "0,1,2,3,5": 0.6439910352655969,
    "0,1,2,3,6": 0.6372125064177911,
    "0,1,2,3,7": 0.6574924757766015,
    "0,1,2,4,5": 0.6492605486328464,
    "0,1,2,4,6": 0.6253854763084943,
    "0,1,2,4,7": 0.6434188310980544,
    "0,1,2,5,6": 0.7079560347884495,
    "0,1,2,5,7": 0.7119272917614399,
    "0,1,2,6,7": 0.7978344991469923,
    "0,1,3,4,5": 0.6117079835657959,
    "0,1,3,4,6": 0.6096526253939362,
    "0,1,3,4,7": 0.6322171981770799,
    "0,1,3,5,6": 0.6901841915833371,
    "0,1,3,5,7": 0.6976536208834112,
    "0,1,3,6,7": 0.7940300668740914,
    "0,1,4,5,6": 0.6902378413736974,
    "0,1,4,5,7": 0.7144918288704241,
    "0,1,4,6,7": 0.7975675558891175,
    "0,1,5,6,7": 0.78549979669746,
    "0,2,3,4,5": 0.6034099851311389,
    "0,2,3,4,6": 0.6109420606032985,
    "0,2,3,4,7": 0.6393633090059017,
    "0,2,3,5,6": 0.6761731726655736,
    "0,2,3,5,7": 0.6898197560345041,
    "0,2,3,6,7": 0.7922199216971157,
    "0,2,4,5,6": 0.6732918688837163,
    "0,2,4,5,7": 0.6893256965695496,
    "0,2,4,6,7": 0.8018790683029542,
    "0,2,5,6,7": 0.7925608025361582,
    "0,3,4,5,6": 0.6665486421035588,
    "0,3,4,5,7": 0.6872357304605432,
    "0,3,4,6,7": 0.7974653014321178,
    "0,3,5,6,7": 0.7911256921227627,
    "0,4,5,6,7": 0.7898705066562202,
    "1,2,3,4,5": 0.3577038509481393,
    "1,2,3,4,6": 0.4441459428778167,
    "1,2,3,4,7": 0.5165457228817891,
    "1,2,3,5,6": 0.5884903870378131,
    "1,2,3,5,7": 0.6150599479993777,
    "1,2,3,6,7": 0.8014569330255801,
    "1,2,4,5,6": 0.5561041599108985,
    "1,2,4,5,7": 0.590949856937728,
    "1,2,4,6,7": 0.7980134693083696,
    "1,2,5,6,7": 0.7991255201789128,
    "1,3,4,5,6": 0.39532892231479666,
    "1,3,4,5,7": 0.4017917826696049,
    "1,3,4,6,7": 0.7527314138641079,
    "1,3,5,6,7": 0.7375917574078699,
    "1,4,5,6,7": 0.748762550579654,
    "2,3,4,5,6": 0.5442654897876992,
    "2,3,4,5,7": 0.5825919734779023,
    "2,3,4,6,7": 0.8042532053025913,
    "2,3,5,6,7": 0.7926382661739406,
    "2,4,5,6,7": 0.787039982960584,
    "3,4,5,6,7": 0.7398354585152978,