{
  "object_name": "Game",
  "data_type": "game",
  "version": "1.4.2.dev29+g3d3c3a7e6.d20260421",
  "created_from": null,
  "description": null,
  "parameters": {},
  "timestamp": "2026-04-21T12:25:55.969330+00:00Z",
  "metadata": {
    "n_players": 8,
    "game_name": "Game_object",
    "normalization_value": 0.0,
    "precompute_flag": false,
    "precomputed": true,
    "player_names": null
  },
  "data": {
    "Empty": 0.0,
    "0": 0.4825672330713634,
    "1": 0.018415082499620428,
    "2": 0.14654022833224656,
    "3": -0.0011049637436475468,
    "4": -0.008908399087992347,
    "5": 0.07216984808016658,
    "6": 0.23467491692877696,
    "7": 0.3050846660913993,
    "0,1": 0.5056197488200262,
    "0,2": 0.5194810125851025,
    "0,3": 0.46668244257997393,
    "0,4": 0.45414317836031404,
    "0,5": 0.5580050009150606,
    "0,6": 0.5793547029831123,
    "0,7": 0.6107311948872838,
    "1,2": 0.1589307313424042,
    "1,3": -0.0390774306396553,
    "1,4": -0.04051105611078887,
    "1,5": 0.07385685959434729,
    "1,6": 0.26295547851532064,
    "1,7": 0.3437312489103489,
    "2,3": 0.16384752131975944,
    "2,4": 0.08744346816488169,
    "2,5": 0.23769408940514203,
    "2,6": 0.3731342166508015,
    "2,7": 0.469199938635286,
    "3,4": -0.051036433578671936,
    "3,5": 0.06297213395373757,
    "3,6": 0.20714561033362777,
    "3,7": 0.2658215701587141,
    "4,5": 0.002463396333578949,
    "4,6": 0.22300639226550345,
    "4,7": 0.28981702775541596,
    "5,6": 0.33515754124936414,
    "5,7": 0.3623524861425549,
    "6,7": 0.771506004762455,
    "0,1,2": 0.5767318874435603,
    "0,1,3": 0.5308794668653126,
    "0,1,4": 0.5126065094426644,
    "0,1,5": 0.6182352784125714,
    "0,1,6": 0.6281031440012126,
    "0,1,7": 0.6543877859980715,
    "0,2,3": 0.5438646143800436,
    "0,2,4": 0.5190337599558028,
    "0,2,5": 0.6099619776091697,
    "0,2,6": 0.6040528721923177,
    "0,2,7": 0.641814046581648,
    "0,3,4": 0.4758654961117572,
    "0,3,5": 0.5696946708746081,
    "0,3,6": 0.5917689237122484,
    "0,3,7": 0.6232826872570777,
    "0,4,5": 0.5625697727032628,
    "0,4,6": 0.5834989801581945,
    "0,4,7": 0.6154479045461209,
    "0,5,6": 0.6792832506759945,
    "0,5,7": 0.6985310844235555,
    "0,6,7": 0.8253232597598201,
    "1,2,3": 0.2332559274677648,
    "1,2,4": 0.16763535552036768,
    "1,2,5": 0.2819876909264566,
    "1,2,6": 0.4399433250216105,
    "1,2,7": 0.5176523230536154,
    "1,3,4": -0.031059054662208263,
    "1,3,5": 0.10519091507258216,
    "1,3,6": 0.25508498163036564,
    "1,3,7": 0.3353688578588132,
    "1,4,5": 0.0830020440636039,
    "1,4,6": 0.2857638796902048,
    "1,4,7": 0.3478861246915613,
    "1,5,6": 0.4161699905274463,
    "1,5,7": 0.4230407534457731,
    "1,6,7": 0.7688123574434453,
    "2,3,4": 0.16996643124113575,
    "2,3,5": 0.3330439292095698,
    "2,3,6": 0.416033031798678,
    "2,3,7": 0.4932836716930059,
    "2,4,5": 0.23343436933779782,
    "2,4,6": 0.39291180381281865,
    "2,4,7": 0.4776466903297597,
    "2,5,6": 0.5316230428472699,
    "2,5,7": 0.5791529966622664,
    "2,6,7": 0.8180189950887226,
    "3,4,5": 0.051935642710066676,
    "3,4,6": 0.23965792534113473,
    "3,4,7": 0.30227024166804817,
    "3,5,6": 0.35590416280572057,
    "3,5,7": 0.38323809438163514,
    "3,6,7": 0.7486876000570184,
    "4,5,6": 0.34809532379160635,
    "4,5,7": 0.36368899287390943,
    "4,6,7": 0.7471885112739853,
    "5,6,7": 0.7491434932385665,
    "0,1,2,3": 0.6021123333450717,
    "0,1,2,4": 0.5589476161806308,
    "0,1,2,5": 0.6535294396699011,
    "0,1,2,6": 0.6542194398897204,
    "0,1,2,7": 0.681792219646882,
    "0,1,3,4": 0.535052013866145,
    "0,1,3,5": 0.6287512544730551,
    "0,1,3,6": 0.6372301720358433,
    "0,1,3,7": 0.664569775523058,
    "0,1,4,5": 0.6280947988982143,
    "0,1,4,6": 0.6283968483080082,
    "0,1,4,7": 0.6492561418734062,
    "0,1,5,6": 0.7213308741064786,
    "0,1,5,7": 0.7327793919852552,
    "0,1,6,7": 0.8272909745667627,
    "0,2,3,4": 0.553356427431865,
    "0,2,3,5": 0.6165837717802237,
    "0,2,3,6": 0.6212992603566968,
    "0,2,3,7": 0.6519949798589901,
    "0,2,4,5": 0.6108829435820426,
    "0,2,4,6": 0.6243793947471973,
    "0,2,4,7": 0.6496008203233645,
    "0,2,5,6": 0.7007823024456505,
    "0,2,5,7": 0.7210664711536272,
    "0,2,6,7": 0.8260945897285523,
    "0,3,4,5": 0.5859623127867986,
    "0,3,4,6": 0.6024899800358218,
    "0,3,4,7": 0.6353660807890915,
    "0,3,5,6": 0.6984533180541335,
    "0,3,5,7": 0.7013757663632563,
    "0,3,6,7": 0.8229302278718182,
    "0,4,5,6": 0.6872891816661437,
    "0,4,5,7": 0.7029853980564453,
    "0,4,6,7": 0.8249493014497007,
    "0,5,6,7": 0.8239145911967489,
    "1,2,3,4": 0.2367063886827413,
    "1,2,3,5": 0.38631202892365724,
    "1,2,3,6": 0.46646158097335555,
    "1,2,3,7": 0.5433845930448957,
    "1,2,4,5": 0.3222698711928663,
    "1,2,4,6": 0.45190006949472283,
    "1,2,4,7": 0.5204579987680803,
    "1,2,5,6": 0.5885399953308412,
    "1,2,5,7": 0.6114327042589398,
    "1,2,6,7": 0.8191889692733744,
    "1,3,4,5": 0.11047101702416307,
    "1,3,4,6": 0.28352544960328474,
    "1,3,4,7": 0.357108575290221,
    "1,3,5,6": 0.4131847448955196,
    "1,3,5,7": 0.4382704140741873,
    "1,3,6,7": 0.7492397226760981,
    "1,4,5,6": 0.42227650489347446,
    "1,4,5,7": 0.4289207922060482,
    "1,4,6,7": 0.760406796528676,
    "1,5,6,7": 0.7581344875565947,
    "2,3,4,5": 0.34454498153270186,
    "2,3,4,6": 0.42438033291557764,
    "2,3,4,7": 0.5087412288551567,
    "2,3,5,6": 0.5837168893835167,
    "2,3,5,7": 0.6121882936015267,
    "2,3,6,7": 0.8222928144520767,
    "2,4,5,6": 0.5466805411883102,
    "2,4,5,7": 0.5801647881056056,
    "2,4,6,7": 0.8133498625041782,
    "2,5,6,7": 0.8112900435239356,
    "3,4,5,6": 0.37386768268253157,
    "3,4,5,7": 0.396924399287662,
    "3,4,6,7": 0.7418860748877505,
    "3,5,6,7": 0.7481770718027807,
    "4,5,6,7": 0.738378622625727,
    "0,1,2,3,4": 0.5969176989268267,
    "0,1,2,3,5": 0.6703164083036257,
    "0,1,2,3,6": 0.6615818753757117,
    "0,1,2,3,7": 0.6846957065155705,
    "0,1,2,4,5": 0.6581651418096437,
    "0,1,2,4,6": 0.6500101841640764,
    "0,1,2,4,7": 0.6796767662835876,
    "0,1,2,5,6": 0.7380122883862936,
    "0,1,2,5,7": 0.7480477365818246,
    "0,1,2,6,7": 0.8269894185448119,
    "0,1,3,4,5": 0.6348880088476558,
    "0,1,3,4,6": 0.6430787322630953,
    "0,1,3,4,7": 0.6685931010642906,
    "0,1,3,5,6": 0.7225393582953762,
    "0,1,3,5,7": 0.7345319467447298,
    "0,1,3,6,7": 0.8171572662132602,
    "0,1,4,5,6": 0.729473460203395,
    "0,1,4,5,7": 0.7336699834383088,
    "0,1,4,6,7": 0.8236373776632059,
    "0,1,5,6,7": 0.8301075976434023,
    "0,2,3,4,5": 0.6245058554751786,
    "0,2,3,4,6": 0.6322526003731391,
    "0,2,3,4,7": 0.6604978529899673,
    "0,2,3,5,6": 0.7059636759049883,
    "0,2,3,5,7": 0.7123717758436867,
    "0,2,3,6,7": 0.81935644270454,
    "0,2,4,5,6": 0.7046995803694622,
    "0,2,4,5,7": 0.7176338961814206,
    "0,2,4,6,7": 0.8227348013187783,
    "0,2,5,6,7": 0.8292602838751735,
    "0,3,4,5,6": 0.6939302925230053,
    "0,3,4,5,7": 0.7112542356151903,
    "0,3,4,6,7": 0.82171490852548,
    "0,3,5,6,7": 0.824279458700976,
    "0,4,5,6,7": 0.8189557664630401,
    "1,2,3,4,5": 0.3903169763636166,
    "1,2,3,4,6": 0.47970461789531993,
    "1,2,3,4,7": 0.5518095730172075,
    "1,2,3,5,6": 0.6245967299116876,
    "1,2,3,5,7": 0.6532442843761261,
    "1,2,3,6,7": 0.8213114027401557,
    "1,2,4,5,6": 0.5955313485898239,
    "1,2,4,5,7": 0.6125793802916615,
    "1,2,4,6,7": 0.8151393249401018,
    "1,2,5,6,7": 0.8169251556355623,
    "1,3,4,5,6": 0.4357939110851824,
    "1,3,4,5,7": 0.4547470858074929,
    "1,3,4,6,7": 0.7410376181261376,
    "1,3,5,6,7": 0.7483910492378971,
    "1,4,5,6,7": 0.7546797090523255,
    "2,3,4,5,6": 0.5941917107186865,
    "2,3,4,5,7": 0.6248687595783246,
    "2,3,4,6,7": 0.8176736674872045,
    "2,3,5,6,7": 0.815175396207307,
    "2,4,5,6,7": 0.8065508669958389,
    "3,4,5,6,7": 0.7339568271403609,
    "0,1,2,3,4,5": 0.6688980239520885,