{
  "object_name": "Game",
  "data_type": "game",
  "version": "1.4.2.dev29+g3d3c3a7e6.d20260421",
  "created_from": null,
  "description": null,
  "parameters": {},
  "timestamp": "2026-04-21T12:25:55.898128+00:00Z",
  "metadata": {
    "n_players": 8,
    "game_name": "Game_object",
    "normalization_value": 0.0,
    "precompute_flag": false,
    "precomputed": true,
    "player_names": null
  },
  "data": {
    "Empty": 0.0,
    "0": 0.117665536007453,
    "1": 0.024128936565046444,
    "2": -0.7004051033026679,
    "3": -0.8572499846043808,
    "4": -0.2260905263880031,
    "5": -0.8642556710051492,
    "6": 0.23058236564951473,
    "7": 0.2744334356318543,
    "0,1": 0.11210003490988407,
    "0,2": 0.09684588776565783,
    "0,3": -0.0769876946185668,
    "0,4": -0.05095245806615645,
    "0,5": 0.17337444685241798,
    "0,6": 0.20407234805087093,
    "0,7": 0.27053113550301655,
    "1,2": -0.5646476447541036,
    "1,3": -0.9498346188541111,
    "1,4": -0.9514598454532803,
    "1,5": -0.7153054520875588,
    "1,6": -0.08931904627681031,
    "1,7": -0.05512163121271585,
    "2,3": -0.5642795238642622,
    "2,4": -0.7635309267173089,
    "2,5": -0.4684286709531602,
    "2,6": -0.13869221937988607,
    "2,7": -0.03374936047348642,
    "3,4": -0.9585788818755594,
    "3,5": -0.8103227493740228,
    "3,6": -0.48849262727681575,
    "3,7": -0.37020419212610944,
    "4,5": -0.8447777790363935,
    "4,6": -0.3982036003473788,
    "4,7": -0.381124488599643,
    "5,6": -0.2046974283006633,
    "5,7": -0.19252606594371668,
    "6,7": 0.7228434679887863,
    "0,1,2": 0.19468756566988443,
    "0,1,3": 0.07991711771378684,
    "0,1,4": 0.047562707201109444,
    "0,1,5": 0.2764749520707682,
    "0,1,6": 0.28872559047113155,
    "0,1,7": 0.3179886255473613,
    "0,2,3": 0.029962075372958474,
    "0,2,4": 0.0701352597201913,
    "0,2,5": 0.24660986337847468,
    "0,2,6": 0.24868109321705945,
    "0,2,7": 0.2851143775333934,
    "0,3,4": -0.05495772380483688,
    "0,3,5": 0.17212148550032214,
    "0,3,6": 0.1762301114468633,
    "0,3,7": 0.27473153151622687,
    "0,4,5": 0.16972398514759213,
    "0,4,6": 0.2181407136861413,
    "0,4,7": 0.2679401126397579,
    "0,5,6": 0.3856240518854158,
    "0,5,7": 0.4056889765894175,
    "0,6,7": 0.6833088852999214,
    "1,2,3": -0.5033629896895715,
    "1,2,4": -0.5725118138575638,
    "1,2,5": -0.32803738258451864,
    "1,2,6": -0.08430813934336356,
    "1,2,7": 0.0710911103929579,
    "1,3,4": -0.9543434029133009,
    "1,3,5": -0.7281249841423336,
    "1,3,6": -0.3480272131701625,
    "1,3,7": -0.25937203212848714,
    "1,4,5": -0.7113226372485133,
    "1,4,6": -0.35323817262982304,
    "1,4,7": -0.3327965247327447,
    "1,5,6": -0.0967852335419781,
    "1,5,7": -0.08961739408739522,
    "1,6,7": 0.6388819356598543,
    "2,3,4": -0.6154688623743547,
    "2,3,5": -0.2542674188601892,
    "2,3,6": -0.10048223376926213,
    "2,3,7": 0.013110888997635572,
    "2,4,5": -0.4719512700130133,
    "2,4,6": -0.16618898548568106,
    "2,4,7": 0.016968450063721385,
    "2,5,6": 0.1363518855032484,
    "2,5,7": 0.24530507415644087,
    "2,6,7": 0.6626252176150507,
    "3,4,5": -0.8734954767446381,
    "3,4,6": -0.4136780109708411,
    "3,4,7": -0.3991467406577429,
    "3,5,6": -0.12421620762962493,
    "3,5,7": -0.17198686378812944,
    "3,6,7": 0.6234996748854915,
    "4,5,6": -0.14056636732556482,
    "4,5,7": -0.16149159840179284,
    "4,6,7": 0.6131011666248685,
    "5,6,7": 0.6113242635102561,
    "0,1,2,3": 0.25935326603454134,
    "0,1,2,4": 0.1504438827636394,
    "0,1,2,5": 0.3554867041146661,
    "0,1,2,6": 0.29532169587809787,
    "0,1,2,7": 0.333408928859951,
    "0,1,3,4": 0.08243595949348703,
    "0,1,3,5": 0.29963872959856896,
    "0,1,3,6": 0.26064988126513156,
    "0,1,3,7": 0.339994418794754,
    "0,1,4,5": 0.27650445198868623,
    "0,1,4,6": 0.26922014440226094,
    "0,1,4,7": 0.28956189206371974,
    "0,1,5,6": 0.44667675836890897,
    "0,1,5,7": 0.4371726859930146,
    "0,1,6,7": 0.6580559491543574,
    "0,2,3,4": 0.11859102448788694,
    "0,2,3,5": 0.267589211442246,
    "0,2,3,6": 0.2824564418918232,
    "0,2,3,7": 0.31579436198937527,
    "0,2,4,5": 0.25260264336321014,
    "0,2,4,6": 0.2758072246649348,
    "0,2,4,7": 0.2813112411355888,
    "0,2,5,6": 0.4010823275233605,
    "0,2,5,7": 0.4304500026692568,
    "0,2,6,7": 0.6808819252009481,
    "0,3,4,5": 0.17231768478243348,
    "0,3,4,6": 0.2202491515631878,
    "0,3,4,7": 0.27884817717323385,
    "0,3,5,6": 0.400258143345258,
    "0,3,5,7": 0.4039237096861995,
    "0,3,6,7": 0.664565813617837,
    "0,4,5,6": 0.3655486803147089,
    "0,4,5,7": 0.4178726076472943,
    "0,4,6,7": 0.6885668739629098,
    "0,5,6,7": 0.6289264214431292,
    "1,2,3,4": -0.4960507766378206,
    "1,2,3,5": -0.18004823565917416,
    "1,2,3,6": -0.04556295107486563,
    "1,2,3,7": 0.1171377679700012,
    "1,2,4,5": -0.27846069114078964,
    "1,2,4,6": -0.08716140450508636,
    "1,2,4,7": 0.10068714067290885,
    "1,2,5,6": 0.17174715066265223,
    "1,2,5,7": 0.22835340772529156,
    "1,2,6,7": 0.6445342484697876,
    "1,3,4,5": -0.6387731929594598,
    "1,3,4,6": -0.344210983820455,
    "1,3,4,7": -0.25358424861297846,
    "1,3,5,6": -0.09329585076076907,
    "1,3,5,7": -0.0799067181372235,
    "1,3,6,7": 0.5835909301240813,
    "1,4,5,6": -0.04190228423247655,
    "1,4,5,7": -0.061502643361517784,
    "1,4,6,7": 0.5890550807788774,
    "1,5,6,7": 0.5920345274816188,
    "2,3,4,5": -0.28127809952546245,
    "2,3,4,6": -0.12383689467851866,
    "2,3,4,7": 0.023577673932756893,
    "2,3,5,6": 0.188440624175637,
    "2,3,5,7": 0.299452893192966,
    "2,3,6,7": 0.6696677879692259,
    "2,4,5,6": 0.14457939089671645,
    "2,4,5,7": 0.20567901560276325,
    "2,4,6,7": 0.6652486189209517,
    "2,5,6,7": 0.6566020123986072,
    "3,4,5,6": -0.10888489227047327,
    "3,4,5,7": -0.1304179520757598,
    "3,4,6,7": 0.579945210592351,
    "3,5,6,7": 0.5638971360557317,
    "4,5,6,7": 0.5994560390754475,
    "0,1,2,3,4": 0.23012112047868183,
    "0,1,2,3,5": 0.3613447532369074,
    "0,1,2,3,6": 0.3401913494684333,
    "0,1,2,3,7": 0.3502560693426957,
    "0,1,2,4,5": 0.3589007226320625,
    "0,1,2,4,6": 0.27337577104418187,
    "0,1,2,4,7": 0.3077540189820528,
    "0,1,2,5,6": 0.45801607956367807,
    "0,1,2,5,7": 0.4742576475800008,
    "0,1,2,6,7": 0.6347738772188576,
    "0,1,3,4,5": 0.30184711582792434,
    "0,1,3,4,6": 0.30972544861456763,
    "0,1,3,4,7": 0.2830288846045068,
    "0,1,3,5,6": 0.4470936357242977,
    "0,1,3,5,7": 0.4654475834831482,
    "0,1,3,6,7": 0.6269887998177283,
    "0,1,4,5,6": 0.4608185774828173,
    "0,1,4,5,7": 0.4485525668083191,
    "0,1,4,6,7": 0.6409703432632946,
    "0,1,5,6,7": 0.5992460133806412,
    "0,2,3,4,5": 0.25851018420030514,
    "0,2,3,4,6": 0.2962179675608585,
    "0,2,3,4,7": 0.33700913703203894,
    "0,2,3,5,6": 0.4194399970116225,
    "0,2,3,5,7": 0.42006476554633976,
    "0,2,3,6,7": 0.6690757160166101,
    "0,2,4,5,6": 0.40664468583998314,
    "0,2,4,5,7": 0.42034788537650025,
    "0,2,4,6,7": 0.6842861951499678,
    "0,2,5,6,7": 0.6375497254660824,
    "0,3,4,5,6": 0.4066850350577742,
    "0,3,4,5,7": 0.4220680648541628,
    "0,3,4,6,7": 0.6741974668307631,
    "0,3,5,6,7": 0.6160296461954891,
    "0,4,5,6,7": 0.6190806716695293,
    "1,2,3,4,5": -0.16830855096771935,
    "1,2,3,4,6": -0.015671819695733724,
    "1,2,3,4,7": 0.10055267283828584,
    "1,2,3,5,6": 0.19736838585140437,
    "1,2,3,5,7": 0.282289149829676,
    "1,2,3,6,7": 0.6511247673398619,
    "1,2,4,5,6": 0.16112926097645663,
    "1,2,4,5,7": 0.2396295130383469,
    "1,2,4,6,7": 0.6515103716085495,
    "1,2,5,6,7": 0.652351450170706,
    "1,3,4,5,6": -0.07454529634484341,
    "1,3,4,5,7": -0.03739697261859298,
    "1,3,4,6,7": 0.5717501669359735,
    "1,3,5,6,7": 0.559561172672054,
    "1,4,5,6,7": 0.5438112323323985,
    "2,3,4,5,6": 0.21701588116942072,
    "2,3,4,5,7": 0.28403945856553425,
    "2,3,4,6,7": 0.6638861877892,
    "2,3,5,6,7": 0.6488167393090066,