{
  "object_name": "Game",
  "data_type": "game",
  "version": "1.4.2.dev29+g3d3c3a7e6.d20260421",
  "created_from": null,
  "description": null,
  "parameters": {},
  "timestamp": "2026-04-21T12:25:55.945685+00:00Z",
  "metadata": {
    "n_players": 8,
    "game_name": "Game_object",
    "normalization_value": 0.0,
    "precompute_flag": false,
    "precomputed": true,
    "player_names": null
  },
  "data": {
    "Empty": 0.0,
    "0": 0.462918815116095,
    "1": 0.02880278732328978,
    "2": 0.12264243940408193,
    "3": -0.004607554124101743,
    "4": -0.012310722237093064,
    "5": 0.07702830369991354,
    "6": 0.23559872840602136,
    "7": 0.29441445926470744,
    "0,1": 0.5056491896162123,
    "0,2": 0.4870299574435152,
    "0,3": 0.4486822289980481,
    "0,4": 0.44399013244841956,
    "0,5": 0.5689014710689151,
    "0,6": 0.5807161974431504,
    "0,7": 0.6056316794324853,
    "1,2": 0.16776567959898747,
    "1,3": -0.03759904880053977,
    "1,4": -0.030916765555822234,
    "1,5": 0.07059929209723215,
    "1,6": 0.27190817370475384,
    "1,7": 0.348117789647042,
    "2,3": 0.15300593848112043,
    "2,4": 0.06954148447571984,
    "2,5": 0.2139036355451337,
    "2,6": 0.36122370906547585,
    "2,7": 0.430909730548112,
    "3,4": -0.06950961650980503,
    "3,5": 0.051656114259938546,
    "3,6": 0.21240227933529954,
    "3,7": 0.27353912719203266,
    "4,5": -0.0009070056563251772,
    "4,6": 0.2129931938214008,
    "4,7": 0.26107055758564146,
    "5,6": 0.37451143543820975,
    "5,7": 0.3555693778072876,
    "6,7": 0.765352379373447,
    "0,1,2": 0.5635268167250815,
    "0,1,3": 0.5204623568126712,
    "0,1,4": 0.5077531218115432,
    "0,1,5": 0.6142636031571325,
    "0,1,6": 0.6367415038411739,
    "0,1,7": 0.6584375266070062,
    "0,2,3": 0.522825005338545,
    "0,2,4": 0.5027427515962468,
    "0,2,5": 0.6022629609099412,
    "0,2,6": 0.6128575730846297,
    "0,2,7": 0.6239695795462382,
    "0,3,4": 0.4492300171588093,
    "0,3,5": 0.5754239380609587,
    "0,3,6": 0.5899755242437896,
    "0,3,7": 0.6137814924833814,
    "0,4,5": 0.576751817734001,
    "0,4,6": 0.5865928475713762,
    "0,4,7": 0.613611081946748,
    "0,5,6": 0.6941419383561571,
    "0,5,7": 0.7065816426226808,
    "0,6,7": 0.8282747998699876,
    "1,2,3": 0.22408205370074752,
    "1,2,4": 0.15001673136835814,
    "1,2,5": 0.2768507904058981,
    "1,2,6": 0.45488059587682905,
    "1,2,7": 0.5148571662643646,
    "1,3,4": -0.04417971447533131,
    "1,3,5": 0.08222115760086424,
    "1,3,6": 0.274704762677907,
    "1,3,7": 0.348687419306589,
    "1,4,5": 0.06440595468022503,
    "1,4,6": 0.27692114558712666,
    "1,4,7": 0.3391734519643592,
    "1,5,6": 0.427830947062233,
    "1,5,7": 0.43194173009464454,
    "1,6,7": 0.7649596490653712,
    "2,3,4": 0.14469916381859438,
    "2,3,5": 0.32385661941345223,
    "2,3,6": 0.393179271489806,
    "2,3,7": 0.48381229453550034,
    "2,4,5": 0.21010202619355878,
    "2,4,6": 0.37085899365125996,
    "2,4,7": 0.4493077051976293,
    "2,5,6": 0.5482816088143265,
    "2,5,7": 0.5654955443228291,
    "2,6,7": 0.8197436397274322,
    "3,4,5": 0.03334316356948652,
    "3,4,6": 0.235957447866879,
    "3,4,7": 0.28617632892285494,
    "3,5,6": 0.37725700915660654,
    "3,5,7": 0.37788014034917294,
    "3,6,7": 0.7516873187488342,
    "4,5,6": 0.36718529801853617,
    "4,5,7": 0.35163953812488036,
    "4,6,7": 0.7447098714927338,
    "5,6,7": 0.7586703461704634,
    "0,1,2,3": 0.5846252955526079,
    "0,1,2,4": 0.567515288547827,
    "0,1,2,5": 0.6494003586563478,
    "0,1,2,6": 0.663975268389233,
    "0,1,2,7": 0.6682566474697214,
    "0,1,3,4": 0.5232937112619918,
    "0,1,3,5": 0.6248348578292902,
    "0,1,3,6": 0.6460236869613272,
    "0,1,3,7": 0.6632499710744393,
    "0,1,4,5": 0.6270955616852993,
    "0,1,4,6": 0.6384813957149094,
    "0,1,4,7": 0.6584844156479371,
    "0,1,5,6": 0.7342028381072709,
    "0,1,5,7": 0.7364059005914668,
    "0,1,6,7": 0.8334920104473404,
    "0,2,3,4": 0.535769270493531,
    "0,2,3,5": 0.607378422497189,
    "0,2,3,6": 0.6147453395314116,
    "0,2,3,7": 0.6313372886554974,
    "0,2,4,5": 0.6161430021922484,
    "0,2,4,6": 0.619132914099322,
    "0,2,4,7": 0.6345736622955418,
    "0,2,5,6": 0.7079980109586315,
    "0,2,5,7": 0.7189293070468143,
    "0,2,6,7": 0.8260041110622514,
    "0,3,4,5": 0.5803808880527804,
    "0,3,4,6": 0.593321316182843,
    "0,3,4,7": 0.6230404153020792,
    "0,3,5,6": 0.6966113429440546,
    "0,3,5,7": 0.7008795967761816,
    "0,3,6,7": 0.822924619757863,
    "0,4,5,6": 0.700832390639619,
    "0,4,5,7": 0.7142860716915185,
    "0,4,6,7": 0.8194417132702235,
    "0,5,6,7": 0.8220401495346789,
    "1,2,3,4": 0.22025938420568847,
    "1,2,3,5": 0.36620355454883735,
    "1,2,3,6": 0.47766279556585955,
    "1,2,3,7": 0.5383483581907431,
    "1,2,4,5": 0.2959031095369452,
    "1,2,4,6": 0.4381880565100762,
    "1,2,4,7": 0.516641515552395,
    "1,2,5,6": 0.6013914943417912,
    "1,2,5,7": 0.6168711400675839,
    "1,2,6,7": 0.8185677218025331,
    "1,3,4,5": 0.0813122736430455,
    "1,3,4,6": 0.2831114482299839,
    "1,3,4,7": 0.3500658991265321,
    "1,3,5,6": 0.41730292360356747,
    "1,3,5,7": 0.4345169483193656,
    "1,3,6,7": 0.755243993419999,
    "1,4,5,6": 0.42473524245667105,
    "1,4,5,7": 0.42591927634286575,
    "1,4,6,7": 0.7535303351325031,
    "1,5,6,7": 0.7551863003137185,
    "2,3,4,5": 0.31453151894341136,
    "2,3,4,6": 0.4050212309500053,
    "2,3,4,7": 0.48515952331984813,
    "2,3,5,6": 0.5837135534982585,
    "2,3,5,7": 0.6108620633785343,
    "2,3,6,7": 0.8193427032728609,
    "2,4,5,6": 0.5450248141841931,
    "2,4,5,7": 0.5722884795177245,
    "2,4,6,7": 0.8115586299580085,
    "2,5,6,7": 0.8165063786401646,
    "3,4,5,6": 0.37458701582385834,
    "3,4,5,7": 0.37283703664182566,
    "3,4,6,7": 0.7389781842983423,
    "3,5,6,7": 0.7438250652419456,
    "4,5,6,7": 0.7423955336086405,
    "0,1,2,3,4": 0.5929328154745075,
    "0,1,2,3,5": 0.6581030047053779,
    "0,1,2,3,6": 0.6656734099209658,
    "0,1,2,3,7": 0.6788397745726968,
    "0,1,2,4,5": 0.6674354251431761,
    "0,1,2,4,6": 0.6669990011652263,
    "0,1,2,4,7": 0.6737445025970196,
    "0,1,2,5,6": 0.744664449994895,
    "0,1,2,5,7": 0.7459849828206926,
    "0,1,2,6,7": 0.832615364907511,
    "0,1,3,4,5": 0.6338570269146979,
    "0,1,3,4,6": 0.6415903719854554,
    "0,1,3,4,7": 0.661845694196727,
    "0,1,3,5,6": 0.7333467212312546,
    "0,1,3,5,7": 0.7340518389152003,
    "0,1,3,6,7": 0.821616407029167,
    "0,1,4,5,6": 0.7357155052397527,
    "0,1,4,5,7": 0.7362290830541025,
    "0,1,4,6,7": 0.8205372463064844,
    "0,1,5,6,7": 0.8348240582783477,
    "0,2,3,4,5": 0.6223740753477576,
    "0,2,3,4,6": 0.6243032693313864,
    "0,2,3,4,7": 0.6425718300069976,
    "0,2,3,5,6": 0.7001265069485079,
    "0,2,3,5,7": 0.7172893048028124,
    "0,2,3,6,7": 0.8185461770964871,
    "0,2,4,5,6": 0.7172292724941963,
    "0,2,4,5,7": 0.7230609982474308,
    "0,2,4,6,7": 0.8215669694448271,
    "0,2,5,6,7": 0.8336190467777178,
    "0,3,4,5,6": 0.6989487031285444,
    "0,3,4,5,7": 0.7125429529372016,
    "0,3,4,6,7": 0.8165787535952662,
    "0,3,5,6,7": 0.8198632289666702,
    "0,4,5,6,7": 0.8198249413144829,
    "1,2,3,4,5": 0.36614373505691566,
    "1,2,3,4,6": 0.4802153770310612,
    "1,2,3,4,7": 0.5430656775108994,
    "1,2,3,5,6": 0.6262207595840984,
    "1,2,3,5,7": 0.6477138093224369,
    "1,2,3,6,7": 0.8234340178280415,
    "1,2,4,5,6": 0.5884892578657354,
    "1,2,4,5,7": 0.6081851483570218,
    "1,2,4,6,7": 0.8133396181757988,
    "1,2,5,6,7": 0.8240537860500067,
    "1,3,4,5,6": 0.433774557148886,
    "1,3,4,5,7": 0.43156037319898655,
    "1,3,4,6,7": 0.7375792346266297,
    "1,3,5,6,7": 0.7435283536112542,
    "1,4,5,6,7": 0.7493482468055346,
    "2,3,4,5,6": 0.5942636967073784,
    "2,3,4,5,7": 0.6131370102948603,
    "2,3,4,6,7": 0.8143353322878087,
    "2,3,5,6,7": 0.8221396726284319,
    "2,4,5,6,7": 0.8152507013380396,
    "3,4,5,6,7": 0.7410161311492394,
    "0,1,2,3,4,5": 0.6626960810725084,