{
  "object_name": "CaliforniaHousing",
  "data_type": "game",
  "version": "1.0.0.dev0",
  "created_from": null,
  "description": null,
  "parameters": {},
  "timestamp": "2025-12-26T21:58:42.907072+00:00Z",
  "metadata": {
    "n_players": 8,
    "game_name": "CaliforniaHousing_LocalExplanation_Game",
    "normalization_value": 2.0006015300750732,
    "precompute_flag": true,
    "precomputed": true,
    "player_names": null
  },
  "data": {
    "Empty": 2.0006015300750732,
    "0": 3.195502281188965,
    "1": 1.9849133491516113,
    "2": 2.5475735664367676,
    "3": 1.9860477447509766,
    "4": 1.9952752590179443,
    "5": 2.1711082458496094,
    "6": 1.4737294912338257,
    "7": 2.428816556930542,
    "0,1": 3.668372631072998,
    "0,2": 3.162382125854492,
    "0,3": 2.897439956665039,
    "0,4": 3.212148666381836,
    "0,5": 3.8418686389923096,
    "0,6": 3.01979923248291,
    "0,7": 2.9428064823150635,
    "1,2": 3.2695837020874023,
    "1,3": 2.035644054412842,
    "1,4": 2.0607380867004395,
    "1,5": 2.291355609893799,
    "1,6": 1.5876219272613525,
    "1,7": 2.482897996902466,
    "2,3": 2.7605440616607666,
    "2,4": 2.581833839416504,
    "2,5": 2.8541879653930664,
    "2,6": 2.461474895477295,
    "2,7": 2.6263043880462646,
    "3,4": 2.0789668560028076,
    "3,5": 2.246469736099243,
    "3,6": 1.5298629999160767,
    "3,7": 2.382269859313965,
    "4,5": 2.137355089187622,
    "4,6": 1.667675256729126,
    "4,7": 2.6357338428497314,
    "5,6": 1.9648550748825073,
    "5,7": 2.5685367584228516,
    "6,7": 2.947026252746582,
    "0,1,2": 3.656136989593506,
    "0,1,3": 3.315459966659546,
    "0,1,4": 3.557529926300049,
    "0,1,5": 4.06132698059082,
    "0,1,6": 3.128361701965332,
    "0,1,7": 3.1078081130981445,
    "0,2,3": 2.856796979904175,
    "0,2,4": 3.163944721221924,
    "0,2,5": 3.831481695175171,
    "0,2,6": 3.0556528568267822,
    "0,2,7": 2.970348358154297,
    "0,3,4": 2.8887107372283936,
    "0,3,5": 3.6590657234191895,
    "0,3,6": 2.8308537006378174,
    "0,3,7": 2.8976240158081055,
    "0,4,5": 3.824425458908081,
    "0,4,6": 2.9797885417938232,
    "0,4,7": 2.907019853591919,
    "0,5,6": 3.2825613021850586,
    "0,5,7": 3.2406787872314453,
    "0,6,7": 3.5894408226013184,
    "1,2,3": 3.2794899940490723,
    "1,2,4": 3.2544050216674805,
    "1,2,5": 3.5221023559570312,
    "1,2,6": 3.2198104858398438,
    "1,2,7": 2.603039264678955,
    "1,3,4": 2.0770130157470703,
    "1,3,5": 2.4628748893737793,
    "1,3,6": 1.510463833808899,
    "1,3,7": 2.34254789352417,
    "1,4,5": 2.3667445182800293,
    "1,4,6": 1.9099313020706177,
    "1,4,7": 2.564509153366089,
    "1,5,6": 1.7331552505493164,
    "1,5,7": 2.530526638031006,
    "1,6,7": 2.708852529525757,
    "2,3,4": 2.762673854827881,
    "2,3,5": 3.5836644172668457,
    "2,3,6": 2.5029232501983643,
    "2,3,7": 2.6615355014801025,
    "2,4,5": 2.9762656688690186,
    "2,4,6": 2.352334499359131,
    "2,4,7": 2.627790689468384,
    "2,5,6": 2.92484450340271,
    "2,5,7": 3.024412155151367,
    "2,6,7": 3.6986887454986572,
    "3,4,5": 2.3307485580444336,
    "3,4,6": 1.4171305894851685,
    "3,4,7": 2.521327018737793,
    "3,5,6": 1.9147007465362549,
    "3,5,7": 2.45135760307312,
    "3,6,7": 2.9399445056915283,
    "4,5,6": 2.0199480056762695,
    "4,5,7": 2.461467981338501,
    "4,6,7": 2.9506852626800537,
    "5,6,7": 3.107193946838379,
    "0,1,2,3": 3.297457218170166,
    "0,1,2,4": 3.6237664222717285,
    "0,1,2,5": 4.0068278312683105,
    "0,1,2,6": 3.2864432334899902,
    "0,1,2,7": 3.3566155433654785,
    "0,1,3,4": 3.3909919261932373,
    "0,1,3,5": 3.9595131874084473,
    "0,1,3,6": 3.024163246154785,
    "0,1,3,7": 2.9888854026794434,
    "0,1,4,5": 4.097984790802002,
    "0,1,4,6": 3.306067943572998,
    "0,1,4,7": 3.287545680999756,
    "0,1,5,6": 3.441890001296997,
    "0,1,5,7": 3.5474085807800293,
    "0,1,6,7": 3.4097166061401367,
    "0,2,3,4": 2.8723199367523193,
    "0,2,3,5": 3.4988441467285156,
    "0,2,3,6": 2.9089603424072266,
    "0,2,3,7": 2.916840076446533,
    "0,2,4,5": 3.83821702003479,
    "0,2,4,6": 3.167079448699951,
    "0,2,4,7": 3.042356014251709,
    "0,2,5,6": 3.320072650909424,
    "0,2,5,7": 3.3512096405029297,
    "0,2,6,7": 3.6781272888183594,
    "0,3,4,5": 3.796100378036499,
    "0,3,4,6": 2.919473886489868,
    "0,3,4,7": 2.875918388366699,
    "0,3,5,6": 3.214006185531616,
    "0,3,5,7": 3.222916603088379,
    "0,3,6,7": 3.6117568016052246,
    "0,4,5,6": 3.353952407836914,
    "0,4,5,7": 3.3786206245422363,
    "0,4,6,7": 3.5232839584350586,
    "0,5,6,7": 3.6602745056152344,
    "1,2,3,4": 3.365450143814087,
    "1,2,3,5": 3.9519686698913574,
    "1,2,3,6": 3.106919765472412,
    "1,2,3,7": 2.8873279094696045,
    "1,2,4,5": 3.5733718872070312,
    "1,2,4,6": 2.869744300842285,
    "1,2,4,7": 2.889937162399292,
    "1,2,5,6": 3.2068214416503906,
    "1,2,5,7": 3.118425130844116,
    "1,2,6,7": 3.809680461883545,
    "1,3,4,5": 2.447720527648926,
    "1,3,4,6": 1.5160666704177856,
    "1,3,4,7": 2.620675563812256,
    "1,3,5,6": 1.7343159914016724,
    "1,3,5,7": 2.5234811305999756,
    "1,3,6,7": 2.9035134315490723,
    "1,4,5,6": 1.8228696584701538,
    "1,4,5,7": 2.5005595684051514,
    "1,4,6,7": 2.841850519180298,
    "1,5,6,7": 3.077012538909912,
    "2,3,4,5": 3.5890254974365234,
    "2,3,4,6": 2.5631792545318604,
    "2,3,4,7": 2.6487207412719727,
    "2,3,5,6": 3.2881336212158203,
    "2,3,5,7": 3.2500486373901367,
    "2,3,6,7": 3.9555556774139404,
    "2,4,5,6": 3.0497777462005615,
    "2,4,5,7": 3.068378448486328,
    "2,4,6,7": 3.807981252670288,
    "2,5,6,7": 4.021705627441406,
    "3,4,5,6": 1.9246119260787964,
    "3,4,5,7": 2.5476014614105225,
    "3,4,6,7": 2.9295573234558105,
    "3,5,6,7": 3.201382637023926,
    "4,5,6,7": 3.1705055236816406,
    "0,1,2,3,4": 3.2389445304870605,
    "0,1,2,3,5": 3.7180731296539307,
    "0,1,2,3,6": 3.1743078231811523,
    "0,1,2,3,7": 3.3189687728881836,
    "0,1,2,4,5": 4.051154136657715,
    "0,1,2,4,6": 3.3147640228271484,
    "0,1,2,4,7": 3.3612070083618164,
    "0,1,2,5,6": 3.435725688934326,
    "0,1,2,5,7": 3.6646604537963867,
    "0,1,2,6,7": 3.5930778980255127,
    "0,1,3,4,5": 3.8828201293945312,
    "0,1,3,4,6": 3.0078349113464355,
    "0,1,3,4,7": 3.1460819244384766,
    "0,1,3,5,6": 3.2473089694976807,
    "0,1,3,5,7": 3.363353729248047,
    "0,1,3,6,7": 3.45084810256958,
    "0,1,4,5,6": 3.465111017227173,
    "0,1,4,5,7": 3.6189346313476562,
    "0,1,4,6,7": 3.490569591522217,
    "0,1,5,6,7": 3.5715198516845703,
    "0,2,3,4,5": 3.5132369995117188,
    "0,2,3,4,6": 2.8730528354644775,
    "0,2,3,4,7": 2.9073233604431152,
    "0,2,3,5,6": 3.1321229934692383,
    "0,2,3,5,7": 3.153855323791504,
    "0,2,3,6,7": 3.625126600265503,
    "0,2,4,5,6": 3.3045778274536133,
    "0,2,4,5,7": 3.3978424072265625,
    "0,2,4,6,7": 3.647541046142578,
    "0,2,5,6,7": 3.746912956237793,
    "0,3,4,5,6": 3.2063236236572266,
    "0,3,4,5,7": 3.2714972496032715,
    "0,3,4,6,7": 3.5971100330352783,
    "0,3,5,6,7": 3.633150577545166,
    "0,4,5,6,7": 3.612926483154297,
    "1,2,3,4,5": 3.853050708770752,
    "1,2,3,4,6": 3.000575065612793,
    "1,2,3,4,7": 2.885255813598633,
    "1,2,3,5,6": 3.381248950958252,
    "1,2,3,5,7": 3.467926263809204,
    "1,2,3,6,7": 3.83095383644104,
    "1,2,4,5,6": 3.292510509490967,
    "1,2,4,5,7": 3.44380521774292,
    "1,2,4,6,7": 3.7206075191497803,
    "1,2,5,6,7": 3.74635648727417,
    "1,3,4,5,6": 1.730320930480957,
    "1,3,4,5,7": 2.600238084793091,
    "1,3,4,6,7": 2.714292526245117,
    "1,3,5,6,7": 3.059600830078125,
    "1,4,5,6,7": 3.041195869445801,
    "2,3,4,5,6": 3.2068114280700684,
    "2,3,4,5,7": 3.18892502784729,
    "2,3,4,6,7": 3.8427042961120605,
    "2,3,5,6,7": 4.055784225463867,
    "2,4,5,6,7": 3.982661485671997,
    "3,4,5,6,7": 3.0409843921661377,
    "0,1,2,3,4,5": 3.7051355838775635,
    "0,1,2,3,4,6": 3.3390469551086426,
    "0,1,2,3,4,7": 3.159881114959717,
    "0,1,2,3,5,6": 3.3563144207000732,