{
  "object_name": "CaliforniaHousing",
  "data_type": "game",
  "version": "1.0.0.dev0",
  "created_from": null,
  "description": null,
  "parameters": {},
  "timestamp": "2025-12-26T21:58:45.496988+00:00Z",
  "metadata": {
    "n_players": 8,
    "game_name": "CaliforniaHousing_LocalExplanation_Game",
    "normalization_value": 2.0006015300750732,
    "precompute_flag": true,
    "precomputed": true,
    "player_names": null
  },
  "data": {
    "Empty": 2.0006015300750732,
    "0": 1.750525951385498,
    "1": 1.967018723487854,
    "2": 1.6997305154800415,
    "3": 1.9578460454940796,
    "4": 1.9092339277267456,
    "5": 2.105970621109009,
    "6": 2.4947118759155273,
    "7": 2.3150501251220703,
    "0,1": 1.7647337913513184,
    "0,2": 1.9622366428375244,
    "0,3": 1.9109996557235718,
    "0,4": 1.7748992443084717,
    "0,5": 1.6881211996078491,
    "0,6": 2.240535020828247,
    "0,7": 1.8730531930923462,
    "1,2": 1.7320863008499146,
    "1,3": 1.9547754526138306,
    "1,4": 1.902510643005371,
    "1,5": 2.134744882583618,
    "1,6": 2.2188210487365723,
    "1,7": 2.3311920166015625,
    "2,3": 1.710303544998169,
    "2,4": 1.7145347595214844,
    "2,5": 1.7978389263153076,
    "2,6": 2.1257693767547607,
    "2,7": 1.9790279865264893,
    "3,4": 1.8986088037490845,
    "3,5": 2.11151123046875,
    "3,6": 2.3917479515075684,
    "3,7": 2.2876384258270264,
    "4,5": 2.0611743927001953,
    "4,6": 2.305678129196167,
    "4,7": 2.1342246532440186,
    "5,6": 2.546001434326172,
    "5,7": 2.741981267929077,
    "6,7": 2.811131477355957,
    "0,1,2": 1.9847372770309448,
    "0,1,3": 1.8838729858398438,
    "0,1,4": 1.8642480373382568,
    "0,1,5": 1.7594088315963745,
    "0,1,6": 2.3679440021514893,
    "0,1,7": 1.8478096723556519,
    "0,2,3": 2.0664138793945312,
    "0,2,4": 1.9339885711669922,
    "0,2,5": 1.9240301847457886,
    "0,2,6": 2.209768056869507,
    "0,2,7": 1.8788572549819946,
    "0,3,4": 1.8273471593856812,
    "0,3,5": 1.8120067119598389,
    "0,3,6": 2.3464972972869873,
    "0,3,7": 1.9170467853546143,
    "0,4,5": 1.7367675304412842,
    "0,4,6": 2.2102417945861816,
    "0,4,7": 1.8542585372924805,
    "0,5,6": 2.0759124755859375,
    "0,5,7": 2.0289595127105713,
    "0,6,7": 1.8543269634246826,
    "1,2,3": 1.679789423942566,
    "1,2,4": 1.6861404180526733,
    "1,2,5": 1.8052281141281128,
    "1,2,6": 1.8534268140792847,
    "1,2,7": 1.9902920722961426,
    "1,3,4": 1.9047975540161133,
    "1,3,5": 2.229421615600586,
    "1,3,6": 2.41756272315979,
    "1,3,7": 2.2814433574676514,
    "1,4,5": 2.230823278427124,
    "1,4,6": 2.690441131591797,
    "1,4,7": 1.94569993019104,
    "1,5,6": 3.076927661895752,
    "1,5,7": 3.1227102279663086,
    "1,6,7": 2.632586717605591,
    "2,3,4": 1.713135004043579,
    "2,3,5": 1.7843905687332153,
    "2,3,6": 2.2553961277008057,
    "2,3,7": 1.9924359321594238,
    "2,4,5": 1.942683219909668,
    "2,4,6": 2.1856181621551514,
    "2,4,7": 1.9139513969421387,
    "2,5,6": 2.1565957069396973,
    "2,5,7": 2.1674821376800537,
    "2,6,7": 1.8061068058013916,
    "3,4,5": 2.158588409423828,
    "3,4,6": 2.452733039855957,
    "3,4,7": 2.107161521911621,
    "3,5,6": 2.7846059799194336,
    "3,5,7": 2.751889705657959,
    "3,6,7": 2.505863666534424,
    "4,5,6": 2.4056806564331055,
    "4,5,7": 2.6788599491119385,
    "4,6,7": 2.3814916610717773,
    "5,6,7": 2.787334680557251,
    "0,1,2,3": 2.1361758708953857,
    "0,1,2,4": 1.9925355911254883,
    "0,1,2,5": 2.0005760192871094,
    "0,1,2,6": 2.287930727005005,
    "0,1,2,7": 1.8097368478775024,
    "0,1,3,4": 2.044553518295288,
    "0,1,3,5": 1.9189248085021973,
    "0,1,3,6": 2.437544584274292,
    "0,1,3,7": 1.8733851909637451,
    "0,1,4,5": 2.034435272216797,
    "0,1,4,6": 2.32895827293396,
    "0,1,4,7": 1.8232146501541138,
    "0,1,5,6": 2.115631103515625,
    "0,1,5,7": 2.0084757804870605,
    "0,1,6,7": 1.8029608726501465,
    "0,2,3,4": 2.005389928817749,
    "0,2,3,5": 2.099752187728882,
    "0,2,3,6": 2.331444501876831,
    "0,2,3,7": 1.9205561876296997,
    "0,2,4,5": 2.0014913082122803,
    "0,2,4,6": 2.2047386169433594,
    "0,2,4,7": 1.8525855541229248,
    "0,2,5,6": 2.2480528354644775,
    "0,2,5,7": 2.0737853050231934,
    "0,2,6,7": 1.807888150215149,
    "0,3,4,5": 1.8408329486846924,
    "0,3,4,6": 2.2682015895843506,
    "0,3,4,7": 1.8821337223052979,
    "0,3,5,6": 2.1424355506896973,
    "0,3,5,7": 2.059161901473999,
    "0,3,6,7": 1.896385908126831,
    "0,4,5,6": 2.0270836353302,
    "0,4,5,7": 2.027707815170288,
    "0,4,6,7": 1.8514113426208496,
    "0,5,6,7": 2.085585832595825,
    "1,2,3,4": 1.7305611371994019,
    "1,2,3,5": 1.8227510452270508,
    "1,2,3,6": 1.9239270687103271,
    "1,2,3,7": 1.9940259456634521,
    "1,2,4,5": 2.0694286823272705,
    "1,2,4,6": 2.199521780014038,
    "1,2,4,7": 1.8695039749145508,
    "1,2,5,6": 2.191014528274536,
    "1,2,5,7": 2.2582013607025146,
    "1,2,6,7": 1.7360258102416992,
    "1,3,4,5": 2.15678334236145,
    "1,3,4,6": 2.546236038208008,
    "1,3,4,7": 1.8858256340026855,
    "1,3,5,6": 2.892489194869995,
    "1,3,5,7": 2.9196691513061523,
    "1,3,6,7": 2.8758797645568848,
    "1,4,5,6": 2.801405429840088,
    "1,4,5,7": 2.9021337032318115,
    "1,4,6,7": 2.5059516429901123,
    "1,5,6,7": 2.691638946533203,
    "2,3,4,5": 1.8805713653564453,
    "2,3,4,6": 2.0670528411865234,
    "2,3,4,7": 1.93269681930542,
    "2,3,5,6": 2.0451507568359375,
    "2,3,5,7": 2.120298147201538,
    "2,3,6,7": 1.8365510702133179,
    "2,4,5,6": 2.109839916229248,
    "2,4,5,7": 2.15086030960083,
    "2,4,6,7": 1.8694900274276733,
    "2,5,6,7": 2.0132791996002197,
    "3,4,5,6": 2.6561431884765625,
    "3,4,5,7": 2.695601224899292,
    "3,4,6,7": 2.5929670333862305,
    "3,5,6,7": 2.6927506923675537,
    "4,5,6,7": 2.8829827308654785,
    "0,1,2,3,4": 2.1689465045928955,
    "0,1,2,3,5": 2.1310622692108154,
    "0,1,2,3,6": 2.311009645462036,
    "0,1,2,3,7": 1.849270224571228,
    "0,1,2,4,5": 2.1699881553649902,
    "0,1,2,4,6": 2.2174758911132812,
    "0,1,2,4,7": 1.7918598651885986,
    "0,1,2,5,6": 2.1905438899993896,
    "0,1,2,5,7": 2.0990617275238037,
    "0,1,2,6,7": 1.75236976146698,
    "0,1,3,4,5": 2.120891809463501,
    "0,1,3,4,6": 2.4254729747772217,
    "0,1,3,4,7": 1.8676365613937378,
    "0,1,3,5,6": 2.15901517868042,
    "0,1,3,5,7": 2.0689468383789062,
    "0,1,3,6,7": 1.8064568042755127,
    "0,1,4,5,6": 2.196317434310913,
    "0,1,4,5,7": 2.0778117179870605,
    "0,1,4,6,7": 1.8676753044128418,
    "0,1,5,6,7": 2.0921976566314697,
    "0,2,3,4,5": 2.076841115951538,
    "0,2,3,4,6": 2.30312180519104,
    "0,2,3,4,7": 1.8902833461761475,
    "0,2,3,5,6": 2.167945146560669,
    "0,2,3,5,7": 2.0876097679138184,
    "0,2,3,6,7": 1.8247705698013306,
    "0,2,4,5,6": 2.2086851596832275,
    "0,2,4,5,7": 2.082174777984619,
    "0,2,4,6,7": 1.8404591083526611,
    "0,2,5,6,7": 2.014108419418335,
    "0,3,4,5,6": 2.193023920059204,
    "0,3,4,5,7": 2.0443637371063232,
    "0,3,4,6,7": 1.8802989721298218,
    "0,3,5,6,7": 2.1063525676727295,
    "0,4,5,6,7": 2.1418333053588867,
    "1,2,3,4,5": 2.0358054637908936,
    "1,2,3,4,6": 2.0887680053710938,
    "1,2,3,4,7": 1.870397686958313,
    "1,2,3,5,6": 2.3152594566345215,
    "1,2,3,5,7": 2.2729244232177734,
    "1,2,3,6,7": 1.7333178520202637,
    "1,2,4,5,6": 2.323061466217041,
    "1,2,4,5,7": 2.1973648071289062,
    "1,2,4,6,7": 1.7446261644363403,
    "1,2,5,6,7": 2.0011606216430664,
    "1,3,4,5,6": 2.768152952194214,
    "1,3,4,5,7": 2.7118539810180664,
    "1,3,4,6,7": 2.742372989654541,
    "1,3,5,6,7": 3.0474510192871094,
    "1,4,5,6,7": 2.8839221000671387,
    "2,3,4,5,6": 2.133657217025757,
    "2,3,4,5,7": 2.1606006622314453,
    "2,3,4,6,7": 1.8220926523208618,
    "2,3,5,6,7": 1.984378695487976,
    "2,4,5,6,7": 2.0979862213134766,
    "3,4,5,6,7": 3.1456139087677,
    "0,1,2,3,4,5": 2.2406275272369385,
    "0,1,2,3,4,6": 2.188685417175293,
    "0,1,2,3,4,7": 1.890532374382019,