{
  "object_name": "CaliforniaHousing",
  "data_type": "game",
  "version": "1.0.0.dev0",
  "created_from": null,
  "description": null,
  "parameters": {},
  "timestamp": "2025-12-26T21:54:20.794862+00:00Z",
  "metadata": {
    "n_players": 8,
    "game_name": "CaliforniaHousing_LocalExplanation_Game",
    "normalization_value": 2.0006015300750732,
    "precompute_flag": true,
    "precomputed": true,
    "player_names": null
  },
  "data": {
    "Empty": 2.0006015300750732,
    "0": 0.9970230460166931,
    "1": 1.981782078742981,
    "2": 1.6985410451889038,
    "3": 1.9906374216079712,
    "4": 1.9782037734985352,
    "5": 2.0819406509399414,
    "6": 1.658539056777954,
    "7": 1.3320609331130981,
    "0,1": 1.0216447114944458,
    "0,2": 0.8766092658042908,
    "0,3": 0.9799940586090088,
    "0,4": 0.9870125651359558,
    "0,5": 0.9619859457015991,
    "0,6": 0.967252254486084,
    "0,7": 0.7869365215301514,
    "1,2": 1.7465524673461914,
    "1,3": 2.012152671813965,
    "1,4": 1.9884552955627441,
    "1,5": 2.19419527053833,
    "1,6": 1.3736307621002197,
    "1,7": 0.9834402203559875,
    "2,3": 1.6531257629394531,
    "2,4": 1.7045259475708008,
    "2,5": 1.7869317531585693,
    "2,6": 1.2543506622314453,
    "2,7": 0.93475341796875,
    "3,4": 2.038041591644287,
    "3,5": 2.211794376373291,
    "3,6": 1.6416858434677124,
    "3,7": 1.3264352083206177,
    "4,5": 2.0936038494110107,
    "4,6": 1.6558773517608643,
    "4,7": 1.305838704109192,
    "5,6": 1.8955427408218384,
    "5,7": 1.3733570575714111,
    "6,7": 1.0633658170700073,
    "0,1,2": 0.8521493673324585,
    "0,1,3": 0.9923669695854187,
    "0,1,4": 1.011898159980774,
    "0,1,5": 0.9677881002426147,
    "0,1,6": 0.8260940313339233,
    "0,1,7": 0.6907066106796265,
    "0,2,3": 0.8140420317649841,
    "0,2,4": 0.8691592216491699,
    "0,2,5": 0.883302628993988,
    "0,2,6": 0.9499980211257935,
    "0,2,7": 0.744712769985199,
    "0,3,4": 0.9905417561531067,
    "0,3,5": 0.9646365642547607,
    "0,3,6": 0.8556299209594727,
    "0,3,7": 0.7145437598228455,
    "0,4,5": 0.9289055466651917,
    "0,4,6": 0.8728572726249695,
    "0,4,7": 0.735640823841095,
    "0,5,6": 0.9828445911407471,
    "0,5,7": 0.7893902063369751,
    "0,6,7": 0.8229655623435974,
    "1,2,3": 1.667542576789856,
    "1,2,4": 1.7265011072158813,
    "1,2,5": 1.8615537881851196,
    "1,2,6": 1.2923295497894287,
    "1,2,7": 0.7929595708847046,
    "1,3,4": 2.0146048069000244,
    "1,3,5": 2.3628175258636475,
    "1,3,6": 1.3117718696594238,
    "1,3,7": 0.9611741900444031,
    "1,4,5": 2.2641468048095703,
    "1,4,6": 1.3057124614715576,
    "1,4,7": 0.922727644443512,
    "1,5,6": 1.5503778457641602,
    "1,5,7": 0.9958068132400513,
    "1,6,7": 0.9355154633522034,
    "2,3,4": 1.6994333267211914,
    "2,3,5": 1.7545362710952759,
    "2,3,6": 1.2213702201843262,
    "2,3,7": 0.9528908133506775,
    "2,4,5": 1.6939127445220947,
    "2,4,6": 1.1925578117370605,
    "2,4,7": 0.9462072253227234,
    "2,5,6": 1.197798252105713,
    "2,5,7": 1.010157823562622,
    "2,6,7": 0.9037777185440063,
    "3,4,5": 2.268134593963623,
    "3,4,6": 1.5882773399353027,
    "3,4,7": 1.2972900867462158,
    "3,5,6": 1.793299674987793,
    "3,5,7": 1.396479606628418,
    "3,6,7": 1.0863372087478638,
    "4,5,6": 1.8617089986801147,
    "4,5,7": 1.4008979797363281,
    "4,6,7": 1.0789650678634644,
    "5,6,7": 1.1386947631835938,
    "0,1,2,3": 0.8215165734291077,
    "0,1,2,4": 0.8886614441871643,
    "0,1,2,5": 0.8879534006118774,
    "0,1,2,6": 0.786819577217102,
    "0,1,2,7": 0.685105562210083,
    "0,1,3,4": 0.955176830291748,
    "0,1,3,5": 0.9877830147743225,
    "0,1,3,6": 0.9084270596504211,
    "0,1,3,7": 0.6739394664764404,
    "0,1,4,5": 0.9477852582931519,
    "0,1,4,6": 0.966311514377594,
    "0,1,4,7": 0.6801031827926636,
    "0,1,5,6": 0.9679980874061584,
    "0,1,5,7": 0.7145145535469055,
    "0,1,6,7": 0.6732762455940247,
    "0,2,3,4": 0.8212090134620667,
    "0,2,3,5": 0.8385752439498901,
    "0,2,3,6": 0.9504475593566895,
    "0,2,3,7": 0.7069305777549744,
    "0,2,4,5": 0.9077786207199097,
    "0,2,4,6": 0.8937940001487732,
    "0,2,4,7": 0.7565699219703674,
    "0,2,5,6": 0.9209285974502563,
    "0,2,5,7": 0.7887534499168396,
    "0,2,6,7": 0.7595586776733398,
    "0,3,4,5": 0.9214136600494385,
    "0,3,4,6": 0.891836404800415,
    "0,3,4,7": 0.7233917713165283,
    "0,3,5,6": 0.8882889747619629,
    "0,3,5,7": 0.7548291087150574,
    "0,3,6,7": 0.7353947758674622,
    "0,4,5,6": 1.0309451818466187,
    "0,4,5,7": 0.7367557287216187,
    "0,4,6,7": 0.7514946460723877,
    "0,5,6,7": 0.9149311780929565,
    "1,2,3,4": 1.7030870914459229,
    "1,2,3,5": 1.737294316291809,
    "1,2,3,6": 1.142493724822998,
    "1,2,3,7": 0.7804080843925476,
    "1,2,4,5": 1.8531734943389893,
    "1,2,4,6": 1.1444175243377686,
    "1,2,4,7": 0.7924512028694153,
    "1,2,5,6": 1.2166504859924316,
    "1,2,5,7": 0.8369819521903992,
    "1,2,6,7": 0.7206493616104126,
    "1,3,4,5": 2.339954376220703,
    "1,3,4,6": 1.3900219202041626,
    "1,3,4,7": 0.920634388923645,
    "1,3,5,6": 1.6962116956710815,
    "1,3,5,7": 1.0063035488128662,
    "1,3,6,7": 0.9095770120620728,
    "1,4,5,6": 1.7271071672439575,
    "1,4,5,7": 0.9604634642601013,
    "1,4,6,7": 0.8717288374900818,
    "1,5,6,7": 1.1627323627471924,
    "2,3,4,5": 1.692946434020996,
    "2,3,4,6": 1.2616862058639526,
    "2,3,4,7": 0.9744353890419006,
    "2,3,5,6": 1.2787665128707886,
    "2,3,5,7": 1.0709972381591797,
    "2,3,6,7": 0.833020031452179,
    "2,4,5,6": 1.1415293216705322,
    "2,4,5,7": 1.0500514507293701,
    "2,4,6,7": 0.8451387882232666,
    "2,5,6,7": 1.0273849964141846,
    "3,4,5,6": 1.9601428508758545,
    "3,4,5,7": 1.3976430892944336,
    "3,4,6,7": 1.028165578842163,
    "3,5,6,7": 1.1988130807876587,
    "4,5,6,7": 1.2304879426956177,
    "0,1,2,3,4": 0.8264786005020142,
    "0,1,2,3,5": 0.8147092461585999,
    "0,1,2,3,6": 0.7650212049484253,
    "0,1,2,3,7": 0.6573723554611206,
    "0,1,2,4,5": 0.8811090588569641,
    "0,1,2,4,6": 0.8170816898345947,
    "0,1,2,4,7": 0.6707500219345093,
    "0,1,2,5,6": 0.9167065620422363,
    "0,1,2,5,7": 0.7010433673858643,
    "0,1,2,6,7": 0.6763631105422974,
    "0,1,3,4,5": 0.9609560370445251,
    "0,1,3,4,6": 0.8413209915161133,
    "0,1,3,4,7": 0.6774471998214722,
    "0,1,3,5,6": 0.9089605212211609,
    "0,1,3,5,7": 0.6993167996406555,
    "0,1,3,6,7": 0.6847386360168457,
    "0,1,4,5,6": 0.9990081191062927,
    "0,1,4,5,7": 0.7073727250099182,
    "0,1,4,6,7": 0.7188863754272461,
    "0,1,5,6,7": 0.7851337194442749,
    "0,2,3,4,5": 0.8408839702606201,
    "0,2,3,4,6": 0.8466184735298157,
    "0,2,3,4,7": 0.7130767107009888,
    "0,2,3,5,6": 0.9258691668510437,
    "0,2,3,5,7": 0.7647972106933594,
    "0,2,3,6,7": 0.741965651512146,
    "0,2,4,5,6": 0.9807919859886169,
    "0,2,4,5,7": 0.8011125326156616,
    "0,2,4,6,7": 0.7501133680343628,
    "0,2,5,6,7": 0.8279104828834534,
    "0,3,4,5,6": 0.9764236211776733,
    "0,3,4,5,7": 0.7480286359786987,
    "0,3,4,6,7": 0.7937806844711304,
    "0,3,5,6,7": 0.8376255631446838,
    "0,4,5,6,7": 0.8512763977050781,
    "1,2,3,4,5": 1.730380892753601,
    "1,2,3,4,6": 1.226849913597107,
    "1,2,3,4,7": 0.8010463118553162,
    "1,2,3,5,6": 1.1219662427902222,
    "1,2,3,5,7": 0.8499184250831604,
    "1,2,3,6,7": 0.7503508925437927,
    "1,2,4,5,6": 1.028911828994751,
    "1,2,4,5,7": 0.8317707777023315,
    "1,2,4,6,7": 0.7455131411552429,
    "1,2,5,6,7": 0.8447325229644775,
    "1,3,4,5,6": 1.477432131767273,
    "1,3,4,5,7": 0.9896529912948608,
    "1,3,4,6,7": 0.847288966178894,
    "1,3,5,6,7": 1.1013251543045044,
    "1,4,5,6,7": 1.1983071565628052,
    "2,3,4,5,6": 1.1802217960357666,
    "2,3,4,5,7": 0.9953031539916992,
    "2,3,4,6,7": 0.8630325198173523,
    "2,3,5,6,7": 0.9919799566268921,
    "2,4,5,6,7": 1.021883249282837,
    "3,4,5,6,7": 1.2088236808776855,
    "0,1,2,3,4,5": 0.8043584823608398,
    "0,1,2,3,4,6": 0.767440140247345,