{
  "object_name": "CaliforniaHousing",
  "data_type": "game",
  "version": "1.0.0.dev0",
  "created_from": null,
  "description": null,
  "parameters": {},
  "timestamp": "2025-12-26T22:02:08.991990+00:00Z",
  "metadata": {
    "n_players": 8,
    "game_name": "CaliforniaHousing_LocalExplanation_Game",
    "normalization_value": 2.0006015300750732,
    "precompute_flag": true,
    "precomputed": true,
    "player_names": null
  },
  "data": {
    "Empty": 2.0006015300750732,
    "0": 1.1281176805496216,
    "1": 1.9588406085968018,
    "2": 1.6882528066635132,
    "3": 1.9615169763565063,
    "4": 1.981116533279419,
    "5": 2.0405430793762207,
    "6": 2.039775848388672,
    "7": 2.95017147064209,
    "0,1": 1.2517907619476318,
    "0,2": 0.9474120140075684,
    "0,3": 1.1415188312530518,
    "0,4": 1.0972779989242554,
    "0,5": 1.0948357582092285,
    "0,6": 1.4283527135849,
    "0,7": 1.820128083229065,
    "1,2": 1.6630308628082275,
    "1,3": 1.9691187143325806,
    "1,4": 1.8985947370529175,
    "1,5": 2.1089353561401367,
    "1,6": 1.8039944171905518,
    "1,7": 3.0150952339172363,
    "2,3": 1.6764250993728638,
    "2,4": 1.6685901880264282,
    "2,5": 1.5155894756317139,
    "2,6": 2.2233290672302246,
    "2,7": 3.272026538848877,
    "3,4": 2.026041269302368,
    "3,5": 2.101992607116699,
    "3,6": 1.9740104675292969,
    "3,7": 3.017688751220703,
    "4,5": 2.08193302154541,
    "4,6": 2.151723623275757,
    "4,7": 3.166778087615967,
    "5,6": 2.4997713565826416,
    "5,7": 2.7117679119110107,
    "6,7": 2.522916078567505,
    "0,1,2": 1.0320402383804321,
    "0,1,3": 1.2504041194915771,
    "0,1,4": 1.1934535503387451,
    "0,1,5": 1.127845287322998,
    "0,1,6": 1.4128038883209229,
    "0,1,7": 1.839922547340393,
    "0,2,3": 0.947032630443573,
    "0,2,4": 0.9585815072059631,
    "0,2,5": 0.9511919617652893,
    "0,2,6": 1.248522162437439,
    "0,2,7": 1.550994873046875,
    "0,3,4": 1.137049674987793,
    "0,3,5": 1.0300798416137695,
    "0,3,6": 1.3695073127746582,
    "0,3,7": 1.9554004669189453,
    "0,4,5": 1.058651328086853,
    "0,4,6": 1.4231443405151367,
    "0,4,7": 1.9836857318878174,
    "0,5,6": 1.5260614156723022,
    "0,5,7": 1.8006901741027832,
    "0,6,7": 1.8008537292480469,
    "1,2,3": 1.7450557947158813,
    "1,2,4": 1.6975586414337158,
    "1,2,5": 1.5952223539352417,
    "1,2,6": 1.9962420463562012,
    "1,2,7": 2.9200308322906494,
    "1,3,4": 1.9391629695892334,
    "1,3,5": 2.0253727436065674,
    "1,3,6": 1.776239037513733,
    "1,3,7": 2.9838201999664307,
    "1,4,5": 2.024881601333618,
    "1,4,6": 1.8565237522125244,
    "1,4,7": 3.08260178565979,
    "1,5,6": 2.5707573890686035,
    "1,5,7": 2.711728096008301,
    "1,6,7": 2.240426540374756,
    "2,3,4": 1.6477346420288086,
    "2,3,5": 1.5139919519424438,
    "2,3,6": 2.0218005180358887,
    "2,3,7": 3.061638593673706,
    "2,4,5": 1.479099988937378,
    "2,4,6": 2.2094223499298096,
    "2,4,7": 3.254171848297119,
    "2,5,6": 2.24074387550354,
    "2,5,7": 2.366262435913086,
    "2,6,7": 2.519569158554077,
    "3,4,5": 2.1180737018585205,
    "3,4,6": 2.2719643115997314,
    "3,4,7": 3.199613571166992,
    "3,5,6": 2.495607614517212,
    "3,5,7": 2.845869302749634,
    "3,6,7": 2.212118148803711,
    "4,5,6": 2.516180992126465,
    "4,5,7": 2.8666114807128906,
    "4,6,7": 2.430776596069336,
    "5,6,7": 2.4220223426818848,
    "0,1,2,3": 1.0155845880508423,
    "0,1,2,4": 1.0344910621643066,
    "0,1,2,5": 1.0233092308044434,
    "0,1,2,6": 1.2606111764907837,
    "0,1,2,7": 1.5649440288543701,
    "0,1,3,4": 1.1867445707321167,
    "0,1,3,5": 1.1204501390457153,
    "0,1,3,6": 1.3739826679229736,
    "0,1,3,7": 1.7119981050491333,
    "0,1,4,5": 1.0786349773406982,
    "0,1,4,6": 1.3867861032485962,
    "0,1,4,7": 1.8342065811157227,
    "0,1,5,6": 1.5301698446273804,
    "0,1,5,7": 1.721413493156433,
    "0,1,6,7": 1.662499189376831,
    "0,2,3,4": 0.9513333439826965,
    "0,2,3,5": 0.9249857664108276,
    "0,2,3,6": 1.2796192169189453,
    "0,2,3,7": 1.4558546543121338,
    "0,2,4,5": 0.9426604509353638,
    "0,2,4,6": 1.227839469909668,
    "0,2,4,7": 1.5297266244888306,
    "0,2,5,6": 1.4348639249801636,
    "0,2,5,7": 1.5898648500442505,
    "0,2,6,7": 1.8957161903381348,
    "0,3,4,5": 1.031180500984192,
    "0,3,4,6": 1.4229151010513306,
    "0,3,4,7": 1.8725932836532593,
    "0,3,5,6": 1.5398743152618408,
    "0,3,5,7": 1.7770394086837769,
    "0,3,6,7": 2.0452146530151367,
    "0,4,5,6": 1.5943950414657593,
    "0,4,5,7": 1.7817277908325195,
    "0,4,6,7": 2.027703046798706,
    "0,5,6,7": 1.9166139364242554,
    "1,2,3,4": 1.7244306802749634,
    "1,2,3,5": 1.5226807594299316,
    "1,2,3,6": 2.027013063430786,
    "1,2,3,7": 2.878840923309326,
    "1,2,4,5": 1.5446113348007202,
    "1,2,4,6": 1.897221565246582,
    "1,2,4,7": 2.9355692863464355,
    "1,2,5,6": 2.0087108612060547,
    "1,2,5,7": 2.168419599533081,
    "1,2,6,7": 2.596938133239746,
    "1,3,4,5": 2.11330509185791,
    "1,3,4,6": 1.9145067930221558,
    "1,3,4,7": 3.111597776412964,
    "1,3,5,6": 2.6955599784851074,
    "1,3,5,7": 2.8561925888061523,
    "1,3,6,7": 2.31200909614563,
    "1,4,5,6": 2.622655153274536,
    "1,4,5,7": 2.8842146396636963,
    "1,4,6,7": 2.4603023529052734,
    "1,5,6,7": 2.332099676132202,
    "2,3,4,5": 1.4798095226287842,
    "2,3,4,6": 2.2428760528564453,
    "2,3,4,7": 3.1747512817382812,
    "2,3,5,6": 1.9382168054580688,
    "2,3,5,7": 2.2237937450408936,
    "2,3,6,7": 2.687293529510498,
    "2,4,5,6": 2.024038076400757,
    "2,4,5,7": 2.2864468097686768,
    "2,4,6,7": 2.7524423599243164,
    "2,5,6,7": 2.562988519668579,
    "3,4,5,6": 2.50954008102417,
    "3,4,5,7": 2.9031293392181396,
    "3,4,6,7": 2.5417110919952393,
    "3,5,6,7": 2.524622917175293,
    "4,5,6,7": 2.4631237983703613,
    "0,1,2,3,4": 1.0211560726165771,
    "0,1,2,3,5": 1.0089257955551147,
    "0,1,2,3,6": 1.2524957656860352,
    "0,1,2,3,7": 1.6256746053695679,
    "0,1,2,4,5": 0.9939411282539368,
    "0,1,2,4,6": 1.2547940015792847,
    "0,1,2,4,7": 1.5959209203720093,
    "0,1,2,5,6": 1.448682427406311,
    "0,1,2,5,7": 1.6181366443634033,
    "0,1,2,6,7": 1.900176763534546,
    "0,1,3,4,5": 1.0999462604522705,
    "0,1,3,4,6": 1.3879094123840332,
    "0,1,3,4,7": 1.9081714153289795,
    "0,1,3,5,6": 1.5022586584091187,
    "0,1,3,5,7": 1.682097315788269,
    "0,1,3,6,7": 1.7057350873947144,
    "0,1,4,5,6": 1.5226720571517944,
    "0,1,4,5,7": 1.6768666505813599,
    "0,1,4,6,7": 1.853564977645874,
    "0,1,5,6,7": 1.7239800691604614,
    "0,2,3,4,5": 0.9285941123962402,
    "0,2,3,4,6": 1.226044774055481,
    "0,2,3,4,7": 1.6190111637115479,
    "0,2,3,5,6": 1.335056185722351,
    "0,2,3,5,7": 1.5091533660888672,
    "0,2,3,6,7": 1.9014543294906616,
    "0,2,4,5,6": 1.3786638975143433,
    "0,2,4,5,7": 1.5664235353469849,
    "0,2,4,6,7": 1.9887347221374512,
    "0,2,5,6,7": 1.6885491609573364,
    "0,3,4,5,6": 1.5262380838394165,
    "0,3,4,5,7": 1.736803650856018,
    "0,3,4,6,7": 2.0557405948638916,
    "0,3,5,6,7": 1.9000182151794434,
    "0,4,5,6,7": 1.8721745014190674,
    "1,2,3,4,5": 1.4985549449920654,
    "1,2,3,4,6": 2.072547674179077,
    "1,2,3,4,7": 3.1271469593048096,
    "1,2,3,5,6": 2.028373956680298,
    "1,2,3,5,7": 2.1954445838928223,
    "1,2,3,6,7": 2.384181022644043,
    "1,2,4,5,6": 1.9111756086349487,
    "1,2,4,5,7": 2.3288230895996094,
    "1,2,4,6,7": 2.564840316772461,
    "1,2,5,6,7": 1.9992904663085938,
    "1,3,4,5,6": 2.727254629135132,
    "1,3,4,5,7": 2.8692381381988525,
    "1,3,4,6,7": 2.407928943634033,
    "1,3,5,6,7": 2.1946470737457275,
    "1,4,5,6,7": 2.217686414718628,
    "2,3,4,5,6": 1.8236188888549805,
    "2,3,4,5,7": 2.3561692237854004,
    "2,3,4,6,7": 2.5124149322509766,
    "2,3,5,6,7": 2.088785171508789,
    "2,4,5,6,7": 2.2654221057891846,
    "3,4,5,6,7": 2.4586963653564453,
    "0,1,2,3,4,5": 0.961744487285614,
    "0,1,2,3,4,6": 1.223436713218689,
    "0,1,2,3,4,7": 1.4724899530410767,