{
  "object_name": "CaliforniaHousing",
  "data_type": "game",
  "version": "1.0.0.dev0",
  "created_from": null,
  "description": null,
  "parameters": {},
  "timestamp": "2025-12-26T21:54:19.028029+00:00Z",
  "metadata": {
    "n_players": 8,
    "game_name": "CaliforniaHousing_LocalExplanation_Game",
    "normalization_value": 2.0006015300750732,
    "precompute_flag": true,
    "precomputed": true,
    "player_names": null
  },
  "data": {
    "Empty": 2.0006015300750732,
    "0": 2.0844571590423584,
    "1": 1.9164717197418213,
    "2": 1.6974380016326904,
    "3": 1.9807382822036743,
    "4": 1.9174383878707886,
    "5": 1.7251136302947998,
    "6": 1.8552961349487305,
    "7": 2.3068504333496094,
    "0,1": 1.923318862915039,
    "0,2": 2.6148691177368164,
    "0,3": 1.9350098371505737,
    "0,4": 2.0625979900360107,
    "0,5": 1.6623204946517944,
    "0,6": 2.0278048515319824,
    "0,7": 2.004138469696045,
    "1,2": 1.7422630786895752,
    "1,3": 1.9474337100982666,
    "1,4": 1.875246524810791,
    "1,5": 1.8599843978881836,
    "1,6": 2.2604589462280273,
    "1,7": 2.3573379516601562,
    "2,3": 1.6736187934875488,
    "2,4": 1.7121307849884033,
    "2,5": 1.3603942394256592,
    "2,6": 1.4337843656539917,
    "2,7": 1.9875003099441528,
    "3,4": 1.9225232601165771,
    "3,5": 1.7729718685150146,
    "3,6": 1.9522242546081543,
    "3,7": 2.290384292602539,
    "4,5": 1.6710007190704346,
    "4,6": 1.7095439434051514,
    "4,7": 2.1461539268493652,
    "5,6": 1.4841573238372803,
    "5,7": 2.039797782897949,
    "6,7": 2.0880017280578613,
    "0,1,2": 2.639711380004883,
    "0,1,3": 1.8046071529388428,
    "0,1,4": 1.9646707773208618,
    "0,1,5": 1.6069272756576538,
    "0,1,6": 1.955180048942566,
    "0,1,7": 1.9823920726776123,
    "0,2,3": 2.4733805656433105,
    "0,2,4": 2.569608211517334,
    "0,2,5": 1.9330289363861084,
    "0,2,6": 2.3333547115325928,
    "0,2,7": 2.163328170776367,
    "0,3,4": 1.863300085067749,
    "0,3,5": 1.665988802909851,
    "0,3,6": 1.9736323356628418,
    "0,3,7": 1.937719464302063,
    "0,4,5": 1.7171342372894287,
    "0,4,6": 1.992492914199829,
    "0,4,7": 1.9530842304229736,
    "0,5,6": 1.7346588373184204,
    "0,5,7": 1.85830557346344,
    "0,6,7": 1.8869224786758423,
    "1,2,3": 1.7168112993240356,
    "1,2,4": 1.7526649236679077,
    "1,2,5": 1.3016422986984253,
    "1,2,6": 1.9271912574768066,
    "1,2,7": 1.9076590538024902,
    "1,3,4": 1.9250764846801758,
    "1,3,5": 1.8044737577438354,
    "1,3,6": 2.1963376998901367,
    "1,3,7": 2.3109993934631348,
    "1,4,5": 1.7186145782470703,
    "1,4,6": 1.959839105606079,
    "1,4,7": 2.1150550842285156,
    "1,5,6": 2.1014068126678467,
    "1,5,7": 2.1984505653381348,
    "1,6,7": 2.243117094039917,
    "2,3,4": 1.6941165924072266,
    "2,3,5": 1.3715299367904663,
    "2,3,6": 1.5991911888122559,
    "2,3,7": 1.9444719552993774,
    "2,4,5": 1.3940980434417725,
    "2,4,6": 1.556828498840332,
    "2,4,7": 1.8805538415908813,
    "2,5,6": 1.2200253009796143,
    "2,5,7": 1.8036422729492188,
    "2,6,7": 1.8628056049346924,
    "3,4,5": 1.7888985872268677,
    "3,4,6": 1.737281084060669,
    "3,4,7": 2.098346710205078,
    "3,5,6": 1.5689257383346558,
    "3,5,7": 2.04762864112854,
    "3,6,7": 2.1702098846435547,
    "4,5,6": 1.4846735000610352,
    "4,5,7": 1.9876269102096558,
    "4,6,7": 2.0397000312805176,
    "5,6,7": 1.8868800401687622,
    "0,1,2,3": 2.446802854537964,
    "0,1,2,4": 2.599224328994751,
    "0,1,2,5": 1.9356392621994019,
    "0,1,2,6": 2.5715129375457764,
    "0,1,2,7": 2.0650076866149902,
    "0,1,3,4": 1.8393315076828003,
    "0,1,3,5": 1.5807664394378662,
    "0,1,3,6": 1.8892337083816528,
    "0,1,3,7": 1.9647799730300903,
    "0,1,4,5": 1.7041637897491455,
    "0,1,4,6": 1.9870548248291016,
    "0,1,4,7": 1.9656078815460205,
    "0,1,5,6": 1.7282403707504272,
    "0,1,5,7": 1.9367055892944336,
    "0,1,6,7": 1.9144073724746704,
    "0,2,3,4": 2.3898277282714844,
    "0,2,3,5": 1.9696215391159058,
    "0,2,3,6": 2.2835097312927246,
    "0,2,3,7": 2.086209774017334,
    "0,2,4,5": 1.9807074069976807,
    "0,2,4,6": 2.2420711517333984,
    "0,2,4,7": 2.054561138153076,
    "0,2,5,6": 1.7586171627044678,
    "0,2,5,7": 1.8310879468917847,
    "0,2,6,7": 1.8790028095245361,
    "0,3,4,5": 1.6816484928131104,
    "0,3,4,6": 1.9453814029693604,
    "0,3,4,7": 1.9368706941604614,
    "0,3,5,6": 1.696006178855896,
    "0,3,5,7": 1.8387426137924194,
    "0,3,6,7": 1.8550370931625366,
    "0,4,5,6": 1.7217851877212524,
    "0,4,5,7": 1.8849986791610718,
    "0,4,6,7": 1.8639417886734009,
    "0,5,6,7": 1.8506665229797363,
    "1,2,3,4": 1.7016679048538208,
    "1,2,3,5": 1.3166894912719727,
    "1,2,3,6": 1.8664425611495972,
    "1,2,3,7": 1.922200322151184,
    "1,2,4,5": 1.398236870765686,
    "1,2,4,6": 1.854172706604004,
    "1,2,4,7": 1.8809776306152344,
    "1,2,5,6": 1.6264584064483643,
    "1,2,5,7": 1.8324463367462158,
    "1,2,6,7": 1.8598517179489136,
    "1,3,4,5": 1.8022708892822266,
    "1,3,4,6": 2.097759962081909,
    "1,3,4,7": 2.202199697494507,
    "1,3,5,6": 1.7837982177734375,
    "1,3,5,7": 2.155249834060669,
    "1,3,6,7": 2.1374564170837402,
    "1,4,5,6": 1.8179128170013428,
    "1,4,5,7": 2.1147377490997314,
    "1,4,6,7": 2.1024036407470703,
    "1,5,6,7": 2.029695749282837,
    "2,3,4,5": 1.4242843389511108,
    "2,3,4,6": 1.6926923990249634,
    "2,3,4,7": 1.8884847164154053,
    "2,3,5,6": 1.3303444385528564,
    "2,3,5,7": 1.804457664489746,
    "2,3,6,7": 1.8376377820968628,
    "2,4,5,6": 1.355286717414856,
    "2,4,5,7": 1.8176621198654175,
    "2,4,6,7": 1.8246984481811523,
    "2,5,6,7": 1.8029059171676636,
    "3,4,5,6": 1.5678727626800537,
    "3,4,5,7": 1.9997024536132812,
    "3,4,6,7": 2.0459256172180176,
    "3,5,6,7": 1.9285128116607666,
    "4,5,6,7": 1.9354708194732666,
    "0,1,2,3,4": 2.4071197509765625,
    "0,1,2,3,5": 1.9530597925186157,
    "0,1,2,3,6": 2.299018621444702,
    "0,1,2,3,7": 1.9689744710922241,
    "0,1,2,4,5": 1.9392046928405762,
    "0,1,2,4,6": 2.430610418319702,
    "0,1,2,4,7": 2.0289664268493652,
    "0,1,2,5,6": 1.842421531677246,
    "0,1,2,5,7": 1.9121016263961792,
    "0,1,2,6,7": 1.930777668952942,
    "0,1,3,4,5": 1.6268867254257202,
    "0,1,3,4,6": 1.8512213230133057,
    "0,1,3,4,7": 1.9111182689666748,
    "0,1,3,5,6": 1.7571804523468018,
    "0,1,3,5,7": 1.9095587730407715,
    "0,1,3,6,7": 1.8897122144699097,
    "0,1,4,5,6": 1.7769848108291626,
    "0,1,4,5,7": 1.9342933893203735,
    "0,1,4,6,7": 1.878300428390503,
    "0,1,5,6,7": 1.8761194944381714,
    "0,2,3,4,5": 1.9449684619903564,
    "0,2,3,4,6": 2.223717451095581,
    "0,2,3,4,7": 1.9834319353103638,
    "0,2,3,5,6": 1.768883466720581,
    "0,2,3,5,7": 1.8526796102523804,
    "0,2,3,6,7": 1.9150121212005615,
    "0,2,4,5,6": 1.762536644935608,
    "0,2,4,5,7": 1.8600586652755737,
    "0,2,4,6,7": 1.934201717376709,
    "0,2,5,6,7": 1.7967954874038696,
    "0,3,4,5,6": 1.715174913406372,
    "0,3,4,5,7": 1.8799898624420166,
    "0,3,4,6,7": 1.8735624551773071,
    "0,3,5,6,7": 1.835631251335144,
    "0,4,5,6,7": 1.868169903755188,
    "1,2,3,4,5": 1.3663724660873413,
    "1,2,3,4,6": 1.7210924625396729,
    "1,2,3,4,7": 1.875458836555481,
    "1,2,3,5,6": 1.426856517791748,
    "1,2,3,5,7": 1.823525309562683,
    "1,2,3,6,7": 1.8738245964050293,
    "1,2,4,5,6": 1.464537262916565,
    "1,2,4,5,7": 1.8452916145324707,
    "1,2,4,6,7": 1.858327031135559,
    "1,2,5,6,7": 1.8169279098510742,
    "1,3,4,5,6": 1.8304029703140259,
    "1,3,4,5,7": 2.1560347080230713,
    "1,3,4,6,7": 2.111025810241699,
    "1,3,5,6,7": 2.1385273933410645,
    "1,4,5,6,7": 2.0668981075286865,
    "2,3,4,5,6": 1.3890962600708008,
    "2,3,4,5,7": 1.8285293579101562,
    "2,3,4,6,7": 1.8501778841018677,
    "2,3,5,6,7": 1.8177329301834106,
    "2,4,5,6,7": 1.830406665802002,
    "3,4,5,6,7": 1.9511035680770874,
    "0,1,2,3,4,5": 1.932282567024231,
    "0,1,2,3,4,6": 2.302323341369629,