{
  "object_name": "CaliforniaHousing",
  "data_type": "game",
  "version": "1.0.0.dev0",
  "created_from": null,
  "description": null,
  "parameters": {},
  "timestamp": "2025-12-26T21:56:41.410069+00:00Z",
  "metadata": {
    "n_players": 8,
    "game_name": "CaliforniaHousing_LocalExplanation_Game",
    "normalization_value": 2.0006015300750732,
    "precompute_flag": true,
    "precomputed": true,
    "player_names": null
  },
  "data": {
    "Empty": 2.0006015300750732,
    "0": 2.186509370803833,
    "1": 1.9256467819213867,
    "2": 2.151792287826538,
    "3": 1.9106457233428955,
    "4": 1.9873411655426025,
    "5": 2.200697898864746,
    "6": 2.55804181098938,
    "7": 1.8229461908340454,
    "0,1": 2.0361127853393555,
    "0,2": 1.811460018157959,
    "0,3": 2.466701030731201,
    "0,4": 2.1878442764282227,
    "0,5": 2.4777820110321045,
    "0,6": 2.403836250305176,
    "0,7": 1.6550015211105347,
    "1,2": 1.945446491241455,
    "1,3": 1.896923303604126,
    "1,4": 1.9398388862609863,
    "1,5": 2.119781255722046,
    "1,6": 2.2330429553985596,
    "1,7": 1.6700063943862915,
    "2,3": 1.7272722721099854,
    "2,4": 2.1395468711853027,
    "2,5": 2.5724050998687744,
    "2,6": 2.5075125694274902,
    "2,7": 1.9371713399887085,
    "3,4": 1.860878586769104,
    "3,5": 2.0343217849731445,
    "3,6": 2.4579410552978516,
    "3,7": 1.783703088760376,
    "4,5": 2.194373846054077,
    "4,6": 2.8202590942382812,
    "4,7": 1.8281816244125366,
    "5,6": 2.8113837242126465,
    "5,7": 2.3739256858825684,
    "6,7": 3.2122325897216797,
    "0,1,2": 1.6817392110824585,
    "0,1,3": 2.2953319549560547,
    "0,1,4": 1.9699726104736328,
    "0,1,5": 2.4014432430267334,
    "0,1,6": 2.3125357627868652,
    "0,1,7": 1.5592728853225708,
    "0,2,3": 2.1285762786865234,
    "0,2,4": 1.7950459718704224,
    "0,2,5": 2.233109951019287,
    "0,2,6": 2.213656425476074,
    "0,2,7": 1.651878833770752,
    "0,3,4": 2.469290018081665,
    "0,3,5": 2.7140960693359375,
    "0,3,6": 2.7959418296813965,
    "0,3,7": 2.2789466381073,
    "0,4,5": 2.5207366943359375,
    "0,4,6": 2.411130905151367,
    "0,4,7": 1.7747225761413574,
    "0,5,6": 2.6694769859313965,
    "0,5,7": 2.0821545124053955,
    "0,6,7": 2.854243755340576,
    "1,2,3": 1.6196832656860352,
    "1,2,4": 1.9164695739746094,
    "1,2,5": 2.313401460647583,
    "1,2,6": 2.6952242851257324,
    "1,2,7": 1.7684580087661743,
    "1,3,4": 1.8557474613189697,
    "1,3,5": 1.9711472988128662,
    "1,3,6": 2.362393379211426,
    "1,3,7": 1.6240605115890503,
    "1,4,5": 2.074627637863159,
    "1,4,6": 2.769782543182373,
    "1,4,7": 2.125408172607422,
    "1,5,6": 2.789588212966919,
    "1,5,7": 2.1393539905548096,
    "1,6,7": 3.1634504795074463,
    "2,3,4": 1.84370756149292,
    "2,3,5": 2.2663164138793945,
    "2,3,6": 2.6550841331481934,
    "2,3,7": 1.9468828439712524,
    "2,4,5": 2.681619644165039,
    "2,4,6": 2.955256938934326,
    "2,4,7": 2.010748863220215,
    "2,5,6": 2.9267570972442627,
    "2,5,7": 2.7869274616241455,
    "2,6,7": 3.311711311340332,
    "3,4,5": 2.035449981689453,
    "3,4,6": 2.71915864944458,
    "3,4,7": 2.043541193008423,
    "3,5,6": 3.0748648643493652,
    "3,5,7": 2.4109623432159424,
    "3,6,7": 3.2919061183929443,
    "4,5,6": 3.181918144226074,
    "4,5,7": 2.4036362171173096,
    "4,6,7": 3.1437442302703857,
    "5,6,7": 3.3717074394226074,
    "0,1,2,3": 1.9844564199447632,
    "0,1,2,4": 1.667773962020874,
    "0,1,2,5": 1.9834768772125244,
    "0,1,2,6": 1.8405872583389282,
    "0,1,2,7": 1.4794734716415405,
    "0,1,3,4": 2.308967351913452,
    "0,1,3,5": 2.6432785987854004,
    "0,1,3,6": 2.8642418384552,
    "0,1,3,7": 2.0236339569091797,
    "0,1,4,5": 2.322148561477661,
    "0,1,4,6": 2.3065075874328613,
    "0,1,4,7": 1.8063372373580933,
    "0,1,5,6": 2.520742416381836,
    "0,1,5,7": 1.940542459487915,
    "0,1,6,7": 2.7490217685699463,
    "0,2,3,4": 2.154391288757324,
    "0,2,3,5": 2.478879928588867,
    "0,2,3,6": 2.351712703704834,
    "0,2,3,7": 2.0718841552734375,
    "0,2,4,5": 2.1946871280670166,
    "0,2,4,6": 2.052504539489746,
    "0,2,4,7": 1.553734540939331,
    "0,2,5,6": 2.3467025756835938,
    "0,2,5,7": 2.2658345699310303,
    "0,2,6,7": 2.8957269191741943,
    "0,3,4,5": 2.7241389751434326,
    "0,3,4,6": 2.705826759338379,
    "0,3,4,7": 2.186807632446289,
    "0,3,5,6": 2.6329903602600098,
    "0,3,5,7": 2.397266149520874,
    "0,3,6,7": 3.0669121742248535,
    "0,4,5,6": 2.532747745513916,
    "0,4,5,7": 2.2055246829986572,
    "0,4,6,7": 2.927147626876831,
    "0,5,6,7": 2.8300681114196777,
    "1,2,3,4": 1.6600221395492554,
    "1,2,3,5": 2.1033294200897217,
    "1,2,3,6": 2.483858108520508,
    "1,2,3,7": 1.684884786605835,
    "1,2,4,5": 2.2014095783233643,
    "1,2,4,6": 2.71360182762146,
    "1,2,4,7": 1.694517970085144,
    "1,2,5,6": 2.736445903778076,
    "1,2,5,7": 2.8548269271850586,
    "1,2,6,7": 3.272688388824463,
    "1,3,4,5": 1.8887016773223877,
    "1,3,4,6": 2.5953216552734375,
    "1,3,4,7": 1.8598096370697021,
    "1,3,5,6": 2.669382095336914,
    "1,3,5,7": 2.230571746826172,
    "1,3,6,7": 3.3277149200439453,
    "1,4,5,6": 2.8416316509246826,
    "1,4,5,7": 2.2521958351135254,
    "1,4,6,7": 3.2169485092163086,
    "1,5,6,7": 3.660038948059082,
    "2,3,4,5": 2.3714942932128906,
    "2,3,4,6": 2.694878578186035,
    "2,3,4,7": 1.9787760972976685,
    "2,3,5,6": 3.1334095001220703,
    "2,3,5,7": 2.8946151733398438,
    "2,3,6,7": 3.314877510070801,
    "2,4,5,6": 3.111086845397949,
    "2,4,5,7": 3.014124870300293,
    "2,4,6,7": 3.072690010070801,
    "2,5,6,7": 3.6777262687683105,
    "3,4,5,6": 2.8769307136535645,
    "3,4,5,7": 2.3734130859375,
    "3,4,6,7": 3.32558274269104,
    "3,5,6,7": 3.4317822456359863,
    "4,5,6,7": 3.4922635555267334,
    "0,1,2,3,4": 1.952105164527893,
    "0,1,2,3,5": 2.280435562133789,
    "0,1,2,3,6": 2.1670918464660645,
    "0,1,2,3,7": 1.667958378791809,
    "0,1,2,4,5": 1.9677046537399292,
    "0,1,2,4,6": 1.9736374616622925,
    "0,1,2,4,7": 1.4972233772277832,
    "0,1,2,5,6": 2.2697596549987793,
    "0,1,2,5,7": 2.101320505142212,
    "0,1,2,6,7": 2.765162706375122,
    "0,1,3,4,5": 2.607764720916748,
    "0,1,3,4,6": 2.769355535507202,
    "0,1,3,4,7": 2.0861411094665527,
    "0,1,3,5,6": 2.721001625061035,
    "0,1,3,5,7": 2.4425628185272217,
    "0,1,3,6,7": 2.969060182571411,
    "0,1,4,5,6": 2.4882771968841553,
    "0,1,4,5,7": 2.2077536582946777,
    "0,1,4,6,7": 2.833747148513794,
    "0,1,5,6,7": 2.9317715167999268,
    "0,2,3,4,5": 2.4656755924224854,
    "0,2,3,4,6": 2.267690896987915,
    "0,2,3,4,7": 2.041696071624756,
    "0,2,3,5,6": 2.525068998336792,
    "0,2,3,5,7": 2.3446006774902344,
    "0,2,3,6,7": 2.9563117027282715,
    "0,2,4,5,6": 2.3258485794067383,
    "0,2,4,5,7": 2.1145174503326416,
    "0,2,4,6,7": 2.864593029022217,
    "0,2,5,6,7": 3.02237868309021,
    "0,3,4,5,6": 2.8481075763702393,
    "0,3,4,5,7": 2.5244956016540527,
    "0,3,4,6,7": 3.032285690307617,
    "0,3,5,6,7": 2.892756938934326,
    "0,4,5,6,7": 2.7526144981384277,
    "1,2,3,4,5": 2.0840346813201904,
    "1,2,3,4,6": 2.646270751953125,
    "1,2,3,4,7": 1.7722915410995483,
    "1,2,3,5,6": 3.031860113143921,
    "1,2,3,5,7": 2.7724952697753906,
    "1,2,3,6,7": 3.328918218612671,
    "1,2,4,5,6": 2.837064027786255,
    "1,2,4,5,7": 2.8343400955200195,
    "1,2,4,6,7": 3.1474320888519287,
    "1,2,5,6,7": 3.613065242767334,
    "1,3,4,5,6": 2.47240948677063,
    "1,3,4,5,7": 2.214452028274536,
    "1,3,4,6,7": 3.18628191947937,
    "1,3,5,6,7": 3.5975122451782227,
    "1,4,5,6,7": 3.6847424507141113,
    "2,3,4,5,6": 3.1949353218078613,
    "2,3,4,5,7": 2.697662830352783,
    "2,3,4,6,7": 3.2924320697784424,
    "2,3,5,6,7": 3.4447031021118164,
    "2,4,5,6,7": 3.5402932167053223,
    "3,4,5,6,7": 3.5187277793884277,
    "0,1,2,3,4,5": 2.3279829025268555,
    "0,1,2,3,4,6": 2.2369236946105957,
    "0,1,2,3,4,7": 2.14784836769104,
    "0,1,2,3,5,6": 2.5459327697753906,