{
  "object_name": "CaliforniaHousing",
  "data_type": "game",
  "version": "1.0.0.dev0",
  "created_from": null,
  "description": null,
  "parameters": {},
  "timestamp": "2025-12-26T22:00:41.294733+00:00Z",
  "metadata": {
    "n_players": 8,
    "game_name": "CaliforniaHousing_LocalExplanation_Game",
    "normalization_value": 2.0006015300750732,
    "precompute_flag": true,
    "precomputed": true,
    "player_names": null
  },
  "data": {
    "Empty": 2.0006015300750732,
    "0": 2.6825671195983887,
    "1": 1.9808967113494873,
    "2": 1.7166929244995117,
    "3": 1.9643319845199585,
    "4": 1.980406403541565,
    "5": 2.037503957748413,
    "6": 2.4071385860443115,
    "7": 3.024834632873535,
    "0,1": 2.941845417022705,
    "0,2": 2.8607521057128906,
    "0,3": 2.844632625579834,
    "0,4": 2.7027196884155273,
    "0,5": 2.5333688259124756,
    "0,6": 2.6642005443573,
    "0,7": 3.218820333480835,
    "1,2": 1.8081074953079224,
    "1,3": 1.9991191625595093,
    "1,4": 2.029311180114746,
    "1,5": 2.183012008666992,
    "1,6": 2.2850735187530518,
    "1,7": 2.992662191390991,
    "2,3": 1.70982027053833,
    "2,4": 1.7142914533615112,
    "2,5": 1.5853990316390991,
    "2,6": 2.0743231773376465,
    "2,7": 2.660266876220703,
    "3,4": 2.019458293914795,
    "3,5": 2.1035923957824707,
    "3,6": 2.527228593826294,
    "3,7": 3.033135175704956,
    "4,5": 2.085745096206665,
    "4,6": 2.4759573936462402,
    "4,7": 3.092665195465088,
    "5,6": 2.4999094009399414,
    "5,7": 2.9427473545074463,
    "6,7": 2.7455573081970215,
    "0,1,2": 2.8699252605438232,
    "0,1,3": 3.11464786529541,
    "0,1,4": 2.9065299034118652,
    "0,1,5": 2.682961940765381,
    "0,1,6": 2.772421360015869,
    "0,1,7": 3.389956474304199,
    "0,2,3": 3.1515390872955322,
    "0,2,4": 2.8694002628326416,
    "0,2,5": 2.678187847137451,
    "0,2,6": 2.6133310794830322,
    "0,2,7": 3.4234652519226074,
    "0,3,4": 2.8356919288635254,
    "0,3,5": 2.6628973484039307,
    "0,3,6": 2.7479851245880127,
    "0,3,7": 3.385512590408325,
    "0,4,5": 2.5870354175567627,
    "0,4,6": 2.6594972610473633,
    "0,4,7": 3.404381275177002,
    "0,5,6": 2.68412446975708,
    "0,5,7": 3.019221782684326,
    "0,6,7": 2.513179063796997,
    "1,2,3": 1.7242532968521118,
    "1,2,4": 1.7821388244628906,
    "1,2,5": 1.663367748260498,
    "1,2,6": 2.054521083831787,
    "1,2,7": 2.8575050830841064,
    "1,3,4": 2.0188395977020264,
    "1,3,5": 2.2412478923797607,
    "1,3,6": 2.362105131149292,
    "1,3,7": 3.0680720806121826,
    "1,4,5": 2.192988634109497,
    "1,4,6": 2.404524087905884,
    "1,4,7": 3.0880279541015625,
    "1,5,6": 2.4864277839660645,
    "1,5,7": 2.9499542713165283,
    "1,6,7": 2.369065284729004,
    "2,3,4": 1.7175366878509521,
    "2,3,5": 1.5721982717514038,
    "2,3,6": 2.1130805015563965,
    "2,3,7": 2.9173357486724854,
    "2,4,5": 1.555709958076477,
    "2,4,6": 2.079683303833008,
    "2,4,7": 2.8059325218200684,
    "2,5,6": 2.0620951652526855,
    "2,5,7": 2.2761547565460205,
    "2,6,7": 2.175798177719116,
    "3,4,5": 2.137299060821533,
    "3,4,6": 2.562628746032715,
    "3,4,7": 3.1399407386779785,
    "3,5,6": 2.6380186080932617,
    "3,5,7": 3.117921829223633,
    "3,6,7": 2.6770999431610107,
    "4,5,6": 2.538074493408203,
    "4,5,7": 3.081620216369629,
    "4,6,7": 2.8893749713897705,
    "5,6,7": 3.0717806816101074,
    "0,1,2,3": 3.2455942630767822,
    "0,1,2,4": 2.9225997924804688,
    "0,1,2,5": 2.7823104858398438,
    "0,1,2,6": 2.4872658252716064,
    "0,1,2,7": 3.415616989135742,
    "0,1,3,4": 3.1812691688537598,
    "0,1,3,5": 2.8653407096862793,
    "0,1,3,6": 2.9872517585754395,
    "0,1,3,7": 3.5027718544006348,
    "0,1,4,5": 2.712225914001465,
    "0,1,4,6": 2.8928205966949463,
    "0,1,4,7": 3.2619786262512207,
    "0,1,5,6": 2.7692837715148926,
    "0,1,5,7": 2.9641573429107666,
    "0,1,6,7": 2.4622514247894287,
    "0,2,3,4": 3.266878843307495,
    "0,2,3,5": 2.921358108520508,
    "0,2,3,6": 2.8542838096618652,
    "0,2,3,7": 3.4947729110717773,
    "0,2,4,5": 2.7192816734313965,
    "0,2,4,6": 2.6013102531433105,
    "0,2,4,7": 3.336805820465088,
    "0,2,5,6": 2.5086920261383057,
    "0,2,5,7": 2.8814783096313477,
    "0,2,6,7": 2.374641180038452,
    "0,3,4,5": 2.649620771408081,
    "0,3,4,6": 2.802412986755371,
    "0,3,4,7": 3.4746527671813965,
    "0,3,5,6": 2.705094814300537,
    "0,3,5,7": 3.051569938659668,
    "0,3,6,7": 2.5650429725646973,
    "0,4,5,6": 2.6650168895721436,
    "0,4,5,7": 3.0222887992858887,
    "0,4,6,7": 2.4606549739837646,
    "0,5,6,7": 2.631509304046631,
    "1,2,3,4": 1.7707403898239136,
    "1,2,3,5": 1.6235263347625732,
    "1,2,3,6": 2.068814992904663,
    "1,2,3,7": 2.679527997970581,
    "1,2,4,5": 1.6109462976455688,
    "1,2,4,6": 2.097865104675293,
    "1,2,4,7": 2.810396671295166,
    "1,2,5,6": 2.0952765941619873,
    "1,2,5,7": 2.401557683944702,
    "1,2,6,7": 2.0287327766418457,
    "1,3,4,5": 2.2033579349517822,
    "1,3,4,6": 2.4766831398010254,
    "1,3,4,7": 3.1062283515930176,
    "1,3,5,6": 2.639519691467285,
    "1,3,5,7": 3.01064395904541,
    "1,3,6,7": 2.3068134784698486,
    "1,4,5,6": 2.692389965057373,
    "1,4,5,7": 3.016406297683716,
    "1,4,6,7": 2.1619985103607178,
    "1,5,6,7": 2.528322219848633,
    "2,3,4,5": 1.5709216594696045,
    "2,3,4,6": 2.1538751125335693,
    "2,3,4,7": 2.7946879863739014,
    "2,3,5,6": 1.9732154607772827,
    "2,3,5,7": 2.2731997966766357,
    "2,3,6,7": 2.138192892074585,
    "2,4,5,6": 2.049177885055542,
    "2,4,5,7": 2.27561092376709,
    "2,4,6,7": 2.1278741359710693,
    "2,5,6,7": 2.1468722820281982,
    "3,4,5,6": 2.7475273609161377,
    "3,4,5,7": 3.055720567703247,
    "3,4,6,7": 2.645479679107666,
    "3,5,6,7": 2.80816650390625,
    "4,5,6,7": 2.6883437633514404,
    "0,1,2,3,4": 3.201690435409546,
    "0,1,2,3,5": 2.942143440246582,
    "0,1,2,3,6": 2.707407236099243,
    "0,1,2,3,7": 3.4748830795288086,
    "0,1,2,4,5": 2.7470479011535645,
    "0,1,2,4,6": 2.6456289291381836,
    "0,1,2,4,7": 3.3160598278045654,
    "0,1,2,5,6": 2.571540355682373,
    "0,1,2,5,7": 2.8512561321258545,
    "0,1,2,6,7": 2.206145763397217,
    "0,1,3,4,5": 2.8432321548461914,
    "0,1,3,4,6": 2.924238681793213,
    "0,1,3,4,7": 3.5078248977661133,
    "0,1,3,5,6": 2.8632495403289795,
    "0,1,3,5,7": 3.085935592651367,
    "0,1,3,6,7": 2.6048202514648438,
    "0,1,4,5,6": 2.773228168487549,
    "0,1,4,5,7": 2.968965530395508,
    "0,1,4,6,7": 2.5018906593322754,
    "0,1,5,6,7": 2.561487913131714,
    "0,2,3,4,5": 2.898538112640381,
    "0,2,3,4,6": 2.8261239528656006,
    "0,2,3,4,7": 3.5829873085021973,
    "0,2,3,5,6": 2.548768997192383,
    "0,2,3,5,7": 3.008329391479492,
    "0,2,3,6,7": 2.4090988636016846,
    "0,2,4,5,6": 2.4732766151428223,
    "0,2,4,5,7": 2.9082231521606445,
    "0,2,4,6,7": 2.3785312175750732,
    "0,2,5,6,7": 2.399258613586426,
    "0,3,4,5,6": 2.776561975479126,
    "0,3,4,5,7": 3.0246288776397705,
    "0,3,4,6,7": 2.5789031982421875,
    "0,3,5,6,7": 2.6746432781219482,
    "0,4,5,6,7": 2.618098497390747,
    "1,2,3,4,5": 1.5848335027694702,
    "1,2,3,4,6": 2.162341356277466,
    "1,2,3,4,7": 2.752807140350342,
    "1,2,3,5,6": 2.133533477783203,
    "1,2,3,5,7": 2.361578941345215,
    "1,2,3,6,7": 2.0221006870269775,
    "1,2,4,5,6": 2.1110219955444336,
    "1,2,4,5,7": 2.361116886138916,
    "1,2,4,6,7": 2.033928871154785,
    "1,2,5,6,7": 2.098928928375244,
    "1,3,4,5,6": 2.661464214324951,
    "1,3,4,5,7": 3.0584254264831543,
    "1,3,4,6,7": 2.221121311187744,
    "1,3,5,6,7": 2.472459316253662,
    "1,4,5,6,7": 2.580737829208374,
    "2,3,4,5,6": 2.095227003097534,
    "2,3,4,5,7": 2.291184663772583,
    "2,3,4,6,7": 2.1594836711883545,
    "2,3,5,6,7": 2.128159284591675,
    "2,4,5,6,7": 2.1630895137786865,
    "3,4,5,6,7": 2.87447190284729,
    "0,1,2,3,4,5": 2.985950469970703,
    "0,1,2,3,4,6": 3.122404098510742,
    "0,1,2,3,4,7": 3.6237101554870605,
    "0,1,2,3,5,6": 2.6300415992736816,