{
  "object_name": "CaliforniaHousing",
  "data_type": "game",
  "version": "1.0.0.dev0",
  "created_from": null,
  "description": null,
  "parameters": {},
  "timestamp": "2025-12-26T21:56:43.381530+00:00Z",
  "metadata": {
    "n_players": 8,
    "game_name": "CaliforniaHousing_LocalExplanation_Game",
    "normalization_value": 2.0006015300750732,
    "precompute_flag": true,
    "precomputed": true,
    "player_names": null
  },
  "data": {
    "Empty": 2.0006015300750732,
    "0": 2.0196733474731445,
    "1": 1.9755061864852905,
    "2": 1.859328031539917,
    "3": 1.9147588014602661,
    "4": 1.9088562726974487,
    "5": 1.9792494773864746,
    "6": 2.2469305992126465,
    "7": 1.4413995742797852,
    "0,1": 1.6217947006225586,
    "0,2": 1.6534568071365356,
    "0,3": 2.199769973754883,
    "0,4": 1.9994133710861206,
    "0,5": 1.6874017715454102,
    "0,6": 2.354513168334961,
    "0,7": 1.522212028503418,
    "1,2": 1.6154910326004028,
    "1,3": 1.9109666347503662,
    "1,4": 1.9260039329528809,
    "1,5": 1.7562205791473389,
    "1,6": 1.7636737823486328,
    "1,7": 1.9862658977508545,
    "2,3": 1.6346131563186646,
    "2,4": 1.7933309078216553,
    "2,5": 1.6483688354492188,
    "2,6": 2.0999555587768555,
    "2,7": 1.4174416065216064,
    "3,4": 1.8310140371322632,
    "3,5": 1.6838573217391968,
    "3,6": 2.284776449203491,
    "3,7": 1.4818203449249268,
    "4,5": 1.8858883380889893,
    "4,6": 1.96368408203125,
    "4,7": 1.482485055923462,
    "5,6": 2.5005598068237305,
    "5,7": 1.5784088373184204,
    "6,7": 1.4229404926300049,
    "0,1,2": 1.3944580554962158,
    "0,1,3": 1.7041467428207397,
    "0,1,4": 1.6263689994812012,
    "0,1,5": 1.3564904928207397,
    "0,1,6": 1.8738164901733398,
    "0,1,7": 1.4539681673049927,
    "0,2,3": 1.9942494630813599,
    "0,2,4": 1.6341986656188965,
    "0,2,5": 1.5089854001998901,
    "0,2,6": 1.8985117673873901,
    "0,2,7": 1.2603514194488525,
    "0,3,4": 2.09549617767334,
    "0,3,5": 1.7935283184051514,
    "0,3,6": 2.7349801063537598,
    "0,3,7": 1.8989280462265015,
    "0,4,5": 1.7218443155288696,
    "0,4,6": 2.4096877574920654,
    "0,4,7": 1.4813073873519897,
    "0,5,6": 1.894722580909729,
    "0,5,7": 1.3370555639266968,
    "0,6,7": 1.3605393171310425,
    "1,2,3": 1.4494956731796265,
    "1,2,4": 1.6282950639724731,
    "1,2,5": 1.505028247833252,
    "1,2,6": 1.7255274057388306,
    "1,2,7": 1.5196069478988647,
    "1,3,4": 1.9066441059112549,
    "1,3,5": 1.7846930027008057,
    "1,3,6": 2.013117790222168,
    "1,3,7": 2.0675344467163086,
    "1,4,5": 1.8420706987380981,
    "1,4,6": 2.151331663131714,
    "1,4,7": 1.844456672668457,
    "1,5,6": 1.670352816581726,
    "1,5,7": 2.1994824409484863,
    "1,6,7": 1.7443749904632568,
    "2,3,4": 1.6609907150268555,
    "2,3,5": 1.3419301509857178,
    "2,3,6": 2.2787959575653076,
    "2,3,7": 1.3550366163253784,
    "2,4,5": 1.6542162895202637,
    "2,4,6": 2.1141579151153564,
    "2,4,7": 1.4913324117660522,
    "2,5,6": 2.001455545425415,
    "2,5,7": 1.2717124223709106,
    "2,6,7": 1.3136295080184937,
    "3,4,5": 1.5917543172836304,
    "3,4,6": 1.9405136108398438,
    "3,4,7": 1.5321779251098633,
    "3,5,6": 2.1354451179504395,
    "3,5,7": 1.5441241264343262,
    "3,6,7": 1.4956982135772705,
    "4,5,6": 2.213221788406372,
    "4,5,7": 1.4798226356506348,
    "4,6,7": 1.350962519645691,
    "5,6,7": 1.302193522453308,
    "0,1,2,3": 1.543536901473999,
    "0,1,2,4": 1.4112820625305176,
    "0,1,2,5": 1.2992262840270996,
    "0,1,2,6": 1.7149738073349,
    "0,1,2,7": 1.4383994340896606,
    "0,1,3,4": 1.8804936408996582,
    "0,1,3,5": 1.4950783252716064,
    "0,1,3,6": 2.2719664573669434,
    "0,1,3,7": 1.6410295963287354,
    "0,1,4,5": 1.4796561002731323,
    "0,1,4,6": 1.9751728773117065,
    "0,1,4,7": 1.4554476737976074,
    "0,1,5,6": 1.4349559545516968,
    "0,1,5,7": 1.368321418762207,
    "0,1,6,7": 1.4485479593276978,
    "0,2,3,4": 1.8869706392288208,
    "0,2,3,5": 1.7276700735092163,
    "0,2,3,6": 2.3188745975494385,
    "0,2,3,7": 1.8571070432662964,
    "0,2,4,5": 1.5153837203979492,
    "0,2,4,6": 1.818705677986145,
    "0,2,4,7": 1.3821945190429688,
    "0,2,5,6": 1.8335233926773071,
    "0,2,5,7": 1.325695276260376,
    "0,2,6,7": 1.2829431295394897,
    "0,3,4,5": 1.7518361806869507,
    "0,3,4,6": 2.5491909980773926,
    "0,3,4,7": 1.6317200660705566,
    "0,3,5,6": 2.0272083282470703,
    "0,3,5,7": 1.491671085357666,
    "0,3,6,7": 1.4450712203979492,
    "0,4,5,6": 1.9010220766067505,
    "0,4,5,7": 1.3903611898422241,
    "0,4,6,7": 1.4146878719329834,
    "0,5,6,7": 1.3830739259719849,
    "1,2,3,4": 1.4984524250030518,
    "1,2,3,5": 1.2436449527740479,
    "1,2,3,6": 1.3915345668792725,
    "1,2,3,7": 1.523854374885559,
    "1,2,4,5": 1.5174000263214111,
    "1,2,4,6": 1.747287392616272,
    "1,2,4,7": 1.4928845167160034,
    "1,2,5,6": 1.7131651639938354,
    "1,2,5,7": 1.4014809131622314,
    "1,2,6,7": 1.615344524383545,
    "1,3,4,5": 1.7829958200454712,
    "1,3,4,6": 1.9038625955581665,
    "1,3,4,7": 1.9111541509628296,
    "1,3,5,6": 2.0578274726867676,
    "1,3,5,7": 2.2111449241638184,
    "1,3,6,7": 1.6237874031066895,
    "1,4,5,6": 2.009465217590332,
    "1,4,5,7": 2.150261640548706,
    "1,4,6,7": 1.6249829530715942,
    "1,5,6,7": 1.5714398622512817,
    "2,3,4,5": 1.3908696174621582,
    "2,3,4,6": 2.166330575942993,
    "2,3,4,7": 1.422713279724121,
    "2,3,5,6": 1.904524803161621,
    "2,3,5,7": 1.275084137916565,
    "2,3,6,7": 1.263288974761963,
    "2,4,5,6": 2.0039148330688477,
    "2,4,5,7": 1.387609839439392,
    "2,4,6,7": 1.367557406425476,
    "2,5,6,7": 1.1879446506500244,
    "3,4,5,6": 1.9973855018615723,
    "3,4,5,7": 1.5147721767425537,
    "3,4,6,7": 1.346645474433899,
    "3,5,6,7": 1.2549371719360352,
    "4,5,6,7": 1.2834479808807373,
    "0,1,2,3,4": 1.6007333993911743,
    "0,1,2,3,5": 1.4321192502975464,
    "0,1,2,3,6": 1.7240499258041382,
    "0,1,2,3,7": 1.572169542312622,
    "0,1,2,4,5": 1.337791919708252,
    "0,1,2,4,6": 1.5843796730041504,
    "0,1,2,4,7": 1.432431697845459,
    "0,1,2,5,6": 1.4012069702148438,
    "0,1,2,5,7": 1.3089110851287842,
    "0,1,2,6,7": 1.5652631521224976,
    "0,1,3,4,5": 1.5123050212860107,
    "0,1,3,4,6": 2.1405725479125977,
    "0,1,3,4,7": 1.5146925449371338,
    "0,1,3,5,6": 1.613450050354004,
    "0,1,3,5,7": 1.4054508209228516,
    "0,1,3,6,7": 1.6523826122283936,
    "0,1,4,5,6": 1.5462141036987305,
    "0,1,4,5,7": 1.3457379341125488,
    "0,1,4,6,7": 1.4365215301513672,
    "0,1,5,6,7": 1.4375706911087036,
    "0,2,3,4,5": 1.72884202003479,
    "0,2,3,4,6": 2.02305269241333,
    "0,2,3,4,7": 1.7122738361358643,
    "0,2,3,5,6": 1.901076078414917,
    "0,2,3,5,7": 1.439420461654663,
    "0,2,3,6,7": 1.380537509918213,
    "0,2,4,5,6": 1.782363772392273,
    "0,2,4,5,7": 1.2951467037200928,
    "0,2,4,6,7": 1.2706972360610962,
    "0,2,5,6,7": 1.2640517950057983,
    "0,3,4,5,6": 2.0143260955810547,
    "0,3,4,5,7": 1.4265910387039185,
    "0,3,4,6,7": 1.5180190801620483,
    "0,3,5,6,7": 1.4520751237869263,
    "0,4,5,6,7": 1.4312984943389893,
    "1,2,3,4,5": 1.1919209957122803,
    "1,2,3,4,6": 1.6487253904342651,
    "1,2,3,4,7": 1.4764691591262817,
    "1,2,3,5,6": 1.3213462829589844,
    "1,2,3,5,7": 1.273818016052246,
    "1,2,3,6,7": 1.4502365589141846,
    "1,2,4,5,6": 1.5557835102081299,
    "1,2,4,5,7": 1.4192668199539185,
    "1,2,4,6,7": 1.5182263851165771,
    "1,2,5,6,7": 1.405820369720459,
    "1,3,4,5,6": 2.049147605895996,
    "1,3,4,5,7": 1.9881527423858643,
    "1,3,4,6,7": 1.6543787717819214,
    "1,3,5,6,7": 1.5860331058502197,
    "1,4,5,6,7": 1.5362462997436523,
    "2,3,4,5,6": 1.9207613468170166,
    "2,3,4,5,7": 1.2500966787338257,
    "2,3,4,6,7": 1.269570231437683,
    "2,3,5,6,7": 1.2092077732086182,
    "2,4,5,6,7": 1.3262901306152344,
    "3,4,5,6,7": 1.184489369392395,
    "0,1,2,3,4,5": 1.4155712127685547,
    "0,1,2,3,4,6": 1.62730872631073,