{
  "object_name": "CaliforniaHousing",
  "data_type": "game",
  "version": "1.0.0.dev0",
  "created_from": null,
  "description": null,
  "parameters": {},
  "timestamp": "2025-12-26T21:58:43.482955+00:00Z",
  "metadata": {
    "n_players": 8,
    "game_name": "CaliforniaHousing_LocalExplanation_Game",
    "normalization_value": 2.0006015300750732,
    "precompute_flag": true,
    "precomputed": true,
    "player_names": null
  },
  "data": {
    "Empty": 2.0006015300750732,
    "0": 1.0164539813995361,
    "1": 2.188075065612793,
    "2": 1.7360854148864746,
    "3": 1.8947758674621582,
    "4": 2.0007691383361816,
    "5": 2.447262763977051,
    "6": 2.438650131225586,
    "7": 2.492201328277588,
    "0,1": 1.2055267095565796,
    "0,2": 1.3552367687225342,
    "0,3": 0.9957768321037292,
    "0,4": 0.9923280477523804,
    "0,5": 1.1601417064666748,
    "0,6": 1.5112338066101074,
    "0,7": 1.3423548936843872,
    "1,2": 1.9761401414871216,
    "1,3": 2.026986598968506,
    "1,4": 2.3975651264190674,
    "1,5": 2.9459140300750732,
    "1,6": 2.870041847229004,
    "1,7": 2.96808123588562,
    "2,3": 1.8057806491851807,
    "2,4": 1.81816828250885,
    "2,5": 2.4187655448913574,
    "2,6": 2.127444267272949,
    "2,7": 2.363569736480713,
    "3,4": 1.8622698783874512,
    "3,5": 2.241527795791626,
    "3,6": 2.3385961055755615,
    "3,7": 2.5234785079956055,
    "4,5": 2.4730939865112305,
    "4,6": 2.4278390407562256,
    "4,7": 2.612448215484619,
    "5,6": 2.5903358459472656,
    "5,7": 2.5662965774536133,
    "6,7": 2.949648380279541,
    "0,1,2": 1.5697870254516602,
    "0,1,3": 1.1869279146194458,
    "0,1,4": 1.1839287281036377,
    "0,1,5": 1.4903491735458374,
    "0,1,6": 1.492073655128479,
    "0,1,7": 1.686703085899353,
    "0,2,3": 1.6278170347213745,
    "0,2,4": 1.3653051853179932,
    "0,2,5": 1.709078073501587,
    "0,2,6": 1.5455262660980225,
    "0,2,7": 2.10197114944458,
    "0,3,4": 1.02923583984375,
    "0,3,5": 1.1056510210037231,
    "0,3,6": 1.4287551641464233,
    "0,3,7": 1.2112345695495605,
    "0,4,5": 1.1268423795700073,
    "0,4,6": 1.39947509765625,
    "0,4,7": 1.2753839492797852,
    "0,5,6": 1.649907112121582,
    "0,5,7": 1.4544891119003296,
    "0,6,7": 2.118048667907715,
    "1,2,3": 1.9693723917007446,
    "1,2,4": 1.897572636604309,
    "1,2,5": 2.5741066932678223,
    "1,2,6": 2.3502964973449707,
    "1,2,7": 2.593461036682129,
    "1,3,4": 2.198977470397949,
    "1,3,5": 2.635244607925415,
    "1,3,6": 2.5044260025024414,
    "1,3,7": 2.7096498012542725,
    "1,4,5": 2.658703327178955,
    "1,4,6": 2.7921504974365234,
    "1,4,7": 2.8403093814849854,
    "1,5,6": 3.050612449645996,
    "1,5,7": 3.1995863914489746,
    "1,6,7": 3.0339393615722656,
    "2,3,4": 1.8028368949890137,
    "2,3,5": 2.233860492706299,
    "2,3,6": 2.226365089416504,
    "2,3,7": 2.459707021713257,
    "2,4,5": 2.2434651851654053,
    "2,4,6": 2.086219310760498,
    "2,4,7": 2.4739952087402344,
    "2,5,6": 2.301482677459717,
    "2,5,7": 2.4555106163024902,
    "2,6,7": 2.6664490699768066,
    "3,4,5": 2.1136372089385986,
    "3,4,6": 2.1050400733947754,
    "3,4,7": 2.372978448867798,
    "3,5,6": 1.8337628841400146,
    "3,5,7": 1.9230583906173706,
    "3,6,7": 2.884611129760742,
    "4,5,6": 2.467003107070923,
    "4,5,7": 2.500995397567749,
    "4,6,7": 2.9590182304382324,
    "5,6,7": 2.916868209838867,
    "0,1,2,3": 1.7095844745635986,
    "0,1,2,4": 1.4333820343017578,
    "0,1,2,5": 2.0731756687164307,
    "0,1,2,6": 1.7504969835281372,
    "0,1,2,7": 2.3042397499084473,
    "0,1,3,4": 1.1816751956939697,
    "0,1,3,5": 1.3781945705413818,
    "0,1,3,6": 1.4085663557052612,
    "0,1,3,7": 1.8851587772369385,
    "0,1,4,5": 1.4458951950073242,
    "0,1,4,6": 1.5230672359466553,
    "0,1,4,7": 1.9896538257598877,
    "0,1,5,6": 1.864336609840393,
    "0,1,5,7": 2.097151279449463,
    "0,1,6,7": 2.05989146232605,
    "0,2,3,4": 1.6329765319824219,
    "0,2,3,5": 1.8965671062469482,
    "0,2,3,6": 1.7439076900482178,
    "0,2,3,7": 2.2448673248291016,
    "0,2,4,5": 1.7172881364822388,
    "0,2,4,6": 1.6699824333190918,
    "0,2,4,7": 2.0589065551757812,
    "0,2,5,6": 2.0676841735839844,
    "0,2,5,7": 2.0162670612335205,
    "0,2,6,7": 2.449739456176758,
    "0,3,4,5": 1.0342003107070923,
    "0,3,4,6": 1.3343337774276733,
    "0,3,4,7": 1.229958415031433,
    "0,3,5,6": 1.7012280225753784,
    "0,3,5,7": 1.4886245727539062,
    "0,3,6,7": 1.7594366073608398,
    "0,4,5,6": 1.6436928510665894,
    "0,4,5,7": 1.4461898803710938,
    "0,4,6,7": 1.8403416872024536,
    "0,5,6,7": 2.412081241607666,
    "1,2,3,4": 1.8812692165374756,
    "1,2,3,5": 2.285759687423706,
    "1,2,3,6": 2.338900566101074,
    "1,2,3,7": 2.509267568588257,
    "1,2,4,5": 2.482053756713867,
    "1,2,4,6": 2.2652509212493896,
    "1,2,4,7": 2.5985922813415527,
    "1,2,5,6": 2.5684847831726074,
    "1,2,5,7": 2.6702888011932373,
    "1,2,6,7": 3.0861620903015137,
    "1,3,4,5": 2.634110450744629,
    "1,3,4,6": 2.838270664215088,
    "1,3,4,7": 3.05120849609375,
    "1,3,5,6": 2.845046043395996,
    "1,3,5,7": 3.2073922157287598,
    "1,3,6,7": 2.9344019889831543,
    "1,4,5,6": 2.803889274597168,
    "1,4,5,7": 3.254242420196533,
    "1,4,6,7": 2.953550338745117,
    "1,5,6,7": 3.555276870727539,
    "2,3,4,5": 2.0926105976104736,
    "2,3,4,6": 1.979768991470337,
    "2,3,4,7": 2.333794116973877,
    "2,3,5,6": 1.9302699565887451,
    "2,3,5,7": 2.1925694942474365,
    "2,3,6,7": 2.5827765464782715,
    "2,4,5,6": 2.17592191696167,
    "2,4,5,7": 2.267747402191162,
    "2,4,6,7": 2.686189889907837,
    "2,5,6,7": 2.6848156452178955,
    "3,4,5,6": 2.0523712635040283,
    "3,4,5,7": 2.6043667793273926,
    "3,4,6,7": 2.991398572921753,
    "3,5,6,7": 3.233442783355713,
    "4,5,6,7": 3.180504560470581,
    "0,1,2,3,4": 1.898442029953003,
    "0,1,2,3,5": 2.2893295288085938,
    "0,1,2,3,6": 2.0914740562438965,
    "0,1,2,3,7": 2.3887476921081543,
    "0,1,2,4,5": 1.9666316509246826,
    "0,1,2,4,6": 1.8176144361495972,
    "0,1,2,4,7": 2.473961114883423,
    "0,1,2,5,6": 2.147190809249878,
    "0,1,2,5,7": 2.6541953086853027,
    "0,1,2,6,7": 3.0280699729919434,
    "0,1,3,4,5": 1.3814040422439575,
    "0,1,3,4,6": 1.576466679573059,
    "0,1,3,4,7": 1.86845862865448,
    "0,1,3,5,6": 2.0760931968688965,
    "0,1,3,5,7": 2.134270429611206,
    "0,1,3,6,7": 2.200007915496826,
    "0,1,4,5,6": 1.768269658088684,
    "0,1,4,5,7": 2.0431861877441406,
    "0,1,4,6,7": 2.101977586746216,
    "0,1,5,6,7": 2.794848918914795,
    "0,2,3,4,5": 1.8478994369506836,
    "0,2,3,4,6": 2.034724235534668,
    "0,2,3,4,7": 2.355436086654663,
    "0,2,3,5,6": 2.2392992973327637,
    "0,2,3,5,7": 2.4280474185943604,
    "0,2,3,6,7": 2.629452705383301,
    "0,2,4,5,6": 1.8709404468536377,
    "0,2,4,5,7": 2.1208181381225586,
    "0,2,4,6,7": 2.4313976764678955,
    "0,2,5,6,7": 2.4476234912872314,
    "0,3,4,5,6": 1.3841077089309692,
    "0,3,4,5,7": 1.3745384216308594,
    "0,3,4,6,7": 2.0294687747955322,
    "0,3,5,6,7": 2.200538158416748,
    "0,4,5,6,7": 2.1477599143981934,
    "1,2,3,4,5": 2.388549566268921,
    "1,2,3,4,6": 2.321244955062866,
    "1,2,3,4,7": 2.6168994903564453,
    "1,2,3,5,6": 2.430238962173462,
    "1,2,3,5,7": 2.59493350982666,
    "1,2,3,6,7": 3.0657005310058594,
    "1,2,4,5,6": 2.333977222442627,
    "1,2,4,5,7": 2.5673155784606934,
    "1,2,4,6,7": 2.9995031356811523,
    "1,2,5,6,7": 3.25361967086792,
    "1,3,4,5,6": 2.7359185218811035,
    "1,3,4,5,7": 3.06536865234375,
    "1,3,4,6,7": 2.914191484451294,
    "1,3,5,6,7": 3.218437671661377,
    "1,4,5,6,7": 3.3982462882995605,
    "2,3,4,5,6": 2.1257879734039307,
    "2,3,4,5,7": 2.4411721229553223,
    "2,3,4,6,7": 2.608161211013794,
    "2,3,5,6,7": 2.561917781829834,
    "2,4,5,6,7": 2.7024478912353516,
    "3,4,5,6,7": 2.8572771549224854,
    "0,1,2,3,4,5": 2.192065477371216,
    "0,1,2,3,4,6": 2.117530345916748,
    "0,1,2,3,4,7": 2.48126220703125,