{
  "object_name": "CaliforniaHousing",
  "data_type": "game",
  "version": "1.0.0.dev0",
  "created_from": null,
  "description": null,
  "parameters": {},
  "timestamp": "2025-12-26T21:54:20.463207+00:00Z",
  "metadata": {
    "n_players": 8,
    "game_name": "CaliforniaHousing_LocalExplanation_Game",
    "normalization_value": 2.0006015300750732,
    "precompute_flag": true,
    "precomputed": true,
    "player_names": null
  },
  "data": {
    "Empty": 2.0006015300750732,
    "0": 0.9967972636222839,
    "1": 1.9540339708328247,
    "2": 1.715575933456421,
    "3": 1.9794096946716309,
    "4": 1.9196219444274902,
    "5": 1.4570274353027344,
    "6": 1.8850669860839844,
    "7": 1.608951210975647,
    "0,1": 0.9639900326728821,
    "0,2": 1.002740502357483,
    "0,3": 0.993023693561554,
    "0,4": 1.022464394569397,
    "0,5": 0.9819043278694153,
    "0,6": 1.1168280839920044,
    "0,7": 1.1304597854614258,
    "1,2": 1.7336252927780151,
    "1,3": 1.9998799562454224,
    "1,4": 1.8887584209442139,
    "1,5": 1.3493943214416504,
    "1,6": 2.01377534866333,
    "1,7": 1.4404102563858032,
    "2,3": 1.6913927793502808,
    "2,4": 1.718269944190979,
    "2,5": 1.2651926279067993,
    "2,6": 1.5915277004241943,
    "2,7": 1.36845064163208,
    "3,4": 1.9411375522613525,
    "3,5": 1.4138445854187012,
    "3,6": 1.8866255283355713,
    "3,7": 1.5907036066055298,
    "4,5": 1.4329432249069214,
    "4,6": 1.7288528680801392,
    "4,7": 1.5411704778671265,
    "5,6": 1.3351712226867676,
    "5,7": 1.2713768482208252,
    "6,7": 1.0974615812301636,
    "0,1,2": 0.9644449353218079,
    "0,1,3": 0.9570285081863403,
    "0,1,4": 1.0042097568511963,
    "0,1,5": 0.9286748170852661,
    "0,1,6": 1.0912615060806274,
    "0,1,7": 1.0701220035552979,
    "0,2,3": 0.9308623671531677,
    "0,2,4": 0.9841993451118469,
    "0,2,5": 0.9831143021583557,
    "0,2,6": 1.0900843143463135,
    "0,2,7": 1.168825387954712,
    "0,3,4": 1.0018045902252197,
    "0,3,5": 0.9909119606018066,
    "0,3,6": 1.1476655006408691,
    "0,3,7": 1.1662044525146484,
    "0,4,5": 1.0035789012908936,
    "0,4,6": 1.1331424713134766,
    "0,4,7": 1.1979317665100098,
    "0,5,6": 1.1333861351013184,
    "0,5,7": 1.1283522844314575,
    "0,6,7": 1.0327789783477783,
    "1,2,3": 1.7148157358169556,
    "1,2,4": 1.726628065109253,
    "1,2,5": 1.2641180753707886,
    "1,2,6": 1.6034756898880005,
    "1,2,7": 1.2799913883209229,
    "1,3,4": 1.9378572702407837,
    "1,3,5": 1.3288488388061523,
    "1,3,6": 2.074216842651367,
    "1,3,7": 1.4603115320205688,
    "1,4,5": 1.3355244398117065,
    "1,4,6": 1.7511245012283325,
    "1,4,7": 1.479047417640686,
    "1,5,6": 1.1570032835006714,
    "1,5,7": 1.2012178897857666,
    "1,6,7": 1.0601087808609009,
    "2,3,4": 1.6994487047195435,
    "2,3,5": 1.2708489894866943,
    "2,3,6": 1.626895546913147,
    "2,3,7": 1.4511051177978516,
    "2,4,5": 1.2900904417037964,
    "2,4,6": 1.5837122201919556,
    "2,4,7": 1.5008081197738647,
    "2,5,6": 1.3148268461227417,
    "2,5,7": 1.2005895376205444,
    "2,6,7": 1.0520809888839722,
    "3,4,5": 1.4168627262115479,
    "3,4,6": 1.7271473407745361,
    "3,4,7": 1.5379531383514404,
    "3,5,6": 1.3880645036697388,
    "3,5,7": 1.2447844743728638,
    "3,6,7": 1.0764763355255127,
    "4,5,6": 1.3400371074676514,
    "4,5,7": 1.2669100761413574,
    "4,6,7": 1.06141996383667,
    "5,6,7": 1.0402002334594727,
    "0,1,2,3": 0.9024525880813599,
    "0,1,2,4": 0.9770665168762207,
    "0,1,2,5": 0.9536533355712891,
    "0,1,2,6": 1.0454022884368896,
    "0,1,2,7": 1.0271672010421753,
    "0,1,3,4": 0.9682773351669312,
    "0,1,3,5": 0.9229455590248108,
    "0,1,3,6": 1.2095786333084106,
    "0,1,3,7": 1.0960981845855713,
    "0,1,4,5": 0.9512384533882141,
    "0,1,4,6": 1.107940912246704,
    "0,1,4,7": 1.1344451904296875,
    "0,1,5,6": 1.056859016418457,
    "0,1,5,7": 1.0391801595687866,
    "0,1,6,7": 1.0365489721298218,
    "0,2,3,4": 0.934505820274353,
    "0,2,3,5": 0.9040348529815674,
    "0,2,3,6": 1.2146176099777222,
    "0,2,3,7": 1.1386754512786865,
    "0,2,4,5": 0.959754228591919,
    "0,2,4,6": 1.1483842134475708,
    "0,2,4,7": 1.146440863609314,
    "0,2,5,6": 1.0811527967453003,
    "0,2,5,7": 1.06398344039917,
    "0,2,6,7": 1.0397332906723022,
    "0,3,4,5": 0.9585464000701904,
    "0,3,4,6": 1.1755585670471191,
    "0,3,4,7": 1.160285472869873,
    "0,3,5,6": 1.1414730548858643,
    "0,3,5,7": 1.1218793392181396,
    "0,3,6,7": 1.044913649559021,
    "0,4,5,6": 1.1169995069503784,
    "0,4,5,7": 1.120995283126831,
    "0,4,6,7": 1.053423523902893,
    "0,5,6,7": 1.0379122495651245,
    "1,2,3,4": 1.7044730186462402,
    "1,2,3,5": 1.281172513961792,
    "1,2,3,6": 1.7104192972183228,
    "1,2,3,7": 1.307191014289856,
    "1,2,4,5": 1.254105806350708,
    "1,2,4,6": 1.616851806640625,
    "1,2,4,7": 1.3614341020584106,
    "1,2,5,6": 1.1441912651062012,
    "1,2,5,7": 1.127156376838684,
    "1,2,6,7": 1.0309416055679321,
    "1,3,4,5": 1.3622703552246094,
    "1,3,4,6": 1.9221129417419434,
    "1,3,4,7": 1.4700745344161987,
    "1,3,5,6": 1.4651823043823242,
    "1,3,5,7": 1.2194535732269287,
    "1,3,6,7": 1.1138510704040527,
    "1,4,5,6": 1.288877248764038,
    "1,4,5,7": 1.229485034942627,
    "1,4,6,7": 1.081172227859497,
    "1,5,6,7": 1.0243678092956543,
    "2,3,4,5": 1.2872090339660645,
    "2,3,4,6": 1.610580563545227,
    "2,3,4,7": 1.4868911504745483,
    "2,3,5,6": 1.3539071083068848,
    "2,3,5,7": 1.196390151977539,
    "2,3,6,7": 1.0850974321365356,
    "2,4,5,6": 1.310178279876709,
    "2,4,5,7": 1.2108628749847412,
    "2,4,6,7": 1.0701591968536377,
    "2,5,6,7": 1.0525821447372437,
    "3,4,5,6": 1.4072563648223877,
    "3,4,5,7": 1.2706760168075562,
    "3,4,6,7": 1.0897727012634277,
    "3,5,6,7": 1.0592131614685059,
    "4,5,6,7": 1.0701816082000732,
    "0,1,2,3,4": 0.9193003177642822,
    "0,1,2,3,5": 0.9077975749969482,
    "0,1,2,3,6": 1.1099437475204468,
    "0,1,2,3,7": 1.0188783407211304,
    "0,1,2,4,5": 0.9660900235176086,
    "0,1,2,4,6": 1.0750502347946167,
    "0,1,2,4,7": 1.049413800239563,
    "0,1,2,5,6": 1.0870310068130493,
    "0,1,2,5,7": 1.0615686178207397,
    "0,1,2,6,7": 1.0214440822601318,
    "0,1,3,4,5": 0.9944746494293213,
    "0,1,3,4,6": 1.198286533355713,
    "0,1,3,4,7": 1.1301535367965698,
    "0,1,3,5,6": 1.1925050020217896,
    "0,1,3,5,7": 1.1020302772521973,
    "0,1,3,6,7": 1.028441309928894,
    "0,1,4,5,6": 1.1151632070541382,
    "0,1,4,5,7": 1.1164203882217407,
    "0,1,4,6,7": 1.0531916618347168,
    "0,1,5,6,7": 1.028122067451477,
    "0,2,3,4,5": 0.9149225354194641,
    "0,2,3,4,6": 1.1454887390136719,
    "0,2,3,4,7": 1.1109055280685425,
    "0,2,3,5,6": 1.1436675786972046,
    "0,2,3,5,7": 1.0808827877044678,
    "0,2,3,6,7": 1.0462017059326172,
    "0,2,4,5,6": 1.116400957107544,
    "0,2,4,5,7": 1.094962239265442,
    "0,2,4,6,7": 1.0479083061218262,
    "0,2,5,6,7": 1.0289820432662964,
    "0,3,4,5,6": 1.1915792226791382,
    "0,3,4,5,7": 1.1105186939239502,
    "0,3,4,6,7": 1.0326542854309082,
    "0,3,5,6,7": 1.010069727897644,
    "0,4,5,6,7": 1.0333720445632935,
    "1,2,3,4,5": 1.2827826738357544,
    "1,2,3,4,6": 1.6379097700119019,
    "1,2,3,4,7": 1.3983315229415894,
    "1,2,3,5,6": 1.3741161823272705,
    "1,2,3,5,7": 1.1332975625991821,
    "1,2,3,6,7": 1.0650677680969238,
    "1,2,4,5,6": 1.2054343223571777,
    "1,2,4,5,7": 1.194900631904602,
    "1,2,4,6,7": 1.0366997718811035,
    "1,2,5,6,7": 0.9892029166221619,
    "1,3,4,5,6": 1.425149917602539,
    "1,3,4,5,7": 1.2603662014007568,
    "1,3,4,6,7": 1.0887641906738281,
    "1,3,5,6,7": 1.0634182691574097,
    "1,4,5,6,7": 1.041873574256897,
    "2,3,4,5,6": 1.373641014099121,
    "2,3,4,5,7": 1.2454352378845215,
    "2,3,4,6,7": 1.0942463874816895,
    "2,3,5,6,7": 1.1167571544647217,
    "2,4,5,6,7": 1.0822616815567017,
    "3,4,5,6,7": 1.0732616186141968,
    "0,1,2,3,4,5": 0.9090923070907593,
    "0,1,2,3,4,6": 1.1018686294555664,