{
  "object_name": "CaliforniaHousing",
  "data_type": "game",
  "version": "1.0.0.dev0",
  "created_from": null,
  "description": null,
  "parameters": {},
  "timestamp": "2025-12-26T21:54:16.763339+00:00Z",
  "metadata": {
    "n_players": 8,
    "game_name": "CaliforniaHousing_LocalExplanation_Game",
    "normalization_value": 2.0006015300750732,
    "precompute_flag": true,
    "precomputed": true,
    "player_names": null
  },
  "data": {
    "Empty": 2.0006015300750732,
    "0": 1.616789698600769,
    "1": 1.9340524673461914,
    "2": 1.800938606262207,
    "3": 1.9417073726654053,
    "4": 1.914076328277588,
    "5": 1.9312505722045898,
    "6": 1.7855418920516968,
    "7": 1.2077715396881104,
    "0,1": 1.5045603513717651,
    "0,2": 1.2387346029281616,
    "0,3": 1.7831358909606934,
    "0,4": 1.6709661483764648,
    "0,5": 1.340179681777954,
    "0,6": 1.4560744762420654,
    "0,7": 1.239627718925476,
    "1,2": 1.641901969909668,
    "1,3": 1.9126002788543701,
    "1,4": 1.8819149732589722,
    "1,5": 2.1431455612182617,
    "1,6": 1.8500869274139404,
    "1,7": 1.1805442571640015,
    "2,3": 1.7077447175979614,
    "2,4": 1.7645868062973022,
    "2,5": 1.5816740989685059,
    "2,6": 1.6489877700805664,
    "2,7": 1.1843310594558716,
    "3,4": 1.8870596885681152,
    "3,5": 1.8436166048049927,
    "3,6": 1.6794390678405762,
    "3,7": 1.2673813104629517,
    "4,5": 1.8792932033538818,
    "4,6": 1.8220999240875244,
    "4,7": 1.367332100868225,
    "5,6": 1.689896821975708,
    "5,7": 1.2611424922943115,
    "6,7": 0.9435340762138367,
    "0,1,2": 1.1835238933563232,
    "0,1,3": 1.6161125898361206,
    "0,1,4": 1.6449849605560303,
    "0,1,5": 1.3166989088058472,
    "0,1,6": 1.3852370977401733,
    "0,1,7": 1.1491189002990723,
    "0,2,3": 1.3352534770965576,
    "0,2,4": 1.2273943424224854,
    "0,2,5": 1.159356951713562,
    "0,2,6": 1.5081613063812256,
    "0,2,7": 1.1829994916915894,
    "0,3,4": 1.70624840259552,
    "0,3,5": 1.441739559173584,
    "0,3,6": 1.5560120344161987,
    "0,3,7": 1.2541728019714355,
    "0,4,5": 1.4125080108642578,
    "0,4,6": 1.4284096956253052,
    "0,4,7": 1.3690661191940308,
    "0,5,6": 1.2629096508026123,
    "0,5,7": 1.110346794128418,
    "0,6,7": 1.298192024230957,
    "1,2,3": 1.5744104385375977,
    "1,2,4": 1.7407459020614624,
    "1,2,5": 1.5584782361984253,
    "1,2,6": 1.8592355251312256,
    "1,2,7": 1.0864490270614624,
    "1,3,4": 1.8801348209381104,
    "1,3,5": 1.9620264768600464,
    "1,3,6": 1.825175404548645,
    "1,3,7": 1.1283395290374756,
    "1,4,5": 2.0257747173309326,
    "1,4,6": 1.5811924934387207,
    "1,4,7": 1.2305731773376465,
    "1,5,6": 1.8608291149139404,
    "1,5,7": 1.1947356462478638,
    "1,6,7": 1.1168779134750366,
    "2,3,4": 1.7571494579315186,
    "2,3,5": 1.4439704418182373,
    "2,3,6": 1.6453312635421753,
    "2,3,7": 1.1655361652374268,
    "2,4,5": 1.6089131832122803,
    "2,4,6": 1.7182507514953613,
    "2,4,7": 1.3017572164535522,
    "2,5,6": 1.3562819957733154,
    "2,5,7": 1.0745798349380493,
    "2,6,7": 1.0900607109069824,
    "3,4,5": 1.7456554174423218,
    "3,4,6": 1.8522751331329346,
    "3,4,7": 1.36674165725708,
    "3,5,6": 1.6863765716552734,
    "3,5,7": 1.2524882555007935,
    "3,6,7": 1.0825507640838623,
    "4,5,6": 1.7826728820800781,
    "4,5,7": 1.2850134372711182,
    "4,6,7": 1.1311423778533936,
    "5,6,7": 1.096266269683838,
    "0,1,2,3": 1.231532335281372,
    "0,1,2,4": 1.1705145835876465,
    "0,1,2,5": 1.0866035223007202,
    "0,1,2,6": 1.6745887994766235,
    "0,1,2,7": 1.0624686479568481,
    "0,1,3,4": 1.7549915313720703,
    "0,1,3,5": 1.3949642181396484,
    "0,1,3,6": 1.5855772495269775,
    "0,1,3,7": 1.1057053804397583,
    "0,1,4,5": 1.467000126838684,
    "0,1,4,6": 1.40003502368927,
    "0,1,4,7": 1.2564510107040405,
    "0,1,5,6": 1.2358677387237549,
    "0,1,5,7": 1.1203577518463135,
    "0,1,6,7": 1.1374874114990234,
    "0,2,3,4": 1.2680280208587646,
    "0,2,3,5": 1.2189711332321167,
    "0,2,3,6": 1.4444493055343628,
    "0,2,3,7": 1.184993028640747,
    "0,2,4,5": 1.131282925605774,
    "0,2,4,6": 1.6033939123153687,
    "0,2,4,7": 1.2392513751983643,
    "0,2,5,6": 1.382192611694336,
    "0,2,5,7": 1.085310935974121,
    "0,2,6,7": 1.2737692594528198,
    "0,3,4,5": 1.4372998476028442,
    "0,3,4,6": 1.541780948638916,
    "0,3,4,7": 1.3466942310333252,
    "0,3,5,6": 1.4527209997177124,
    "0,3,5,7": 1.1960090398788452,
    "0,3,6,7": 1.2292231321334839,
    "0,4,5,6": 1.332534670829773,
    "0,4,5,7": 1.284864068031311,
    "0,4,6,7": 1.2863532304763794,
    "0,5,6,7": 1.0555742979049683,
    "1,2,3,4": 1.6915117502212524,
    "1,2,3,5": 1.4062390327453613,
    "1,2,3,6": 1.7355990409851074,
    "1,2,3,7": 1.0974575281143188,
    "1,2,4,5": 1.703892469406128,
    "1,2,4,6": 1.7921596765518188,
    "1,2,4,7": 1.1958701610565186,
    "1,2,5,6": 1.5485249757766724,
    "1,2,5,7": 1.1441699266433716,
    "1,2,6,7": 1.132025122642517,
    "1,3,4,5": 1.9387261867523193,
    "1,3,4,6": 1.7031047344207764,
    "1,3,4,7": 1.1004573106765747,
    "1,3,5,6": 1.7337168455123901,
    "1,3,5,7": 1.2198834419250488,
    "1,3,6,7": 1.1222476959228516,
    "1,4,5,6": 1.4173227548599243,
    "1,4,5,7": 1.201218843460083,
    "1,4,6,7": 1.0232011079788208,
    "1,5,6,7": 1.3376929759979248,
    "2,3,4,5": 1.5407882928848267,
    "2,3,4,6": 1.752999186515808,
    "2,3,4,7": 1.2335983514785767,
    "2,3,5,6": 1.3421199321746826,
    "2,3,5,7": 1.0185803174972534,
    "2,3,6,7": 1.0549224615097046,
    "2,4,5,6": 1.4803754091262817,
    "2,4,5,7": 1.1644227504730225,
    "2,4,6,7": 1.098653793334961,
    "2,5,6,7": 0.858973503112793,
    "3,4,5,6": 1.5968868732452393,
    "3,4,5,7": 1.2871049642562866,
    "3,4,6,7": 1.0099413394927979,
    "3,5,6,7": 1.0027709007263184,
    "4,5,6,7": 1.1249836683273315,
    "0,1,2,3,4": 1.2269306182861328,
    "0,1,2,3,5": 1.1706491708755493,
    "0,1,2,3,6": 1.6215126514434814,
    "0,1,2,3,7": 1.0412319898605347,
    "0,1,2,4,5": 1.1385952234268188,
    "0,1,2,4,6": 1.512194037437439,
    "0,1,2,4,7": 1.1447136402130127,
    "0,1,2,5,6": 1.1872966289520264,
    "0,1,2,5,7": 1.0211328268051147,
    "0,1,2,6,7": 1.1450706720352173,
    "0,1,3,4,5": 1.5334553718566895,
    "0,1,3,4,6": 1.46067214012146,
    "0,1,3,4,7": 1.2878501415252686,
    "0,1,3,5,6": 1.2274630069732666,
    "0,1,3,5,7": 1.1059925556182861,
    "0,1,3,6,7": 1.1375809907913208,
    "0,1,4,5,6": 1.2545312643051147,
    "0,1,4,5,7": 1.1862300634384155,
    "0,1,4,6,7": 1.1673246622085571,
    "0,1,5,6,7": 1.0234078168869019,
    "0,2,3,4,5": 1.1943696737289429,
    "0,2,3,4,6": 1.4887235164642334,
    "0,2,3,4,7": 1.2082977294921875,
    "0,2,3,5,6": 1.190918207168579,
    "0,2,3,5,7": 1.0721951723098755,
    "0,2,3,6,7": 1.218101143836975,
    "0,2,4,5,6": 1.1849430799484253,
    "0,2,4,5,7": 1.0715537071228027,
    "0,2,4,6,7": 1.243386149406433,
    "0,2,5,6,7": 1.006033182144165,
    "0,3,4,5,6": 1.2950587272644043,
    "0,3,4,5,7": 1.2126089334487915,
    "0,3,4,6,7": 1.240168571472168,
    "0,3,5,6,7": 1.0538495779037476,
    "0,4,5,6,7": 1.092786431312561,
    "1,2,3,4,5": 1.5703834295272827,
    "1,2,3,4,6": 1.6037347316741943,
    "1,2,3,4,7": 1.1358550786972046,
    "1,2,3,5,6": 1.4056566953659058,
    "1,2,3,5,7": 1.0048882961273193,
    "1,2,3,6,7": 0.9743753671646118,
    "1,2,4,5,6": 1.5434859991073608,
    "1,2,4,5,7": 1.2465713024139404,
    "1,2,4,6,7": 1.058759331703186,
    "1,2,5,6,7": 1.0041807889938354,
    "1,3,4,5,6": 1.1641039848327637,
    "1,3,4,5,7": 1.1488286256790161,
    "1,3,4,6,7": 0.9409188032150269,
    "1,3,5,6,7": 1.2067784070968628,
    "1,4,5,6,7": 1.1123729944229126,
    "2,3,4,5,6": 1.3295841217041016,
    "2,3,4,5,7": 1.1704914569854736,
    "2,3,4,6,7": 1.0976409912109375,
    "2,3,5,6,7": 0.8328660130500793,
    "2,4,5,6,7": 1.0079773664474487,
    "3,4,5,6,7": 1.0377568006515503,
    "0,1,2,3,4,5": 1.212969183921814,
    "0,1,2,3,4,6": 1.2950328588485718,