{
  "object_name": "CaliforniaHousing",
  "data_type": "game",
  "version": "1.0.0.dev0",
  "created_from": null,
  "description": null,
  "parameters": {},
  "timestamp": "2025-12-26T22:00:43.308843+00:00Z",
  "metadata": {
    "n_players": 8,
    "game_name": "CaliforniaHousing_LocalExplanation_Game",
    "normalization_value": 2.0006015300750732,
    "precompute_flag": true,
    "precomputed": true,
    "player_names": null
  },
  "data": {
    "Empty": 2.0006015300750732,
    "0": 1.9673380851745605,
    "1": 1.9849133491516113,
    "2": 1.9657611846923828,
    "3": 1.9548064470291138,
    "4": 2.0048341751098633,
    "5": 2.11222767829895,
    "6": 1.1533315181732178,
    "7": 1.1288679838180542,
    "0,1": 2.109369993209839,
    "0,2": 1.5463296175003052,
    "0,3": 2.1479368209838867,
    "0,4": 1.9755244255065918,
    "0,5": 2.1137824058532715,
    "0,6": 1.469618797302246,
    "0,7": 1.1997121572494507,
    "1,2": 2.204829692840576,
    "1,3": 1.9678850173950195,
    "1,4": 2.063098430633545,
    "1,5": 2.3279852867126465,
    "1,6": 1.041784644126892,
    "1,7": 1.43567955493927,
    "2,3": 1.9217710494995117,
    "2,4": 1.9955744743347168,
    "2,5": 2.3114094734191895,
    "2,6": 1.3573198318481445,
    "2,7": 1.3534131050109863,
    "3,4": 2.057427406311035,
    "3,5": 2.1918907165527344,
    "3,6": 1.1281521320343018,
    "3,7": 1.1629332304000854,
    "4,5": 2.1523873805999756,
    "4,6": 1.1499590873718262,
    "4,7": 1.1483570337295532,
    "5,6": 1.4550260305404663,
    "5,7": 1.1943159103393555,
    "6,7": 0.7508313655853271,
    "0,1,2": 1.7126189470291138,
    "0,1,3": 2.2865188121795654,
    "0,1,4": 2.0647032260894775,
    "0,1,5": 2.205073356628418,
    "0,1,6": 1.4530974626541138,
    "0,1,7": 1.483670711517334,
    "0,2,3": 1.626852035522461,
    "0,2,4": 1.554170846939087,
    "0,2,5": 1.8091390132904053,
    "0,2,6": 1.2774955034255981,
    "0,2,7": 1.128745198249817,
    "0,3,4": 2.103875160217285,
    "0,3,5": 2.314736843109131,
    "0,3,6": 1.3929399251937866,
    "0,3,7": 1.2043821811676025,
    "0,4,5": 2.112814426422119,
    "0,4,6": 1.3190504312515259,
    "0,4,7": 1.2081472873687744,
    "0,5,6": 1.4809157848358154,
    "0,5,7": 1.2732012271881104,
    "0,6,7": 0.9338144063949585,
    "1,2,3": 2.1160480976104736,
    "1,2,4": 2.234497547149658,
    "1,2,5": 2.7038981914520264,
    "1,2,6": 1.431423306465149,
    "1,2,7": 1.6823787689208984,
    "1,3,4": 2.028376340866089,
    "1,3,5": 2.439284086227417,
    "1,3,6": 1.0538783073425293,
    "1,3,7": 1.492023229598999,
    "1,4,5": 2.3906636238098145,
    "1,4,6": 1.0250840187072754,
    "1,4,7": 1.3987631797790527,
    "1,5,6": 1.468620777130127,
    "1,5,7": 1.4206141233444214,
    "1,6,7": 0.6261651515960693,
    "2,3,4": 1.9581348896026611,
    "2,3,5": 2.4738590717315674,
    "2,3,6": 1.3702164888381958,
    "2,3,7": 1.255483865737915,
    "2,4,5": 2.3847198486328125,
    "2,4,6": 1.3264790773391724,
    "2,4,7": 1.2579039335250854,
    "2,5,6": 1.5745575428009033,
    "2,5,7": 1.3228867053985596,
    "2,6,7": 0.9211134910583496,
    "3,4,5": 2.2653443813323975,
    "3,4,6": 1.124287486076355,
    "3,4,7": 1.1508893966674805,
    "3,5,6": 1.3332345485687256,
    "3,5,7": 1.1425608396530151,
    "3,6,7": 0.7460466623306274,
    "4,5,6": 1.5354998111724854,
    "4,5,7": 1.1773266792297363,
    "4,6,7": 0.7271031737327576,
    "5,6,7": 0.8031470775604248,
    "0,1,2,3": 1.849194049835205,
    "0,1,2,4": 1.7156758308410645,
    "0,1,2,5": 1.8909385204315186,
    "0,1,2,6": 1.4610002040863037,
    "0,1,2,7": 1.5961179733276367,
    "0,1,3,4": 2.338468074798584,
    "0,1,3,5": 2.609682083129883,
    "0,1,3,6": 1.8684048652648926,
    "0,1,3,7": 1.907838225364685,
    "0,1,4,5": 2.2083468437194824,
    "0,1,4,6": 1.6640770435333252,
    "0,1,4,7": 1.5928484201431274,
    "0,1,5,6": 1.8341587781906128,
    "0,1,5,7": 1.4138129949569702,
    "0,1,6,7": 0.8819525837898254,
    "0,2,3,4": 1.7131035327911377,
    "0,2,3,5": 1.9047799110412598,
    "0,2,3,6": 1.4464353322982788,
    "0,2,3,7": 1.2163201570510864,
    "0,2,4,5": 1.80408775806427,
    "0,2,4,6": 1.3586561679840088,
    "0,2,4,7": 1.123766303062439,
    "0,2,5,6": 1.3693015575408936,
    "0,2,5,7": 1.1977224349975586,
    "0,2,6,7": 0.9605403542518616,
    "0,3,4,5": 2.4218525886535645,
    "0,3,4,6": 1.6856400966644287,
    "0,3,4,7": 1.3357936143875122,
    "0,3,5,6": 1.643862247467041,
    "0,3,5,7": 1.2879366874694824,
    "0,3,6,7": 0.9556158185005188,
    "0,4,5,6": 1.6158089637756348,
    "0,4,5,7": 1.277174711227417,
    "0,4,6,7": 0.9198952317237854,
    "0,5,6,7": 0.9787457585334778,
    "1,2,3,4": 2.1903772354125977,
    "1,2,3,5": 2.9930098056793213,
    "1,2,3,6": 1.3783550262451172,
    "1,2,3,7": 1.5638256072998047,
    "1,2,4,5": 2.544264554977417,
    "1,2,4,6": 1.3040235042572021,
    "1,2,4,7": 1.559180736541748,
    "1,2,5,6": 1.5833100080490112,
    "1,2,5,7": 1.5522886514663696,
    "1,2,6,7": 0.7514714598655701,
    "1,3,4,5": 2.3967528343200684,
    "1,3,4,6": 1.047817587852478,
    "1,3,4,7": 1.4880136251449585,
    "1,3,5,6": 1.4323656558990479,
    "1,3,5,7": 1.274322748184204,
    "1,3,6,7": 0.6437622308731079,
    "1,4,5,6": 1.5073586702346802,
    "1,4,5,7": 1.316533088684082,
    "1,4,6,7": 0.6419371962547302,
    "1,5,6,7": 0.666071891784668,
    "2,3,4,5": 2.4832139015197754,
    "2,3,4,6": 1.4257303476333618,
    "2,3,4,7": 1.2704074382781982,
    "2,3,5,6": 1.5313186645507812,
    "2,3,5,7": 1.2744814157485962,
    "2,3,6,7": 0.9253832101821899,
    "2,4,5,6": 1.562040090560913,
    "2,4,5,7": 1.2452789545059204,
    "2,4,6,7": 0.9144672155380249,
    "2,5,6,7": 0.9919174909591675,
    "3,4,5,6": 1.3340221643447876,
    "3,4,5,7": 1.1534569263458252,
    "3,4,6,7": 0.7548918128013611,
    "3,5,6,7": 0.7940720915794373,
    "4,5,6,7": 0.8139070272445679,
    "0,1,2,3,4": 1.7982407808303833,
    "0,1,2,3,5": 1.9990313053131104,
    "0,1,2,3,6": 1.6814771890640259,
    "0,1,2,3,7": 1.8339136838912964,
    "0,1,2,4,5": 1.8423810005187988,
    "0,1,2,4,6": 1.4831101894378662,
    "0,1,2,4,7": 1.7172300815582275,
    "0,1,2,5,6": 1.6571449041366577,
    "0,1,2,5,7": 1.4154037237167358,
    "0,1,2,6,7": 0.8841310739517212,
    "0,1,3,4,5": 2.4529261589050293,
    "0,1,3,4,6": 1.8903603553771973,
    "0,1,3,4,7": 1.7265939712524414,
    "0,1,3,5,6": 1.9942739009857178,
    "0,1,3,5,7": 1.8093429803848267,
    "0,1,3,6,7": 0.9192246198654175,
    "0,1,4,5,6": 1.7747617959976196,
    "0,1,4,5,7": 1.4407867193222046,
    "0,1,4,6,7": 0.8835280537605286,
    "0,1,5,6,7": 0.8367411494255066,
    "0,2,3,4,5": 1.924255609512329,
    "0,2,3,4,6": 1.3994768857955933,
    "0,2,3,4,7": 1.1614588499069214,
    "0,2,3,5,6": 1.522348403930664,
    "0,2,3,5,7": 1.1991524696350098,
    "0,2,3,6,7": 0.9503340721130371,
    "0,2,4,5,6": 1.4527138471603394,
    "0,2,4,5,7": 1.1566369533538818,
    "0,2,4,6,7": 0.9399850368499756,
    "0,2,5,6,7": 0.9977318644523621,
    "0,3,4,5,6": 1.7063523530960083,
    "0,3,4,5,7": 1.3568203449249268,
    "0,3,4,6,7": 0.9524331092834473,
    "0,3,5,6,7": 1.007896065711975,
    "0,4,5,6,7": 0.9579918384552002,
    "1,2,3,4,5": 2.70218563079834,
    "1,2,3,4,6": 1.3149096965789795,
    "1,2,3,4,7": 1.5401391983032227,
    "1,2,3,5,6": 1.6953123807907104,
    "1,2,3,5,7": 1.7419047355651855,
    "1,2,3,6,7": 0.7506829500198364,
    "1,2,4,5,6": 1.586060643196106,
    "1,2,4,5,7": 1.7932260036468506,
    "1,2,4,6,7": 0.7175133228302002,
    "1,2,5,6,7": 0.7901374697685242,
    "1,3,4,5,6": 1.4805703163146973,
    "1,3,4,5,7": 1.218051791191101,
    "1,3,4,6,7": 0.6390254497528076,
    "1,3,5,6,7": 0.6689130067825317,
    "1,4,5,6,7": 0.6660751700401306,
    "2,3,4,5,6": 1.532304286956787,
    "2,3,4,5,7": 1.2555758953094482,
    "2,3,4,6,7": 0.9297587275505066,
    "2,3,5,6,7": 0.9660162329673767,
    "2,4,5,6,7": 0.9494074583053589,
    "3,4,5,6,7": 0.8096991181373596,
    "0,1,2,3,4,5": 2.0118908882141113,
    "0,1,2,3,4,6": 1.8579652309417725,