{
  "object_name": "CaliforniaHousing",
  "data_type": "game",
  "version": "1.0.0.dev0",
  "created_from": null,
  "description": null,
  "parameters": {},
  "timestamp": "2025-12-26T21:56:44.913479+00:00Z",
  "metadata": {
    "n_players": 8,
    "game_name": "CaliforniaHousing_LocalExplanation_Game",
    "normalization_value": 2.0006015300750732,
    "precompute_flag": true,
    "precomputed": true,
    "player_names": null
  },
  "data": {
    "Empty": 2.0006015300750732,
    "0": 1.6941224336624146,
    "1": 1.9588406085968018,
    "2": 1.7837059497833252,
    "3": 1.986192226409912,
    "4": 1.950441837310791,
    "5": 1.779774785041809,
    "6": 1.8836714029312134,
    "7": 1.7622357606887817,
    "0,1": 1.892011046409607,
    "0,2": 1.3296958208084106,
    "0,3": 1.6427080631256104,
    "0,4": 1.713939905166626,
    "0,5": 1.370798110961914,
    "0,6": 1.7869911193847656,
    "0,7": 1.7991809844970703,
    "1,2": 1.913630485534668,
    "1,3": 1.9860045909881592,
    "1,4": 1.7646455764770508,
    "1,5": 1.3723745346069336,
    "1,6": 1.631872534751892,
    "1,7": 1.844722032546997,
    "2,3": 1.8359174728393555,
    "2,4": 1.7479057312011719,
    "2,5": 1.5315495729446411,
    "2,6": 1.7834241390228271,
    "2,7": 2.1241798400878906,
    "3,4": 1.9930384159088135,
    "3,5": 1.8622711896896362,
    "3,6": 1.963632345199585,
    "3,7": 1.785409688949585,
    "4,5": 1.7905497550964355,
    "4,6": 1.9035731554031372,
    "4,7": 1.7230548858642578,
    "5,6": 1.6564654111862183,
    "5,7": 1.6843279600143433,
    "6,7": 1.5066232681274414,
    "0,1,2": 1.5614036321640015,
    "0,1,3": 1.8287261724472046,
    "0,1,4": 1.8914798498153687,
    "0,1,5": 1.61610746383667,
    "0,1,6": 1.7638463973999023,
    "0,1,7": 1.7440922260284424,
    "0,2,3": 1.2315890789031982,
    "0,2,4": 1.3358806371688843,
    "0,2,5": 1.2224918603897095,
    "0,2,6": 1.5564991235733032,
    "0,2,7": 1.7765108346939087,
    "0,3,4": 1.638793706893921,
    "0,3,5": 1.417554497718811,
    "0,3,6": 1.7723538875579834,
    "0,3,7": 1.755731225013733,
    "0,4,5": 1.4309120178222656,
    "0,4,6": 1.7772856950759888,
    "0,4,7": 1.7940880060195923,
    "0,5,6": 1.5938820838928223,
    "0,5,7": 1.687684416770935,
    "0,6,7": 1.649841070175171,
    "1,2,3": 2.1742918491363525,
    "1,2,4": 2.0943126678466797,
    "1,2,5": 1.632367730140686,
    "1,2,6": 1.9492460489273071,
    "1,2,7": 2.1429262161254883,
    "1,3,4": 1.8541440963745117,
    "1,3,5": 1.3405321836471558,
    "1,3,6": 1.7051528692245483,
    "1,3,7": 1.7314534187316895,
    "1,4,5": 1.3304723501205444,
    "1,4,6": 1.4931833744049072,
    "1,4,7": 1.663641095161438,
    "1,5,6": 1.2034152746200562,
    "1,5,7": 1.6964621543884277,
    "1,6,7": 1.5471961498260498,
    "2,3,4": 1.8054643869400024,
    "2,3,5": 1.5409027338027954,
    "2,3,6": 1.96151602268219,
    "2,3,7": 2.2201764583587646,
    "2,4,5": 1.4912229776382446,
    "2,4,6": 1.9008870124816895,
    "2,4,7": 2.098442554473877,
    "2,5,6": 1.698109745979309,
    "2,5,7": 1.8959834575653076,
    "2,6,7": 1.8066027164459229,
    "3,4,5": 1.8317160606384277,
    "3,4,6": 1.9571261405944824,
    "3,4,7": 1.7210618257522583,
    "3,5,6": 1.7584333419799805,
    "3,5,7": 1.7249109745025635,
    "3,6,7": 1.566857933998108,
    "4,5,6": 1.7125295400619507,
    "4,5,7": 1.7279362678527832,
    "4,6,7": 1.502720832824707,
    "5,6,7": 1.6323134899139404,
    "0,1,2,3": 1.4405081272125244,
    "0,1,2,4": 1.5642694234848022,
    "0,1,2,5": 1.4375574588775635,
    "0,1,2,6": 1.5145941972732544,
    "0,1,2,7": 1.7660225629806519,
    "0,1,3,4": 1.8381963968276978,
    "0,1,3,5": 1.6125608682632446,
    "0,1,3,6": 1.7521361112594604,
    "0,1,3,7": 1.6650203466415405,
    "0,1,4,5": 1.6390204429626465,
    "0,1,4,6": 1.712467074394226,
    "0,1,4,7": 1.696231722831726,
    "0,1,5,6": 1.5575826168060303,
    "0,1,5,7": 1.6543633937835693,
    "0,1,6,7": 1.5352333784103394,
    "0,2,3,4": 1.2091490030288696,
    "0,2,3,5": 1.1423534154891968,
    "0,2,3,6": 1.562943935394287,
    "0,2,3,7": 1.696344017982483,
    "0,2,4,5": 1.2106704711914062,
    "0,2,4,6": 1.5205137729644775,
    "0,2,4,7": 1.746104121208191,
    "0,2,5,6": 1.4771816730499268,
    "0,2,5,7": 1.6534571647644043,
    "0,2,6,7": 1.679455280303955,
    "0,3,4,5": 1.4282227754592896,
    "0,3,4,6": 1.780592918395996,
    "0,3,4,7": 1.7644037008285522,
    "0,3,5,6": 1.5954718589782715,
    "0,3,5,7": 1.69722318649292,
    "0,3,6,7": 1.6354018449783325,
    "0,4,5,6": 1.6034517288208008,
    "0,4,5,7": 1.6917203664779663,
    "0,4,6,7": 1.657579779624939,
    "0,5,6,7": 1.6105984449386597,
    "1,2,3,4": 2.0878405570983887,
    "1,2,3,5": 1.7052030563354492,
    "1,2,3,6": 1.8348619937896729,
    "1,2,3,7": 2.10892915725708,
    "1,2,4,5": 1.6500102281570435,
    "1,2,4,6": 1.8031835556030273,
    "1,2,4,7": 2.050790309906006,
    "1,2,5,6": 1.4691816568374634,
    "1,2,5,7": 1.7981305122375488,
    "1,2,6,7": 1.6616815328598022,
    "1,3,4,5": 1.3207542896270752,
    "1,3,4,6": 1.4714031219482422,
    "1,3,4,7": 1.6583137512207031,
    "1,3,5,6": 1.2891815900802612,
    "1,3,5,7": 1.7372223138809204,
    "1,3,6,7": 1.4952598810195923,
    "1,4,5,6": 1.2895927429199219,
    "1,4,5,7": 1.627076268196106,
    "1,4,6,7": 1.5049450397491455,
    "1,5,6,7": 1.4925822019577026,
    "2,3,4,5": 1.526341199874878,
    "2,3,4,6": 1.9888324737548828,
    "2,3,4,7": 2.1948461532592773,
    "2,3,5,6": 1.729090690612793,
    "2,3,5,7": 1.929158329963684,
    "2,3,6,7": 1.7834683656692505,
    "2,4,5,6": 1.6221816539764404,
    "2,4,5,7": 1.9004521369934082,
    "2,4,6,7": 1.7374823093414307,
    "2,5,6,7": 1.572948932647705,
    "3,4,5,6": 1.741549015045166,
    "3,4,5,7": 1.6856629848480225,
    "3,4,6,7": 1.5404059886932373,
    "3,5,6,7": 1.5713329315185547,
    "4,5,6,7": 1.5195940732955933,
    "0,1,2,3,4": 1.4603720903396606,
    "0,1,2,3,5": 1.418777346611023,
    "0,1,2,3,6": 1.4751161336898804,
    "0,1,2,3,7": 1.6779704093933105,
    "0,1,2,4,5": 1.4797554016113281,
    "0,1,2,4,6": 1.5309686660766602,
    "0,1,2,4,7": 1.7034294605255127,
    "0,1,2,5,6": 1.4894827604293823,
    "0,1,2,5,7": 1.663243293762207,
    "0,1,2,6,7": 1.643440842628479,
    "0,1,3,4,5": 1.5850086212158203,
    "0,1,3,4,6": 1.731456995010376,
    "0,1,3,4,7": 1.7209885120391846,
    "0,1,3,5,6": 1.5933682918548584,
    "0,1,3,5,7": 1.6926342248916626,
    "0,1,3,6,7": 1.6050726175308228,
    "0,1,4,5,6": 1.5754635334014893,
    "0,1,4,5,7": 1.6951696872711182,
    "0,1,4,6,7": 1.5991671085357666,
    "0,1,5,6,7": 1.5453382730484009,
    "0,2,3,4,5": 1.1757653951644897,
    "0,2,3,4,6": 1.4442466497421265,
    "0,2,3,4,7": 1.628329873085022,
    "0,2,3,5,6": 1.49709951877594,
    "0,2,3,5,7": 1.637075424194336,
    "0,2,3,6,7": 1.628806471824646,
    "0,2,4,5,6": 1.5035104751586914,
    "0,2,4,5,7": 1.6681257486343384,
    "0,2,4,6,7": 1.6137832403182983,
    "0,2,5,6,7": 1.6007428169250488,
    "0,3,4,5,6": 1.59152352809906,
    "0,3,4,5,7": 1.6833608150482178,
    "0,3,4,6,7": 1.6432738304138184,
    "0,3,5,6,7": 1.6377519369125366,
    "0,4,5,6,7": 1.6484401226043701,
    "1,2,3,4,5": 1.7268078327178955,
    "1,2,3,4,6": 1.884577989578247,
    "1,2,3,4,7": 2.0674164295196533,
    "1,2,3,5,6": 1.480394959449768,
    "1,2,3,5,7": 1.8060438632965088,
    "1,2,3,6,7": 1.8250735998153687,
    "1,2,4,5,6": 1.4031131267547607,
    "1,2,4,5,7": 1.7954777479171753,
    "1,2,4,6,7": 1.7744749784469604,
    "1,2,5,6,7": 1.5642622709274292,
    "1,3,4,5,6": 1.298487901687622,
    "1,3,4,5,7": 1.726273775100708,
    "1,3,4,6,7": 1.5621286630630493,
    "1,3,5,6,7": 1.522796630859375,
    "1,4,5,6,7": 1.5529563426971436,
    "2,3,4,5,6": 1.6146647930145264,
    "2,3,4,5,7": 1.8987925052642822,
    "2,3,4,6,7": 1.746273159980774,
    "2,3,5,6,7": 1.673875331878662,
    "2,4,5,6,7": 1.6804258823394775,
    "3,4,5,6,7": 1.6470032930374146,
    "0,1,2,3,4,5": 1.4121463298797607,
    "0,1,2,3,4,6": 1.5215251445770264,