{
  "object_name": "CaliforniaHousing",
  "data_type": "game",
  "version": "1.0.0.dev0",
  "created_from": null,
  "description": null,
  "parameters": {},
  "timestamp": "2025-12-26T22:00:39.704226+00:00Z",
  "metadata": {
    "n_players": 8,
    "game_name": "CaliforniaHousing_LocalExplanation_Game",
    "normalization_value": 2.0006015300750732,
    "precompute_flag": true,
    "precomputed": true,
    "player_names": null
  },
  "data": {
    "Empty": 2.0006015300750732,
    "0": 1.2425175905227661,
    "1": 1.9808967113494873,
    "2": 1.7014070749282837,
    "3": 1.9929229021072388,
    "4": 1.9159362316131592,
    "5": 1.4989666938781738,
    "6": 2.189657688140869,
    "7": 1.7841068506240845,
    "0,1": 1.3023993968963623,
    "0,2": 1.1833888292312622,
    "0,3": 1.1734135150909424,
    "0,4": 1.251136064529419,
    "0,5": 1.2000571489334106,
    "0,6": 1.5872011184692383,
    "0,7": 1.3084089756011963,
    "1,2": 1.7466397285461426,
    "1,3": 2.0127317905426025,
    "1,4": 1.9554989337921143,
    "1,5": 1.3538529872894287,
    "1,6": 2.1237447261810303,
    "1,7": 1.5435482263565063,
    "2,3": 1.6384025812149048,
    "2,4": 1.6946715116500854,
    "2,5": 1.2552896738052368,
    "2,6": 2.157750129699707,
    "2,7": 1.3357356786727905,
    "3,4": 1.9302908182144165,
    "3,5": 1.470763087272644,
    "3,6": 1.9184917211532593,
    "3,7": 1.7967512607574463,
    "4,5": 1.4696087837219238,
    "4,6": 2.012310266494751,
    "4,7": 1.6726303100585938,
    "5,6": 1.4054250717163086,
    "5,7": 1.205944299697876,
    "6,7": 1.3287819623947144,
    "0,1,2": 1.1735707521438599,
    "0,1,3": 1.2209186553955078,
    "0,1,4": 1.422436237335205,
    "0,1,5": 1.2660232782363892,
    "0,1,6": 1.5542417764663696,
    "0,1,7": 1.2546042203903198,
    "0,2,3": 1.048850178718567,
    "0,2,4": 1.1798875331878662,
    "0,2,5": 1.0851831436157227,
    "0,2,6": 1.458477258682251,
    "0,2,7": 1.237951397895813,
    "0,3,4": 1.1789741516113281,
    "0,3,5": 1.1800426244735718,
    "0,3,6": 1.4525312185287476,
    "0,3,7": 1.1951277256011963,
    "0,4,5": 1.2120614051818848,
    "0,4,6": 1.5825923681259155,
    "0,4,7": 1.2987940311431885,
    "0,5,6": 1.395933985710144,
    "0,5,7": 1.0868293046951294,
    "0,6,7": 1.2182618379592896,
    "1,2,3": 1.6824980974197388,
    "1,2,4": 1.7423874139785767,
    "1,2,5": 1.2901115417480469,
    "1,2,6": 2.5134799480438232,
    "1,2,7": 1.4162530899047852,
    "1,3,4": 1.970469355583191,
    "1,3,5": 1.4584646224975586,
    "1,3,6": 2.0772111415863037,
    "1,3,7": 1.5796902179718018,
    "1,4,5": 1.4021178483963013,
    "1,4,6": 2.2313716411590576,
    "1,4,7": 1.392887830734253,
    "1,5,6": 1.522801399230957,
    "1,5,7": 1.055551290512085,
    "1,6,7": 1.336787223815918,
    "2,3,4": 1.6813573837280273,
    "2,3,5": 1.288314700126648,
    "2,3,6": 1.9389920234680176,
    "2,3,7": 1.3502795696258545,
    "2,4,5": 1.3036327362060547,
    "2,4,6": 2.2414565086364746,
    "2,4,7": 1.3486729860305786,
    "2,5,6": 1.3681941032409668,
    "2,5,7": 1.0468049049377441,
    "2,6,7": 1.1836249828338623,
    "3,4,5": 1.5017145872116089,
    "3,4,6": 1.8584620952606201,
    "3,4,7": 1.7405192852020264,
    "3,5,6": 1.4558926820755005,
    "3,5,7": 1.2710367441177368,
    "3,6,7": 1.3956409692764282,
    "4,5,6": 1.4009031057357788,
    "4,5,7": 1.2691782712936401,
    "4,6,7": 1.4161534309387207,
    "5,6,7": 1.2561519145965576,
    "0,1,2,3": 1.0395597219467163,
    "0,1,2,4": 1.218037486076355,
    "0,1,2,5": 1.1651899814605713,
    "0,1,2,6": 1.5434234142303467,
    "0,1,2,7": 1.2120919227600098,
    "0,1,3,4": 1.2855825424194336,
    "0,1,3,5": 1.231431484222412,
    "0,1,3,6": 1.5110228061676025,
    "0,1,3,7": 1.1942662000656128,
    "0,1,4,5": 1.3673129081726074,
    "0,1,4,6": 1.5454461574554443,
    "0,1,4,7": 1.2997512817382812,
    "0,1,5,6": 1.4135034084320068,
    "0,1,5,7": 1.0717625617980957,
    "0,1,6,7": 1.1925547122955322,
    "0,2,3,4": 1.0039194822311401,
    "0,2,3,5": 0.9703114628791809,
    "0,2,3,6": 1.4118483066558838,
    "0,2,3,7": 1.1423429250717163,
    "0,2,4,5": 1.0750179290771484,
    "0,2,4,6": 1.4688531160354614,
    "0,2,4,7": 1.3055106401443481,
    "0,2,5,6": 1.2947044372558594,
    "0,2,5,7": 1.0530050992965698,
    "0,2,6,7": 1.1838322877883911,
    "0,3,4,5": 1.1778039932250977,
    "0,3,4,6": 1.473644495010376,
    "0,3,4,7": 1.2386647462844849,
    "0,3,5,6": 1.4056379795074463,
    "0,3,5,7": 1.061453104019165,
    "0,3,6,7": 1.1825909614562988,
    "0,4,5,6": 1.4008352756500244,
    "0,4,5,7": 1.141954779624939,
    "0,4,6,7": 1.279119610786438,
    "0,5,6,7": 1.1160953044891357,
    "1,2,3,4": 1.7156453132629395,
    "1,2,3,5": 1.3587331771850586,
    "1,2,3,6": 2.1896655559539795,
    "1,2,3,7": 1.3164103031158447,
    "1,2,4,5": 1.367828607559204,
    "1,2,4,6": 2.353567123413086,
    "1,2,4,7": 1.341490387916565,
    "1,2,5,6": 1.4678436517715454,
    "1,2,5,7": 0.9496113061904907,
    "1,2,6,7": 1.1341171264648438,
    "1,3,4,5": 1.4487203359603882,
    "1,3,4,6": 1.9209918975830078,
    "1,3,4,7": 1.3674198389053345,
    "1,3,5,6": 1.5423752069473267,
    "1,3,5,7": 1.1263114213943481,
    "1,3,6,7": 1.2766716480255127,
    "1,4,5,6": 1.4685367345809937,
    "1,4,5,7": 1.0680783987045288,
    "1,4,6,7": 1.2733184099197388,
    "1,5,6,7": 1.1218411922454834,
    "2,3,4,5": 1.3358198404312134,
    "2,3,4,6": 1.931620717048645,
    "2,3,4,7": 1.3518280982971191,
    "2,3,5,6": 1.4455950260162354,
    "2,3,5,7": 1.0422351360321045,
    "2,3,6,7": 1.1800519227981567,
    "2,4,5,6": 1.457539439201355,
    "2,4,5,7": 1.0677751302719116,
    "2,4,6,7": 1.2261261940002441,
    "2,5,6,7": 1.0555464029312134,
    "3,4,5,6": 1.4703067541122437,
    "3,4,5,7": 1.277390956878662,
    "3,4,6,7": 1.3744877576828003,
    "3,5,6,7": 1.2309787273406982,
    "4,5,6,7": 1.2225396633148193,
    "0,1,2,3,4": 1.0441811084747314,
    "0,1,2,3,5": 1.052361249923706,
    "0,1,2,3,6": 1.3309824466705322,
    "0,1,2,3,7": 1.1190391778945923,
    "0,1,2,4,5": 1.2025178670883179,
    "0,1,2,4,6": 1.4501549005508423,
    "0,1,2,4,7": 1.2050074338912964,
    "0,1,2,5,6": 1.437082290649414,
    "0,1,2,5,7": 0.9944661855697632,
    "0,1,2,6,7": 1.2031772136688232,
    "0,1,3,4,5": 1.3235279321670532,
    "0,1,3,4,6": 1.4722501039505005,
    "0,1,3,4,7": 1.2579277753829956,
    "0,1,3,5,6": 1.432112216949463,
    "0,1,3,5,7": 1.0736523866653442,
    "0,1,3,6,7": 1.1694453954696655,
    "0,1,4,5,6": 1.4342944622039795,
    "0,1,4,5,7": 1.0748188495635986,
    "0,1,4,6,7": 1.201037883758545,
    "0,1,5,6,7": 1.1170039176940918,
    "0,2,3,4,5": 0.9817648530006409,
    "0,2,3,4,6": 1.3535760641098022,
    "0,2,3,4,7": 1.221500039100647,
    "0,2,3,5,6": 1.313339114189148,
    "0,2,3,5,7": 1.0214130878448486,
    "0,2,3,6,7": 1.1721917390823364,
    "0,2,4,5,6": 1.3482837677001953,
    "0,2,4,5,7": 1.0527898073196411,
    "0,2,4,6,7": 1.2159181833267212,
    "0,2,5,6,7": 1.0908881425857544,
    "0,3,4,5,6": 1.4182692766189575,
    "0,3,4,5,7": 1.1160879135131836,
    "0,3,4,6,7": 1.1582776308059692,
    "0,3,5,6,7": 1.1014825105667114,
    "0,4,5,6,7": 1.130876064300537,
    "1,2,3,4,5": 1.4695615768432617,
    "1,2,3,4,6": 1.9913876056671143,
    "1,2,3,4,7": 1.3273372650146484,
    "1,2,3,5,6": 1.5385910272598267,
    "1,2,3,5,7": 1.0290589332580566,
    "1,2,3,6,7": 1.2322310209274292,
    "1,2,4,5,6": 1.556527853012085,
    "1,2,4,5,7": 1.087443232536316,
    "1,2,4,6,7": 1.2242839336395264,
    "1,2,5,6,7": 1.0377569198608398,
    "1,3,4,5,6": 1.5452593564987183,
    "1,3,4,5,7": 1.0932821035385132,
    "1,3,4,6,7": 1.286144495010376,
    "1,3,5,6,7": 1.1722947359085083,
    "1,4,5,6,7": 1.081449031829834,
    "2,3,4,5,6": 1.4944690465927124,
    "2,3,4,5,7": 1.1527924537658691,
    "2,3,4,6,7": 1.2466530799865723,
    "2,3,5,6,7": 1.0795038938522339,
    "2,4,5,6,7": 1.0848065614700317,
    "3,4,5,6,7": 1.2531906366348267,
    "0,1,2,3,4,5": 1.0656745433807373,
    "0,1,2,3,4,6": 1.3859953880310059,