{
  "object_name": "CaliforniaHousing",
  "data_type": "game",
  "version": "1.0.0.dev0",
  "created_from": null,
  "description": null,
  "parameters": {},
  "timestamp": "2025-12-26T21:54:21.243192+00:00Z",
  "metadata": {
    "n_players": 8,
    "game_name": "CaliforniaHousing_LocalExplanation_Game",
    "normalization_value": 2.0006015300750732,
    "precompute_flag": true,
    "precomputed": true,
    "player_names": null
  },
  "data": {
    "Empty": 2.0006015300750732,
    "0": 2.9861083030700684,
    "1": 1.920405626296997,
    "2": 2.1298012733459473,
    "3": 1.9882912635803223,
    "4": 1.9967178106307983,
    "5": 1.919238805770874,
    "6": 1.8584450483322144,
    "7": 1.4900058507919312,
    "0,1": 2.575077533721924,
    "0,2": 2.932760715484619,
    "0,3": 2.8683013916015625,
    "0,4": 2.98934268951416,
    "0,5": 2.6858863830566406,
    "0,6": 2.812168598175049,
    "0,7": 2.4416685104370117,
    "1,2": 1.7860527038574219,
    "1,3": 1.951033115386963,
    "1,4": 1.9021252393722534,
    "1,5": 1.8392856121063232,
    "1,6": 1.8300470113754272,
    "1,7": 1.4985929727554321,
    "2,3": 2.317739725112915,
    "2,4": 2.156071901321411,
    "2,5": 1.9367965459823608,
    "2,6": 2.0980215072631836,
    "2,7": 1.5755215883255005,
    "3,4": 2.061469316482544,
    "3,5": 2.0924911499023438,
    "3,6": 1.8683048486709595,
    "3,7": 1.5045561790466309,
    "4,5": 1.9831812381744385,
    "4,6": 1.827834129333496,
    "4,7": 1.4447922706604004,
    "5,6": 1.5004867315292358,
    "5,7": 1.389119267463684,
    "6,7": 1.5580476522445679,
    "0,1,2": 2.5506744384765625,
    "0,1,3": 2.443546772003174,
    "0,1,4": 2.5009255409240723,
    "0,1,5": 2.4080381393432617,
    "0,1,6": 2.4743642807006836,
    "0,1,7": 2.4851508140563965,
    "0,2,3": 2.9112257957458496,
    "0,2,4": 2.954580307006836,
    "0,2,5": 2.6801111698150635,
    "0,2,6": 2.830684185028076,
    "0,2,7": 2.3642866611480713,
    "0,3,4": 2.826805353164673,
    "0,3,5": 2.633009910583496,
    "0,3,6": 2.7311172485351562,
    "0,3,7": 2.372697353363037,
    "0,4,5": 2.708341598510742,
    "0,4,6": 2.7215871810913086,
    "0,4,7": 2.4513814449310303,
    "0,5,6": 2.3863115310668945,
    "0,5,7": 2.259416341781616,
    "0,6,7": 2.27998948097229,
    "1,2,3": 1.928739309310913,
    "1,2,4": 1.708864450454712,
    "1,2,5": 1.77134108543396,
    "1,2,6": 1.9350147247314453,
    "1,2,7": 1.5384684801101685,
    "1,3,4": 1.9223963022232056,
    "1,3,5": 2.022991895675659,
    "1,3,6": 1.5723090171813965,
    "1,3,7": 1.6270092725753784,
    "1,4,5": 1.9685864448547363,
    "1,4,6": 1.7787553071975708,
    "1,4,7": 1.521465539932251,
    "1,5,6": 1.6454991102218628,
    "1,5,7": 1.5339659452438354,
    "1,6,7": 1.73279869556427,
    "2,3,4": 2.2966015338897705,
    "2,3,5": 2.0714049339294434,
    "2,3,6": 2.122446060180664,
    "2,3,7": 1.7009413242340088,
    "2,4,5": 1.9347960948944092,
    "2,4,6": 2.0040488243103027,
    "2,4,7": 1.5230519771575928,
    "2,5,6": 1.7685561180114746,
    "2,5,7": 1.5239282846450806,
    "2,6,7": 1.6984931230545044,
    "3,4,5": 2.0922963619232178,
    "3,4,6": 1.7064924240112305,
    "3,4,7": 1.4742810726165771,
    "3,5,6": 1.5074783563613892,
    "3,5,7": 1.504709005355835,
    "3,6,7": 1.6607117652893066,
    "4,5,6": 1.5048025846481323,
    "4,5,7": 1.4530482292175293,
    "4,6,7": 1.6526633501052856,
    "5,6,7": 1.6245324611663818,
    "0,1,2,3": 2.4855849742889404,
    "0,1,2,4": 2.5458106994628906,
    "0,1,2,5": 2.4293105602264404,
    "0,1,2,6": 2.5251693725585938,
    "0,1,2,7": 2.354154109954834,
    "0,1,3,4": 2.293107032775879,
    "0,1,3,5": 2.3047094345092773,
    "0,1,3,6": 2.4400012493133545,
    "0,1,3,7": 2.451599597930908,
    "0,1,4,5": 2.3113181591033936,
    "0,1,4,6": 2.6418046951293945,
    "0,1,4,7": 2.4247989654541016,
    "0,1,5,6": 2.3770132064819336,
    "0,1,5,7": 2.2848026752471924,
    "0,1,6,7": 2.375014066696167,
    "0,2,3,4": 2.9435644149780273,
    "0,2,3,5": 2.676172971725464,
    "0,2,3,6": 2.835843086242676,
    "0,2,3,7": 2.341434955596924,
    "0,2,4,5": 2.688490867614746,
    "0,2,4,6": 2.848738670349121,
    "0,2,4,7": 2.118222236633301,
    "0,2,5,6": 2.2544190883636475,
    "0,2,5,7": 2.0418803691864014,
    "0,2,6,7": 2.154508590698242,
    "0,3,4,5": 2.641007900238037,
    "0,3,4,6": 2.8189988136291504,
    "0,3,4,7": 2.396209716796875,
    "0,3,5,6": 2.402076244354248,
    "0,3,5,7": 2.253218650817871,
    "0,3,6,7": 2.3351969718933105,
    "0,4,5,6": 2.3990659713745117,
    "0,4,5,7": 2.2357912063598633,
    "0,4,6,7": 2.254486083984375,
    "0,5,6,7": 2.1787972450256348,
    "1,2,3,4": 1.9311777353286743,
    "1,2,3,5": 1.892306923866272,
    "1,2,3,6": 1.948371171951294,
    "1,2,3,7": 1.6631122827529907,
    "1,2,4,5": 1.6874135732650757,
    "1,2,4,6": 1.7204382419586182,
    "1,2,4,7": 1.489377498626709,
    "1,2,5,6": 1.7164981365203857,
    "1,2,5,7": 1.5661752223968506,
    "1,2,6,7": 1.6647084951400757,
    "1,3,4,5": 2.0303122997283936,
    "1,3,4,6": 1.718550682067871,
    "1,3,4,7": 1.6255499124526978,
    "1,3,5,6": 1.7564805746078491,
    "1,3,5,7": 1.6863750219345093,
    "1,3,6,7": 1.692536473274231,
    "1,4,5,6": 1.8118653297424316,
    "1,4,5,7": 1.6096467971801758,
    "1,4,6,7": 1.6206350326538086,
    "1,5,6,7": 1.6279085874557495,
    "2,3,4,5": 2.0750317573547363,
    "2,3,4,6": 2.1670820713043213,
    "2,3,4,7": 1.654222846031189,
    "2,3,5,6": 1.8126002550125122,
    "2,3,5,7": 1.629499077796936,
    "2,3,6,7": 1.6635757684707642,
    "2,4,5,6": 1.7510640621185303,
    "2,4,5,7": 1.555065393447876,
    "2,4,6,7": 1.6343722343444824,
    "2,5,6,7": 1.6398088932037354,
    "3,4,5,6": 1.5615767240524292,
    "3,4,5,7": 1.535265326499939,
    "3,4,6,7": 1.5934107303619385,
    "3,5,6,7": 1.594057321548462,
    "4,5,6,7": 1.5812273025512695,
    "0,1,2,3,4": 2.439244031906128,
    "0,1,2,3,5": 2.378380298614502,
    "0,1,2,3,6": 2.3834710121154785,
    "0,1,2,3,7": 2.3088948726654053,
    "0,1,2,4,5": 2.346963405609131,
    "0,1,2,4,6": 2.4283971786499023,
    "0,1,2,4,7": 2.3341403007507324,
    "0,1,2,5,6": 2.2013235092163086,
    "0,1,2,5,7": 2.14973783493042,
    "0,1,2,6,7": 2.166612148284912,
    "0,1,3,4,5": 2.2096054553985596,
    "0,1,3,4,6": 2.367892265319824,
    "0,1,3,4,7": 2.4121532440185547,
    "0,1,3,5,6": 2.3193540573120117,
    "0,1,3,5,7": 2.2985851764678955,
    "0,1,3,6,7": 2.3482320308685303,
    "0,1,4,5,6": 2.2371222972869873,
    "0,1,4,5,7": 2.1831045150756836,
    "0,1,4,6,7": 2.3092377185821533,
    "0,1,5,6,7": 2.189821720123291,
    "0,2,3,4,5": 2.7115495204925537,
    "0,2,3,4,6": 2.8835301399230957,
    "0,2,3,4,7": 2.404707670211792,
    "0,2,3,5,6": 2.2879786491394043,
    "0,2,3,5,7": 2.172008991241455,
    "0,2,3,6,7": 2.2496166229248047,
    "0,2,4,5,6": 2.2403953075408936,
    "0,2,4,5,7": 2.126828193664551,
    "0,2,4,6,7": 2.1578893661499023,
    "0,2,5,6,7": 2.0009210109710693,
    "0,3,4,5,6": 2.2840614318847656,
    "0,3,4,5,7": 2.253413200378418,
    "0,3,4,6,7": 2.3388309478759766,
    "0,3,5,6,7": 2.1446807384490967,
    "0,4,5,6,7": 2.188110589981079,
    "1,2,3,4,5": 1.780750036239624,
    "1,2,3,4,6": 1.969679594039917,
    "1,2,3,4,7": 1.6837273836135864,
    "1,2,3,5,6": 1.7655844688415527,
    "1,2,3,5,7": 1.7299329042434692,
    "1,2,3,6,7": 1.908511757850647,
    "1,2,4,5,6": 1.7150986194610596,
    "1,2,4,5,7": 1.5220401287078857,
    "1,2,4,6,7": 1.7501670122146606,
    "1,2,5,6,7": 1.7223578691482544,
    "1,3,4,5,6": 1.6898040771484375,
    "1,3,4,5,7": 1.6051616668701172,
    "1,3,4,6,7": 1.6529756784439087,
    "1,3,5,6,7": 1.652349591255188,
    "1,4,5,6,7": 1.6690890789031982,
    "2,3,4,5,6": 1.7365376949310303,
    "2,3,4,5,7": 1.6820037364959717,
    "2,3,4,6,7": 1.7233140468597412,
    "2,3,5,6,7": 1.7267141342163086,
    "2,4,5,6,7": 1.622168779373169,
    "3,4,5,6,7": 1.5319066047668457,
    "0,1,2,3,4,5": 2.2394979000091553,
    "0,1,2,3,4,6": 2.5846900939941406,
    "0,1,2,3,4,7": 2.345479965209961,