{
  "object_name": "CaliforniaHousing",
  "data_type": "game",
  "version": "1.0.0.dev0",
  "created_from": null,
  "description": null,
  "parameters": {},
  "timestamp": "2025-12-26T21:58:43.167215+00:00Z",
  "metadata": {
    "n_players": 8,
    "game_name": "CaliforniaHousing_LocalExplanation_Game",
    "normalization_value": 2.0006015300750732,
    "precompute_flag": true,
    "precomputed": true,
    "player_names": null
  },
  "data": {
    "Empty": 2.0006015300750732,
    "0": 1.1851426362991333,
    "1": 1.9514724016189575,
    "2": 1.7782739400863647,
    "3": 1.9650520086288452,
    "4": 1.9153923988342285,
    "5": 1.9478797912597656,
    "6": 2.273282051086426,
    "7": 2.545253276824951,
    "0,1": 1.1583939790725708,
    "0,2": 2.1353564262390137,
    "0,3": 1.2285540103912354,
    "0,4": 1.2215192317962646,
    "0,5": 1.137033462524414,
    "0,6": 1.6945834159851074,
    "0,7": 1.6416300535202026,
    "1,2": 1.7787303924560547,
    "1,3": 1.9614603519439697,
    "1,4": 1.9006037712097168,
    "1,5": 2.1362671852111816,
    "1,6": 2.0872998237609863,
    "1,7": 2.667814016342163,
    "2,3": 1.7671728134155273,
    "2,4": 1.7779011726379395,
    "2,5": 1.7255183458328247,
    "2,6": 1.993833303451538,
    "2,7": 2.3557708263397217,
    "3,4": 1.9082118272781372,
    "3,5": 2.0045647621154785,
    "3,6": 2.347585439682007,
    "3,7": 2.588653802871704,
    "4,5": 1.9102799892425537,
    "4,6": 2.081371784210205,
    "4,7": 2.3558249473571777,
    "5,6": 2.5106773376464844,
    "5,7": 2.108175039291382,
    "6,7": 3.3300418853759766,
    "0,1,2": 1.9587533473968506,
    "0,1,3": 1.1617614030838013,
    "0,1,4": 1.2127012014389038,
    "0,1,5": 1.0848733186721802,
    "0,1,6": 1.6786283254623413,
    "0,1,7": 1.9696459770202637,
    "0,2,3": 2.108443021774292,
    "0,2,4": 2.110844850540161,
    "0,2,5": 1.8771390914916992,
    "0,2,6": 2.273167133331299,
    "0,2,7": 2.535968542098999,
    "0,3,4": 1.2034237384796143,
    "0,3,5": 1.1182070970535278,
    "0,3,6": 1.668565273284912,
    "0,3,7": 1.7806845903396606,
    "0,4,5": 1.1394765377044678,
    "0,4,6": 1.710787057876587,
    "0,4,7": 1.8133950233459473,
    "0,5,6": 1.5265941619873047,
    "0,5,7": 1.6438844203948975,
    "0,6,7": 2.7445263862609863,
    "1,2,3": 1.757627248764038,
    "1,2,4": 1.7655729055404663,
    "1,2,5": 1.682543396949768,
    "1,2,6": 2.0090203285217285,
    "1,2,7": 2.304602861404419,
    "1,3,4": 1.9238511323928833,
    "1,3,5": 2.065258741378784,
    "1,3,6": 2.1825108528137207,
    "1,3,7": 2.6617374420166016,
    "1,4,5": 2.015043020248413,
    "1,4,6": 2.1432716846466064,
    "1,4,7": 2.350044012069702,
    "1,5,6": 2.3371996879577637,
    "1,5,7": 2.1948444843292236,
    "1,6,7": 2.9918696880340576,
    "2,3,4": 1.7416609525680542,
    "2,3,5": 1.6164534091949463,
    "2,3,6": 2.0499448776245117,
    "2,3,7": 2.424996852874756,
    "2,4,5": 1.6971111297607422,
    "2,4,6": 1.989514708518982,
    "2,4,7": 2.4079489707946777,
    "2,5,6": 2.027059555053711,
    "2,5,7": 2.0307528972625732,
    "2,6,7": 2.9130289554595947,
    "3,4,5": 1.876438021659851,
    "3,4,6": 2.025258779525757,
    "3,4,7": 2.2916717529296875,
    "3,5,6": 2.378389835357666,
    "3,5,7": 2.1762304306030273,
    "3,6,7": 3.0604069232940674,
    "4,5,6": 2.3046865463256836,
    "4,5,7": 2.132723331451416,
    "4,6,7": 2.9648923873901367,
    "5,6,7": 3.2663543224334717,
    "0,1,2,3": 2.033595085144043,
    "0,1,2,4": 1.9897208213806152,
    "0,1,2,5": 1.8347201347351074,
    "0,1,2,6": 2.1649155616760254,
    "0,1,2,7": 2.4201483726501465,
    "0,1,3,4": 1.296294927597046,
    "0,1,3,5": 1.093085527420044,
    "0,1,3,6": 1.5754133462905884,
    "0,1,3,7": 2.037104368209839,
    "0,1,4,5": 1.2132211923599243,
    "0,1,4,6": 1.6604183912277222,
    "0,1,4,7": 2.026472806930542,
    "0,1,5,6": 1.8094958066940308,
    "0,1,5,7": 1.8395591974258423,
    "0,1,6,7": 3.041672945022583,
    "0,2,3,4": 1.9618194103240967,
    "0,2,3,5": 1.8299390077590942,
    "0,2,3,6": 2.0788745880126953,
    "0,2,3,7": 2.4423794746398926,
    "0,2,4,5": 1.8115148544311523,
    "0,2,4,6": 2.2114617824554443,
    "0,2,4,7": 2.2978575229644775,
    "0,2,5,6": 2.1395246982574463,
    "0,2,5,7": 2.0392954349517822,
    "0,2,6,7": 2.9290361404418945,
    "0,3,4,5": 1.155869960784912,
    "0,3,4,6": 1.6523241996765137,
    "0,3,4,7": 1.7959270477294922,
    "0,3,5,6": 1.752142310142517,
    "0,3,5,7": 1.6230319738388062,
    "0,3,6,7": 2.7697675228118896,
    "0,4,5,6": 1.7106211185455322,
    "0,4,5,7": 1.7613916397094727,
    "0,4,6,7": 2.8123764991760254,
    "0,5,6,7": 2.252095937728882,
    "1,2,3,4": 1.7253785133361816,
    "1,2,3,5": 1.5957667827606201,
    "1,2,3,6": 1.9359972476959229,
    "1,2,3,7": 2.5726218223571777,
    "1,2,4,5": 1.697242259979248,
    "1,2,4,6": 1.9621559381484985,
    "1,2,4,7": 2.535738468170166,
    "1,2,5,6": 2.033116102218628,
    "1,2,5,7": 2.1462063789367676,
    "1,2,6,7": 3.013427257537842,
    "1,3,4,5": 2.0684494972229004,
    "1,3,4,6": 2.1036436557769775,
    "1,3,4,7": 2.603383779525757,
    "1,3,5,6": 2.416829824447632,
    "1,3,5,7": 2.4661943912506104,
    "1,3,6,7": 3.3381357192993164,
    "1,4,5,6": 2.27761173248291,
    "1,4,5,7": 2.344703197479248,
    "1,4,6,7": 3.188232660293579,
    "1,5,6,7": 3.0649352073669434,
    "2,3,4,5": 1.702894926071167,
    "2,3,4,6": 1.780868649482727,
    "2,3,4,7": 2.1898305416107178,
    "2,3,5,6": 1.9193594455718994,
    "2,3,5,7": 1.9740012884140015,
    "2,3,6,7": 2.9132375717163086,
    "2,4,5,6": 1.8519232273101807,
    "2,4,5,7": 1.9739255905151367,
    "2,4,6,7": 2.943739891052246,
    "2,5,6,7": 2.5549538135528564,
    "3,4,5,6": 2.306544065475464,
    "3,4,5,7": 2.2202467918395996,
    "3,4,6,7": 3.1885623931884766,
    "3,5,6,7": 3.2767176628112793,
    "4,5,6,7": 3.1462929248809814,
    "0,1,2,3,4": 1.9321197271347046,
    "0,1,2,3,5": 1.8210489749908447,
    "0,1,2,3,6": 2.035106658935547,
    "0,1,2,3,7": 2.345956802368164,
    "0,1,2,4,5": 1.8013391494750977,
    "0,1,2,4,6": 2.0885379314422607,
    "0,1,2,4,7": 2.5046186447143555,
    "0,1,2,5,6": 2.0519847869873047,
    "0,1,2,5,7": 2.0179903507232666,
    "0,1,2,6,7": 2.932636260986328,
    "0,1,3,4,5": 1.1681673526763916,
    "0,1,3,4,6": 1.641770601272583,
    "0,1,3,4,7": 1.902905821800232,
    "0,1,3,5,6": 1.564642310142517,
    "0,1,3,5,7": 1.7691099643707275,
    "0,1,3,6,7": 2.710815668106079,
    "0,1,4,5,6": 1.5794832706451416,
    "0,1,4,5,7": 1.8569098711013794,
    "0,1,4,6,7": 2.6615567207336426,
    "0,1,5,6,7": 2.3385326862335205,
    "0,2,3,4,5": 1.7549291849136353,
    "0,2,3,4,6": 2.0008649826049805,
    "0,2,3,4,7": 2.1454367637634277,
    "0,2,3,5,6": 1.929356336593628,
    "0,2,3,5,7": 1.9534711837768555,
    "0,2,3,6,7": 2.677489995956421,
    "0,2,4,5,6": 2.024183988571167,
    "0,2,4,5,7": 1.9926985502243042,
    "0,2,4,6,7": 2.7306952476501465,
    "0,2,5,6,7": 2.177677869796753,
    "0,3,4,5,6": 1.6225258111953735,
    "0,3,4,5,7": 1.7104610204696655,
    "0,3,4,6,7": 2.472881317138672,
    "0,3,5,6,7": 1.9913653135299683,
    "0,4,5,6,7": 2.104862689971924,
    "1,2,3,4,5": 1.5931986570358276,
    "1,2,3,4,6": 1.862940788269043,
    "1,2,3,4,7": 2.225914716720581,
    "1,2,3,5,6": 1.7867939472198486,
    "1,2,3,5,7": 1.8916497230529785,
    "1,2,3,6,7": 2.5599591732025146,
    "1,2,4,5,6": 1.8511747121810913,
    "1,2,4,5,7": 1.8613786697387695,
    "1,2,4,6,7": 2.6586642265319824,
    "1,2,5,6,7": 2.2945077419281006,
    "1,3,4,5,6": 2.5393033027648926,
    "1,3,4,5,7": 2.2072365283966064,
    "1,3,4,6,7": 2.923903226852417,
    "1,3,5,6,7": 2.842849016189575,
    "1,4,5,6,7": 2.6641852855682373,
    "2,3,4,5,6": 1.9352389574050903,
    "2,3,4,5,7": 1.921588659286499,
    "2,3,4,6,7": 2.824169158935547,
    "2,3,5,6,7": 2.3758671283721924,
    "2,4,5,6,7": 2.3828182220458984,
    "3,4,5,6,7": 2.928157329559326,
    "0,1,2,3,4,5": 1.841910719871521,
    "0,1,2,3,4,6": 2.046816349029541,
    "0,1,2,3,4,7": 1.8848435878753662,