{
  "object_name": "Game",
  "data_type": "game",
  "version": "1.4.2.dev29+g3d3c3a7e6.d20260421",
  "created_from": null,
  "description": null,
  "parameters": {},
  "timestamp": "2026-04-21T12:25:53.320232+00:00Z",
  "metadata": {
    "n_players": 8,
    "game_name": "Game_object",
    "normalization_value": 0.0,
    "precompute_flag": false,
    "precomputed": true,
    "player_names": null
  },
  "data": {
    "Empty": 0.0,
    "0": 0.5623765409928762,
    "1": 0.57948015046087,
    "2": 0.5738589375761287,
    "3": 0.9682084282462152,
    "4": 0.6084928444983374,
    "5": 0.998298166637399,
    "6": 0.7298186111844799,
    "7": 0.6653554947968893,
    "0,1": 0.5302085222642706,
    "0,2": 0.501695277754615,
    "0,3": 0.5423359681512747,
    "0,4": 0.6078238387089492,
    "0,5": 0.9955573008579773,
    "0,6": 0.526864707394776,
    "0,7": 0.5013628097332766,
    "1,2": 0.5471078288633365,
    "1,3": 0.5642834304453731,
    "1,4": 0.6072310117789614,
    "1,5": 0.5910244750478273,
    "1,6": 0.523863595644438,
    "1,7": 0.5282509268288809,
    "2,3": 0.9276799475962269,
    "2,4": 0.6078289894349539,
    "2,5": 0.9961113837839795,
    "2,6": 0.5756706898713637,
    "2,7": 0.5513643288948571,
    "3,4": 0.6078450371680763,
    "3,5": 0.9981590198960426,
    "3,6": 0.7072572958047322,
    "3,7": 0.6516219812421152,
    "4,5": 0.6078291581260175,
    "4,6": 0.6078171102002099,
    "4,7": 0.607820156028719,
    "5,6": 0.9948882172787417,
    "5,7": 0.995101639285988,
    "6,7": 0.6471818705116524,
    "0,1,2": 0.5083713901490318,
    "0,1,3": 0.5351349242055417,
    "0,1,4": 0.6071332910008701,
    "0,1,5": 0.5673867340836917,
    "0,1,6": 0.48842995557167296,
    "0,1,7": 0.4923985125204313,
    "0,2,3": 0.500978637858308,
    "0,2,4": 0.6077273071432362,
    "0,2,5": 0.9941670034996134,
    "0,2,6": 0.4350428235121316,
    "0,2,7": 0.32353465152580907,
    "0,3,4": 0.6077420712594453,
    "0,3,5": 0.9954693141835621,
    "0,3,6": 0.5196210723645166,
    "0,3,7": 0.49576036462266926,
    "0,4,5": 0.6077266586239237,
    "0,4,6": 0.6077156626352601,
    "0,4,7": 0.6077186632450629,
    "0,5,6": 0.9930474474027232,
    "0,5,7": 0.9932507919339694,
    "0,6,7": 0.5134953776441206,
    "1,2,3": 0.546660746249753,
    "1,2,4": 0.6071364675054823,
    "1,2,5": 0.5733075421716815,
    "1,2,6": 0.5011743536132884,
    "1,2,7": 0.5045292397190557,
    "1,3,4": 0.6071487813044335,
    "1,3,5": 0.589964768694922,
    "1,3,6": 0.5225767106174137,
    "1,3,7": 0.5268977896617622,
    "1,4,5": 0.6071344715526268,
    "1,4,6": 0.6071283587394711,
    "1,4,7": 0.6071308401532377,
    "1,5,6": 0.559632626640815,
    "1,5,7": 0.5626125012766886,
    "1,6,7": 0.4926261616341217,
    "2,3,4": 0.6077473110081253,
    "2,3,5": 0.9960816242413152,
    "2,3,6": 0.5734365593081162,
    "2,3,7": 0.8574932330765543,
    "2,4,5": 0.6077317299161631,
    "2,4,6": 0.6077203532965137,
    "2,4,7": 0.6077233800963079,
    "2,5,6": 0.9934191534056256,
    "2,5,7": 0.9936199509291751,
    "2,6,7": 0.6222868214576958,
    "3,4,5": 0.6077473888593038,
    "3,4,6": 0.6077353447785757,
    "3,4,7": 0.6077383941039876,
    "3,5,6": 0.9948099578581828,
    "3,5,7": 0.995021116593121,
    "3,6,7": 0.6370520687174402,
    "4,5,6": 0.6077199894680573,
    "4,5,7": 0.6077230342534152,
    "4,6,7": 0.6077135435626697,
    "5,6,7": 0.9932330784220691,
    "0,1,2,3": 0.5142517035567521,
    "0,1,2,4": 0.6071208373619897,
    "0,1,2,5": 0.553678122375784,
    "0,1,2,6": 0.4710208641846204,
    "0,1,2,7": 0.4786054972651764,
    "0,1,3,4": 0.6071329462129412,
    "0,1,3,5": 0.5665129298054707,
    "0,1,3,6": 0.4873705475197423,
    "0,1,3,7": 0.49126969721139957,
    "0,1,4,5": 0.6071186900800676,
    "0,1,4,6": 0.6071127835293931,
    "0,1,4,7": 0.6071152482565231,
    "0,1,5,6": 0.541024502341904,
    "0,1,5,7": 0.5437576579843009,
    "0,1,6,7": 0.46230960119817455,
    "0,2,3,4": 0.6077269695642487,
    "0,2,3,5": 0.9941447954779005,
    "0,2,3,6": 0.45132789851308613,
    "0,2,3,7": 0.428838889022169,
    "0,2,4,5": 0.6077116180518769,
    "0,2,4,6": 0.6077010242528709,
    "0,2,4,7": 0.6077039974350615,
    "0,2,5,6": 0.9919511485674509,
    "0,2,5,7": 0.9921364373228356,
    "0,2,6,7": 0.4951454799712199,
    "0,3,4,5": 0.6077262364960294,
    "0,3,4,6": 0.6077152556835645,
    "0,3,4,7": 0.6077182561259369,
    "0,3,5,6": 0.9929841384696041,
    "0,3,5,7": 0.9931843738345421,
    "0,3,6,7": 0.5074820345463634,
    "0,4,5,6": 0.6077001192462618,
    "0,4,5,7": 0.6077031102715538,
    "0,4,6,7": 0.6076940256071481,
    "0,5,6,7": 0.9916260978764904,
    "1,2,3,4": 0.6071361618401263,
    "1,2,3,5": 0.5730442420415548,
    "1,2,3,6": 0.4948798998885352,
    "1,2,3,7": 0.498762694961256,
    "1,2,4,5": 0.6071218481975691,
    "1,2,4,6": 0.6071158532348931,
    "1,2,4,7": 0.6071183255669911,
    "1,2,5,6": 0.5456610982038154,
    "1,2,5,7": 0.5483595061457733,
    "1,2,6,7": 0.4727439455256421,
    "1,3,4,5": 0.6071341244129266,
    "1,3,4,6": 0.6071280150893699,
    "1,3,4,7": 0.6071304962595566,
    "1,3,5,6": 0.5588449507233406,
    "1,3,5,7": 0.5617795951522142,
    "1,3,6,7": 0.4915463591480088,
    "1,4,5,6": 0.6071137679581644,
    "1,4,5,7": 0.6071162463693429,
    "1,4,6,7": 0.607110690975574,
    "1,5,6,7": 0.5408151561743875,
    "2,3,4,5": 0.6077313872615747,
    "2,3,4,6": 0.6077200174212389,
    "2,3,4,7": 0.6077230442060451,
    "2,3,5,6": 0.9933978291928245,
    "2,3,5,7": 0.9935985824999818,
    "2,3,6,7": 0.6208491253540303,
    "2,4,5,6": 0.6077047541210338,
    "2,4,5,7": 0.6077077715036451,
    "2,4,6,7": 0.6076985080121569,
    "2,5,6,7": 0.9919389396668401,
    "3,4,5,6": 0.6077195731472936,
    "3,4,5,7": 0.6077226181608463,
    "3,4,6,7": 0.607713135532902,
    "3,5,6,7": 0.9931686671463583,
    "4,5,6,7": 0.6076979299514388,
    "0,1,2,3,4": 0.6071205329831245,
    "0,1,2,3,5": 0.5534594023497171,
    "0,1,2,3,6": 0.47485584980722406,
    "0,1,2,3,7": 0.47427575001095384,
    "0,1,2,4,5": 0.6071062596377504,
    "0,1,2,4,6": 0.6071004404906502,
    "0,1,2,4,7": 0.607102896373268,
    "0,1,2,5,6": 0.5294877833220067,
    "0,1,2,5,7": 0.5319616087175165,
    "0,1,2,6,7": 0.4502156332582545,
    "0,1,3,4,5": 0.6071183459618259,
    "0,1,3,4,6": 0.6071124422195664,
    "0,1,3,4,7": 0.6071149066500611,
    "0,1,3,5,6": 0.5403224726678805,
    "0,1,3,5,7": 0.543015669059901,
    "0,1,3,6,7": 0.462123579762368,
    "0,1,4,5,6": 0.6070982333993691,
    "0,1,4,5,7": 0.6071006950447283,
    "0,1,4,6,7": 0.6070952651150345,
    "0,1,5,6,7": 0.5241463712897227,
    "0,2,3,4,5": 0.6077112820416459,
    "0,2,3,4,6": 0.6077006927236978,
    "0,2,3,4,7": 0.6077036658124181,
    "0,2,3,5,6": 0.9919325291047515,
    "0,2,3,5,7": 0.99211769206693,
    "0,2,3,6,7": 0.500840266776042,
    "0,2,4,5,6": 0.6076855663035964,
    "0,2,4,5,7": 0.6076885297384096,
    "0,2,4,6,7": 0.6076796349662236,
    "0,2,5,6,7": 0.47011191517568546,
    "0,3,4,5,6": 0.6076997151478157,
    "0,3,4,5,7": 0.6077027057857504,
    "0,3,4,6,7": 0.6076936282053537,
    "0,3,5,6,7": 0.9915702259468548,
    "0,4,5,6,7": 0.6076785968382764,
    "1,2,3,4,5": 0.6071215429034481,
    "1,2,3,4,6": 0.6071155492608141,
    "1,2,3,4,7": 0.607118021556092,
    "1,2,3,5,6": 0.5454450522143472,
    "1,2,3,5,7": 0.548148055717106,
    "1,2,3,6,7": 0.4724563779684408,
    "1,2,4,5,6": 0.6071012882619577,
    "1,2,4,5,7": 0.607103757547077,
    "1,2,4,6,7": 0.6070982700771268,
    "1,2,5,6,7": 0.5281937320376578,
    "1,3,4,5,6": 0.6071134249926294,
    "1,3,4,5,7": 0.6071159031447114,
    "1,3,4,6,7": 0.6071103497810664,
    "1,3,5,6,7": 0.5401142283247647,
    "1,4,5,6,7": 0.6070961344066786,
    "2,3,4,5,6": 0.6077044197770948,
    "2,3,4,5,7": 0.6077074370674981,
    "2,3,4,6,7": 0.6076981761463289,
    "2,3,5,6,7": 0.991919697258584,
    "2,4,5,6,7": 0.607683031279943,
    "3,4,5,6,7": 0.6076975257975117,
    "0,1,2,3,4,5": 0.6070109057776333,
    "0,1,2,3,4,6": 0.6070050695558609,
    "0,1,2,3,4,7": 0.6070075269642874,