{
  "object_name": "Game",
  "data_type": "game",
  "version": "1.4.2.dev29+g3d3c3a7e6.d20260421",
  "created_from": null,
  "description": null,
  "parameters": {},
  "timestamp": "2026-04-21T12:25:53.318674+00:00Z",
  "metadata": {
    "n_players": 8,
    "game_name": "Game_object",
    "normalization_value": 0.0,
    "precompute_flag": false,
    "precomputed": true,
    "player_names": null
  },
  "data": {
    "Empty": 0.0,
    "0": 27547.75161525717,
    "1": 60939.0125596844,
    "2": 16407.6216491948,
    "3": 32157.484040033767,
    "4": 23446.418579779132,
    "5": 253224.06881256698,
    "6": 103725.77863020386,
    "7": 107331.33060444845,
    "0,1": 50288.76821456835,
    "0,2": 11169.924603559917,
    "0,3": 26449.51734056375,
    "0,4": 22480.406215170795,
    "0,5": 136577.5207343327,
    "0,6": 16679.225896273638,
    "0,7": 15209.451878084525,
    "1,2": 37979.54168430219,
    "1,3": 60241.86052338625,
    "1,4": 21451.809041790755,
    "1,5": 22105.04630530827,
    "1,6": 45983.49013649416,
    "1,7": 51688.61737139674,
    "2,3": 16840.99480519984,
    "2,4": 20997.22732274462,
    "2,5": 103387.06325018637,
    "2,6": 15877.489352716311,
    "2,7": 14836.234033353056,
    "3,4": 23111.424182406216,
    "3,5": 240438.48075191694,
    "3,6": 66305.11691596959,
    "3,7": 63453.396971755166,
    "4,5": 25117.18775672224,
    "4,6": 23728.991532600547,
    "4,7": 24130.443482547038,
    "5,6": 121741.36067861927,
    "5,7": 129835.58929715416,
    "6,7": 86822.76867619505,
    "0,1,2": 40628.65734175579,
    "0,1,3": 37735.469073838976,
    "0,1,4": 21014.29083160868,
    "0,1,5": 19774.194687920204,
    "0,1,6": 44013.88410072633,
    "0,1,7": 38153.35598631875,
    "0,2,3": 10745.355947167951,
    "0,2,4": 24040.411212579897,
    "0,2,5": 76657.50680893431,
    "0,2,6": 7766.278677511524,
    "0,2,7": 7593.144743402979,
    "0,3,4": 23744.302383252987,
    "0,3,5": 132769.6616792933,
    "0,3,6": 17704.976775195908,
    "0,3,7": 15197.7482681056,
    "0,4,5": 26373.53217729196,
    "0,4,6": 24823.179394343737,
    "0,4,7": 22222.819802747927,
    "0,5,6": 86305.09947298787,
    "0,5,7": 90295.58312391122,
    "0,6,7": 22654.31978234985,
    "1,2,3": 42669.33372179114,
    "1,2,4": 23479.7652558767,
    "1,2,5": 21510.852222366928,
    "1,2,6": 34708.65584661958,
    "1,2,7": 33775.280173035855,
    "1,3,4": 21170.283279129137,
    "1,3,5": 30685.233124478607,
    "1,3,6": 50231.56215559066,
    "1,3,7": 44106.83308111423,
    "1,4,5": 25872.30824357393,
    "1,4,6": 22487.64081729275,
    "1,4,7": 21356.785258405587,
    "1,5,6": 25588.51172949556,
    "1,5,7": 28906.708996816753,
    "1,6,7": 40378.31013145224,
    "2,3,4": 22157.446896509853,
    "2,3,5": 101190.1473884463,
    "2,3,6": 15576.568517271942,
    "2,3,7": 14164.760953005407,
    "2,4,5": 22412.603902023155,
    "2,4,6": 21684.18860385089,
    "2,4,7": 24328.339646951215,
    "2,5,6": 71749.46535453855,
    "2,5,7": 74486.08348108748,
    "2,6,7": 20339.813671935222,
    "3,4,5": 24119.723896715845,
    "3,4,6": 22055.917025937575,
    "3,4,7": 23444.906204404295,
    "3,5,6": 118706.6244991451,
    "3,5,7": 126389.59280139008,
    "3,6,7": 68411.8214573378,
    "4,5,6": 21446.062577537698,
    "4,5,7": 23960.451909032774,
    "4,6,7": 24528.841564528986,
    "5,6,7": 83562.67133076792,
    "0,1,2,3": 35810.51234504984,
    "0,1,2,4": 23260.79785446951,
    "0,1,2,5": 19880.542706434386,
    "0,1,2,6": 31358.55868419614,
    "0,1,2,7": 37274.1821821628,
    "0,1,3,4": 21431.918795360907,
    "0,1,3,5": 28494.640609730606,
    "0,1,3,6": 39825.28154711979,
    "0,1,3,7": 34597.68924509269,
    "0,1,4,5": 24583.054250765243,
    "0,1,4,6": 23188.811745580027,
    "0,1,4,7": 21392.8418567599,
    "0,1,5,6": 24887.25573604687,
    "0,1,5,7": 21667.559439582164,
    "0,1,6,7": 37158.27961050414,
    "0,2,3,4": 23953.40017497661,
    "0,2,3,5": 75443.07231276596,
    "0,2,3,6": 8580.11736710645,
    "0,2,3,7": 7837.318489588705,
    "0,2,4,5": 22325.194061159615,
    "0,2,4,6": 20221.32726365795,
    "0,2,4,7": 25159.880160730467,
    "0,2,5,6": 57770.33851031011,
    "0,2,5,7": 59531.299249488795,
    "0,2,6,7": 10479.311351822005,
    "0,3,4,5": 20842.37581950052,
    "0,3,4,6": 23444.659333522162,
    "0,3,4,7": 21125.93348867795,
    "0,3,5,6": 84768.81567682406,
    "0,3,5,7": 88615.32445760966,
    "0,3,6,7": 21661.093941644434,
    "0,4,5,6": 22385.519685712745,
    "0,4,5,7": 22598.567905554304,
    "0,4,6,7": 25511.714599672603,
    "0,5,6,7": 65190.55893736673,
    "1,2,3,4": 23916.209229827604,
    "1,2,3,5": 22752.285296937847,
    "1,2,3,6": 36067.31220373047,
    "1,2,3,7": 37790.49855598508,
    "1,2,4,5": 24923.299317744633,
    "1,2,4,6": 20839.129108821613,
    "1,2,4,7": 23316.11700843506,
    "1,2,5,6": 25799.330244348403,
    "1,2,5,7": 18378.53586545771,
    "1,2,6,7": 36155.377383655396,
    "1,3,4,5": 23955.86717503732,
    "1,3,4,6": 22487.628307039475,
    "1,3,4,7": 20890.096494718855,
    "1,3,5,6": 23615.84844585795,
    "1,3,5,7": 22955.483335345634,
    "1,3,6,7": 39894.05066469053,
    "1,4,5,6": 21290.70262272288,
    "1,4,5,7": 20907.207057085085,
    "1,4,6,7": 22565.85847979993,
    "1,5,6,7": 26912.511138002512,
    "2,3,4,5": 25834.661518340406,
    "2,3,4,6": 24623.89871404894,
    "2,3,4,7": 22268.13152075208,
    "2,3,5,6": 70684.46989405448,
    "2,3,5,7": 73338.94250476621,
    "2,3,6,7": 20018.137527588955,
    "2,4,5,6": 24468.78763854816,
    "2,4,5,7": 24828.639372959908,
    "2,4,6,7": 22610.814726831268,
    "2,5,6,7": 56528.228482229446,
    "3,4,5,6": 22781.350610626712,
    "3,4,5,7": 25586.00600332441,
    "3,4,6,7": 22922.00000760691,
    "3,5,6,7": 82121.6323232973,
    "4,5,6,7": 24123.464277474108,
    "0,1,2,3,4": 23260.784647573375,
    "0,1,2,3,5": 25795.000401583453,
    "0,1,2,3,6": 36893.05038179628,
    "0,1,2,3,7": 31239.06422173176,
    "0,1,2,4,5": 24888.23450201783,
    "0,1,2,4,6": 20673.20345388543,
    "0,1,2,4,7": 21287.3986331555,
    "0,1,2,5,6": 20318.344682246247,
    "0,1,2,5,7": 20213.970025986655,
    "0,1,2,6,7": 31910.97653114739,
    "0,1,3,4,5": 24583.039713304574,
    "0,1,3,4,6": 26081.02935006519,
    "0,1,3,4,7": 21392.830352099845,
    "0,1,3,5,6": 21640.61583547923,
    "0,1,3,5,7": 23761.580573063202,
    "0,1,3,6,7": 35527.63955614973,
    "0,1,4,5,6": 23832.831707445686,
    "0,1,4,5,7": 23603.919680050494,
    "0,1,4,6,7": 21579.960461885497,
    "0,1,5,6,7": 18221.2510115476,
    "0,2,3,4,5": 24081.819078187837,
    "0,2,3,4,6": 26595.059813264168,
    "0,2,3,4,7": 25159.865051343426,
    "0,2,3,5,6": 57077.919203932404,
    "0,2,3,5,7": 58796.289110707585,
    "0,2,3,6,7": 10867.725774214174,
    "0,2,4,5,6": 24472.665134779174,
    "0,2,4,5,7": 21568.83940164115,
    "0,2,4,6,7": 26031.842737719082,
    "0,2,5,6,7": 47477.23860457408,
    "0,3,4,5,6": 22864.399809497314,
    "0,3,4,5,7": 25408.83013031325,
    "0,3,4,6,7": 25271.59116854307,
    "0,3,5,6,7": 64310.19664492411,
    "0,4,5,6,7": 22248.743500196855,
    "1,2,3,4,5": 25578.269986068666,
    "1,2,3,4,6": 23396.112050975607,
    "1,2,3,4,7": 22999.008114571225,
    "1,2,3,5,6": 22612.714853341193,
    "1,2,3,5,7": 26321.142504131287,
    "1,2,3,6,7": 32272.33544640001,
    "1,2,4,5,6": 21511.51350549027,
    "1,2,4,5,7": 24579.186868852055,
    "1,2,4,6,7": 23485.850098377992,
    "1,2,5,6,7": 21533.02429972124,
    "1,3,4,5,6": 23015.58813854098,
    "1,3,4,5,7": 20907.195985216906,
    "1,3,4,6,7": 21283.552172743093,
    "1,3,5,6,7": 22846.4864192619,
    "1,4,5,6,7": 23649.61931493249,
    "2,3,4,5,6": 24468.773216114132,
    "2,3,4,5,7": 24828.624578852898,
    "2,3,4,6,7": 22610.802098613745,
    "2,3,5,6,7": 55865.08284285762,
    "2,4,5,6,7": 24567.505011206522,
    "3,4,5,6,7": 25504.21790947272,
    "0,1,2,3,4,5": 25290.38521028359,
    "0,1,2,3,4,6": 21720.683574762137,
    "0,1,2,3,4,7": 25421.017266779472,
    "0,1,2,3,5,6": 25081.894778548096,
    "0,1,2,3,5,7": 25231.78191179776,