{
  "object_name": "Game",
  "data_type": "game",
  "version": "1.4.2.dev29+g3d3c3a7e6.d20260421",
  "created_from": null,
  "description": null,
  "parameters": {},
  "timestamp": "2026-04-21T12:26:05.351865+00:00Z",
  "metadata": {
    "n_players": 9,
    "game_name": "Game_object",
    "normalization_value": 0.00044329348020255566,
    "precompute_flag": false,
    "precomputed": true,
    "player_names": null
  },
  "data": {
    "Empty": 0.00044329348020255566,
    "0": 0.0011175131658092141,
    "1": 0.0002932985662482679,
    "2": 0.00019222480477765203,
    "3": 0.0016567561542615294,
    "4": 0.01458708569407463,
    "5": 0.000135005873744376,
    "6": 0.00014935139915905893,
    "7": 0.0005896454094909132,
    "8": 0.00017762879724614322,
    "0,1": 0.001712999539449811,
    "0,2": 0.0004996870993636549,
    "0,3": 0.002551552141085267,
    "0,4": 0.09199567884206772,
    "0,5": 0.0006878968561068177,
    "0,6": 0.0008554246160201728,
    "0,7": 0.002267523668706417,
    "0,8": 0.0006710492307320237,
    "1,2": 8.765610255068168e-05,
    "1,3": 0.00034053143463097513,
    "1,4": 0.24598731100559235,
    "1,5": 0.00011539601837284863,
    "1,6": 0.0005515680531971157,
    "1,7": 0.0010206721490249038,
    "1,8": 8.066147711360827e-05,
    "2,3": 0.0007279765559360385,
    "2,4": 0.11826467514038086,
    "2,5": 0.00013463824870996177,
    "2,6": 0.001013194676488638,
    "2,7": 0.0063132247887551785,
    "2,8": 0.0002498005342204124,
    "3,4": 0.8019479513168335,
    "3,5": 0.0006110058748163283,
    "3,6": 0.0013604662381112576,
    "3,7": 0.037651147693395615,
    "3,8": 0.0010515064932405949,
    "4,5": 0.07657061517238617,
    "4,6": 0.004430559463799,
    "4,7": 0.8651649355888367,
    "4,8": 0.4719390869140625,
    "5,6": 0.0004424214130267501,
    "5,7": 0.0012802622513845563,
    "5,8": 0.00019098552002105862,
    "6,7": 0.000563544686883688,
    "6,8": 0.0007776414859108627,
    "7,8": 0.04520130902528763,
    "0,1,2": 0.000952468253672123,
    "0,1,3": 0.0016399127198383212,
    "0,1,4": 0.7172378301620483,
    "0,1,5": 0.0011279917089268565,
    "0,1,6": 0.0008529661572538316,
    "0,1,7": 0.0022938603069633245,
    "0,1,8": 0.0011949301697313786,
    "0,2,3": 0.0014791934518143535,
    "0,2,4": 0.46393883228302,
    "0,2,5": 0.0004340561863500625,
    "0,2,6": 0.0006974529824219644,
    "0,2,7": 0.0025749788619577885,
    "0,2,8": 0.0004689902998507023,
    "0,3,4": 0.9794449210166931,
    "0,3,5": 0.0015600259648635983,
    "0,3,6": 0.0022159197833389044,
    "0,3,7": 0.13115976750850677,
    "0,3,8": 0.0014742406783625484,
    "0,4,5": 0.45753103494644165,
    "0,4,6": 0.052802931517362595,
    "0,4,7": 0.9879730939865112,
    "0,4,8": 0.5279883146286011,
    "0,5,6": 0.0009986946824938059,
    "0,5,7": 0.0027748900465667248,
    "0,5,8": 0.000637269055005163,
    "0,6,7": 0.0011557857505977154,
    "0,6,8": 0.000912107527256012,
    "0,7,8": 0.003840296994894743,
    "1,2,3": 0.00012074652477167547,
    "1,2,4": 0.9907101988792419,
    "1,2,5": 0.0001252985093742609,
    "1,2,6": 0.0005630956147797406,
    "1,2,7": 0.01952546462416649,
    "1,2,8": 0.00011608636850723997,
    "1,3,4": 0.9933022260665894,
    "1,3,5": 0.00010121321975020692,
    "1,3,6": 0.0008199492585845292,
    "1,3,7": 0.012894591316580772,
    "1,3,8": 4.508945130510256e-05,
    "1,4,5": 0.8239928483963013,
    "1,4,6": 0.837689220905304,
    "1,4,7": 0.9343758821487427,
    "1,4,8": 0.9919919371604919,
    "1,5,6": 0.00046459471923299134,
    "1,5,7": 0.0012886642944067717,
    "1,5,8": 0.00011525533045642078,
    "1,6,7": 0.0025022481568157673,
    "1,6,8": 0.0004644048458430916,
    "1,7,8": 0.04125305265188217,
    "2,3,4": 0.9806486964225769,
    "2,3,5": 0.0005238238372839987,
    "2,3,6": 0.0028555241879075766,
    "2,3,7": 0.21341365575790405,
    "2,3,8": 0.0010630058823153377,
    "2,4,5": 0.6911509037017822,
    "2,4,6": 0.5880269408226013,
    "2,4,7": 0.9968505501747131,
    "2,4,8": 0.9129120111465454,
    "2,5,6": 0.0009428905323147774,
    "2,5,7": 0.024273870512843132,
    "2,5,8": 0.00020297800074331462,
    "2,6,7": 0.03579622507095337,
    "2,6,8": 0.005434724502265453,
    "2,7,8": 0.2877691686153412,
    "3,4,5": 0.8438311219215393,
    "3,4,6": 0.9893229603767395,
    "3,4,7": 0.998325765132904,
    "3,4,8": 0.9901639819145203,
    "3,5,6": 0.0013280230341479182,
    "3,5,7": 0.08701273053884506,
    "3,5,8": 0.0005804401589557528,
    "3,6,7": 0.01972491852939129,
    "3,6,8": 0.002834154525771737,
    "3,7,8": 0.4424944519996643,
    "4,5,6": 0.6104567646980286,
    "4,5,7": 0.996986448764801,
    "4,5,8": 0.9011030793190002,
    "4,6,7": 0.48379188776016235,
    "4,6,8": 0.9494664072990417,
    "4,7,8": 0.9986041188240051,
    "5,6,7": 0.005361220333725214,
    "5,6,8": 0.0011206596391275525,
    "5,7,8": 0.274079293012619,
    "6,7,8": 0.216770201921463,
    "0,1,2,3": 0.002045720349997282,
    "0,1,2,4": 0.9744455218315125,
    "0,1,2,5": 0.00070449139457196,
    "0,1,2,6": 0.0006134521099738777,
    "0,1,2,7": 0.006757813040167093,
    "0,1,2,8": 0.001009286497719586,
    "0,1,3,4": 0.99916672706604,
    "0,1,3,5": 0.0007473303121514618,
    "0,1,3,6": 0.0020563784055411816,
    "0,1,3,7": 0.08607372641563416,
    "0,1,3,8": 0.001225497922860086,
    "0,1,4,5": 0.8321284651756287,
    "0,1,4,6": 0.6852938532829285,
    "0,1,4,7": 0.9963086247444153,
    "0,1,4,8": 0.9807958006858826,
    "0,1,5,6": 0.001007698941975832,
    "0,1,5,7": 0.002450330648571253,
    "0,1,5,8": 0.001167965354397893,
    "0,1,6,7": 0.0014921879628673196,
    "0,1,6,8": 0.0012127426452934742,
    "0,1,7,8": 0.008625315502285957,
    "0,2,3,4": 0.9987971782684326,
    "0,2,3,5": 0.0014417506754398346,
    "0,2,3,6": 0.00556805869564414,
    "0,2,3,7": 0.7031137347221375,
    "0,2,3,8": 0.001959459623321891,
    "0,2,4,5": 0.950390636920929,
    "0,2,4,6": 0.7594830989837646,
    "0,2,4,7": 0.9987092018127441,
    "0,2,4,8": 0.9775201678276062,
    "0,2,5,6": 0.0008542672148905694,
    "0,2,5,7": 0.004216379020363092,
    "0,2,5,8": 0.0005519316764548421,
    "0,2,6,7": 0.004048055969178677,
    "0,2,6,8": 0.001379661844111979,
    "0,2,7,8": 0.008277025073766708,
    "0,3,4,5": 0.9912471175193787,
    "0,3,4,6": 0.9973468780517578,
    "0,3,4,7": 0.9996292591094971,
    "0,3,4,8": 0.9988012313842773,
    "0,3,5,6": 0.0053588394075632095,
    "0,3,5,7": 0.3390219211578369,
    "0,3,5,8": 0.0013201693072915077,
    "0,3,6,7": 0.11858519166707993,
    "0,3,6,8": 0.004495313391089439,
    "0,3,7,8": 0.6230655908584595,
    "0,4,5,6": 0.8803269267082214,
    "0,4,5,7": 0.998694121837616,
    "0,4,5,8": 0.9854810833930969,
    "0,4,6,7": 0.9182230234146118,
    "0,4,6,8": 0.9251731634140015,
    "0,4,7,8": 0.9988003969192505,
    "0,5,6,7": 0.002956091659143567,
    "0,5,6,8": 0.0015947427600622177,
    "0,5,7,8": 0.012037872336804867,
    "0,6,7,8": 0.015206055715680122,
    "1,2,3,4": 0.9996654987335205,
    "1,2,3,5": 0.00032254421967081726,
    "1,2,3,6": 0.0015097331488505006,
    "1,2,3,7": 0.5036389231681824,
    "1,2,3,8": 0.00022342722513712943,
    "1,2,4,5": 0.9967278242111206,
    "1,2,4,6": 0.9976266026496887,
    "1,2,4,7": 0.999521017074585,
    "1,2,4,8": 0.9990504384040833,
    "1,2,5,6": 0.0006150584085844457,
    "1,2,5,7": 0.08883430808782578,
    "1,2,5,8": 0.0002081354323308915,
    "1,2,6,7": 0.07278934121131897,
    "1,2,6,8": 0.0007682644063606858,
    "1,2,7,8": 0.5845259428024292,
    "1,3,4,5": 0.9984939098358154,
    "1,3,4,6": 0.9987640380859375,
    "1,3,4,7": 0.9989411234855652,
    "1,3,4,8": 0.9995819926261902,
    "1,3,5,6": 0.001064987271092832,
    "1,3,5,7": 0.02848346345126629,
    "1,3,5,8": 0.0001334093976765871,
    "1,3,6,7": 0.010552766732871532,
    "1,3,6,8": 0.0014521507546305656,
    "1,3,7,8": 0.395309716463089,
    "1,4,5,6": 0.9886287450790405,
    "1,4,5,7": 0.9981669187545776,
    "1,4,5,8": 0.997857391834259,
    "1,4,6,7": 0.9877673387527466,
    "1,4,6,8": 0.9974207878112793,