{
  "object_name": "Game",
  "data_type": "game",
  "version": "1.4.2.dev29+g3d3c3a7e6.d20260421",
  "created_from": null,
  "description": null,
  "parameters": {},
  "timestamp": "2026-04-21T12:26:05.393321+00:00Z",
  "metadata": {
    "n_players": 9,
    "game_name": "Game_object",
    "normalization_value": 0.00017722389020491391,
    "precompute_flag": false,
    "precomputed": true,
    "player_names": null
  },
  "data": {
    "Empty": 0.00017722389020491391,
    "0": 0.9652090668678284,
    "1": 0.1385064274072647,
    "2": 0.07618464529514313,
    "3": 0.6147201657295227,
    "4": 0.028613651171326637,
    "5": 0.02215365506708622,
    "6": 0.007459201384335756,
    "7": 0.00622957106679678,
    "8": 0.013134847395122051,
    "0,1": 0.9847986102104187,
    "0,2": 0.9815273880958557,
    "0,3": 0.9978511333465576,
    "0,4": 0.9819778800010681,
    "0,5": 0.9910213351249695,
    "0,6": 0.919962465763092,
    "0,7": 0.9893437623977661,
    "0,8": 0.978996992111206,
    "1,2": 0.012402043677866459,
    "1,3": 0.7911161780357361,
    "1,4": 0.7721415162086487,
    "1,5": 0.10774422436952591,
    "1,6": 0.4126696288585663,
    "1,7": 0.5474457144737244,
    "1,8": 0.3367508053779602,
    "2,3": 0.8655647039413452,
    "2,4": 0.1424674391746521,
    "2,5": 0.04821329191327095,
    "2,6": 0.013626474887132645,
    "2,7": 0.04180125147104263,
    "2,8": 0.04713477939367294,
    "3,4": 0.930408239364624,
    "3,5": 0.865505576133728,
    "3,6": 0.52346271276474,
    "3,7": 0.5388439893722534,
    "3,8": 0.4051586389541626,
    "4,5": 0.9137986898422241,
    "4,6": 0.42644837498664856,
    "4,7": 0.5256044864654541,
    "4,8": 0.7229382395744324,
    "5,6": 0.009709003381431103,
    "5,7": 0.027500763535499573,
    "5,8": 0.08327767252922058,
    "6,7": 0.01818743720650673,
    "6,8": 0.024314122274518013,
    "7,8": 0.02905013971030712,
    "0,1,2": 0.8932211399078369,
    "0,1,3": 0.9950246214866638,
    "0,1,4": 0.43965449929237366,
    "0,1,5": 0.9729825258255005,
    "0,1,6": 0.9737735390663147,
    "0,1,7": 0.9837939143180847,
    "0,1,8": 0.9401100873947144,
    "0,2,3": 0.9979318380355835,
    "0,2,4": 0.9802360534667969,
    "0,2,5": 0.9858291745185852,
    "0,2,6": 0.9750825762748718,
    "0,2,7": 0.9881772398948669,
    "0,2,8": 0.9743949174880981,
    "0,3,4": 0.996095597743988,
    "0,3,5": 0.9981429576873779,
    "0,3,6": 0.9968616962432861,
    "0,3,7": 0.9978182315826416,
    "0,3,8": 0.99714595079422,
    "0,4,5": 0.9900977611541748,
    "0,4,6": 0.9913656711578369,
    "0,4,7": 0.9895173907279968,
    "0,4,8": 0.9865981340408325,
    "0,5,6": 0.9838303923606873,
    "0,5,7": 0.9938638210296631,
    "0,5,8": 0.9923704862594604,
    "0,6,7": 0.9802933931350708,
    "0,6,8": 0.9607263207435608,
    "0,7,8": 0.9884722232818604,
    "1,2,3": 0.3117114007472992,
    "1,2,4": 0.2319519966840744,
    "1,2,5": 0.01554278377443552,
    "1,2,6": 0.10539399087429047,
    "1,2,7": 0.03957817703485489,
    "1,2,8": 0.054434265941381454,
    "1,3,4": 0.39480650424957275,
    "1,3,5": 0.6668728590011597,
    "1,3,6": 0.7911666035652161,
    "1,3,7": 0.7473836541175842,
    "1,3,8": 0.6118751168251038,
    "1,4,5": 0.6597859859466553,
    "1,4,6": 0.7846148610115051,
    "1,4,7": 0.6880174875259399,
    "1,4,8": 0.6553905010223389,
    "1,5,6": 0.28655946254730225,
    "1,5,7": 0.24248062074184418,
    "1,5,8": 0.28471294045448303,
    "1,6,7": 0.7736213207244873,
    "1,6,8": 0.5952820181846619,
    "1,7,8": 0.5941003561019897,
    "2,3,4": 0.8846888542175293,
    "2,3,5": 0.9028935432434082,
    "2,3,6": 0.7857005596160889,
    "2,3,7": 0.8389028310775757,
    "2,3,8": 0.7550688982009888,
    "2,4,5": 0.7409404516220093,
    "2,4,6": 0.3898346722126007,
    "2,4,7": 0.793523371219635,
    "2,4,8": 0.795291543006897,
    "2,5,6": 0.01355126965790987,
    "2,5,7": 0.021999375894665718,
    "2,5,8": 0.0515645369887352,
    "2,6,7": 0.022158367559313774,
    "2,6,8": 0.03127536177635193,
    "2,7,8": 0.05072437599301338,
    "3,4,5": 0.917073130607605,
    "3,4,6": 0.9429392218589783,
    "3,4,7": 0.8291740417480469,
    "3,4,8": 0.7526487708091736,
    "3,5,6": 0.8099684119224548,
    "3,5,7": 0.9132716059684753,
    "3,5,8": 0.8656852841377258,
    "3,6,7": 0.6605373024940491,
    "3,6,8": 0.5409418940544128,
    "3,7,8": 0.5654107928276062,
    "4,5,6": 0.943771481513977,
    "4,5,7": 0.9379302263259888,
    "4,5,8": 0.9423257112503052,
    "4,6,7": 0.9259757399559021,
    "4,6,8": 0.8152207732200623,
    "4,7,8": 0.7805644273757935,
    "5,6,7": 0.03792353346943855,
    "5,6,8": 0.06938823312520981,
    "5,7,8": 0.14464926719665527,
    "6,7,8": 0.07799304276704788,
    "0,1,2,3": 0.9909358620643616,
    "0,1,2,4": 0.27731677889823914,
    "0,1,2,5": 0.914838433265686,
    "0,1,2,6": 0.9601502418518066,
    "0,1,2,7": 0.9695001840591431,
    "0,1,2,8": 0.7699621319770813,
    "0,1,3,4": 0.9486395716667175,
    "0,1,3,5": 0.9946787357330322,
    "0,1,3,6": 0.9932297468185425,
    "0,1,3,7": 0.9923302531242371,
    "0,1,3,8": 0.9877293109893799,
    "0,1,4,5": 0.6464297771453857,
    "0,1,4,6": 0.7149031758308411,
    "0,1,4,7": 0.6513071656227112,
    "0,1,4,8": 0.46325773000717163,
    "0,1,5,6": 0.9767438173294067,
    "0,1,5,7": 0.9857885241508484,
    "0,1,5,8": 0.9616224765777588,
    "0,1,6,7": 0.9917339086532593,
    "0,1,6,8": 0.9642411470413208,
    "0,1,7,8": 0.9775072932243347,
    "0,2,3,4": 0.9953721165657043,
    "0,2,3,5": 0.9977176189422607,
    "0,2,3,6": 0.9976602792739868,
    "0,2,3,7": 0.9975836277008057,
    "0,2,3,8": 0.9969192743301392,
    "0,2,4,5": 0.9850136637687683,
    "0,2,4,6": 0.9896294474601746,
    "0,2,4,7": 0.987761378288269,
    "0,2,4,8": 0.9761977791786194,
    "0,2,5,6": 0.9861148595809937,
    "0,2,5,7": 0.9903019070625305,
    "0,2,5,8": 0.9862872958183289,
    "0,2,6,7": 0.9840953946113586,
    "0,2,6,8": 0.9679536819458008,
    "0,2,7,8": 0.9888802766799927,
    "0,3,4,5": 0.9964264035224915,
    "0,3,4,6": 0.9966384172439575,
    "0,3,4,7": 0.995969295501709,
    "0,3,4,8": 0.9954110980033875,
    "0,3,5,6": 0.9981772899627686,
    "0,3,5,7": 0.9980120658874512,
    "0,3,5,8": 0.9977561831474304,
    "0,3,6,7": 0.9974115490913391,
    "0,3,6,8": 0.9969413876533508,
    "0,3,7,8": 0.9972175359725952,
    "0,4,5,6": 0.9943621158599854,
    "0,4,5,7": 0.9948292374610901,
    "0,4,5,8": 0.9931038022041321,
    "0,4,6,7": 0.9946770668029785,
    "0,4,6,8": 0.9925446510314941,
    "0,4,7,8": 0.9887205958366394,
    "0,5,6,7": 0.9917272329330444,
    "0,5,6,8": 0.9922999143600464,
    "0,5,7,8": 0.9936780333518982,
    "0,6,7,8": 0.9866334199905396,
    "1,2,3,4": 0.22306716442108154,
    "1,2,3,5": 0.24003595113754272,
    "1,2,3,6": 0.2549978494644165,
    "1,2,3,7": 0.2978321313858032,
    "1,2,3,8": 0.22040769457817078,
    "1,2,4,5": 0.12037599831819534,
    "1,2,4,6": 0.33676615357398987,
    "1,2,4,7": 0.24610675871372223,
    "1,2,4,8": 0.169157937169075,
    "1,2,5,6": 0.08847784996032715,
    "1,2,5,7": 0.06434304267168045,
    "1,2,5,8": 0.13670969009399414,
    "1,2,6,7": 0.3214417099952698,
    "1,2,6,8": 0.23158025741577148,
    "1,2,7,8": 0.07502997666597366,
    "1,3,4,5": 0.41225239634513855,
    "1,3,4,6": 0.46439847350120544,
    "1,3,4,7": 0.26755934953689575,
    "1,3,4,8": 0.18720975518226624,
    "1,3,5,6": 0.6424566507339478,
    "1,3,5,7": 0.7670801877975464,
    "1,3,5,8": 0.6295977234840393,
    "1,3,6,7": 0.8964776992797852,
    "1,3,6,8": 0.7309669256210327,
    "1,3,7,8": 0.662783145904541,
    "1,4,5,6": 0.6531035900115967,
    "1,4,5,7": 0.6669440865516663,
    "1,4,5,8": 0.557260274887085,
    "1,4,6,7": 0.9025298357009888,
    "1,4,6,8": 0.8095545768737793,
    "1,4,7,8": 0.6301931142807007,
    "1,5,6,7": 0.6807680130004883,
    "1,5,6,8": 0.5354788303375244,
    "1,5,7,8": 0.37100398540496826,
    "1,6,7,8": 0.8747442364692688,
    "2,3,4,5": 0.8495721220970154,
    "2,3,4,6": 0.9474846124649048,
    "2,3,4,7": 0.8471940755844116,
    "2,3,4,8": 0.798454225063324,