{
  "object_name": "Game",
  "data_type": "game",
  "version": "1.4.2.dev29+g3d3c3a7e6.d20260421",
  "created_from": null,
  "description": null,
  "parameters": {},
  "timestamp": "2026-04-21T12:26:05.374345+00:00Z",
  "metadata": {
    "n_players": 9,
    "game_name": "Game_object",
    "normalization_value": 0.00041415501618757844,
    "precompute_flag": false,
    "precomputed": true,
    "player_names": null
  },
  "data": {
    "Empty": 0.00041415501618757844,
    "0": 0.0003630721475929022,
    "1": 0.01924346201121807,
    "2": 0.003741997526958585,
    "3": 0.004082277417182922,
    "4": 0.9053805470466614,
    "5": 0.0002038356033153832,
    "6": 0.0002979238342959434,
    "7": 0.9493145942687988,
    "8": 0.0006719402153976262,
    "0,1": 0.19163833558559418,
    "0,2": 0.0035354166757315397,
    "0,3": 0.0022122208029031754,
    "0,4": 0.8548741936683655,
    "0,5": 0.004729391075670719,
    "0,6": 0.0022923529613763094,
    "0,7": 0.6188182830810547,
    "0,8": 0.02786947414278984,
    "1,2": 0.349384069442749,
    "1,3": 0.2403937727212906,
    "1,4": 0.9945865869522095,
    "1,5": 0.789435088634491,
    "1,6": 0.006269238889217377,
    "1,7": 0.9927194118499756,
    "1,8": 0.6620897054672241,
    "2,3": 0.022807970643043518,
    "2,4": 0.9167823195457458,
    "2,5": 0.01866425760090351,
    "2,6": 0.013809315860271454,
    "2,7": 0.6691321134567261,
    "2,8": 0.055816661566495895,
    "3,4": 0.9856711030006409,
    "3,5": 0.1068020910024643,
    "3,6": 0.055739641189575195,
    "3,7": 0.9151216149330139,
    "3,8": 0.22790761291980743,
    "4,5": 0.9773134589195251,
    "4,6": 0.8339963555335999,
    "4,7": 0.9248843789100647,
    "4,8": 0.9720325469970703,
    "5,6": 0.00018970722157973796,
    "5,7": 0.8729786276817322,
    "5,8": 0.41313618421554565,
    "6,7": 0.9257846474647522,
    "6,8": 0.0005512168863788247,
    "7,8": 0.981842041015625,
    "0,1,2": 0.7394893169403076,
    "0,1,3": 0.28530871868133545,
    "0,1,4": 0.9959749579429626,
    "0,1,5": 0.9601244330406189,
    "0,1,6": 0.04046923667192459,
    "0,1,7": 0.9950398802757263,
    "0,1,8": 0.8820443749427795,
    "0,2,3": 0.017745202407240868,
    "0,2,4": 0.92464280128479,
    "0,2,5": 0.034108541905879974,
    "0,2,6": 0.009666492231190205,
    "0,2,7": 0.7703492641448975,
    "0,2,8": 0.05109260231256485,
    "0,3,4": 0.8627381920814514,
    "0,3,5": 0.06702117621898651,
    "0,3,6": 0.039882417768239975,
    "0,3,7": 0.7470157146453857,
    "0,3,8": 0.09175017476081848,
    "0,4,5": 0.974680483341217,
    "0,4,6": 0.2689163088798523,
    "0,4,7": 0.8608339428901672,
    "0,4,8": 0.9423314332962036,
    "0,5,6": 0.0023492390755563974,
    "0,5,7": 0.7724927067756653,
    "0,5,8": 0.432827889919281,
    "0,6,7": 0.6713823676109314,
    "0,6,8": 0.056536898016929626,
    "0,7,8": 0.8621699213981628,
    "1,2,3": 0.2626913785934448,
    "1,2,4": 0.9968520998954773,
    "1,2,5": 0.8053370118141174,
    "1,2,6": 0.07385589927434921,
    "1,2,7": 0.9964687824249268,
    "1,2,8": 0.783174991607666,
    "1,3,4": 0.9962957501411438,
    "1,3,5": 0.9205887317657471,
    "1,3,6": 0.2980020344257355,
    "1,3,7": 0.9941481351852417,
    "1,3,8": 0.9553362727165222,
    "1,4,5": 0.9907763600349426,
    "1,4,6": 0.9951204657554626,
    "1,4,7": 0.995561957359314,
    "1,4,8": 0.9958256483078003,
    "1,5,6": 0.47735369205474854,
    "1,5,7": 0.9922141432762146,
    "1,5,8": 0.9944047927856445,
    "1,6,7": 0.9908791184425354,
    "1,6,8": 0.8043422698974609,
    "1,7,8": 0.9966714382171631,
    "2,3,4": 0.9564749002456665,
    "2,3,5": 0.07354574650526047,
    "2,3,6": 0.037818003445863724,
    "2,3,7": 0.7931247353553772,
    "2,3,8": 0.10996556282043457,
    "2,4,5": 0.9552569389343262,
    "2,4,6": 0.709079384803772,
    "2,4,7": 0.963683545589447,
    "2,4,8": 0.9624024629592896,
    "2,5,6": 0.010606124997138977,
    "2,5,7": 0.6419888734817505,
    "2,5,8": 0.5188921093940735,
    "2,6,7": 0.6688570976257324,
    "2,6,8": 0.0546439103782177,
    "2,7,8": 0.8245481252670288,
    "3,4,5": 0.991297721862793,
    "3,4,6": 0.9757130146026611,
    "3,4,7": 0.9908892512321472,
    "3,4,8": 0.9902850985527039,
    "3,5,6": 0.09428977221250534,
    "3,5,7": 0.9486739039421082,
    "3,5,8": 0.8746562600135803,
    "3,6,7": 0.9230718016624451,
    "3,6,8": 0.3218931257724762,
    "3,7,8": 0.9448617100715637,
    "4,5,6": 0.9766959547996521,
    "4,5,7": 0.9761821031570435,
    "4,5,8": 0.9910808205604553,
    "4,6,7": 0.9602051973342896,
    "4,6,8": 0.9897778630256653,
    "4,7,8": 0.9836365580558777,
    "5,6,7": 0.9370372891426086,
    "5,6,8": 0.035407304763793945,
    "5,7,8": 0.9692113995552063,
    "6,7,8": 0.9818472266197205,
    "0,1,2,3": 0.5903334021568298,
    "0,1,2,4": 0.9971458315849304,
    "0,1,2,5": 0.9795865416526794,
    "0,1,2,6": 0.4983871281147003,
    "0,1,2,7": 0.997582197189331,
    "0,1,2,8": 0.9695707559585571,
    "0,1,3,4": 0.9966425895690918,
    "0,1,3,5": 0.9601942896842957,
    "0,1,3,6": 0.2856600284576416,
    "0,1,3,7": 0.9933359622955322,
    "0,1,3,8": 0.9534797668457031,
    "0,1,4,5": 0.9934460520744324,
    "0,1,4,6": 0.9955201148986816,
    "0,1,4,7": 0.9956033229827881,
    "0,1,4,8": 0.9968055486679077,
    "0,1,5,6": 0.9266969561576843,
    "0,1,5,7": 0.9952002763748169,
    "0,1,5,8": 0.9967303276062012,
    "0,1,6,7": 0.9938787817955017,
    "0,1,6,8": 0.9613388180732727,
    "0,1,7,8": 0.9975026249885559,
    "0,2,3,4": 0.9374764561653137,
    "0,2,3,5": 0.07595418393611908,
    "0,2,3,6": 0.035175908356904984,
    "0,2,3,7": 0.8228425979614258,
    "0,2,3,8": 0.10636346787214279,
    "0,2,4,5": 0.9823043346405029,
    "0,2,4,6": 0.6289252042770386,
    "0,2,4,7": 0.9672192931175232,
    "0,2,4,8": 0.9766030311584473,
    "0,2,5,6": 0.021555092185735703,
    "0,2,5,7": 0.9063946604728699,
    "0,2,5,8": 0.8632040023803711,
    "0,2,6,7": 0.8070574998855591,
    "0,2,6,8": 0.07139568775892258,
    "0,2,7,8": 0.9254793524742126,
    "0,3,4,5": 0.9849804639816284,
    "0,3,4,6": 0.8578855395317078,
    "0,3,4,7": 0.9621462821960449,
    "0,3,4,8": 0.9324632287025452,
    "0,3,5,6": 0.08346165716648102,
    "0,3,5,7": 0.8994645476341248,
    "0,3,5,8": 0.7914288640022278,
    "0,3,6,7": 0.8086239099502563,
    "0,3,6,8": 0.17664021253585815,
    "0,3,7,8": 0.844842255115509,
    "0,4,5,6": 0.9624563455581665,
    "0,4,5,7": 0.9793968200683594,
    "0,4,5,8": 0.9916158318519592,
    "0,4,6,7": 0.8979630470275879,
    "0,4,6,8": 0.9437331557273865,
    "0,4,7,8": 0.9710395932197571,
    "0,5,6,7": 0.8510157465934753,
    "0,5,6,8": 0.38191866874694824,
    "0,5,7,8": 0.9292935132980347,
    "0,6,7,8": 0.8576409816741943,
    "1,2,3,4": 0.9966447353363037,
    "1,2,3,5": 0.9289637804031372,
    "1,2,3,6": 0.39987683296203613,
    "1,2,3,7": 0.9965746402740479,
    "1,2,3,8": 0.9740968942642212,
    "1,2,4,5": 0.9928478002548218,
    "1,2,4,6": 0.9969233870506287,
    "1,2,4,7": 0.9967908263206482,
    "1,2,4,8": 0.9967946410179138,
    "1,2,5,6": 0.7704243659973145,
    "1,2,5,7": 0.9955809712409973,
    "1,2,5,8": 0.9960827827453613,
    "1,2,6,7": 0.9965529441833496,
    "1,2,6,8": 0.9419059753417969,
    "1,2,7,8": 0.9974744915962219,
    "1,3,4,5": 0.9929279685020447,
    "1,3,4,6": 0.9971480965614319,
    "1,3,4,7": 0.9968373775482178,
    "1,3,4,8": 0.996891438961029,
    "1,3,5,6": 0.8906024694442749,
    "1,3,5,7": 0.9942599534988403,
    "1,3,5,8": 0.9964861869812012,
    "1,3,6,7": 0.9954257607460022,
    "1,3,6,8": 0.9771172404289246,
    "1,3,7,8": 0.9970632195472717,
    "1,4,5,6": 0.9930776357650757,
    "1,4,5,7": 0.9942157864570618,
    "1,4,5,8": 0.9956551790237427,
    "1,4,6,7": 0.9966307282447815,
    "1,4,6,8": 0.9974530339241028,
    "1,4,7,8": 0.9974759221076965,
    "1,5,6,7": 0.9941930174827576,
    "1,5,6,8": 0.9936461448669434,
    "1,5,7,8": 0.9963358640670776,
    "1,6,7,8": 0.997328519821167,
    "2,3,4,5": 0.9819693565368652,
    "2,3,4,6": 0.9077714681625366,
    "2,3,4,7": 0.9846151471138,