{
  "object_name": "Game",
  "data_type": "game",
  "version": "1.4.2.dev29+g3d3c3a7e6.d20260421",
  "created_from": null,
  "description": null,
  "parameters": {},
  "timestamp": "2026-04-21T12:26:05.361451+00:00Z",
  "metadata": {
    "n_players": 9,
    "game_name": "Game_object",
    "normalization_value": 0.0002889653842430562,
    "precompute_flag": false,
    "precomputed": true,
    "player_names": null
  },
  "data": {
    "Empty": 0.0002889653842430562,
    "0": 0.00024481842410750687,
    "1": 8.145357423927635e-05,
    "2": 0.0028953501023352146,
    "3": 0.0006012447411194444,
    "4": 0.00037859013536944985,
    "5": 0.0020724497735500336,
    "6": 0.0031853506807237864,
    "7": 0.0012425425229594111,
    "8": 0.0008395673939958215,
    "0,1": 4.9309343012282625e-05,
    "0,2": 0.007303743157535791,
    "0,3": 0.0020348806865513325,
    "0,4": 0.0003658188506960869,
    "0,5": 0.0017730746185407043,
    "0,6": 0.0036064835730940104,
    "0,7": 0.0007734771934337914,
    "0,8": 0.0011288562091067433,
    "1,2": 0.0006434164242818952,
    "1,3": 0.04306996986269951,
    "1,4": 0.001532355323433876,
    "1,5": 0.003891991451382637,
    "1,6": 0.005811062641441822,
    "1,7": 0.0013300101272761822,
    "1,8": 0.0026053774636238813,
    "2,3": 0.07064259052276611,
    "2,4": 0.0006479425355792046,
    "2,5": 0.0013595244381576777,
    "2,6": 0.016147740185260773,
    "2,7": 0.07591152936220169,
    "2,8": 0.013975519686937332,
    "3,4": 0.00043067941442131996,
    "3,5": 0.0004734225512947887,
    "3,6": 0.0034204295370727777,
    "3,7": 0.05372113734483719,
    "3,8": 0.0006872162921354175,
    "4,5": 8.890216122381389e-05,
    "4,6": 0.0022736662067472935,
    "4,7": 0.016775472089648247,
    "4,8": 0.0008811616571620107,
    "5,6": 0.0033192147966474295,
    "5,7": 0.0024706749245524406,
    "5,8": 0.0025240853428840637,
    "6,7": 0.0016404605703428388,
    "6,8": 0.004559504799544811,
    "7,8": 0.007791744079440832,
    "0,1,2": 0.004108340013772249,
    "0,1,3": 0.08586188405752182,
    "0,1,4": 0.003173239529132843,
    "0,1,5": 0.006665369961410761,
    "0,1,6": 0.008287041448056698,
    "0,1,7": 0.0013314720708876848,
    "0,1,8": 0.005480185151100159,
    "0,2,3": 0.06847751885652542,
    "0,2,4": 0.0010842311894521117,
    "0,2,5": 0.0011047425214201212,
    "0,2,6": 0.01637929119169712,
    "0,2,7": 0.12291121482849121,
    "0,2,8": 0.024929460138082504,
    "0,3,4": 0.0008680967148393393,
    "0,3,5": 0.0008619949221611023,
    "0,3,6": 0.009536266326904297,
    "0,3,7": 0.06532067805528641,
    "0,3,8": 0.0017845156835392118,
    "0,4,5": 0.00012024900934193283,
    "0,4,6": 0.00218525854870677,
    "0,4,7": 0.01704246550798416,
    "0,4,8": 0.000681030098348856,
    "0,5,6": 0.003057046327739954,
    "0,5,7": 0.0032493225298821926,
    "0,5,8": 0.002173340180888772,
    "0,6,7": 0.0012319210218265653,
    "0,6,8": 0.0028184368275105953,
    "0,7,8": 0.0055231438018381596,
    "1,2,3": 0.3631841540336609,
    "1,2,4": 0.0047461409121751785,
    "1,2,5": 0.03513793274760246,
    "1,2,6": 0.03431808575987816,
    "1,2,7": 0.02370033971965313,
    "1,2,8": 0.024074580520391464,
    "1,3,4": 0.09062094241380692,
    "1,3,5": 0.017790650948882103,
    "1,3,6": 0.23436571657657623,
    "1,3,7": 0.7481789588928223,
    "1,3,8": 0.1130712553858757,
    "1,4,5": 0.010533642023801804,
    "1,4,6": 0.013884398154914379,
    "1,4,7": 0.1352224349975586,
    "1,4,8": 0.00235338625498116,
    "1,5,6": 0.01661492884159088,
    "1,5,7": 0.041438594460487366,
    "1,5,8": 0.008270793594419956,
    "1,6,7": 0.00223766197450459,
    "1,6,8": 0.02209501713514328,
    "1,7,8": 0.03901343792676926,
    "2,3,4": 0.03336247801780701,
    "2,3,5": 0.0006993305287323892,
    "2,3,6": 0.31237173080444336,
    "2,3,7": 0.8052197694778442,
    "2,3,8": 0.08538796007633209,
    "2,4,5": 0.0006343467393890023,
    "2,4,6": 0.004844867158681154,
    "2,4,7": 0.15279920399188995,
    "2,4,8": 0.0033405544236302376,
    "2,5,6": 0.009110535494983196,
    "2,5,7": 0.029649978503584862,
    "2,5,8": 0.0007207965245470405,
    "2,6,7": 0.1398133486509323,
    "2,6,8": 0.026680562645196915,
    "2,7,8": 0.5500054955482483,
    "3,4,5": 0.000178212983882986,
    "3,4,6": 0.005613966379314661,
    "3,4,7": 0.18283897638320923,
    "3,4,8": 0.0006433178205043077,
    "3,5,6": 0.0014419236686080694,
    "3,5,7": 0.017323879525065422,
    "3,5,8": 0.0006936884601600468,
    "3,6,7": 0.05868096649646759,
    "3,6,8": 0.0021183749195188284,
    "3,7,8": 0.11211170256137848,
    "4,5,6": 0.0002041845436906442,
    "4,5,7": 0.008512130007147789,
    "4,5,8": 0.00018523687322158366,
    "4,6,7": 0.058818377554416656,
    "4,6,8": 0.0016105248359963298,
    "4,7,8": 0.07773550599813461,
    "5,6,7": 0.004341552034020424,
    "5,6,8": 0.002733464352786541,
    "5,7,8": 0.00961990188807249,
    "6,7,8": 0.021464014425873756,
    "0,1,2,3": 0.6244298219680786,
    "0,1,2,4": 0.012806748040020466,
    "0,1,2,5": 0.10056377202272415,
    "0,1,2,6": 0.21767961978912354,
    "0,1,2,7": 0.4342817962169647,
    "0,1,2,8": 0.1998913735151291,
    "0,1,3,4": 0.21091338992118835,
    "0,1,3,5": 0.026747852563858032,
    "0,1,3,6": 0.7077524662017822,
    "0,1,3,7": 0.7935274243354797,
    "0,1,3,8": 0.2427336722612381,
    "0,1,4,5": 0.022264113649725914,
    "0,1,4,6": 0.034079425036907196,
    "0,1,4,7": 0.5045800805091858,
    "0,1,4,8": 0.007933421060442924,
    "0,1,5,6": 0.029640590772032738,
    "0,1,5,7": 0.05474342405796051,
    "0,1,5,8": 0.014362839050590992,
    "0,1,6,7": 0.0041357711888849735,
    "0,1,6,8": 0.034348759800195694,
    "0,1,7,8": 0.049974314868450165,
    "0,2,3,4": 0.04986186698079109,
    "0,2,3,5": 0.000706406426616013,
    "0,2,3,6": 0.4402022361755371,
    "0,2,3,7": 0.8019059896469116,
    "0,2,3,8": 0.06965234875679016,
    "0,2,4,5": 0.0007227901951409876,
    "0,2,4,6": 0.004594631493091583,
    "0,2,4,7": 0.20032717287540436,
    "0,2,4,8": 0.0044585638679564,
    "0,2,5,6": 0.001425151596777141,
    "0,2,5,7": 0.009757887572050095,
    "0,2,5,8": 0.00015478763089049608,
    "0,2,6,7": 0.21754521131515503,
    "0,2,6,8": 0.0344754159450531,
    "0,2,7,8": 0.7608287334442139,
    "0,3,4,5": 0.00027351826429367065,
    "0,3,4,6": 0.03113323263823986,
    "0,3,4,7": 0.29042088985443115,
    "0,3,4,8": 0.0016846058424562216,
    "0,3,5,6": 0.001850590342655778,
    "0,3,5,7": 0.015818409621715546,
    "0,3,5,8": 0.0011079866671934724,
    "0,3,6,7": 0.11093048006296158,
    "0,3,6,8": 0.004515359178185463,
    "0,3,7,8": 0.09289226680994034,
    "0,4,5,6": 0.0003490261151455343,
    "0,4,5,7": 0.01834697835147381,
    "0,4,5,8": 0.0001855232403613627,
    "0,4,6,7": 0.06832560151815414,
    "0,4,6,8": 0.0018730373121798038,
    "0,4,7,8": 0.129315584897995,
    "0,5,6,7": 0.004121936392039061,
    "0,5,6,8": 0.001831341185607016,
    "0,5,7,8": 0.00910153891891241,
    "0,6,7,8": 0.015063546597957611,
    "1,2,3,4": 0.2860301733016968,
    "1,2,3,5": 0.19398915767669678,
    "1,2,3,6": 0.6042942404747009,
    "1,2,3,7": 0.909166157245636,
    "1,2,3,8": 0.576088011264801,
    "1,2,4,5": 0.09081650525331497,
    "1,2,4,6": 0.06303371489048004,
    "1,2,4,7": 0.8054931163787842,
    "1,2,4,8": 0.024323849007487297,
    "1,2,5,6": 0.38489416241645813,
    "1,2,5,7": 0.7756043672561646,
    "1,2,5,8": 0.305461049079895,
    "1,2,6,7": 0.19884108006954193,
    "1,2,6,8": 0.1555870622396469,
    "1,2,7,8": 0.5916804075241089,
    "1,3,4,5": 0.08753068745136261,
    "1,3,4,6": 0.621265172958374,
    "1,3,4,7": 0.8955346941947937,
    "1,3,4,8": 0.25737500190734863,
    "1,3,5,6": 0.06187346577644348,
    "1,3,5,7": 0.4427343010902405,
    "1,3,5,8": 0.030115412548184395,
    "1,3,6,7": 0.8584944605827332,
    "1,3,6,8": 0.3193206191062927,
    "1,3,7,8": 0.927068293094635,
    "1,4,5,6": 0.07378817349672318,
    "1,4,5,7": 0.6585001945495605,
    "1,4,5,8": 0.023551130667328835,
    "1,4,6,7": 0.6286941766738892,
    "1,4,6,8": 0.01412437204271555,