{
  "object_name": "Game",
  "data_type": "game",
  "version": "1.4.2.dev29+g3d3c3a7e6.d20260421",
  "created_from": null,
  "description": null,
  "parameters": {},
  "timestamp": "2026-04-21T12:26:05.328957+00:00Z",
  "metadata": {
    "n_players": 9,
    "game_name": "Game_object",
    "normalization_value": 0.00025732265203259885,
    "precompute_flag": false,
    "precomputed": true,
    "player_names": null
  },
  "data": {
    "Empty": 0.00025732265203259885,
    "0": 0.02303922176361084,
    "1": 0.023885836824774742,
    "2": 0.021157048642635345,
    "3": 0.0582854188978672,
    "4": 0.033185478299856186,
    "5": 0.001674570026807487,
    "6": 0.01137346401810646,
    "7": 0.05275046452879906,
    "8": 0.5221112370491028,
    "0,1": 0.6185435652732849,
    "0,2": 0.299384206533432,
    "0,3": 0.13751493394374847,
    "0,4": 0.12224429100751877,
    "0,5": 0.03948921710252762,
    "0,6": 0.0007065251702442765,
    "0,7": 0.6161127686500549,
    "0,8": 0.3555869460105896,
    "1,2": 0.24449540674686432,
    "1,3": 0.8139708042144775,
    "1,4": 0.982488751411438,
    "1,5": 0.8431993126869202,
    "1,6": 0.09885556995868683,
    "1,7": 0.9796526432037354,
    "1,8": 0.9579181671142578,
    "2,3": 0.4627430737018585,
    "2,4": 0.8434834480285645,
    "2,5": 0.9425294399261475,
    "2,6": 0.17608004808425903,
    "2,7": 0.5926336050033569,
    "2,8": 0.8713441491127014,
    "3,4": 0.971802294254303,
    "3,5": 0.8142679333686829,
    "3,6": 0.7255772352218628,
    "3,7": 0.9503625631332397,
    "3,8": 0.8601154685020447,
    "4,5": 0.13813172280788422,
    "4,6": 0.3224209249019623,
    "4,7": 0.02244386076927185,
    "4,8": 0.15784867107868195,
    "5,6": 0.17127634584903717,
    "5,7": 0.01290095504373312,
    "5,8": 0.3212564289569855,
    "6,7": 0.5918703675270081,
    "6,8": 0.43966513872146606,
    "7,8": 0.6592185497283936,
    "0,1,2": 0.6552518606185913,
    "0,1,3": 0.7149914503097534,
    "0,1,4": 0.9754198789596558,
    "0,1,5": 0.9080999493598938,
    "0,1,6": 0.021594934165477753,
    "0,1,7": 0.9549952149391174,
    "0,1,8": 0.7659305930137634,
    "0,2,3": 0.46084049344062805,
    "0,2,4": 0.8906914591789246,
    "0,2,5": 0.9527880549430847,
    "0,2,6": 0.018062006682157516,
    "0,2,7": 0.7415128946304321,
    "0,2,8": 0.7881631255149841,
    "0,3,4": 0.9207295775413513,
    "0,3,5": 0.9008495211601257,
    "0,3,6": 0.5469413995742798,
    "0,3,7": 0.9686353802680969,
    "0,3,8": 0.5230585932731628,
    "0,4,5": 0.5263109803199768,
    "0,4,6": 0.37103182077407837,
    "0,4,7": 0.31753137707710266,
    "0,4,8": 0.7944153547286987,
    "0,5,6": 0.15044108033180237,
    "0,5,7": 0.2946317791938782,
    "0,5,8": 0.6243489980697632,
    "0,6,7": 0.16573183238506317,
    "0,6,8": 0.1452675312757492,
    "0,7,8": 0.6718711853027344,
    "1,2,3": 0.6152472496032715,
    "1,2,4": 0.9740608334541321,
    "1,2,5": 0.9588592648506165,
    "1,2,6": 0.06997734308242798,
    "1,2,7": 0.793473482131958,
    "1,2,8": 0.8631274700164795,
    "1,3,4": 0.9955268502235413,
    "1,3,5": 0.9890992641448975,
    "1,3,6": 0.9274874329566956,
    "1,3,7": 0.9845735430717468,
    "1,3,8": 0.964127779006958,
    "1,4,5": 0.9911435842514038,
    "1,4,6": 0.9833917617797852,
    "1,4,7": 0.9954543113708496,
    "1,4,8": 0.9910624027252197,
    "1,5,6": 0.9052754044532776,
    "1,5,7": 0.9340736269950867,
    "1,5,8": 0.9685189723968506,
    "1,6,7": 0.9062080979347229,
    "1,6,8": 0.8975778222084045,
    "1,7,8": 0.9784911870956421,
    "2,3,4": 0.9745786786079407,
    "2,3,5": 0.9856700301170349,
    "2,3,6": 0.8310958743095398,
    "2,3,7": 0.9839729070663452,
    "2,3,8": 0.8470253348350525,
    "2,4,5": 0.9666358232498169,
    "2,4,6": 0.8708590269088745,
    "2,4,7": 0.8006076216697693,
    "2,4,8": 0.9439443945884705,
    "2,5,6": 0.972781240940094,
    "2,5,7": 0.890767514705658,
    "2,5,8": 0.9552359580993652,
    "2,6,7": 0.5187288522720337,
    "2,6,8": 0.8813655376434326,
    "2,7,8": 0.8430383205413818,
    "3,4,5": 0.9881014823913574,
    "3,4,6": 0.9733989238739014,
    "3,4,7": 0.9444603323936462,
    "3,4,8": 0.9793501496315002,
    "3,5,6": 0.9390751719474792,
    "3,5,7": 0.9898867011070251,
    "3,5,8": 0.9355171322822571,
    "3,6,7": 0.9721047878265381,
    "3,6,8": 0.9389380812644958,
    "3,7,8": 0.9653303623199463,
    "4,5,6": 0.9054036140441895,
    "4,5,7": 0.012801917269825935,
    "4,5,8": 0.29303306341171265,
    "4,6,7": 0.0363396480679512,
    "4,6,8": 0.5398193597793579,
    "4,7,8": 0.08095093071460724,
    "5,6,7": 0.24626487493515015,
    "5,6,8": 0.42941969633102417,
    "5,7,8": 0.021715637296438217,
    "6,7,8": 0.6050147414207458,
    "0,1,2,3": 0.6504306793212891,
    "0,1,2,4": 0.9628406763076782,
    "0,1,2,5": 0.9537155032157898,
    "0,1,2,6": 0.02115241251885891,
    "0,1,2,7": 0.858392596244812,
    "0,1,2,8": 0.6010715365409851,
    "0,1,3,4": 0.9868984222412109,
    "0,1,3,5": 0.9792974591255188,
    "0,1,3,6": 0.7292840480804443,
    "0,1,3,7": 0.9822284579277039,
    "0,1,3,8": 0.871182382106781,
    "0,1,4,5": 0.9846774339675903,
    "0,1,4,6": 0.9536527395248413,
    "0,1,4,7": 0.9922235608100891,
    "0,1,4,8": 0.9874827861785889,
    "0,1,5,6": 0.7936775088310242,
    "0,1,5,7": 0.9634379744529724,
    "0,1,5,8": 0.9510812759399414,
    "0,1,6,7": 0.60431307554245,
    "0,1,6,8": 0.6250171661376953,
    "0,1,7,8": 0.9419071078300476,
    "0,2,3,4": 0.9573155641555786,
    "0,2,3,5": 0.9717207551002502,
    "0,2,3,6": 0.7149857878684998,
    "0,2,3,7": 0.9785135984420776,
    "0,2,3,8": 0.7647948265075684,
    "0,2,4,5": 0.957276463508606,
    "0,2,4,6": 0.6706074476242065,
    "0,2,4,7": 0.9103803634643555,
    "0,2,4,8": 0.9422568082809448,
    "0,2,5,6": 0.9386976957321167,
    "0,2,5,7": 0.9619684219360352,
    "0,2,5,8": 0.9720683693885803,
    "0,2,6,7": 0.5877315402030945,
    "0,2,6,8": 0.6960418820381165,
    "0,2,7,8": 0.880605936050415,
    "0,3,4,5": 0.983382523059845,
    "0,3,4,6": 0.9551845192909241,
    "0,3,4,7": 0.98309326171875,
    "0,3,4,8": 0.9512729048728943,
    "0,3,5,6": 0.9400461316108704,
    "0,3,5,7": 0.9892669916152954,
    "0,3,5,8": 0.9290989637374878,
    "0,3,6,7": 0.9282377362251282,
    "0,3,6,8": 0.7346946001052856,
    "0,3,7,8": 0.9649609327316284,
    "0,4,5,6": 0.8896419405937195,
    "0,4,5,7": 0.4107414782047272,
    "0,4,5,8": 0.7425588369369507,
    "0,4,6,7": 0.4395807087421417,
    "0,4,6,8": 0.8118105530738831,
    "0,4,7,8": 0.6268481016159058,
    "0,5,6,7": 0.4619395136833191,
    "0,5,6,8": 0.7444534301757812,
    "0,5,7,8": 0.24846471846103668,
    "0,6,7,8": 0.4173584282398224,
    "1,2,3,4": 0.9876020550727844,
    "1,2,3,5": 0.9887902736663818,
    "1,2,3,6": 0.8476401567459106,
    "1,2,3,7": 0.9663029313087463,
    "1,2,3,8": 0.8229169249534607,
    "1,2,4,5": 0.9857026934623718,
    "1,2,4,6": 0.9550891518592834,
    "1,2,4,7": 0.9845600128173828,
    "1,2,4,8": 0.9788113236427307,
    "1,2,5,6": 0.9656770825386047,
    "1,2,5,7": 0.965538501739502,
    "1,2,5,8": 0.9606701135635376,
    "1,2,6,7": 0.6191081404685974,
    "1,2,6,8": 0.7384839653968811,
    "1,2,7,8": 0.8635621070861816,
    "1,3,4,5": 0.996594250202179,
    "1,3,4,6": 0.9942225813865662,
    "1,3,4,7": 0.9969603419303894,
    "1,3,4,8": 0.9954611659049988,
    "1,3,5,6": 0.9898983836174011,
    "1,3,5,7": 0.9965920448303223,
    "1,3,5,8": 0.9851987957954407,
    "1,3,6,7": 0.9886899590492249,
    "1,3,6,8": 0.9762362837791443,
    "1,3,7,8": 0.9872293472290039,
    "1,4,5,6": 0.9923713207244873,
    "1,4,5,7": 0.9916623830795288,
    "1,4,5,8": 0.9903159737586975,
    "1,4,6,7": 0.9926275610923767,
    "1,4,6,8": 0.9915391802787781,
    "1,4,7,8": 0.9951079487800598,
    "1,5,6,7": 0.9775238037109375,
    "1,5,6,8": 0.9679943323135376,
    "1,5,7,8": 0.8994678258895874,
    "1,6,7,8": 0.9620620012283325,
    "2,3,4,5": 0.9939295053482056,
    "2,3,4,6": 0.9845927357673645,
    "2,3,4,7": 0.9887428283691406,
    "2,3,4,8": 0.9808107018470764,