{
  "object_name": "Game",
  "data_type": "game",
  "version": "1.4.2.dev29+g3d3c3a7e6.d20260421",
  "created_from": null,
  "description": null,
  "parameters": {},
  "timestamp": "2026-04-21T12:26:05.387277+00:00Z",
  "metadata": {
    "n_players": 9,
    "game_name": "Game_object",
    "normalization_value": 9.985581709770486e-05,
    "precompute_flag": false,
    "precomputed": true,
    "player_names": null
  },
  "data": {
    "Empty": 9.985581709770486e-05,
    "0": 0.04523312672972679,
    "1": 0.007711966522037983,
    "2": 0.012322095222771168,
    "3": 0.022635353729128838,
    "4": 0.032561663538217545,
    "5": 0.005087647121399641,
    "6": 0.0006402467843145132,
    "7": 0.00031444497290067375,
    "8": 0.00042874866630882025,
    "0,1": 0.37340688705444336,
    "0,2": 0.21327026188373566,
    "0,3": 0.05749265104532242,
    "0,4": 0.14781704545021057,
    "0,5": 0.10388433188199997,
    "0,6": 0.030918890610337257,
    "0,7": 0.7475160360336304,
    "0,8": 0.06546151638031006,
    "1,2": 0.3002607822418213,
    "1,3": 0.0679323822259903,
    "1,4": 0.0761096403002739,
    "1,5": 0.3382663130760193,
    "1,6": 0.24307887256145477,
    "1,7": 0.6770349144935608,
    "1,8": 0.2232610285282135,
    "2,3": 0.1115143746137619,
    "2,4": 0.24875779449939728,
    "2,5": 0.18115225434303284,
    "2,6": 0.20289643108844757,
    "2,7": 0.8297802805900574,
    "2,8": 0.4531402289867401,
    "3,4": 0.25173476338386536,
    "3,5": 0.28692033886909485,
    "3,6": 0.10551699250936508,
    "3,7": 0.06922226399183273,
    "3,8": 0.028896953910589218,
    "4,5": 0.456872820854187,
    "4,6": 0.32956138253211975,
    "4,7": 0.030784914270043373,
    "4,8": 0.47495362162590027,
    "5,6": 0.01406773366034031,
    "5,7": 0.7332898378372192,
    "5,8": 0.029775269329547882,
    "6,7": 0.7399494051933289,
    "6,8": 0.0009327614097855985,
    "7,8": 0.6901245713233948,
    "0,1,2": 0.33665233850479126,
    "0,1,3": 0.09511177241802216,
    "0,1,4": 0.23910009860992432,
    "0,1,5": 0.186178058385849,
    "0,1,6": 0.2800106406211853,
    "0,1,7": 0.46047401428222656,
    "0,1,8": 0.15159767866134644,
    "0,2,3": 0.3295333683490753,
    "0,2,4": 0.5446957945823669,
    "0,2,5": 0.18742617964744568,
    "0,2,6": 0.22382915019989014,
    "0,2,7": 0.8805601596832275,
    "0,2,8": 0.31620657444000244,
    "0,3,4": 0.3948235511779785,
    "0,3,5": 0.29341942071914673,
    "0,3,6": 0.020365163683891296,
    "0,3,7": 0.19280415773391724,
    "0,3,8": 0.09965965896844864,
    "0,4,5": 0.5723578333854675,
    "0,4,6": 0.2510383725166321,
    "0,4,7": 0.09497690200805664,
    "0,4,8": 0.5035824179649353,
    "0,5,6": 0.1247308999300003,
    "0,5,7": 0.8316035866737366,
    "0,5,8": 0.28708967566490173,
    "0,6,7": 0.8189235329627991,
    "0,6,8": 0.045328058302402496,
    "0,7,8": 0.9012400507926941,
    "1,2,3": 0.2738649845123291,
    "1,2,4": 0.4800960123538971,
    "1,2,5": 0.32149538397789,
    "1,2,6": 0.49863260984420776,
    "1,2,7": 0.43358123302459717,
    "1,2,8": 0.29590240120887756,
    "1,3,4": 0.36132627725601196,
    "1,3,5": 0.06921327859163284,
    "1,3,6": 0.04062417522072792,
    "1,3,7": 0.03259660676121712,
    "1,3,8": 0.019833499565720558,
    "1,4,5": 0.21900594234466553,
    "1,4,6": 0.2916567921638489,
    "1,4,7": 0.2157166302204132,
    "1,4,8": 0.3734257221221924,
    "1,5,6": 0.15435361862182617,
    "1,5,7": 0.1563730090856552,
    "1,5,8": 0.21075405180454254,
    "1,6,7": 0.5172778367996216,
    "1,6,8": 0.3182561695575714,
    "1,7,8": 0.7046485543251038,
    "2,3,4": 0.7162055969238281,
    "2,3,5": 0.48677554726600647,
    "2,3,6": 0.39505258202552795,
    "2,3,7": 0.33232012391090393,
    "2,3,8": 0.31936195492744446,
    "2,4,5": 0.7392849326133728,
    "2,4,6": 0.7392843961715698,
    "2,4,7": 0.228141188621521,
    "2,4,8": 0.7586554884910583,
    "2,5,6": 0.2520957887172699,
    "2,5,7": 0.7829395532608032,
    "2,5,8": 0.40089401602745056,
    "2,6,7": 0.8380160927772522,
    "2,6,8": 0.3790099322795868,
    "2,7,8": 0.8473300337791443,
    "3,4,5": 0.6153064370155334,
    "3,4,6": 0.4622255563735962,
    "3,4,7": 0.3866722285747528,
    "3,4,8": 0.4904710650444031,
    "3,5,6": 0.34649544954299927,
    "3,5,7": 0.5007627010345459,
    "3,5,8": 0.4155147075653076,
    "3,6,7": 0.19103798270225525,
    "3,6,8": 0.0651719719171524,
    "3,7,8": 0.21029730141162872,
    "4,5,6": 0.5687751173973083,
    "4,5,7": 0.41082218289375305,
    "4,5,8": 0.7855823636054993,
    "4,6,7": 0.30744025111198425,
    "4,6,8": 0.47002482414245605,
    "4,7,8": 0.374234139919281,
    "5,6,7": 0.8083153963088989,
    "5,6,8": 0.0738726407289505,
    "5,7,8": 0.8851482272148132,
    "6,7,8": 0.5601706504821777,
    "0,1,2,3": 0.22582432627677917,
    "0,1,2,4": 0.5803265571594238,
    "0,1,2,5": 0.27131766080856323,
    "0,1,2,6": 0.3297661542892456,
    "0,1,2,7": 0.34434258937835693,
    "0,1,2,8": 0.11341611295938492,
    "0,1,3,4": 0.44858017563819885,
    "0,1,3,5": 0.08492545783519745,
    "0,1,3,6": 0.03277318924665451,
    "0,1,3,7": 0.031301382929086685,
    "0,1,3,8": 0.02546747960150242,
    "0,1,4,5": 0.3509935438632965,
    "0,1,4,6": 0.20985692739486694,
    "0,1,4,7": 0.23652075231075287,
    "0,1,4,8": 0.36396464705467224,
    "0,1,5,6": 0.09189322590827942,
    "0,1,5,7": 0.13185864686965942,
    "0,1,5,8": 0.13172616064548492,
    "0,1,6,7": 0.3020579516887665,
    "0,1,6,8": 0.16326962411403656,
    "0,1,7,8": 0.4626990854740143,
    "0,2,3,4": 0.7357143759727478,
    "0,2,3,5": 0.4268561601638794,
    "0,2,3,6": 0.3311815857887268,
    "0,2,3,7": 0.34755587577819824,
    "0,2,3,8": 0.2381507009267807,
    "0,2,4,5": 0.7078798413276672,
    "0,2,4,6": 0.6287780404090881,
    "0,2,4,7": 0.2793631851673126,
    "0,2,4,8": 0.6773032546043396,
    "0,2,5,6": 0.260942280292511,
    "0,2,5,7": 0.7075684666633606,
    "0,2,5,8": 0.3423127830028534,
    "0,2,6,7": 0.8921048045158386,
    "0,2,6,8": 0.2827344238758087,
    "0,2,7,8": 0.887787401676178,
    "0,3,4,5": 0.767142117023468,
    "0,3,4,6": 0.3780848979949951,
    "0,3,4,7": 0.3931957185268402,
    "0,3,4,8": 0.5078155398368835,
    "0,3,5,6": 0.2216227501630783,
    "0,3,5,7": 0.45958423614501953,
    "0,3,5,8": 0.35437482595443726,
    "0,3,6,7": 0.13099715113639832,
    "0,3,6,8": 0.02976047433912754,
    "0,3,7,8": 0.27555570006370544,
    "0,4,5,6": 0.5433563590049744,
    "0,4,5,7": 0.3722912073135376,
    "0,4,5,8": 0.7631911039352417,
    "0,4,6,7": 0.1878882348537445,
    "0,4,6,8": 0.4885944724082947,
    "0,4,7,8": 0.332740843296051,
    "0,5,6,7": 0.833106279373169,
    "0,5,6,8": 0.28731098771095276,
    "0,5,7,8": 0.9109116196632385,
    "0,6,7,8": 0.794947624206543,
    "1,2,3,4": 0.8108431100845337,
    "1,2,3,5": 0.34125837683677673,
    "1,2,3,6": 0.14270459115505219,
    "1,2,3,7": 0.08917377889156342,
    "1,2,3,8": 0.09322583675384521,
    "1,2,4,5": 0.5537306666374207,
    "1,2,4,6": 0.6807318925857544,
    "1,2,4,7": 0.5967804789543152,
    "1,2,4,8": 0.6941213011741638,
    "1,2,5,6": 0.2738059163093567,
    "1,2,5,7": 0.17346571385860443,
    "1,2,5,8": 0.23079560697078705,
    "1,2,6,7": 0.37910521030426025,
    "1,2,6,8": 0.3097841441631317,
    "1,2,7,8": 0.3828538656234741,
    "1,3,4,5": 0.5386353135108948,
    "1,3,4,6": 0.36525243520736694,
    "1,3,4,7": 0.4392557740211487,
    "1,3,4,8": 0.3710254728794098,
    "1,3,5,6": 0.040446821600198746,
    "1,3,5,7": 0.029796885326504707,
    "1,3,5,8": 0.055674415081739426,
    "1,3,6,7": 0.031264036893844604,
    "1,3,6,8": 0.03712424263358116,
    "1,3,7,8": 0.036340657621622086,
    "1,4,5,6": 0.276687353849411,
    "1,4,5,7": 0.328969806432724,
    "1,4,5,8": 0.4432131350040436,
    "1,4,6,7": 0.2819998264312744,
    "1,4,6,8": 0.37566161155700684,
    "1,4,7,8": 0.3932877480983734,
    "1,5,6,7": 0.12532661855220795,
    "1,5,6,8": 0.15043622255325317,
    "1,5,7,8": 0.16929611563682556,
    "1,6,7,8": 0.5258668065071106,
    "2,3,4,5": 0.829247772693634,
    "2,3,4,6": 0.7873871922492981,