{
  "object_name": "Game",
  "data_type": "game",
  "version": "1.4.2.dev29+g3d3c3a7e6.d20260421",
  "created_from": null,
  "description": null,
  "parameters": {},
  "timestamp": "2026-04-21T12:26:05.347612+00:00Z",
  "metadata": {
    "n_players": 9,
    "game_name": "Game_object",
    "normalization_value": 0.0009657737100496888,
    "precompute_flag": false,
    "precomputed": true,
    "player_names": null
  },
  "data": {
    "Empty": 0.0009657737100496888,
    "0": 0.0018506224732846022,
    "1": 0.030186202377080917,
    "2": 0.026694539934396744,
    "3": 0.08348286896944046,
    "4": 0.0002383059763815254,
    "5": 0.00032864511013031006,
    "6": 0.001350099453702569,
    "7": 0.0001439359475625679,
    "8": 0.0003143603971693665,
    "0,1": 0.03658756613731384,
    "0,2": 0.023359064012765884,
    "0,3": 0.08961082994937897,
    "0,4": 0.0007189087336882949,
    "0,5": 0.0010950847063213587,
    "0,6": 0.0015068810898810625,
    "0,7": 0.0002462852862663567,
    "0,8": 0.0005613117828033864,
    "1,2": 0.08777007460594177,
    "1,3": 0.5340300798416138,
    "1,4": 0.025533296167850494,
    "1,5": 0.004163228441029787,
    "1,6": 0.01073301862925291,
    "1,7": 0.0034782688599079847,
    "1,8": 0.0014209087239578366,
    "2,3": 0.4663979411125183,
    "2,4": 0.008569511584937572,
    "2,5": 0.0030855515506118536,
    "2,6": 0.005523698404431343,
    "2,7": 0.0020268454682081938,
    "2,8": 0.0020251795649528503,
    "3,4": 0.0666167289018631,
    "3,5": 0.09672851115465164,
    "3,6": 0.013764235191047192,
    "3,7": 0.04991800710558891,
    "3,8": 0.0029258800204843283,
    "4,5": 0.0005177030107006431,
    "4,6": 0.008232221938669682,
    "4,7": 0.00023648733622394502,
    "4,8": 0.0005852284375578165,
    "5,6": 0.0007855278672650456,
    "5,7": 0.00033239086042158306,
    "5,8": 0.00042674897122196853,
    "6,7": 0.003626403631642461,
    "6,8": 0.0020557825919240713,
    "7,8": 0.0011531163472682238,
    "0,1,2": 0.054291289299726486,
    "0,1,3": 0.49606025218963623,
    "0,1,4": 0.01747005805373192,
    "0,1,5": 0.009325588122010231,
    "0,1,6": 0.005307691637426615,
    "0,1,7": 0.0016414603451266885,
    "0,1,8": 0.0018373557832092047,
    "0,2,3": 0.6264880299568176,
    "0,2,4": 0.048007782548666,
    "0,2,5": 0.02260548435151577,
    "0,2,6": 0.006446483079344034,
    "0,2,7": 0.003242818871513009,
    "0,2,8": 0.01279646996408701,
    "0,3,4": 0.29935067892074585,
    "0,3,5": 0.5048152208328247,
    "0,3,6": 0.02820117585361004,
    "0,3,7": 0.04723368585109711,
    "0,3,8": 0.004533219151198864,
    "0,4,5": 0.0008514464134350419,
    "0,4,6": 0.01088718418031931,
    "0,4,7": 0.00033953203819692135,
    "0,4,8": 0.0011579906567931175,
    "0,5,6": 0.0016417893348261714,
    "0,5,7": 0.0002906307636294514,
    "0,5,8": 0.001453218050301075,
    "0,6,7": 0.0045796968042850494,
    "0,6,8": 0.0008732039714232087,
    "0,7,8": 0.0011443031253293157,
    "1,2,3": 0.7020124793052673,
    "1,2,4": 0.0773787721991539,
    "1,2,5": 0.038929782807826996,
    "1,2,6": 0.0068198940716683865,
    "1,2,7": 0.018290694802999496,
    "1,2,8": 0.019423121586441994,
    "1,3,4": 0.4675389528274536,
    "1,3,5": 0.7781082391738892,
    "1,3,6": 0.07457936555147171,
    "1,3,7": 0.15408067405223846,
    "1,3,8": 0.03762013092637062,
    "1,4,5": 0.023258086293935776,
    "1,4,6": 0.09701667726039886,
    "1,4,7": 0.004461051896214485,
    "1,4,8": 0.005398577079176903,
    "1,5,6": 0.003329894505441189,
    "1,5,7": 0.0010788410436362028,
    "1,5,8": 0.002661145757883787,
    "1,6,7": 0.015511857345700264,
    "1,6,8": 0.007796171121299267,
    "1,7,8": 0.0038900633808225393,
    "2,3,4": 0.3050233721733093,
    "2,3,5": 0.8004352450370789,
    "2,3,6": 0.16421543061733246,
    "2,3,7": 0.2317325323820114,
    "2,3,8": 0.014719691127538681,
    "2,4,5": 0.008736439980566502,
    "2,4,6": 0.03930426388978958,
    "2,4,7": 0.0014681480824947357,
    "2,4,8": 0.010130489245057106,
    "2,5,6": 0.003878291929140687,
    "2,5,7": 0.0014592643128708005,
    "2,5,8": 0.007128208875656128,
    "2,6,7": 0.01730605773627758,
    "2,6,8": 0.010556965135037899,
    "2,7,8": 0.005720570683479309,
    "3,4,5": 0.29352259635925293,
    "3,4,6": 0.0012646160321310163,
    "3,4,7": 0.020353062078356743,
    "3,4,8": 0.008877326734364033,
    "3,5,6": 0.011641861870884895,
    "3,5,7": 0.09996283799409866,
    "3,5,8": 0.023542247712612152,
    "3,6,7": 0.02928723208606243,
    "3,6,8": 0.014026709832251072,
    "3,7,8": 0.003434577491134405,
    "4,5,6": 0.014305072836577892,
    "4,5,7": 0.0002491745399311185,
    "4,5,8": 0.0012666780967265368,
    "4,6,7": 0.003480333834886551,
    "4,6,8": 0.011502240784466267,
    "4,7,8": 0.0006484666373580694,
    "5,6,7": 0.004105583764612675,
    "5,6,8": 0.003724372247233987,
    "5,7,8": 0.001322355354204774,
    "6,7,8": 0.011815004050731659,
    "0,1,2,3": 0.8725475668907166,
    "0,1,2,4": 0.16705746948719025,
    "0,1,2,5": 0.0935133770108223,
    "0,1,2,6": 0.010964524000883102,
    "0,1,2,7": 0.017294490709900856,
    "0,1,2,8": 0.028984462842345238,
    "0,1,3,4": 0.5877373814582825,
    "0,1,3,5": 0.8499799966812134,
    "0,1,3,6": 0.09312374144792557,
    "0,1,3,7": 0.2519448697566986,
    "0,1,3,8": 0.027688344940543175,
    "0,1,4,5": 0.0322740338742733,
    "0,1,4,6": 0.09103002399206161,
    "0,1,4,7": 0.0031271756161004305,
    "0,1,4,8": 0.009168697521090508,
    "0,1,5,6": 0.0038735659327358007,
    "0,1,5,7": 0.0006724161794409156,
    "0,1,5,8": 0.0017448206199333072,
    "0,1,6,7": 0.014378421939909458,
    "0,1,6,8": 0.005449848249554634,
    "0,1,7,8": 0.002440011827275157,
    "0,2,3,4": 0.6771972179412842,
    "0,2,3,5": 0.9387354850769043,
    "0,2,3,6": 0.27841129899024963,
    "0,2,3,7": 0.3795165717601776,
    "0,2,3,8": 0.03441380709409714,
    "0,2,4,5": 0.04732083901762962,
    "0,2,4,6": 0.08960083872079849,
    "0,2,4,7": 0.005944500211626291,
    "0,2,4,8": 0.037662144750356674,
    "0,2,5,6": 0.0027348119765520096,
    "0,2,5,7": 0.003460979089140892,
    "0,2,5,8": 0.013015639036893845,
    "0,2,6,7": 0.038998574018478394,
    "0,2,6,8": 0.008723977021872997,
    "0,2,7,8": 0.009243105538189411,
    "0,3,4,5": 0.5653506517410278,
    "0,3,4,6": 0.0019096438772976398,
    "0,3,4,7": 0.05478114262223244,
    "0,3,4,8": 0.041874971240758896,
    "0,3,5,6": 0.0715833529829979,
    "0,3,5,7": 0.19257205724716187,
    "0,3,5,8": 0.0865577682852745,
    "0,3,6,7": 0.04386141523718834,
    "0,3,6,8": 0.024966290220618248,
    "0,3,7,8": 0.014099130406975746,
    "0,4,5,6": 0.018188351765275,
    "0,4,5,7": 0.0003488145302981138,
    "0,4,5,8": 0.003547074506059289,
    "0,4,6,7": 0.004888518713414669,
    "0,4,6,8": 0.013058435171842575,
    "0,4,7,8": 0.0006808319594711065,
    "0,5,6,7": 0.007664885837584734,
    "0,5,6,8": 0.00860607624053955,
    "0,5,7,8": 0.0019085508538410068,
    "0,6,7,8": 0.011102283373475075,
    "1,2,3,4": 0.679933488368988,
    "1,2,3,5": 0.9557269811630249,
    "1,2,3,6": 0.6355418562889099,
    "1,2,3,7": 0.651779294013977,
    "1,2,3,8": 0.10074140131473541,
    "1,2,4,5": 0.11673176288604736,
    "1,2,4,6": 0.19314035773277283,
    "1,2,4,7": 0.01869198866188526,
    "1,2,4,8": 0.09682660549879074,
    "1,2,5,6": 0.006086408160626888,
    "1,2,5,7": 0.005407341290265322,
    "1,2,5,8": 0.04216819629073143,
    "1,2,6,7": 0.09280242770910263,
    "1,2,6,8": 0.056443627923727036,
    "1,2,7,8": 0.027705682441592216,
    "1,3,4,5": 0.4560626447200775,
    "1,3,4,6": 0.002796941203996539,
    "1,3,4,7": 0.2738635838031769,
    "1,3,4,8": 0.09476606547832489,
    "1,3,5,6": 0.07745293527841568,
    "1,3,5,7": 0.2663300037384033,
    "1,3,5,8": 0.1886763870716095,
    "1,3,6,7": 0.05653023719787598,
    "1,3,6,8": 0.09216077625751495,
    "1,3,7,8": 0.024368368089199066,
    "1,4,5,6": 0.12777365744113922,
    "1,4,5,7": 0.00667872978374362,
    "1,4,5,8": 0.015479140914976597,
    "1,4,6,7": 0.015802744776010513,
    "1,4,6,8": 0.05701758712530136,