{
  "object_name": "Game",
  "data_type": "game",
  "version": "1.4.2.dev29+g3d3c3a7e6.d20260421",
  "created_from": null,
  "description": null,
  "parameters": {},
  "timestamp": "2026-04-21T12:26:05.337708+00:00Z",
  "metadata": {
    "n_players": 9,
    "game_name": "Game_object",
    "normalization_value": 0.0007945499382913113,
    "precompute_flag": false,
    "precomputed": true,
    "player_names": null
  },
  "data": {
    "Empty": 0.0007945499382913113,
    "0": 0.0016347818309441209,
    "1": 0.0013542779488489032,
    "2": 0.0002100274432450533,
    "3": 0.03755247965455055,
    "4": 0.0006688167923130095,
    "5": 0.0001292521192226559,
    "6": 0.0007927428232505918,
    "7": 0.0004367218352854252,
    "8": 0.00018967545474879444,
    "0,1": 0.0007161767571233213,
    "0,2": 9.160701301880181e-05,
    "0,3": 0.01631345972418785,
    "0,4": 0.00012120591418351978,
    "0,5": 9.875706018647179e-05,
    "0,6": 0.00037318511749617755,
    "0,7": 0.0004566467832773924,
    "0,8": 0.0002398580254521221,
    "1,2": 8.528101170668378e-05,
    "1,3": 0.04585934802889824,
    "1,4": 0.0009960479801520705,
    "1,5": 0.0010996080236509442,
    "1,6": 0.0014998787082731724,
    "1,7": 0.0008855747291818261,
    "1,8": 0.0007112143794074655,
    "2,3": 0.0069901910610497,
    "2,4": 9.082133328774944e-05,
    "2,5": 0.0002749271516222507,
    "2,6": 1.581781543791294e-05,
    "2,7": 6.56879774396657e-06,
    "2,8": 5.116652914693987e-07,
    "3,4": 0.002463708631694317,
    "3,5": 0.035450197756290436,
    "3,6": 0.001944812247529626,
    "3,7": 0.1384778618812561,
    "3,8": 0.05553189665079117,
    "4,5": 0.0012524330522865057,
    "4,6": 0.0005989971687085927,
    "4,7": 0.0005541632999666035,
    "4,8": 0.0002861020911950618,
    "5,6": 0.0033325916156172752,
    "5,7": 0.0027240889612585306,
    "5,8": 0.0015451553044840693,
    "6,7": 0.0007377431611530483,
    "6,8": 0.001190638984553516,
    "7,8": 0.0004954877658747137,
    "0,1,2": 0.00011636024282779545,
    "0,1,3": 0.066340871155262,
    "0,1,4": 0.0009424264426343143,
    "0,1,5": 0.0014643061440438032,
    "0,1,6": 0.00141013297252357,
    "0,1,7": 0.0008584673632867634,
    "0,1,8": 0.0005757970502600074,
    "0,2,3": 0.007519406266510487,
    "0,2,4": 0.00013823741755913943,
    "0,2,5": 0.00012653764861170202,
    "0,2,6": 7.700097739871126e-06,
    "0,2,7": 2.2564418031834066e-06,
    "0,2,8": 6.58255714824918e-07,
    "0,3,4": 0.005131353158503771,
    "0,3,5": 0.05243569239974022,
    "0,3,6": 0.005379826761782169,
    "0,3,7": 0.16998592019081116,
    "0,3,8": 0.07746248692274094,
    "0,4,5": 0.0004986116546206176,
    "0,4,6": 0.0004364814958535135,
    "0,4,7": 0.0002792159211821854,
    "0,4,8": 0.00021791034669149667,
    "0,5,6": 0.0006043637986294925,
    "0,5,7": 0.0015134994173422456,
    "0,5,8": 0.0011558994883671403,
    "0,6,7": 0.00017617011326365173,
    "0,6,8": 0.0005708251846954226,
    "0,7,8": 0.00020117044914513826,
    "1,2,3": 0.0676545798778534,
    "1,2,4": 0.0004028076073154807,
    "1,2,5": 0.010972436517477036,
    "1,2,6": 0.0007946589030325413,
    "1,2,7": 0.0018633336294442415,
    "1,2,8": 0.00041686088661663234,
    "1,3,4": 0.18846924602985382,
    "1,3,5": 0.14082922041416168,
    "1,3,6": 0.0112914415076375,
    "1,3,7": 0.13320302963256836,
    "1,3,8": 0.05747859925031662,
    "1,4,5": 0.003859406802803278,
    "1,4,6": 0.006751272827386856,
    "1,4,7": 0.004146415274590254,
    "1,4,8": 0.0008510227780789137,
    "1,5,6": 0.015168771147727966,
    "1,5,7": 0.023079177364706993,
    "1,5,8": 0.004954096395522356,
    "1,6,7": 0.0006862381123937666,
    "1,6,8": 0.0018026466714218259,
    "1,7,8": 0.0010195864597335458,
    "2,3,4": 0.0017314146971330047,
    "2,3,5": 0.01642708294093609,
    "2,3,6": 0.0050794947892427444,
    "2,3,7": 0.06659373641014099,
    "2,3,8": 0.00521049601957202,
    "2,4,5": 0.0006805493030697107,
    "2,4,6": 1.4075347962716478e-06,
    "2,4,7": 2.8868830668216106e-06,
    "2,4,8": 3.1785310738996486e-07,
    "2,5,6": 0.0008820180082693696,
    "2,5,7": 0.000712323933839798,
    "2,5,8": 0.00010819313320098445,
    "2,6,7": 7.42954898669268e-06,
    "2,6,8": 1.240746428265993e-06,
    "2,7,8": 4.050044708492351e-07,
    "3,4,5": 0.04295600950717926,
    "3,4,6": 0.021116141229867935,
    "3,4,7": 0.014441410079598427,
    "3,4,8": 0.003725942689925432,
    "3,5,6": 0.045256610959768295,
    "3,5,7": 0.06362724304199219,
    "3,5,8": 0.015640711411833763,
    "3,6,7": 0.10140669345855713,
    "3,6,8": 0.008027886971831322,
    "3,7,8": 0.07065857946872711,
    "4,5,6": 0.001930809230543673,
    "4,5,7": 0.0026232826057821512,
    "4,5,8": 0.0016061965143308043,
    "4,6,7": 0.0005179594736546278,
    "4,6,8": 0.000386279629310593,
    "4,7,8": 0.0001370567042613402,
    "5,6,7": 0.001994198653846979,
    "5,6,8": 0.003391603007912636,
    "5,7,8": 0.0017697594594210386,
    "6,7,8": 0.00036435300717130303,
    "0,1,2,3": 0.04527426138520241,
    "0,1,2,4": 0.0003922530449926853,
    "0,1,2,5": 0.009456572122871876,
    "0,1,2,6": 0.002067348686978221,
    "0,1,2,7": 0.0028998050838708878,
    "0,1,2,8": 0.0017099517863243818,
    "0,1,3,4": 0.15744701027870178,
    "0,1,3,5": 0.31142789125442505,
    "0,1,3,6": 0.04162490740418434,
    "0,1,3,7": 0.4058133363723755,
    "0,1,3,8": 0.14663827419281006,
    "0,1,4,5": 0.007169031072407961,
    "0,1,4,6": 0.005581812467426062,
    "0,1,4,7": 0.005451984703540802,
    "0,1,4,8": 0.0010163411498069763,
    "0,1,5,6": 0.04776698350906372,
    "0,1,5,7": 0.03601989895105362,
    "0,1,5,8": 0.014690966345369816,
    "0,1,6,7": 0.0009531916584819555,
    "0,1,6,8": 0.0019858875311911106,
    "0,1,7,8": 0.0008879131637513638,
    "0,2,3,4": 0.009628901258111,
    "0,2,3,5": 0.028063630685210228,
    "0,2,3,6": 0.01908741518855095,
    "0,2,3,7": 0.12213023751974106,
    "0,2,3,8": 0.015704821795225143,
    "0,2,4,5": 0.0007913605659268796,
    "0,2,4,6": 0.00013366263010539114,
    "0,2,4,7": 6.917455903021619e-05,
    "0,2,4,8": 1.7571275748196058e-05,
    "0,2,5,6": 0.0009572054841555655,
    "0,2,5,7": 0.0009600248886272311,
    "0,2,5,8": 0.0001678247208474204,
    "0,2,6,7": 3.5618031688500196e-05,
    "0,2,6,8": 1.3494942322722636e-05,
    "0,2,7,8": 1.6836089571370394e-06,
    "0,3,4,5": 0.08056547492742538,
    "0,3,4,6": 0.059236716479063034,
    "0,3,4,7": 0.03656056895852089,
    "0,3,4,8": 0.013516340404748917,
    "0,3,5,6": 0.07438348978757858,
    "0,3,5,7": 0.1422671377658844,
    "0,3,5,8": 0.05951721966266632,
    "0,3,6,7": 0.1470738798379898,
    "0,3,6,8": 0.04048856347799301,
    "0,3,7,8": 0.2080554962158203,
    "0,4,5,6": 0.0006364799337461591,
    "0,4,5,7": 0.0012229529675096273,
    "0,4,5,8": 0.0007544865366071463,
    "0,4,6,7": 0.0002721460768952966,
    "0,4,6,8": 0.0005431661265902221,
    "0,4,7,8": 0.0002406889689154923,
    "0,5,6,7": 0.000828696705866605,
    "0,5,6,8": 0.0016558377537876368,
    "0,5,7,8": 0.001068026409484446,
    "0,6,7,8": 0.00014986496535129845,
    "1,2,3,4": 0.10301179438829422,
    "1,2,3,5": 0.572076678276062,
    "1,2,3,6": 0.07356691360473633,
    "1,2,3,7": 0.3587278723716736,
    "1,2,3,8": 0.10270582139492035,
    "1,2,4,5": 0.006753719877451658,
    "1,2,4,6": 0.003002165351063013,
    "1,2,4,7": 0.0017907802248373628,
    "1,2,4,8": 0.0005476773367263377,
    "1,2,5,6": 0.11520368605852127,
    "1,2,5,7": 0.11942148208618164,
    "1,2,5,8": 0.022319026291370392,
    "1,2,6,7": 0.002726830542087555,
    "1,2,6,8": 0.0009666288970038295,
    "1,2,7,8": 0.0023251536767929792,
    "1,3,4,5": 0.44058823585510254,
    "1,3,4,6": 0.12896275520324707,
    "1,3,4,7": 0.33410221338272095,
    "1,3,4,8": 0.22714558243751526,
    "1,3,5,6": 0.1413240283727646,
    "1,3,5,7": 0.29125359654426575,
    "1,3,5,8": 0.06621488183736801,
    "1,3,6,7": 0.16110694408416748,
    "1,3,6,8": 0.04284748435020447,
    "1,3,7,8": 0.13521239161491394,
    "1,4,5,6": 0.006301915273070335,
    "1,4,5,7": 0.007431839592754841,