{
  "object_name": "Game",
  "data_type": "game",
  "version": "1.4.2.dev29+g3d3c3a7e6.d20260421",
  "created_from": null,
  "description": null,
  "parameters": {},
  "timestamp": "2026-04-21T12:26:05.335140+00:00Z",
  "metadata": {
    "n_players": 9,
    "game_name": "Game_object",
    "normalization_value": 0.0008935724617913365,
    "precompute_flag": false,
    "precomputed": true,
    "player_names": null
  },
  "data": {
    "Empty": 0.0008935724617913365,
    "0": 0.6475004553794861,
    "1": 0.012959602288901806,
    "2": 0.002382939215749502,
    "3": 0.6931276917457581,
    "4": 0.0018530009547248483,
    "5": 0.003036349546164274,
    "6": 0.0026382594369351864,
    "7": 0.003562945406883955,
    "8": 0.0013772441307082772,
    "0,1": 0.809357225894928,
    "0,2": 0.9239851236343384,
    "0,3": 0.9755270481109619,
    "0,4": 0.45506685972213745,
    "0,5": 0.6823136210441589,
    "0,6": 0.8352041840553284,
    "0,7": 0.16224335134029388,
    "0,8": 0.8400933146476746,
    "1,2": 0.4454532563686371,
    "1,3": 0.9643911719322205,
    "1,4": 0.005097184330224991,
    "1,5": 0.049207188189029694,
    "1,6": 0.2375604659318924,
    "1,7": 0.13426856696605682,
    "1,8": 0.07575753331184387,
    "2,3": 0.8978269100189209,
    "2,4": 0.0182980764657259,
    "2,5": 0.043085429817438126,
    "2,6": 0.006121410056948662,
    "2,7": 0.02668979950249195,
    "2,8": 0.013389160856604576,
    "3,4": 0.9477810263633728,
    "3,5": 0.8531315326690674,
    "3,6": 0.8186074495315552,
    "3,7": 0.1968788206577301,
    "3,8": 0.9144462943077087,
    "4,5": 0.06302336603403091,
    "4,6": 0.004927808418869972,
    "4,7": 0.0007403760100714862,
    "4,8": 0.0010584811680018902,
    "5,6": 0.009143075905740261,
    "5,7": 0.04685758054256439,
    "5,8": 0.006702211685478687,
    "6,7": 0.008960459381341934,
    "6,8": 0.0004982557147741318,
    "7,8": 0.009459572844207287,
    "0,1,2": 0.8514847159385681,
    "0,1,3": 0.9590869545936584,
    "0,1,4": 0.12301544845104218,
    "0,1,5": 0.3925972282886505,
    "0,1,6": 0.8835632801055908,
    "0,1,7": 0.760615885257721,
    "0,1,8": 0.7992552518844604,
    "0,2,3": 0.9816864728927612,
    "0,2,4": 0.7073768973350525,
    "0,2,5": 0.9506680369377136,
    "0,2,6": 0.9048967361450195,
    "0,2,7": 0.7223309278488159,
    "0,2,8": 0.9336933493614197,
    "0,3,4": 0.9072223901748657,
    "0,3,5": 0.9541490077972412,
    "0,3,6": 0.9751914143562317,
    "0,3,7": 0.9491105079650879,
    "0,3,8": 0.980709433555603,
    "0,4,5": 0.8056818246841431,
    "0,4,6": 0.6910160183906555,
    "0,4,7": 0.4418337941169739,
    "0,4,8": 0.42579808831214905,
    "0,5,6": 0.7096452713012695,
    "0,5,7": 0.8483977913856506,
    "0,5,8": 0.6785885095596313,
    "0,6,7": 0.9628128409385681,
    "0,6,8": 0.8780966401100159,
    "0,7,8": 0.6380899548530579,
    "1,2,3": 0.9738083481788635,
    "1,2,4": 0.0004084318352397531,
    "1,2,5": 0.5838454365730286,
    "1,2,6": 0.5454517602920532,
    "1,2,7": 0.24936352670192719,
    "1,2,8": 0.6358933448791504,
    "1,3,4": 0.9551146626472473,
    "1,3,5": 0.9307935237884521,
    "1,3,6": 0.9689937829971313,
    "1,3,7": 0.9141305088996887,
    "1,3,8": 0.978814423084259,
    "1,4,5": 0.27127888798713684,
    "1,4,6": 0.00273409066721797,
    "1,4,7": 0.002412540838122368,
    "1,4,8": 0.08185412734746933,
    "1,5,6": 0.1303635984659195,
    "1,5,7": 0.1774277687072754,
    "1,5,8": 0.12654997408390045,
    "1,6,7": 0.46537190675735474,
    "1,6,8": 0.2436615377664566,
    "1,7,8": 0.26690393686294556,
    "2,3,4": 0.9802287220954895,
    "2,3,5": 0.9585582613945007,
    "2,3,6": 0.9241052865982056,
    "2,3,7": 0.6505969166755676,
    "2,3,8": 0.9600316882133484,
    "2,4,5": 0.2081768959760666,
    "2,4,6": 0.0202878899872303,
    "2,4,7": 0.01724781095981598,
    "2,4,8": 0.07864835858345032,
    "2,5,6": 0.22456906735897064,
    "2,5,7": 0.27644121646881104,
    "2,5,8": 0.6974418759346008,
    "2,6,7": 0.035119786858558655,
    "2,6,8": 0.008994940668344498,
    "2,7,8": 0.13557423651218414,
    "3,4,5": 0.9801090359687805,
    "3,4,6": 0.9536653161048889,
    "3,4,7": 0.6035800576210022,
    "3,4,8": 0.9724516272544861,
    "3,5,6": 0.9147328734397888,
    "3,5,7": 0.6589916944503784,
    "3,5,8": 0.9554234147071838,
    "3,6,7": 0.39360660314559937,
    "3,6,8": 0.8901697397232056,
    "3,7,8": 0.31160402297973633,
    "4,5,6": 0.10384302586317062,
    "4,5,7": 0.0033498862758278847,
    "4,5,8": 0.14474771916866302,
    "4,6,7": 0.0006684690015390515,
    "4,6,8": 0.0033893748186528683,
    "4,7,8": 0.007579616270959377,
    "5,6,7": 0.1761145293712616,
    "5,6,8": 0.02370809018611908,
    "5,7,8": 0.21050459146499634,
    "6,7,8": 0.056537628173828125,
    "0,1,2,3": 0.9759027361869812,
    "0,1,2,4": 0.22078822553157806,
    "0,1,2,5": 0.9242164492607117,
    "0,1,2,6": 0.9171721935272217,
    "0,1,2,7": 0.8824332356452942,
    "0,1,2,8": 0.9102321267127991,
    "0,1,3,4": 0.923852264881134,
    "0,1,3,5": 0.9275144934654236,
    "0,1,3,6": 0.9539214968681335,
    "0,1,3,7": 0.9352927803993225,
    "0,1,3,8": 0.9679444432258606,
    "0,1,4,5": 0.8918951153755188,
    "0,1,4,6": 0.5238087177276611,
    "0,1,4,7": 0.14237986505031586,
    "0,1,4,8": 0.5330872535705566,
    "0,1,5,6": 0.6697282791137695,
    "0,1,5,7": 0.7484428882598877,
    "0,1,5,8": 0.7206552028656006,
    "0,1,6,7": 0.9191128611564636,
    "0,1,6,8": 0.9290829300880432,
    "0,1,7,8": 0.8749737739562988,
    "0,2,3,4": 0.9767917990684509,
    "0,2,3,5": 0.9805127382278442,
    "0,2,3,6": 0.9822972416877747,
    "0,2,3,7": 0.9773674607276917,
    "0,2,3,8": 0.9839439392089844,
    "0,2,4,5": 0.9313716292381287,
    "0,2,4,6": 0.9276500940322876,
    "0,2,4,7": 0.7928810119628906,
    "0,2,4,8": 0.9468444585800171,
    "0,2,5,6": 0.9654715657234192,
    "0,2,5,7": 0.9583430886268616,
    "0,2,5,8": 0.9759414196014404,
    "0,2,6,7": 0.9522516131401062,
    "0,2,6,8": 0.9313076138496399,
    "0,2,7,8": 0.9551582932472229,
    "0,3,4,5": 0.9709038138389587,
    "0,3,4,6": 0.9177407026290894,
    "0,3,4,7": 0.9000118374824524,
    "0,3,4,8": 0.9352524876594543,
    "0,3,5,6": 0.9516225457191467,
    "0,3,5,7": 0.9754227995872498,
    "0,3,5,8": 0.9685148000717163,
    "0,3,6,7": 0.9759008884429932,
    "0,3,6,8": 0.9782720804214478,
    "0,3,7,8": 0.9705721139907837,
    "0,4,5,6": 0.946381688117981,
    "0,4,5,7": 0.89784175157547,
    "0,4,5,8": 0.9126445651054382,
    "0,4,6,7": 0.8627896904945374,
    "0,4,6,8": 0.7338078618049622,
    "0,4,7,8": 0.6749250292778015,
    "0,5,6,7": 0.9688541889190674,
    "0,5,6,8": 0.9190096259117126,
    "0,5,7,8": 0.9577832818031311,
    "0,6,7,8": 0.9654452800750732,
    "1,2,3,4": 0.9794508814811707,
    "1,2,3,5": 0.9579941630363464,
    "1,2,3,6": 0.9781800508499146,
    "1,2,3,7": 0.9331746101379395,
    "1,2,3,8": 0.9780726432800293,
    "1,2,4,5": 0.6154110431671143,
    "1,2,4,6": 0.0004426536906976253,
    "1,2,4,7": 0.0034508726093918085,
    "1,2,4,8": 0.021199138835072517,
    "1,2,5,6": 0.6119564771652222,
    "1,2,5,7": 0.6118630170822144,
    "1,2,5,8": 0.6967636346817017,
    "1,2,6,7": 0.3429374396800995,
    "1,2,6,8": 0.5810363292694092,
    "1,2,7,8": 0.5435963869094849,
    "1,3,4,5": 0.9721459150314331,
    "1,3,4,6": 0.977049708366394,
    "1,3,4,7": 0.8716555237770081,
    "1,3,4,8": 0.9690222144126892,
    "1,3,5,6": 0.9649398326873779,
    "1,3,5,7": 0.9391383528709412,
    "1,3,5,8": 0.9644132256507874,
    "1,3,6,7": 0.9509447813034058,
    "1,3,6,8": 0.9846537709236145,
    "1,3,7,8": 0.9136496782302856,
    "1,4,5,6": 0.7225104570388794,
    "1,4,5,7": 0.12766069173812866,
    "1,4,5,8": 0.5500831604003906,
    "1,4,6,7": 0.00843978300690651,
    "1,4,6,8": 0.08218961209058762,
    "1,4,7,8": 0.014148988761007786,
    "1,5,6,7": 0.33660826086997986,
    "1,5,6,8": 0.22858227789402008,
    "1,5,7,8": 0.4075504243373871,
    "1,6,7,8": 0.40264376997947693,
    "2,3,4,5": 0.983911395072937,
    "2,3,4,6": 0.9787798523902893,