{
  "object_name": "Game",
  "data_type": "game",
  "version": "1.4.2.dev29+g3d3c3a7e6.d20260421",
  "created_from": null,
  "description": null,
  "parameters": {},
  "timestamp": "2026-04-21T12:26:05.345419+00:00Z",
  "metadata": {
    "n_players": 9,
    "game_name": "Game_object",
    "normalization_value": 0.0003874173853546381,
    "precompute_flag": false,
    "precomputed": true,
    "player_names": null
  },
  "data": {
    "Empty": 0.0003874173853546381,
    "0": 0.00025333702797070146,
    "1": 0.0001097834319807589,
    "2": 0.011339710094034672,
    "3": 0.0003612571454141289,
    "4": 0.0016848222585394979,
    "5": 0.03972726687788963,
    "6": 0.003578674513846636,
    "7": 0.00042617088183760643,
    "8": 0.007779745850712061,
    "0,1": 0.0001767259236657992,
    "0,2": 0.04261316359043121,
    "0,3": 0.0003797399695031345,
    "0,4": 0.000928201072383672,
    "0,5": 0.04261242225766182,
    "0,6": 0.002644018968567252,
    "0,7": 0.0003051917301490903,
    "0,8": 0.006609370466321707,
    "1,2": 0.45085158944129944,
    "1,3": 0.000590165494941175,
    "1,4": 0.005595070775598288,
    "1,5": 0.6981853246688843,
    "1,6": 0.025925980880856514,
    "1,7": 0.0023075086064636707,
    "1,8": 0.06722977757453918,
    "2,3": 0.0546296089887619,
    "2,4": 0.028941791504621506,
    "2,5": 0.20336797833442688,
    "2,6": 0.26543888449668884,
    "2,7": 0.011463210918009281,
    "2,8": 0.17028366029262543,
    "3,4": 0.0011549274204298854,
    "3,5": 0.01679655909538269,
    "3,6": 0.0028169655706733465,
    "3,7": 0.00029883586103096604,
    "3,8": 0.00486798258498311,
    "4,5": 0.01370001770555973,
    "4,6": 0.002111859153956175,
    "4,7": 0.0006045448826625943,
    "4,8": 0.004184617195278406,
    "5,6": 0.039542898535728455,
    "5,7": 0.00749569945037365,
    "5,8": 0.052205123007297516,
    "6,7": 0.0005219510057941079,
    "6,8": 0.004338226746767759,
    "7,8": 0.0007421646732836962,
    "0,1,2": 0.5493932366371155,
    "0,1,3": 0.0018999187741428614,
    "0,1,4": 0.004401462618261576,
    "0,1,5": 0.8166662454605103,
    "0,1,6": 0.06609433889389038,
    "0,1,7": 0.0034895678982138634,
    "0,1,8": 0.11361300945281982,
    "0,2,3": 0.3092362880706787,
    "0,2,4": 0.021361710503697395,
    "0,2,5": 0.20217250287532806,
    "0,2,6": 0.2835381031036377,
    "0,2,7": 0.009877030737698078,
    "0,2,8": 0.21278530359268188,
    "0,3,4": 0.0010073394514620304,
    "0,3,5": 0.01614375039935112,
    "0,3,6": 0.0032039708457887173,
    "0,3,7": 0.0002935031952802092,
    "0,3,8": 0.004080428276211023,
    "0,4,5": 0.010771000757813454,
    "0,4,6": 0.0012864500749856234,
    "0,4,7": 0.00031192245660349727,
    "0,4,8": 0.0027233685832470655,
    "0,5,6": 0.047485001385211945,
    "0,5,7": 0.006874874699860811,
    "0,5,8": 0.06058226153254509,
    "0,6,7": 0.0003917184949386865,
    "0,6,8": 0.002557032974436879,
    "0,7,8": 0.00044776740833185613,
    "1,2,3": 0.7331722974777222,
    "1,2,4": 0.40863192081451416,
    "1,2,5": 0.5916929244995117,
    "1,2,6": 0.6459254026412964,
    "1,2,7": 0.629525899887085,
    "1,2,8": 0.7969165444374084,
    "1,3,4": 0.015442153438925743,
    "1,3,5": 0.791430652141571,
    "1,3,6": 0.1363385021686554,
    "1,3,7": 0.003575395792722702,
    "1,3,8": 0.22716070711612701,
    "1,4,5": 0.3028618395328522,
    "1,4,6": 0.03843991830945015,
    "1,4,7": 0.002047421643510461,
    "1,4,8": 0.036678168922662735,
    "1,5,6": 0.7272568345069885,
    "1,5,7": 0.2772045433521271,
    "1,5,8": 0.644864559173584,
    "1,6,7": 0.003891277126967907,
    "1,6,8": 0.1593252718448639,
    "1,7,8": 0.007673282641917467,
    "2,3,4": 0.028002213686704636,
    "2,3,5": 0.2131502628326416,
    "2,3,6": 0.3141684830188751,
    "2,3,7": 0.005250107031315565,
    "2,3,8": 0.23349931836128235,
    "2,4,5": 0.031667228788137436,
    "2,4,6": 0.039668601006269455,
    "2,4,7": 0.005791984964162111,
    "2,4,8": 0.060784779489040375,
    "2,5,6": 0.10573416948318481,
    "2,5,7": 0.04397919774055481,
    "2,5,8": 0.09435530751943588,
    "2,6,7": 0.023918142542243004,
    "2,6,8": 0.15949967503547668,
    "2,7,8": 0.05812058225274086,
    "3,4,5": 0.010745962150394917,
    "3,4,6": 0.0026708932127803564,
    "3,4,7": 0.0006427387124858797,
    "3,4,8": 0.0025470806285738945,
    "3,5,6": 0.03606240823864937,
    "3,5,7": 0.0038256964180618525,
    "3,5,8": 0.03805709257721901,
    "3,6,7": 0.0006026182672940195,
    "3,6,8": 0.0029824180528521538,
    "3,7,8": 0.0006409603520296514,
    "4,5,6": 0.011377785354852676,
    "4,5,7": 0.0034558437764644623,
    "4,5,8": 0.02563978172838688,
    "4,6,7": 0.0010954036843031645,
    "4,6,8": 0.0022729227785021067,
    "4,7,8": 0.0008047180017456412,
    "5,6,7": 0.006239850539714098,
    "5,6,8": 0.030901484191417694,
    "5,7,8": 0.01354109775274992,
    "6,7,8": 0.001075522042810917,
    "0,1,2,3": 0.7350327372550964,
    "0,1,2,4": 0.4220893085002899,
    "0,1,2,5": 0.5010412931442261,
    "0,1,2,6": 0.6860458850860596,
    "0,1,2,7": 0.6084572672843933,
    "0,1,2,8": 0.7749007940292358,
    "0,1,3,4": 0.024330614134669304,
    "0,1,3,5": 0.8570554256439209,
    "0,1,3,6": 0.3598300516605377,
    "0,1,3,7": 0.004418813623487949,
    "0,1,3,8": 0.25260552763938904,
    "0,1,4,5": 0.5045549869537354,
    "0,1,4,6": 0.027905063703656197,
    "0,1,4,7": 0.00170323031488806,
    "0,1,4,8": 0.04701506718993187,
    "0,1,5,6": 0.7856174111366272,
    "0,1,5,7": 0.3084392249584198,
    "0,1,5,8": 0.753341555595398,
    "0,1,6,7": 0.001714312587864697,
    "0,1,6,8": 0.23455946147441864,
    "0,1,7,8": 0.007440599147230387,
    "0,2,3,4": 0.033990997821092606,
    "0,2,3,5": 0.213632732629776,
    "0,2,3,6": 0.34438905119895935,
    "0,2,3,7": 0.01646970398724079,
    "0,2,3,8": 0.28669604659080505,
    "0,2,4,5": 0.031106024980545044,
    "0,2,4,6": 0.031434644013643265,
    "0,2,4,7": 0.004521913360804319,
    "0,2,4,8": 0.04905179142951965,
    "0,2,5,6": 0.1287500560283661,
    "0,2,5,7": 0.062148939818143845,
    "0,2,5,8": 0.1379702240228653,
    "0,2,6,7": 0.03364097326993942,
    "0,2,6,8": 0.22594095766544342,
    "0,2,7,8": 0.09169577062129974,
    "0,3,4,5": 0.009285792708396912,
    "0,3,4,6": 0.0025777616538107395,
    "0,3,4,7": 0.00048373042955063283,
    "0,3,4,8": 0.0021196918096393347,
    "0,3,5,6": 0.04240649566054344,
    "0,3,5,7": 0.003919160459190607,
    "0,3,5,8": 0.04419044405221939,
    "0,3,6,7": 0.00068114377791062,
    "0,3,6,8": 0.003439734224230051,
    "0,3,7,8": 0.00060538190882653,
    "0,4,5,6": 0.009183474816381931,
    "0,4,5,7": 0.002595150377601385,
    "0,4,5,8": 0.0223067793995142,
    "0,4,6,7": 0.0006491327658295631,
    "0,4,6,8": 0.0013346283230930567,
    "0,4,7,8": 0.0003452258533798158,
    "0,5,6,7": 0.007343865465372801,
    "0,5,6,8": 0.03716815635561943,
    "0,5,7,8": 0.014562396332621574,
    "0,6,7,8": 0.0008863994153216481,
    "1,2,3,4": 0.45990416407585144,
    "1,2,3,5": 0.7047842144966125,
    "1,2,3,6": 0.8014693856239319,
    "1,2,3,7": 0.7616302967071533,
    "1,2,3,8": 0.8856914043426514,
    "1,2,4,5": 0.3783753216266632,
    "1,2,4,6": 0.47747042775154114,
    "1,2,4,7": 0.3397645652294159,
    "1,2,4,8": 0.4808676838874817,
    "1,2,5,6": 0.5946429371833801,
    "1,2,5,7": 0.5480506420135498,
    "1,2,5,8": 0.7038084864616394,
    "1,2,6,7": 0.662895143032074,
    "1,2,6,8": 0.8119558095932007,
    "1,2,7,8": 0.6950873732566833,
    "1,3,4,5": 0.34201276302337646,
    "1,3,4,6": 0.04844759404659271,
    "1,3,4,7": 0.0019009473035112023,
    "1,3,4,8": 0.04719409719109535,
    "1,3,5,6": 0.8056523203849792,
    "1,3,5,7": 0.3565247058868408,
    "1,3,5,8": 0.7599753141403198,
    "1,3,6,7": 0.005397531669586897,
    "1,3,6,8": 0.36097094416618347,
    "1,3,7,8": 0.010960587300360203,
    "1,4,5,6": 0.48700419068336487,
    "1,4,5,7": 0.139728844165802,
    "1,4,5,8": 0.49165403842926025,
    "1,4,6,7": 0.002106861677020788,
    "1,4,6,8": 0.04367269575595856,
    "1,4,7,8": 0.004014909267425537,