{
  "object_name": "Game",
  "data_type": "game",
  "version": "1.4.2.dev29+g3d3c3a7e6.d20260421",
  "created_from": null,
  "description": null,
  "parameters": {},
  "timestamp": "2026-04-21T12:26:05.368868+00:00Z",
  "metadata": {
    "n_players": 9,
    "game_name": "Game_object",
    "normalization_value": 0.0016095254104584455,
    "precompute_flag": false,
    "precomputed": true,
    "player_names": null
  },
  "data": {
    "Empty": 0.0016095254104584455,
    "0": 0.0010161864338442683,
    "1": 0.12327256053686142,
    "2": 0.0006222286028787494,
    "3": 0.0008315491722896695,
    "4": 0.8688546419143677,
    "5": 0.0008458690717816353,
    "6": 0.00028411770472303033,
    "7": 0.040405843406915665,
    "8": 0.00041720608714967966,
    "0,1": 0.13926087319850922,
    "0,2": 0.0006529863458126783,
    "0,3": 0.0009598838514648378,
    "0,4": 0.8780166506767273,
    "0,5": 0.0007826422806829214,
    "0,6": 0.0004102389793843031,
    "0,7": 0.0363582968711853,
    "0,8": 0.0005166312330402434,
    "1,2": 0.09117958694696426,
    "1,3": 0.15474773943424225,
    "1,4": 0.8529097437858582,
    "1,5": 0.040737397968769073,
    "1,6": 0.038564763963222504,
    "1,7": 0.7565958499908447,
    "1,8": 0.0192014891654253,
    "2,3": 0.0005373487947508693,
    "2,4": 0.8574634790420532,
    "2,5": 0.00019744686142075807,
    "2,6": 0.00023724761558696628,
    "2,7": 0.028223196044564247,
    "2,8": 0.0002636139979586005,
    "3,4": 0.9463360905647278,
    "3,5": 0.0008517852984368801,
    "3,6": 0.0001643624564167112,
    "3,7": 0.024189418181777,
    "3,8": 0.00023576206876896322,
    "4,5": 0.8394680619239807,
    "4,6": 0.48400622606277466,
    "4,7": 0.9635204076766968,
    "4,8": 0.5168455243110657,
    "5,6": 0.00012791673361789435,
    "5,7": 0.015088848769664764,
    "5,8": 0.00021059341088403016,
    "6,7": 0.011326522566378117,
    "6,8": 0.00016029165999498218,
    "7,8": 0.016559496521949768,
    "0,1,2": 0.08336802572011948,
    "0,1,3": 0.11243023723363876,
    "0,1,4": 0.9478906989097595,
    "0,1,5": 0.07597975432872772,
    "0,1,6": 0.06307987123727798,
    "0,1,7": 0.8154119849205017,
    "0,1,8": 0.046128857880830765,
    "0,2,3": 0.00048036532825790346,
    "0,2,4": 0.9070050716400146,
    "0,2,5": 0.00020912841137032956,
    "0,2,6": 0.0003069386584684253,
    "0,2,7": 0.030310576781630516,
    "0,2,8": 0.0004707633052021265,
    "0,3,4": 0.9444428086280823,
    "0,3,5": 0.0005278385942801833,
    "0,3,6": 0.00024081749143078923,
    "0,3,7": 0.01680986024439335,
    "0,3,8": 0.000613330805208534,
    "0,4,5": 0.8478764295578003,
    "0,4,6": 0.5337397456169128,
    "0,4,7": 0.9624376893043518,
    "0,4,8": 0.8310895562171936,
    "0,5,6": 0.0003189676208421588,
    "0,5,7": 0.020486431196331978,
    "0,5,8": 0.00032354448921978474,
    "0,6,7": 0.023519475013017654,
    "0,6,8": 0.0002481746778357774,
    "0,7,8": 0.07255028188228607,
    "1,2,3": 0.19126123189926147,
    "1,2,4": 0.8696523308753967,
    "1,2,5": 0.046877022832632065,
    "1,2,6": 0.06908729672431946,
    "1,2,7": 0.8225120306015015,
    "1,2,8": 0.07734651863574982,
    "1,3,4": 0.9665565490722656,
    "1,3,5": 0.1296958476305008,
    "1,3,6": 0.05159676447510719,
    "1,3,7": 0.8636404871940613,
    "1,3,8": 0.028049828484654427,
    "1,4,5": 0.8934983015060425,
    "1,4,6": 0.8595151305198669,
    "1,4,7": 0.9664093255996704,
    "1,4,8": 0.8441497087478638,
    "1,5,6": 0.04175138100981712,
    "1,5,7": 0.6919803619384766,
    "1,5,8": 0.04332559555768967,
    "1,6,7": 0.7825434803962708,
    "1,6,8": 0.02380681410431862,
    "1,7,8": 0.808696985244751,
    "2,3,4": 0.9412716031074524,
    "2,3,5": 0.0005060640396550298,
    "2,3,6": 0.0001490044960519299,
    "2,3,7": 0.16838295757770538,
    "2,3,8": 0.0002867580624297261,
    "2,4,5": 0.8218411803245544,
    "2,4,6": 0.8267722129821777,
    "2,4,7": 0.905727207660675,
    "2,4,8": 0.7692652344703674,
    "2,5,6": 0.00011991046631010249,
    "2,5,7": 0.006746228784322739,
    "2,5,8": 6.813833897467703e-05,
    "2,6,7": 0.019073614850640297,
    "2,6,8": 9.035656694322824e-05,
    "2,7,8": 0.028926867991685867,
    "3,4,5": 0.9164257049560547,
    "3,4,6": 0.7655340433120728,
    "3,4,7": 0.9692586660385132,
    "3,4,8": 0.8216546177864075,
    "3,5,6": 8.503066055709496e-05,
    "3,5,7": 0.06500152498483658,
    "3,5,8": 0.00016002083430066705,
    "3,6,7": 0.004796602297574282,
    "3,6,8": 6.591277633560821e-05,
    "3,7,8": 0.11620699614286423,
    "4,5,6": 0.33904966711997986,
    "4,5,7": 0.9606690406799316,
    "4,5,8": 0.7380056977272034,
    "4,6,7": 0.9689617156982422,
    "4,6,8": 0.504806637763977,
    "4,7,8": 0.9358590245246887,
    "5,6,7": 0.005006419960409403,
    "5,6,8": 6.312818732112646e-05,
    "5,7,8": 0.01566636562347412,
    "6,7,8": 0.006650796625763178,
    "0,1,2,3": 0.0873946025967598,
    "0,1,2,4": 0.9591855406761169,
    "0,1,2,5": 0.023955687880516052,
    "0,1,2,6": 0.043154604732990265,
    "0,1,2,7": 0.6962405443191528,
    "0,1,2,8": 0.07444143295288086,
    "0,1,3,4": 0.9645125865936279,
    "0,1,3,5": 0.09941115230321884,
    "0,1,3,6": 0.07329385727643967,
    "0,1,3,7": 0.9216794371604919,
    "0,1,3,8": 0.05524858087301254,
    "0,1,4,5": 0.9528700709342957,
    "0,1,4,6": 0.9207658767700195,
    "0,1,4,7": 0.9867610931396484,
    "0,1,4,8": 0.8998063802719116,
    "0,1,5,6": 0.04235169664025307,
    "0,1,5,7": 0.7467990517616272,
    "0,1,5,8": 0.07686889171600342,
    "0,1,6,7": 0.8166661858558655,
    "0,1,6,8": 0.030465470626950264,
    "0,1,7,8": 0.840881884098053,
    "0,2,3,4": 0.9306644201278687,
    "0,2,3,5": 0.0002646762877702713,
    "0,2,3,6": 0.00028565406682901084,
    "0,2,3,7": 0.09692863374948502,
    "0,2,3,8": 0.00036244309740141034,
    "0,2,4,5": 0.8403565287590027,
    "0,2,4,6": 0.6589080095291138,
    "0,2,4,7": 0.9557016491889954,
    "0,2,4,8": 0.8128641247749329,
    "0,2,5,6": 0.00015116040594875813,
    "0,2,5,7": 0.006097492296248674,
    "0,2,5,8": 9.964677155949175e-05,
    "0,2,6,7": 0.01227104663848877,
    "0,2,6,8": 0.00018965754134114832,
    "0,2,7,8": 0.05386359617114067,
    "0,3,4,5": 0.9114447832107544,
    "0,3,4,6": 0.6608911156654358,
    "0,3,4,7": 0.9691079258918762,
    "0,3,4,8": 0.8746570944786072,
    "0,3,5,6": 0.00018246981198899448,
    "0,3,5,7": 0.037975046783685684,
    "0,3,5,8": 0.00038636871613562107,
    "0,3,6,7": 0.017318928614258766,
    "0,3,6,8": 0.000218428423977457,
    "0,3,7,8": 0.07808086276054382,
    "0,4,5,6": 0.4259604215621948,
    "0,4,5,7": 0.9459825158119202,
    "0,4,5,8": 0.8030869960784912,
    "0,4,6,7": 0.9471221566200256,
    "0,4,6,8": 0.5788744688034058,
    "0,4,7,8": 0.9421577453613281,
    "0,5,6,7": 0.004986764397472143,
    "0,5,6,8": 0.0001323898322880268,
    "0,5,7,8": 0.056229494512081146,
    "0,6,7,8": 0.029323909431695938,
    "1,2,3,4": 0.962973415851593,
    "1,2,3,5": 0.23545478284358978,
    "1,2,3,6": 0.11322713643312454,
    "1,2,3,7": 0.9378948211669922,
    "1,2,3,8": 0.14727190136909485,
    "1,2,4,5": 0.9196171760559082,
    "1,2,4,6": 0.9173376560211182,
    "1,2,4,7": 0.9834753274917603,
    "1,2,4,8": 0.8916195034980774,
    "1,2,5,6": 0.09539346396923065,
    "1,2,5,7": 0.8099371194839478,
    "1,2,5,8": 0.08329806476831436,
    "1,2,6,7": 0.8755003213882446,
    "1,2,6,8": 0.04171336442232132,
    "1,2,7,8": 0.8852826356887817,
    "1,3,4,5": 0.9622440934181213,
    "1,3,4,6": 0.9391982555389404,
    "1,3,4,7": 0.9784229397773743,
    "1,3,4,8": 0.9373880624771118,
    "1,3,5,6": 0.08685801923274994,
    "1,3,5,7": 0.9219217896461487,
    "1,3,5,8": 0.09106936305761337,
    "1,3,6,7": 0.8961492776870728,
    "1,3,6,8": 0.034006211906671524,
    "1,3,7,8": 0.8673788905143738,
    "1,4,5,6": 0.9085731506347656,
    "1,4,5,7": 0.9784271717071533,
    "1,4,5,8": 0.8861696124076843,
    "1,4,6,7": 0.9825650453567505,
    "1,4,6,8": 0.8755865097045898,
    "1,4,7,8": 0.9742634296417236,
    "1,5,6,7": 0.8368360996246338,
    "1,5,6,8": 0.03373448923230171,