{
  "object_name": "Game",
  "data_type": "game",
  "version": "1.4.2.dev29+g3d3c3a7e6.d20260421",
  "created_from": null,
  "description": null,
  "parameters": {},
  "timestamp": "2026-04-21T12:26:05.391373+00:00Z",
  "metadata": {
    "n_players": 9,
    "game_name": "Game_object",
    "normalization_value": 0.00015853306103963405,
    "precompute_flag": false,
    "precomputed": true,
    "player_names": null
  },
  "data": {
    "Empty": 0.00015853306103963405,
    "0": 0.04216928407549858,
    "1": 0.001870283973403275,
    "2": 0.008928615599870682,
    "3": 0.005024779122322798,
    "4": 0.0006413721712306142,
    "5": 0.000835670973174274,
    "6": 0.0011758878827095032,
    "7": 0.027324996888637543,
    "8": 0.0030316358897835016,
    "0,1": 0.005333694163709879,
    "0,2": 0.055073946714401245,
    "0,3": 0.018322044983506203,
    "0,4": 0.0010244419099763036,
    "0,5": 0.005980945657938719,
    "0,6": 0.00873549934476614,
    "0,7": 0.044539257884025574,
    "0,8": 0.011575907468795776,
    "1,2": 0.0041532134637236595,
    "1,3": 0.00898627657443285,
    "1,4": 0.12097609043121338,
    "1,5": 0.0037237321957945824,
    "1,6": 0.05139417573809624,
    "1,7": 0.054473135620355606,
    "1,8": 0.01538945734500885,
    "2,3": 0.009362946264445782,
    "2,4": 0.008480110205709934,
    "2,5": 0.002572212601080537,
    "2,6": 0.006462138146162033,
    "2,7": 0.07688350230455399,
    "2,8": 0.007088061422109604,
    "3,4": 0.0019956103060394526,
    "3,5": 0.011223524808883667,
    "3,6": 0.004113615024834871,
    "3,7": 0.030530015006661415,
    "3,8": 0.003707848722115159,
    "4,5": 0.015885375440120697,
    "4,6": 0.026353998109698296,
    "4,7": 0.016836531460285187,
    "4,8": 0.008191642351448536,
    "5,6": 0.0030870987102389336,
    "5,7": 0.022838516160845757,
    "5,8": 0.0033294844906777143,
    "6,7": 0.00328019168227911,
    "6,8": 0.00046950281830504537,
    "7,8": 0.007573417853564024,
    "0,1,2": 0.010880578309297562,
    "0,1,3": 0.011037887074053288,
    "0,1,4": 0.2799876928329468,
    "0,1,5": 0.007173782680183649,
    "0,1,6": 0.0683690756559372,
    "0,1,7": 0.10811633616685867,
    "0,1,8": 0.026387568563222885,
    "0,2,3": 0.02656734175980091,
    "0,2,4": 0.003438701620325446,
    "0,2,5": 0.024423470720648766,
    "0,2,6": 0.026538509875535965,
    "0,2,7": 0.14701978862285614,
    "0,2,8": 0.023679733276367188,
    "0,3,4": 0.006442740559577942,
    "0,3,5": 0.01074867881834507,
    "0,3,6": 0.01622217334806919,
    "0,3,7": 0.02909712679684162,
    "0,3,8": 0.018252838402986526,
    "0,4,5": 0.004972229711711407,
    "0,4,6": 0.06786563992500305,
    "0,4,7": 0.0361933633685112,
    "0,4,8": 0.014075623825192451,
    "0,5,6": 0.018132589757442474,
    "0,5,7": 0.02281830459833145,
    "0,5,8": 0.015379205346107483,
    "0,6,7": 0.010680360719561577,
    "0,6,8": 0.003382553346455097,
    "0,7,8": 0.0710533857345581,
    "1,2,3": 0.005266773514449596,
    "1,2,4": 0.10321508347988129,
    "1,2,5": 0.0023398767225444317,
    "1,2,6": 0.05152944475412369,
    "1,2,7": 0.10293015092611313,
    "1,2,8": 0.02523518167436123,
    "1,3,4": 0.03565257787704468,
    "1,3,5": 0.013767647556960583,
    "1,3,6": 0.043225232511758804,
    "1,3,7": 0.06241302192211151,
    "1,3,8": 0.005137977190315723,
    "1,4,5": 0.5572145581245422,
    "1,4,6": 0.07461432367563248,
    "1,4,7": 0.02924443408846855,
    "1,4,8": 0.043697819113731384,
    "1,5,6": 0.07427593320608139,
    "1,5,7": 0.046782076358795166,
    "1,5,8": 0.01077814120799303,
    "1,6,7": 0.042283233255147934,
    "1,6,8": 0.006670347414910793,
    "1,7,8": 0.13711147010326385,
    "2,3,4": 0.004874390084296465,
    "2,3,5": 0.006196322850883007,
    "2,3,6": 0.0253370963037014,
    "2,3,7": 0.03369024768471718,
    "2,3,8": 0.007892491295933723,
    "2,4,5": 0.0055264197289943695,
    "2,4,6": 0.1404649019241333,
    "2,4,7": 0.08021663129329681,
    "2,4,8": 0.009517787955701351,
    "2,5,6": 0.017960721626877785,
    "2,5,7": 0.06548524647951126,
    "2,5,8": 0.009356286376714706,
    "2,6,7": 0.015414814464747906,
    "2,6,8": 0.0028766372706741095,
    "2,7,8": 0.019882943481206894,
    "3,4,5": 0.012232240289449692,
    "3,4,6": 0.054260894656181335,
    "3,4,7": 0.018185054883360863,
    "3,4,8": 0.018308144062757492,
    "3,5,6": 0.011230162344872952,
    "3,5,7": 0.023967083543539047,
    "3,5,8": 0.006172733847051859,
    "3,6,7": 0.022597048431634903,
    "3,6,8": 0.005589528940618038,
    "3,7,8": 0.019476333633065224,
    "4,5,6": 0.14922206103801727,
    "4,5,7": 0.03940228000283241,
    "4,5,8": 0.010588056407868862,
    "4,6,7": 0.018649976700544357,
    "4,6,8": 0.028967944905161858,
    "4,7,8": 0.024034591391682625,
    "5,6,7": 0.006089354865252972,
    "5,6,8": 0.0016446817899122834,
    "5,7,8": 0.041643887758255005,
    "6,7,8": 0.0019105898682028055,
    "0,1,2,3": 0.01776147074997425,
    "0,1,2,4": 0.08437586575746536,
    "0,1,2,5": 0.003658151486888528,
    "0,1,2,6": 0.06825724989175797,
    "0,1,2,7": 0.15995529294013977,
    "0,1,2,8": 0.030102621763944626,
    "0,1,3,4": 0.05709996074438095,
    "0,1,3,5": 0.0324249267578125,
    "0,1,3,6": 0.1035768911242485,
    "0,1,3,7": 0.1577843278646469,
    "0,1,3,8": 0.021319041028618813,
    "0,1,4,5": 0.2596944570541382,
    "0,1,4,6": 0.0754421129822731,
    "0,1,4,7": 0.03477543219923973,
    "0,1,4,8": 0.03949355706572533,
    "0,1,5,6": 0.24351593852043152,
    "0,1,5,7": 0.13818728923797607,
    "0,1,5,8": 0.03811858594417572,
    "0,1,6,7": 0.0826878622174263,
    "0,1,6,8": 0.029727891087532043,
    "0,1,7,8": 0.21673932671546936,
    "0,2,3,4": 0.013392608612775803,
    "0,2,3,5": 0.017308592796325684,
    "0,2,3,6": 0.04549639672040939,
    "0,2,3,7": 0.0681866854429245,
    "0,2,3,8": 0.028172407299280167,
    "0,2,4,5": 0.005165606737136841,
    "0,2,4,6": 0.12865318357944489,
    "0,2,4,7": 0.07435248047113419,
    "0,2,4,8": 0.010484741069376469,
    "0,2,5,6": 0.04926178976893425,
    "0,2,5,7": 0.1204187348484993,
    "0,2,5,8": 0.03158431127667427,
    "0,2,6,7": 0.025787988677620888,
    "0,2,6,8": 0.00821930356323719,
    "0,2,7,8": 0.1372973620891571,
    "0,3,4,5": 0.020335398614406586,
    "0,3,4,6": 0.10390755534172058,
    "0,3,4,7": 0.08544932305812836,
    "0,3,4,8": 0.04998048394918442,
    "0,3,5,6": 0.031765419989824295,
    "0,3,5,7": 0.02561831846833229,
    "0,3,5,8": 0.01605694741010666,
    "0,3,6,7": 0.017586590722203255,
    "0,3,6,8": 0.008072315715253353,
    "0,3,7,8": 0.08719509094953537,
    "0,4,5,6": 0.207084521651268,
    "0,4,5,7": 0.08548971265554428,
    "0,4,5,8": 0.018194790929555893,
    "0,4,6,7": 0.021860061213374138,
    "0,4,6,8": 0.12365838885307312,
    "0,4,7,8": 0.058075714856386185,
    "0,5,6,7": 0.010977664962410927,
    "0,5,6,8": 0.008626313880085945,
    "0,5,7,8": 0.10548968613147736,
    "0,6,7,8": 0.006888415664434433,
    "1,2,3,4": 0.04698745161294937,
    "1,2,3,5": 0.006459680385887623,
    "1,2,3,6": 0.09440310299396515,
    "1,2,3,7": 0.10753345489501953,
    "1,2,3,8": 0.00889438297599554,
    "1,2,4,5": 0.19281502068042755,
    "1,2,4,6": 0.1640782207250595,
    "1,2,4,7": 0.05668948218226433,
    "1,2,4,8": 0.0536537729203701,
    "1,2,5,6": 0.10963525623083115,
    "1,2,5,7": 0.15106086432933807,
    "1,2,5,8": 0.021623549982905388,
    "1,2,6,7": 0.093333400785923,
    "1,2,6,8": 0.018774671480059624,
    "1,2,7,8": 0.14189361035823822,
    "1,3,4,5": 0.06178002431988716,
    "1,3,4,6": 0.22397099435329437,
    "1,3,4,7": 0.04351335018873215,
    "1,3,4,8": 0.05733594298362732,
    "1,3,5,6": 0.16285087168216705,
    "1,3,5,7": 0.07468120008707047,
    "1,3,5,8": 0.016929661855101585,
    "1,3,6,7": 0.1087404116988182,
    "1,3,6,8": 0.01973866857588291,
    "1,3,7,8": 0.20718960464000702,
    "1,4,5,6": 0.2876235544681549,
    "1,4,5,7": 0.15012171864509583,
    "1,4,5,8": 0.10602249205112457,
    "1,4,6,7": 0.020631149411201477,
    "1,4,6,8": 0.10992414504289627,
    "1,4,7,8": 0.04561116546392441,