{
  "object_name": "Game",
  "data_type": "game",
  "version": "1.4.2.dev29+g3d3c3a7e6.d20260421",
  "created_from": null,
  "description": null,
  "parameters": {},
  "timestamp": "2026-04-21T12:26:05.359662+00:00Z",
  "metadata": {
    "n_players": 9,
    "game_name": "Game_object",
    "normalization_value": 0.0003300102544017136,
    "precompute_flag": false,
    "precomputed": true,
    "player_names": null
  },
  "data": {
    "Empty": 0.0003300102544017136,
    "0": 0.0013554272009059787,
    "1": 0.0007303797174245119,
    "2": 1.8046457626041956e-05,
    "3": 0.5821285247802734,
    "4": 0.053251396864652634,
    "5": 0.001774971024133265,
    "6": 0.004800164606422186,
    "7": 0.003833131631836295,
    "8": 0.0006071759853512049,
    "0,1": 0.019759802147746086,
    "0,2": 0.0019778974819928408,
    "0,3": 0.9979503750801086,
    "0,4": 0.41222456097602844,
    "0,5": 0.0029377343598753214,
    "0,6": 0.9977758526802063,
    "0,7": 0.0016852160915732384,
    "0,8": 0.0015643471851944923,
    "1,2": 4.2144984035985544e-05,
    "1,3": 0.994540274143219,
    "1,4": 0.010092135518789291,
    "1,5": 0.0009611704153940082,
    "1,6": 0.90106600522995,
    "1,7": 0.0026073558256030083,
    "1,8": 0.0007310471846722066,
    "2,3": 0.011534202843904495,
    "2,4": 0.0020980245899409056,
    "2,5": 0.0004065822868142277,
    "2,6": 0.008876294828951359,
    "2,7": 0.0001461992651456967,
    "2,8": 7.817812002031133e-05,
    "3,4": 0.9985103011131287,
    "3,5": 0.9135596752166748,
    "3,6": 0.9980286955833435,
    "3,7": 0.5273771286010742,
    "3,8": 0.9952358603477478,
    "4,5": 0.02609463967382908,
    "4,6": 0.9972713589668274,
    "4,7": 0.13620556890964508,
    "4,8": 0.03514031320810318,
    "5,6": 0.2753044664859772,
    "5,7": 0.003937987145036459,
    "5,8": 0.0008823610260151327,
    "6,7": 0.1582806557416916,
    "6,8": 0.6775617003440857,
    "7,8": 0.003615855472162366,
    "0,1,2": 0.21763579547405243,
    "0,1,3": 0.9979773163795471,
    "0,1,4": 0.9858545660972595,
    "0,1,5": 0.1809803694486618,
    "0,1,6": 0.9984149932861328,
    "0,1,7": 0.030527031049132347,
    "0,1,8": 0.023544972762465477,
    "0,2,3": 0.998002827167511,
    "0,2,4": 0.8622096180915833,
    "0,2,5": 0.018534226343035698,
    "0,2,6": 0.9955323934555054,
    "0,2,7": 0.005021094810217619,
    "0,2,8": 0.0034748835023492575,
    "0,3,4": 0.998701810836792,
    "0,3,5": 0.9992283582687378,
    "0,3,6": 0.9983882904052734,
    "0,3,7": 0.9984399676322937,
    "0,3,8": 0.9993267059326172,
    "0,4,5": 0.02966914512217045,
    "0,4,6": 0.9985256791114807,
    "0,4,7": 0.6431712508201599,
    "0,4,8": 0.19016990065574646,
    "0,5,6": 0.9982748031616211,
    "0,5,7": 0.0024062604643404484,
    "0,5,8": 0.0024482491426169872,
    "0,6,7": 0.9943420886993408,
    "0,6,8": 0.9974552989006042,
    "0,7,8": 0.0017474330961704254,
    "1,2,3": 0.9585043787956238,
    "1,2,4": 0.006833514664322138,
    "1,2,5": 0.0004160566895734519,
    "1,2,6": 0.6894005537033081,
    "1,2,7": 0.00036910930066369474,
    "1,2,8": 0.00017006312555167824,
    "1,3,4": 0.9989109039306641,
    "1,3,5": 0.9962350726127625,
    "1,3,6": 0.9984890222549438,
    "1,3,7": 0.9941388368606567,
    "1,3,8": 0.9989357590675354,
    "1,4,5": 0.011863712221384048,
    "1,4,6": 0.9988456964492798,
    "1,4,7": 0.14365187287330627,
    "1,4,8": 0.026373323053121567,
    "1,5,6": 0.9871194362640381,
    "1,5,7": 0.002220733556896448,
    "1,5,8": 0.0010137694189324975,
    "1,6,7": 0.7654396295547485,
    "1,6,8": 0.9876722097396851,
    "1,7,8": 0.0017764032818377018,
    "2,3,4": 0.9975293278694153,
    "2,3,5": 0.10456454753875732,
    "2,3,6": 0.9983909130096436,
    "2,3,7": 0.788279116153717,
    "2,3,8": 0.14151716232299805,
    "2,4,5": 0.0019196849316358566,
    "2,4,6": 0.998174786567688,
    "2,4,7": 0.04548823833465576,
    "2,4,8": 0.0006628036499023438,
    "2,5,6": 0.874622106552124,
    "2,5,7": 0.0013259070692583919,
    "2,5,8": 0.00022569535940419883,
    "2,6,7": 0.3214385211467743,
    "2,6,8": 0.6519827842712402,
    "2,7,8": 0.0007511656731367111,
    "3,4,5": 0.99607914686203,
    "3,4,6": 0.9989476799964905,
    "3,4,7": 0.9915522933006287,
    "3,4,8": 0.9986546039581299,
    "3,5,6": 0.9988890290260315,
    "3,5,7": 0.978865385055542,
    "3,5,8": 0.9452503323554993,
    "3,6,7": 0.997982382774353,
    "3,6,8": 0.9989252686500549,
    "3,7,8": 0.9890052676200867,
    "4,5,6": 0.9985905289649963,
    "4,5,7": 0.026006117463111877,
    "4,5,8": 0.00361384148709476,
    "4,6,7": 0.997639536857605,
    "4,6,8": 0.9975951313972473,
    "4,7,8": 0.4088534712791443,
    "5,6,7": 0.7468200922012329,
    "5,6,8": 0.9152894616127014,
    "5,7,8": 0.0033952719531953335,
    "6,7,8": 0.9416171312332153,
    "0,1,2,3": 0.998036801815033,
    "0,1,2,4": 0.9823397994041443,
    "0,1,2,5": 0.936784029006958,
    "0,1,2,6": 0.9974713325500488,
    "0,1,2,7": 0.6345521211624146,
    "0,1,2,8": 0.628584086894989,
    "0,1,3,4": 0.9982931017875671,
    "0,1,3,5": 0.9988986253738403,
    "0,1,3,6": 0.9979982972145081,
    "0,1,3,7": 0.9984226226806641,
    "0,1,3,8": 0.998996913433075,
    "0,1,4,5": 0.9832243919372559,
    "0,1,4,6": 0.998675525188446,
    "0,1,4,7": 0.9934478402137756,
    "0,1,4,8": 0.9914374947547913,
    "0,1,5,6": 0.9989301562309265,
    "0,1,5,7": 0.4679933190345764,
    "0,1,5,8": 0.15924929082393646,
    "0,1,6,7": 0.9973192811012268,
    "0,1,6,8": 0.9987693428993225,
    "0,1,7,8": 0.04201854392886162,
    "0,2,3,4": 0.9990814924240112,
    "0,2,3,5": 0.9992833733558655,
    "0,2,3,6": 0.9983481168746948,
    "0,2,3,7": 0.9982132911682129,
    "0,2,3,8": 0.9992812275886536,
    "0,2,4,5": 0.9848677515983582,
    "0,2,4,6": 0.9988303780555725,
    "0,2,4,7": 0.9874032735824585,
    "0,2,4,8": 0.9094352722167969,
    "0,2,5,6": 0.9983453750610352,
    "0,2,5,7": 0.013383581303060055,
    "0,2,5,8": 0.004740347154438496,
    "0,2,6,7": 0.9946877956390381,
    "0,2,6,8": 0.9984776377677917,
    "0,2,7,8": 0.005660489201545715,
    "0,3,4,5": 0.9990966320037842,
    "0,3,4,6": 0.9987255930900574,
    "0,3,4,7": 0.9988663196563721,
    "0,3,4,8": 0.9989637136459351,
    "0,3,5,6": 0.9988598823547363,
    "0,3,5,7": 0.9991167187690735,
    "0,3,5,8": 0.9993378520011902,
    "0,3,6,7": 0.9986609220504761,
    "0,3,6,8": 0.9988262057304382,
    "0,3,7,8": 0.9992115497589111,
    "0,4,5,6": 0.9986244440078735,
    "0,4,5,7": 0.669697105884552,
    "0,4,5,8": 0.017736200243234634,
    "0,4,6,7": 0.9985135197639465,
    "0,4,6,8": 0.9987413287162781,
    "0,4,7,8": 0.6487319469451904,
    "0,5,6,7": 0.9958727955818176,
    "0,5,6,8": 0.9974608421325684,
    "0,5,7,8": 0.00514353858307004,
    "0,6,7,8": 0.997916042804718,
    "1,2,3,4": 0.9977128505706787,
    "1,2,3,5": 0.9954979419708252,
    "1,2,3,6": 0.9985215067863464,
    "1,2,3,7": 0.9670703411102295,
    "1,2,3,8": 0.9977280497550964,
    "1,2,4,5": 0.004777996800839901,
    "1,2,4,6": 0.9988992214202881,
    "1,2,4,7": 0.12591135501861572,
    "1,2,4,8": 0.004609784111380577,
    "1,2,5,6": 0.9816842675209045,
    "1,2,5,7": 0.0006530602113343775,
    "1,2,5,8": 0.0002312797587364912,
    "1,2,6,7": 0.8862533569335938,
    "1,2,6,8": 0.9632717967033386,
    "1,2,7,8": 0.0005564921302720904,
    "1,3,4,5": 0.9987921118736267,
    "1,3,4,6": 0.9988666772842407,
    "1,3,4,7": 0.9964010715484619,
    "1,3,4,8": 0.999306321144104,
    "1,3,5,6": 0.9988440275192261,
    "1,3,5,7": 0.9975232481956482,
    "1,3,5,8": 0.9978659749031067,
    "1,3,6,7": 0.9987578392028809,
    "1,3,6,8": 0.9989873766899109,
    "1,3,7,8": 0.9979990124702454,
    "1,4,5,6": 0.9982492923736572,
    "1,4,5,7": 0.042728591710329056,
    "1,4,5,8": 0.0053800432942807674,
    "1,4,6,7": 0.9984069466590881,
    "1,4,6,8": 0.9988150596618652,
    "1,4,7,8": 0.4408213794231415,
    "1,5,6,7": 0.9668332934379578,
    "1,5,6,8": 0.9896368384361267,
    "1,5,7,8": 0.0017630113288760185,
    "1,6,7,8": 0.9879267811775208,
    "2,3,4,5": 0.9960707426071167,