{
  "object_name": "Game",
  "data_type": "game",
  "version": "1.4.2.dev29+g3d3c3a7e6.d20260421",
  "created_from": null,
  "description": null,
  "parameters": {},
  "timestamp": "2026-04-21T12:26:05.383357+00:00Z",
  "metadata": {
    "n_players": 9,
    "game_name": "Game_object",
    "normalization_value": 0.00017658549768384546,
    "precompute_flag": false,
    "precomputed": true,
    "player_names": null
  },
  "data": {
    "Empty": 0.00017658549768384546,
    "0": 0.05160313472151756,
    "1": 0.0057991850189864635,
    "2": 0.025555556640028954,
    "3": 7.032413850538433e-05,
    "4": 0.00096271833172068,
    "5": 0.002164799952879548,
    "6": 0.0001322743046330288,
    "7": 0.0002869750314857811,
    "8": 9.263844549423084e-05,
    "0,1": 0.025471050292253494,
    "0,2": 0.030641812831163406,
    "0,3": 0.14843660593032837,
    "0,4": 0.14760525524616241,
    "0,5": 0.07513690739870071,
    "0,6": 0.06572028994560242,
    "0,7": 0.0839037150144577,
    "0,8": 0.045777827501297,
    "1,2": 0.026460835710167885,
    "1,3": 0.022946558892726898,
    "1,4": 0.032782431691884995,
    "1,5": 0.04911364987492561,
    "1,6": 0.022702930495142937,
    "1,7": 0.030446045100688934,
    "1,8": 0.01095226313918829,
    "2,3": 0.03919960558414459,
    "2,4": 0.03344106674194336,
    "2,5": 0.054312124848365784,
    "2,6": 0.026765044778585434,
    "2,7": 0.03922579810023308,
    "2,8": 0.03603072836995125,
    "3,4": 0.0007948330021463335,
    "3,5": 0.003920461516827345,
    "3,6": 8.958046237239614e-05,
    "3,7": 0.001669374410994351,
    "3,8": 0.00012339980457909405,
    "4,5": 0.004436848685145378,
    "4,6": 0.0004118307842873037,
    "4,7": 0.013614054769277573,
    "4,8": 0.0004676748067140579,
    "5,6": 0.003696944797411561,
    "5,7": 0.0029099832754582167,
    "5,8": 0.008013774640858173,
    "6,7": 0.0032040623482316732,
    "6,8": 0.00041089055594056845,
    "7,8": 0.0010888775577768683,
    "0,1,2": 0.0719345360994339,
    "0,1,3": 0.10043653845787048,
    "0,1,4": 0.10280422866344452,
    "0,1,5": 0.08914236724376678,
    "0,1,6": 0.04072192683815956,
    "0,1,7": 0.0536799393594265,
    "0,1,8": 0.03400571644306183,
    "0,2,3": 0.09112691134214401,
    "0,2,4": 0.07759209722280502,
    "0,2,5": 0.08257187902927399,
    "0,2,6": 0.03672390058636665,
    "0,2,7": 0.06627801805734634,
    "0,2,8": 0.04658626392483711,
    "0,3,4": 0.13752290606498718,
    "0,3,5": 0.0694895014166832,
    "0,3,6": 0.14385925233364105,
    "0,3,7": 0.33134588599205017,
    "0,3,8": 0.17596769332885742,
    "0,4,5": 0.06162821501493454,
    "0,4,6": 0.14613549411296844,
    "0,4,7": 0.41903918981552124,
    "0,4,8": 0.18207313120365143,
    "0,5,6": 0.08656787872314453,
    "0,5,7": 0.12270820885896683,
    "0,5,8": 0.19181077182292938,
    "0,6,7": 0.19706286489963531,
    "0,6,8": 0.09067247807979584,
    "0,7,8": 0.09704054892063141,
    "1,2,3": 0.06427081674337387,
    "1,2,4": 0.04029832407832146,
    "1,2,5": 0.08127567172050476,
    "1,2,6": 0.030260000377893448,
    "1,2,7": 0.04241885244846344,
    "1,2,8": 0.03446507453918457,
    "1,3,4": 0.0459391251206398,
    "1,3,5": 0.06480459868907928,
    "1,3,6": 0.024482425302267075,
    "1,3,7": 0.10636404156684875,
    "1,3,8": 0.033050667494535446,
    "1,4,5": 0.07398155331611633,
    "1,4,6": 0.04325852543115616,
    "1,4,7": 0.1658908575773239,
    "1,4,8": 0.05296577513217926,
    "1,5,6": 0.06448592245578766,
    "1,5,7": 0.10594125092029572,
    "1,5,8": 0.14540934562683105,
    "1,6,7": 0.06544765830039978,
    "1,6,8": 0.03237515687942505,
    "1,7,8": 0.03853795304894447,
    "2,3,4": 0.05936909094452858,
    "2,3,5": 0.08204138278961182,
    "2,3,6": 0.03473604843020439,
    "2,3,7": 0.08382081240415573,
    "2,3,8": 0.06324996799230576,
    "2,4,5": 0.06470067799091339,
    "2,4,6": 0.03442094847559929,
    "2,4,7": 0.080344557762146,
    "2,4,8": 0.05313069373369217,
    "2,5,6": 0.04781432822346687,
    "2,5,7": 0.0705653503537178,
    "2,5,8": 0.07337982207536697,
    "2,6,7": 0.051081884652376175,
    "2,6,8": 0.040064893662929535,
    "2,7,8": 0.04093276336789131,
    "3,4,5": 0.005234011448919773,
    "3,4,6": 0.00038245372707024217,
    "3,4,7": 0.028168443590402603,
    "3,4,8": 0.0007646951708011329,
    "3,5,6": 0.004838018212467432,
    "3,5,7": 0.005429887678474188,
    "3,5,8": 0.00917751993983984,
    "3,6,7": 0.005630324594676495,
    "3,6,8": 0.0004269112250767648,
    "3,7,8": 0.0040893848054111,
    "4,5,6": 0.006949926260858774,
    "4,5,7": 0.01892346702516079,
    "4,5,8": 0.013079343363642693,
    "4,6,7": 0.021131115034222603,
    "4,6,8": 0.002210610779002309,
    "4,7,8": 0.04242090508341789,
    "5,6,7": 0.009842414408922195,
    "5,6,8": 0.024789992719888687,
    "5,7,8": 0.02112354338169098,
    "6,7,8": 0.008718438446521759,
    "0,1,2,3": 0.1405932605266571,
    "0,1,2,4": 0.10865341126918793,
    "0,1,2,5": 0.1339327096939087,
    "0,1,2,6": 0.07606935501098633,
    "0,1,2,7": 0.1369341015815735,
    "0,1,2,8": 0.10106778144836426,
    "0,1,3,4": 0.11457906663417816,
    "0,1,3,5": 0.09958497434854507,
    "0,1,3,6": 0.11616507172584534,
    "0,1,3,7": 0.2160981148481369,
    "0,1,3,8": 0.13041207194328308,
    "0,1,4,5": 0.0984601080417633,
    "0,1,4,6": 0.1107058972120285,
    "0,1,4,7": 0.26165199279785156,
    "0,1,4,8": 0.12938858568668365,
    "0,1,5,6": 0.08212005347013474,
    "0,1,5,7": 0.1397915780544281,
    "0,1,5,8": 0.164870947599411,
    "0,1,6,7": 0.0844200849533081,
    "0,1,6,8": 0.05716800317168236,
    "0,1,7,8": 0.06968941539525986,
    "0,2,3,4": 0.12779520452022552,
    "0,2,3,5": 0.10217581689357758,
    "0,2,3,6": 0.09736365079879761,
    "0,2,3,7": 0.18068331480026245,
    "0,2,3,8": 0.1180698573589325,
    "0,2,4,5": 0.07079905271530151,
    "0,2,4,6": 0.07564839720726013,
    "0,2,4,7": 0.169350728392601,
    "0,2,4,8": 0.08539780974388123,
    "0,2,5,6": 0.057726312428712845,
    "0,2,5,7": 0.10607393831014633,
    "0,2,5,8": 0.09469354897737503,
    "0,2,6,7": 0.09613518416881561,
    "0,2,6,8": 0.0757196843624115,
    "0,2,7,8": 0.09689641743898392,
    "0,3,4,5": 0.03254618123173714,
    "0,3,4,6": 0.11713156849145889,
    "0,3,4,7": 0.5300065875053406,
    "0,3,4,8": 0.16806071996688843,
    "0,3,5,6": 0.07319492101669312,
    "0,3,5,7": 0.18865539133548737,
    "0,3,5,8": 0.22477596998214722,
    "0,3,6,7": 0.4468282461166382,
    "0,3,6,8": 0.1848047375679016,
    "0,3,7,8": 0.4117266535758972,
    "0,4,5,6": 0.0872965008020401,
    "0,4,5,7": 0.22966822981834412,
    "0,4,5,8": 0.18349899351596832,
    "0,4,6,7": 0.4557625651359558,
    "0,4,6,8": 0.18683139979839325,
    "0,4,7,8": 0.5185558199882507,
    "0,5,6,7": 0.16054843366146088,
    "0,5,6,8": 0.16439318656921387,
    "0,5,7,8": 0.22527974843978882,
    "0,6,7,8": 0.2081529200077057,
    "1,2,3,4": 0.08426261693239212,
    "1,2,3,5": 0.1166742816567421,
    "1,2,3,6": 0.05646893382072449,
    "1,2,3,7": 0.1279754936695099,
    "1,2,3,8": 0.0694962814450264,
    "1,2,4,5": 0.09537017345428467,
    "1,2,4,6": 0.04712199419736862,
    "1,2,4,7": 0.10338931530714035,
    "1,2,4,8": 0.05324536934494972,
    "1,2,5,6": 0.071660116314888,
    "1,2,5,7": 0.10100403428077698,
    "1,2,5,8": 0.07881969213485718,
    "1,2,6,7": 0.0678071454167366,
    "1,2,6,8": 0.046970121562480927,
    "1,2,7,8": 0.06441871076822281,
    "1,3,4,5": 0.04600295051932335,
    "1,3,4,6": 0.051244501024484634,
    "1,3,4,7": 0.3439217507839203,
    "1,3,4,8": 0.05730924382805824,
    "1,3,5,6": 0.07632079720497131,
    "1,3,5,7": 0.16265368461608887,
    "1,3,5,8": 0.1690182387828827,
    "1,3,6,7": 0.19277989864349365,
    "1,3,6,8": 0.04719323292374611,
    "1,3,7,8": 0.1504237949848175,
    "1,4,5,6": 0.08808325976133347,
    "1,4,5,7": 0.2503649890422821,
    "1,4,5,8": 0.14843225479125977,
    "1,4,6,7": 0.21533775329589844,
    "1,4,6,8": 0.06942972540855408,
    "1,4,7,8": 0.22012478113174438,
    "1,5,6,7": 0.13790948688983917,
    "1,5,6,8": 0.15078172087669373,