{
  "object_name": "Game",
  "data_type": "game",
  "version": "1.4.2.dev29+g3d3c3a7e6.d20260421",
  "created_from": null,
  "description": null,
  "parameters": {},
  "timestamp": "2026-04-21T12:26:05.376219+00:00Z",
  "metadata": {
    "n_players": 9,
    "game_name": "Game_object",
    "normalization_value": 0.00024221284547820687,
    "precompute_flag": false,
    "precomputed": true,
    "player_names": null
  },
  "data": {
    "Empty": 0.00024221284547820687,
    "0": 0.0002747050893958658,
    "1": 0.0004097729397471994,
    "2": 0.0005688127130270004,
    "3": 3.648285201052204e-05,
    "4": 0.0006908275536261499,
    "5": 2.6472180252312683e-06,
    "6": 0.0005791198927909136,
    "7": 0.0002668059605639428,
    "8": 4.604522109730169e-05,
    "0,1": 0.00354409241117537,
    "0,2": 0.0007012785063125193,
    "0,3": 7.462333451258019e-05,
    "0,4": 0.0005135680548846722,
    "0,5": 0.0005902707925997674,
    "0,6": 0.0005415683845058084,
    "0,7": 0.0003899098956026137,
    "0,8": 4.313779572839849e-05,
    "1,2": 0.008046760223805904,
    "1,3": 0.004783550277352333,
    "1,4": 0.08164824545383453,
    "1,5": 0.006079932674765587,
    "1,6": 0.005717987660318613,
    "1,7": 0.010009280405938625,
    "1,8": 0.004634285811334848,
    "2,3": 8.552971121389419e-05,
    "2,4": 0.001697210012935102,
    "2,5": 0.00021081691375002265,
    "2,6": 0.0003060591989196837,
    "2,7": 0.0002676105941645801,
    "2,8": 0.0002523586736060679,
    "3,4": 0.00048554816748946905,
    "3,5": 9.564145148033276e-05,
    "3,6": 0.00011914649076061323,
    "3,7": 5.0897411711048335e-05,
    "3,8": 2.5726499188749585e-06,
    "4,5": 0.0035504319239407778,
    "4,6": 0.0004907858092337847,
    "4,7": 0.0006573090213350952,
    "4,8": 0.0006800474366173148,
    "5,6": 1.8908411902884836e-06,
    "5,7": 2.9934197300462984e-05,
    "5,8": 5.878285082872026e-05,
    "6,7": 0.0010563016403466463,
    "6,8": 0.0005905380821786821,
    "7,8": 0.00017525412840768695,
    "0,1,2": 0.011002952232956886,
    "0,1,3": 0.0064037819392979145,
    "0,1,4": 0.15951912105083466,
    "0,1,5": 0.007262540515512228,
    "0,1,6": 0.008357079699635506,
    "0,1,7": 0.012804620899260044,
    "0,1,8": 0.01306924782693386,
    "0,2,3": 0.00044873773003928363,
    "0,2,4": 0.0016298128757625818,
    "0,2,5": 0.0020115908700972795,
    "0,2,6": 0.0005088758771307766,
    "0,2,7": 0.0004683561564888805,
    "0,2,8": 0.00016912913997657597,
    "0,3,4": 0.0005575557006523013,
    "0,3,5": 0.0007432231213897467,
    "0,3,6": 0.00020283910271245986,
    "0,3,7": 9.695316839497536e-05,
    "0,3,8": 8.206452548620291e-06,
    "0,4,5": 0.0020892375614494085,
    "0,4,6": 0.00041369569953531027,
    "0,4,7": 0.000751107232645154,
    "0,4,8": 0.00047205935698002577,
    "0,5,6": 0.000819509441498667,
    "0,5,7": 0.0006404543528333306,
    "0,5,8": 0.00040272955084219575,
    "0,6,7": 0.0008582607260905206,
    "0,6,8": 0.0003724925045389682,
    "0,7,8": 0.00016811976092867553,
    "1,2,3": 0.008249122649431229,
    "1,2,4": 0.27387216687202454,
    "1,2,5": 0.018814891576766968,
    "1,2,6": 0.011172465980052948,
    "1,2,7": 0.015090168453752995,
    "1,2,8": 0.018231524154543877,
    "1,3,4": 0.10844846069812775,
    "1,3,5": 0.018058622255921364,
    "1,3,6": 0.010810503736138344,
    "1,3,7": 0.014728609472513199,
    "1,3,8": 0.007151104975491762,
    "1,4,5": 0.2554289698600769,
    "1,4,6": 0.04765821993350983,
    "1,4,7": 0.08599987626075745,
    "1,4,8": 0.0884178876876831,
    "1,5,6": 0.01636403240263462,
    "1,5,7": 0.013337739743292332,
    "1,5,8": 0.026138313114643097,
    "1,6,7": 0.013099020346999168,
    "1,6,8": 0.008385257795453072,
    "1,7,8": 0.015068828128278255,
    "2,3,4": 0.000536379695404321,
    "2,3,5": 0.000682421843521297,
    "2,3,6": 0.0001727653288980946,
    "2,3,7": 8.035392966121435e-05,
    "2,3,8": 4.461959633772494e-06,
    "2,4,5": 0.0046121180057525635,
    "2,4,6": 0.001323162461631,
    "2,4,7": 0.00201896158978343,
    "2,4,8": 0.0018336607608944178,
    "2,5,6": 0.0005721654160879552,
    "2,5,7": 0.0001944124378496781,
    "2,5,8": 0.00048362871166318655,
    "2,6,7": 0.0005163686582818627,
    "2,6,8": 0.0003751675540115684,
    "2,7,8": 0.0002314248267794028,
    "3,4,5": 0.0005633705877698958,
    "3,4,6": 0.0004522695380728692,
    "3,4,7": 0.0005978182307444513,
    "3,4,8": 0.0005409226287156343,
    "3,5,6": 0.00027285757823847234,
    "3,5,7": 0.00012281263479962945,
    "3,5,8": 3.138046304229647e-05,
    "3,6,7": 0.0010957869235426188,
    "3,6,8": 1.4852733329462353e-05,
    "3,7,8": 5.647910256811883e-06,
    "4,5,6": 0.0022535144817084074,
    "4,5,7": 0.0016635071951895952,
    "4,5,8": 0.002678724005818367,
    "4,6,7": 0.000325517583405599,
    "4,6,8": 0.0004431710985954851,
    "4,7,8": 0.0005397300701588392,
    "5,6,7": 8.191009692382067e-05,
    "5,6,8": 0.0001366233336739242,
    "5,7,8": 2.5464069040026516e-05,
    "6,7,8": 0.0048773097805678844,
    "0,1,2,3": 0.00722555723041296,
    "0,1,2,4": 0.47568759322166443,
    "0,1,2,5": 0.030850961804389954,
    "0,1,2,6": 0.01627252995967865,
    "0,1,2,7": 0.01934906840324402,
    "0,1,2,8": 0.017721449956297874,
    "0,1,3,4": 0.14295758306980133,
    "0,1,3,5": 0.01956484653055668,
    "0,1,3,6": 0.011355527676641941,
    "0,1,3,7": 0.014809412881731987,
    "0,1,3,8": 0.013813142664730549,
    "0,1,4,5": 0.4254888892173767,
    "0,1,4,6": 0.12322035431861877,
    "0,1,4,7": 0.16626611351966858,
    "0,1,4,8": 0.13880179822444916,
    "0,1,5,6": 0.016384005546569824,
    "0,1,5,7": 0.011174909770488739,
    "0,1,5,8": 0.029441677033901215,
    "0,1,6,7": 0.020501403138041496,
    "0,1,6,8": 0.021088512614369392,
    "0,1,7,8": 0.03617587685585022,
    "0,2,3,4": 0.0008393467869609594,
    "0,2,3,5": 0.002728661522269249,
    "0,2,3,6": 0.0010102197993546724,
    "0,2,3,7": 0.00039789287257008255,
    "0,2,3,8": 0.00011218656436540186,
    "0,2,4,5": 0.00847153551876545,
    "0,2,4,6": 0.0020527145825326443,
    "0,2,4,7": 0.0026474236510694027,
    "0,2,4,8": 0.00218527065590024,
    "0,2,5,6": 0.004511616192758083,
    "0,2,5,7": 0.00126730150077492,
    "0,2,5,8": 0.001090113539248705,
    "0,2,6,7": 0.0013323898892849684,
    "0,2,6,8": 0.0003076014982070774,
    "0,2,7,8": 0.00012862183211836964,
    "0,3,4,5": 0.0005644109332934022,
    "0,3,4,6": 0.00038984534330666065,
    "0,3,4,7": 0.000746247242204845,
    "0,3,4,8": 0.0005008108564652503,
    "0,3,5,6": 0.0006128171226009727,
    "0,3,5,7": 0.0002087558968923986,
    "0,3,5,8": 9.213110024575144e-05,
    "0,3,6,7": 0.002053892705589533,
    "0,3,6,8": 5.009930828236975e-05,
    "0,3,7,8": 2.8603501050383784e-05,
    "0,4,5,6": 0.0014880187809467316,
    "0,4,5,7": 0.0016951293218880892,
    "0,4,5,8": 0.002946300897747278,
    "0,4,6,7": 0.0005978026310913265,
    "0,4,6,8": 0.0005067103775218129,
    "0,4,7,8": 0.0008036186336539686,
    "0,5,6,7": 0.004107434768229723,
    "0,5,6,8": 0.0009867772459983826,
    "0,5,7,8": 0.00016303446318488568,
    "0,6,7,8": 0.004432044457644224,
    "1,2,3,4": 0.33349722623825073,
    "1,2,3,5": 0.027989068999886513,
    "1,2,3,6": 0.011737862601876259,
    "1,2,3,7": 0.013554769568145275,
    "1,2,3,8": 0.01848125457763672,
    "1,2,4,5": 0.4709259569644928,
    "1,2,4,6": 0.22786617279052734,
    "1,2,4,7": 0.21622483432292938,
    "1,2,4,8": 0.17368660867214203,
    "1,2,5,6": 0.020672781392931938,
    "1,2,5,7": 0.027539823204278946,
    "1,2,5,8": 0.03754309192299843,
    "1,2,6,7": 0.01959052123129368,
    "1,2,6,8": 0.015805060043931007,
    "1,2,7,8": 0.013072345405817032,
    "1,3,4,5": 0.4134911298751831,
    "1,3,4,6": 0.07863955199718475,
    "1,3,4,7": 0.11722899973392487,
    "1,3,4,8": 0.13680806756019592,
    "1,3,5,6": 0.018687941133975983,
    "1,3,5,7": 0.029465774074196815,
    "1,3,5,8": 0.03532844036817551,
    "1,3,6,7": 0.01979077234864235,
    "1,3,6,8": 0.01215934008359909,
    "1,3,7,8": 0.01975378952920437,
    "1,4,5,6": 0.2044731080532074,