{
  "object_name": "Game",
  "data_type": "game",
  "version": "1.4.2.dev29+g3d3c3a7e6.d20260421",
  "created_from": null,
  "description": null,
  "parameters": {},
  "timestamp": "2026-04-21T12:26:05.355948+00:00Z",
  "metadata": {
    "n_players": 9,
    "game_name": "Game_object",
    "normalization_value": 0.00017075208597816527,
    "precompute_flag": false,
    "precomputed": true,
    "player_names": null
  },
  "data": {
    "Empty": 0.00017075208597816527,
    "0": 0.0004274651000741869,
    "1": 0.005938700865954161,
    "2": 0.0030178725719451904,
    "3": 0.010066233575344086,
    "4": 0.001963243121281266,
    "5": 0.00913512147963047,
    "6": 0.04775204882025719,
    "7": 0.005005400627851486,
    "8": 0.0025607498828321695,
    "0,1": 0.02398279681801796,
    "0,2": 0.004099611192941666,
    "0,3": 0.008650042116641998,
    "0,4": 0.002041921252384782,
    "0,5": 0.004522491712123156,
    "0,6": 0.05941741541028023,
    "0,7": 0.017709488049149513,
    "0,8": 0.0029534718487411737,
    "1,2": 0.0937068983912468,
    "1,3": 0.11304610967636108,
    "1,4": 0.1800631582736969,
    "1,5": 0.14365479350090027,
    "1,6": 0.16029249131679535,
    "1,7": 0.12347285449504852,
    "1,8": 0.007034219801425934,
    "2,3": 0.05458807200193405,
    "2,4": 0.09783995151519775,
    "2,5": 0.05727512389421463,
    "2,6": 0.24256716668605804,
    "2,7": 0.057171329855918884,
    "2,8": 0.03184283897280693,
    "3,4": 0.005037479102611542,
    "3,5": 0.05472302436828613,
    "3,6": 0.06384154409170151,
    "3,7": 0.00172471534460783,
    "3,8": 0.040817249566316605,
    "4,5": 0.050050001591444016,
    "4,6": 0.08575110882520676,
    "4,7": 0.006586226634681225,
    "4,8": 0.05854851007461548,
    "5,6": 0.15722452104091644,
    "5,7": 0.01776665635406971,
    "5,8": 0.017345750704407692,
    "6,7": 0.06881532818078995,
    "6,8": 0.07426217198371887,
    "7,8": 0.07679104804992676,
    "0,1,2": 0.11263468861579895,
    "0,1,3": 0.15901070833206177,
    "0,1,4": 0.12689369916915894,
    "0,1,5": 0.15169711410999298,
    "0,1,6": 0.27513352036476135,
    "0,1,7": 0.19134528934955597,
    "0,1,8": 0.009285284206271172,
    "0,2,3": 0.03000389225780964,
    "0,2,4": 0.0358184278011322,
    "0,2,5": 0.013198122382164001,
    "0,2,6": 0.1784665733575821,
    "0,2,7": 0.08905812352895737,
    "0,2,8": 0.024438101798295975,
    "0,3,4": 0.002883012406527996,
    "0,3,5": 0.031328875571489334,
    "0,3,6": 0.036970414221286774,
    "0,3,7": 0.001580932759679854,
    "0,3,8": 0.03621204197406769,
    "0,4,5": 0.010309106670320034,
    "0,4,6": 0.0926709920167923,
    "0,4,7": 0.003240106860175729,
    "0,4,8": 0.02395205944776535,
    "0,5,6": 0.23846149444580078,
    "0,5,7": 0.01720600761473179,
    "0,5,8": 0.017796069383621216,
    "0,6,7": 0.06668812781572342,
    "0,6,8": 0.03993500396609306,
    "0,7,8": 0.09608578681945801,
    "1,2,3": 0.16602830588817596,
    "1,2,4": 0.25822025537490845,
    "1,2,5": 0.22646686434745789,
    "1,2,6": 0.30702757835388184,
    "1,2,7": 0.12910974025726318,
    "1,2,8": 0.025277303531765938,
    "1,3,4": 0.04276604950428009,
    "1,3,5": 0.20116554200649261,
    "1,3,6": 0.14507800340652466,
    "1,3,7": 0.006569914519786835,
    "1,3,8": 0.13687574863433838,
    "1,4,5": 0.20152144134044647,
    "1,4,6": 0.39035356044769287,
    "1,4,7": 0.25072020292282104,
    "1,4,8": 0.36330217123031616,
    "1,5,6": 0.3644721806049347,
    "1,5,7": 0.2544234097003937,
    "1,5,8": 0.1708850860595703,
    "1,6,7": 0.24492710828781128,
    "1,6,8": 0.05678216367959976,
    "1,7,8": 0.06020316481590271,
    "2,3,4": 0.0035206417087465525,
    "2,3,5": 0.13634991645812988,
    "2,3,6": 0.03914811089634895,
    "2,3,7": 0.0012883077142760158,
    "2,3,8": 0.04044080525636673,
    "2,4,5": 0.2046542465686798,
    "2,4,6": 0.37589842081069946,
    "2,4,7": 0.18097203969955444,
    "2,4,8": 0.4110654294490814,
    "2,5,6": 0.27836859226226807,
    "2,5,7": 0.22840167582035065,
    "2,5,8": 0.15429964661598206,
    "2,6,7": 0.19581303000450134,
    "2,6,8": 0.06669288128614426,
    "2,7,8": 0.21294906735420227,
    "3,4,5": 0.014465573243796825,
    "3,4,6": 0.058537669479846954,
    "3,4,7": 0.0014589247293770313,
    "3,4,8": 0.012750132009387016,
    "3,5,6": 0.07842836529016495,
    "3,5,7": 0.0005657081492245197,
    "3,5,8": 0.022643741220235825,
    "3,6,7": 0.015047091990709305,
    "3,6,8": 0.3321423828601837,
    "3,7,8": 0.007905459962785244,
    "4,5,6": 0.2022426724433899,
    "4,5,7": 0.009517531841993332,
    "4,5,8": 0.19550640881061554,
    "4,6,7": 0.033043596893548965,
    "4,6,8": 0.5610281229019165,
    "4,7,8": 0.040539614856243134,
    "5,6,7": 0.06804026663303375,
    "5,6,8": 0.34145233035087585,
    "5,7,8": 0.018707038834691048,
    "6,7,8": 0.26230379939079285,
    "0,1,2,3": 0.2306993454694748,
    "0,1,2,4": 0.22099874913692474,
    "0,1,2,5": 0.22491098940372467,
    "0,1,2,6": 0.3806700110435486,
    "0,1,2,7": 0.2411455661058426,
    "0,1,2,8": 0.04412153363227844,
    "0,1,3,4": 0.058778923004865646,
    "0,1,3,5": 0.26178640127182007,
    "0,1,3,6": 0.1367327719926834,
    "0,1,3,7": 0.005473494529724121,
    "0,1,3,8": 0.1250368356704712,
    "0,1,4,5": 0.07699666172266006,
    "0,1,4,6": 0.3946722149848938,
    "0,1,4,7": 0.25230082869529724,
    "0,1,4,8": 0.3366464376449585,
    "0,1,5,6": 0.3444008529186249,
    "0,1,5,7": 0.1609673798084259,
    "0,1,5,8": 0.11742924153804779,
    "0,1,6,7": 0.16398301720619202,
    "0,1,6,8": 0.061597589403390884,
    "0,1,7,8": 0.07520554959774017,
    "0,2,3,4": 0.002224409719929099,
    "0,2,3,5": 0.09001997113227844,
    "0,2,3,6": 0.030978061258792877,
    "0,2,3,7": 0.0007454514852724969,
    "0,2,3,8": 0.0366857647895813,
    "0,2,4,5": 0.03355827182531357,
    "0,2,4,6": 0.3726959526538849,
    "0,2,4,7": 0.09910903871059418,
    "0,2,4,8": 0.24372471868991852,
    "0,2,5,6": 0.3079802095890045,
    "0,2,5,7": 0.17906779050827026,
    "0,2,5,8": 0.07708696275949478,
    "0,2,6,7": 0.15016905963420868,
    "0,2,6,8": 0.060632795095443726,
    "0,2,7,8": 0.17755882441997528,
    "0,3,4,5": 0.006232932209968567,
    "0,3,4,6": 0.05836081504821777,
    "0,3,4,7": 0.001098190201446414,
    "0,3,4,8": 0.009954988956451416,
    "0,3,5,6": 0.05145954713225365,
    "0,3,5,7": 0.0006175430025905371,
    "0,3,5,8": 0.01498469989746809,
    "0,3,6,7": 0.01279401034116745,
    "0,3,6,8": 0.32195529341697693,
    "0,3,7,8": 0.01793246529996395,
    "0,4,5,6": 0.21637800335884094,
    "0,4,5,7": 0.015480433590710163,
    "0,4,5,8": 0.12043401598930359,
    "0,4,6,7": 0.037659186869859695,
    "0,4,6,8": 0.5774860382080078,
    "0,4,7,8": 0.04614594951272011,
    "0,5,6,7": 0.04496630281209946,
    "0,5,6,8": 0.14864380657672882,
    "0,5,7,8": 0.02411872334778309,
    "0,6,7,8": 0.38246873021125793,
    "1,2,3,4": 0.07414122670888901,
    "1,2,3,5": 0.20780231058597565,
    "1,2,3,6": 0.18128012120723724,
    "1,2,3,7": 0.014515847899019718,
    "1,2,3,8": 0.19467557966709137,
    "1,2,4,5": 0.3388370871543884,
    "1,2,4,6": 0.48388928174972534,
    "1,2,4,7": 0.3297749161720276,
    "1,2,4,8": 0.3944040834903717,
    "1,2,5,6": 0.460701048374176,
    "1,2,5,7": 0.36915042996406555,
    "1,2,5,8": 0.28479525446891785,
    "1,2,6,7": 0.35157498717308044,
    "1,2,6,8": 0.2047969400882721,
    "1,2,7,8": 0.16219767928123474,
    "1,3,4,5": 0.07355543971061707,
    "1,3,4,6": 0.08776863664388657,
    "1,3,4,7": 0.005096926353871822,
    "1,3,4,8": 0.14622460305690765,
    "1,3,5,6": 0.23349298536777496,
    "1,3,5,7": 0.011313649825751781,
    "1,3,5,8": 0.1998877227306366,
    "1,3,6,7": 0.05053264647722244,
    "1,3,6,8": 0.35374733805656433,
    "1,3,7,8": 0.2154611200094223,
    "1,4,5,6": 0.5899460911750793,
    "1,4,5,7": 0.08952759206295013,
    "1,4,5,8": 0.4106544554233551,
    "1,4,6,7": 0.34890398383140564,
    "1,4,6,8": 0.5533725619316101,
    "1,4,7,8": 0.44844597578048706,
    "1,5,6,7": 0.5742541551589966,
    "1,5,6,8": 0.3571600615978241,