{
  "object_name": "Game",
  "data_type": "game",
  "version": "1.4.2.dev29+g3d3c3a7e6.d20260421",
  "created_from": null,
  "description": null,
  "parameters": {},
  "timestamp": "2026-04-21T12:26:05.353911+00:00Z",
  "metadata": {
    "n_players": 9,
    "game_name": "Game_object",
    "normalization_value": 0.003217874327674508,
    "precompute_flag": false,
    "precomputed": true,
    "player_names": null
  },
  "data": {
    "Empty": 0.003217874327674508,
    "0": 0.01760266348719597,
    "1": 0.0050545441918075085,
    "2": 0.07246566563844681,
    "3": 0.4298350214958191,
    "4": 0.06854277849197388,
    "5": 0.07054658234119415,
    "6": 0.001059264875948429,
    "7": 0.0012818019604310393,
    "8": 0.0009554740390740335,
    "0,1": 0.08443547785282135,
    "0,2": 0.07867927849292755,
    "0,3": 0.5063496232032776,
    "0,4": 0.2356465458869934,
    "0,5": 0.052324078977108,
    "0,6": 0.0016116405604407191,
    "0,7": 0.00248942943289876,
    "0,8": 0.0019031097181141376,
    "1,2": 0.4463447630405426,
    "1,3": 0.5208286046981812,
    "1,4": 0.06576373428106308,
    "1,5": 0.00666552409529686,
    "1,6": 0.017628123983740807,
    "1,7": 0.0020506642758846283,
    "1,8": 0.0003738039522431791,
    "2,3": 0.6309763193130493,
    "2,4": 0.25578057765960693,
    "2,5": 0.14034032821655273,
    "2,6": 0.04089291766285896,
    "2,7": 0.050196267664432526,
    "2,8": 0.036888062953948975,
    "3,4": 0.720389723777771,
    "3,5": 0.5176964402198792,
    "3,6": 0.46653038263320923,
    "3,7": 0.3314369022846222,
    "3,8": 0.8098078370094299,
    "4,5": 0.11694403737783432,
    "4,6": 0.225132018327713,
    "4,7": 0.12695534527301788,
    "4,8": 0.11530135571956635,
    "5,6": 0.05518506467342377,
    "5,7": 0.059498731046915054,
    "5,8": 0.028662750497460365,
    "6,7": 0.0016296599060297012,
    "6,8": 0.0014372252626344562,
    "7,8": 0.00040904199704527855,
    "0,1,2": 0.6445807218551636,
    "0,1,3": 0.5404527187347412,
    "0,1,4": 0.3888726234436035,
    "0,1,5": 0.0010237578535452485,
    "0,1,6": 0.02307187020778656,
    "0,1,7": 0.0275958813726902,
    "0,1,8": 0.021145466715097427,
    "0,2,3": 0.6548629403114319,
    "0,2,4": 0.21389225125312805,
    "0,2,5": 0.07576142996549606,
    "0,2,6": 0.06502711772918701,
    "0,2,7": 0.04550338163971901,
    "0,2,8": 0.05230522155761719,
    "0,3,4": 0.7371580600738525,
    "0,3,5": 0.1674269735813141,
    "0,3,6": 0.5394827127456665,
    "0,3,7": 0.3493061661720276,
    "0,3,8": 0.4450943171977997,
    "0,4,5": 0.221770241856575,
    "0,4,6": 0.3143042325973511,
    "0,4,7": 0.2882007658481598,
    "0,4,8": 0.40593045949935913,
    "0,5,6": 0.025062259286642075,
    "0,5,7": 0.04229316860437393,
    "0,5,8": 0.028361227363348007,
    "0,6,7": 0.0009409209596924484,
    "0,6,8": 0.0015281304949894547,
    "0,7,8": 0.0009151088306680322,
    "1,2,3": 0.8751839995384216,
    "1,2,4": 0.7923798561096191,
    "1,2,5": 0.4734361171722412,
    "1,2,6": 0.3460289537906647,
    "1,2,7": 0.1999368816614151,
    "1,2,8": 0.6458399295806885,
    "1,3,4": 0.673757016658783,
    "1,3,5": 0.31818997859954834,
    "1,3,6": 0.4775981605052948,
    "1,3,7": 0.6670768857002258,
    "1,3,8": 0.47530263662338257,
    "1,4,5": 0.23703479766845703,
    "1,4,6": 0.553496778011322,
    "1,4,7": 0.094377800822258,
    "1,4,8": 0.09187904000282288,
    "1,5,6": 0.003915451001375914,
    "1,5,7": 0.00044310587691143155,
    "1,5,8": 0.00013413443230092525,
    "1,6,7": 0.017289351671934128,
    "1,6,8": 0.009085413999855518,
    "1,7,8": 0.0009627590188756585,
    "2,3,4": 0.5647942423820496,
    "2,3,5": 0.4540688991546631,
    "2,3,6": 0.6466833353042603,
    "2,3,7": 0.6637790203094482,
    "2,3,8": 0.7156801223754883,
    "2,4,5": 0.19126726686954498,
    "2,4,6": 0.3834228515625,
    "2,4,7": 0.37322163581848145,
    "2,4,8": 0.19012771546840668,
    "2,5,6": 0.16286499798297882,
    "2,5,7": 0.1412789523601532,
    "2,5,8": 0.21062126755714417,
    "2,6,7": 0.01895853504538536,
    "2,6,8": 0.06466131657361984,
    "2,7,8": 0.029567087069153786,
    "3,4,5": 0.7314695119857788,
    "3,4,6": 0.5778920650482178,
    "3,4,7": 0.7787993550300598,
    "3,4,8": 0.7439067363739014,
    "3,5,6": 0.15108610689640045,
    "3,5,7": 0.35781922936439514,
    "3,5,8": 0.45945537090301514,
    "3,6,7": 0.20272555947303772,
    "3,6,8": 0.5569567084312439,
    "3,7,8": 0.5801246762275696,
    "4,5,6": 0.4982280433177948,
    "4,5,7": 0.0832960233092308,
    "4,5,8": 0.05368728190660477,
    "4,6,7": 0.3513084650039673,
    "4,6,8": 0.4575159251689911,
    "4,7,8": 0.11080086976289749,
    "5,6,7": 0.03437981754541397,
    "5,6,8": 0.04050995036959648,
    "5,7,8": 0.028918592259287834,
    "6,7,8": 0.0007000163896009326,
    "0,1,2,3": 0.9357464909553528,
    "0,1,2,4": 0.9008135199546814,
    "0,1,2,5": 0.5648978352546692,
    "0,1,2,6": 0.5923945903778076,
    "0,1,2,7": 0.5695151686668396,
    "0,1,2,8": 0.6929366588592529,
    "0,1,3,4": 0.7937307953834534,
    "0,1,3,5": 0.2993965148925781,
    "0,1,3,6": 0.7396851181983948,
    "0,1,3,7": 0.6825619339942932,
    "0,1,3,8": 0.48360174894332886,
    "0,1,4,5": 0.44805246591567993,
    "0,1,4,6": 0.660317599773407,
    "0,1,4,7": 0.4631192684173584,
    "0,1,4,8": 0.4250335097312927,
    "0,1,5,6": 0.0038623043801635504,
    "0,1,5,7": 0.0010388506343588233,
    "0,1,5,8": 0.00019551956211216748,
    "0,1,6,7": 0.028772713616490364,
    "0,1,6,8": 0.010180511511862278,
    "0,1,7,8": 0.006509928032755852,
    "0,2,3,4": 0.6601011753082275,
    "0,2,3,5": 0.39497724175453186,
    "0,2,3,6": 0.7406763434410095,
    "0,2,3,7": 0.5866923332214355,
    "0,2,3,8": 0.5034270286560059,
    "0,2,4,5": 0.26103854179382324,
    "0,2,4,6": 0.5974012613296509,
    "0,2,4,7": 0.40693286061286926,
    "0,2,4,8": 0.21763239800930023,
    "0,2,5,6": 0.21960203349590302,
    "0,2,5,7": 0.13062144815921783,
    "0,2,5,8": 0.13126705586910248,
    "0,2,6,7": 0.013470923528075218,
    "0,2,6,8": 0.10004344582557678,
    "0,2,7,8": 0.028106490150094032,
    "0,3,4,5": 0.5456039905548096,
    "0,3,4,6": 0.6934823989868164,
    "0,3,4,7": 0.7681609392166138,
    "0,3,4,8": 0.6854425072669983,
    "0,3,5,6": 0.1430959701538086,
    "0,3,5,7": 0.17582698166370392,
    "0,3,5,8": 0.1325322836637497,
    "0,3,6,7": 0.23999226093292236,
    "0,3,6,8": 0.5379014611244202,
    "0,3,7,8": 0.2479439675807953,
    "0,4,5,6": 0.44426482915878296,
    "0,4,5,7": 0.1783946305513382,
    "0,4,5,8": 0.1092105507850647,
    "0,4,6,7": 0.3413187563419342,
    "0,4,6,8": 0.43101412057876587,
    "0,4,7,8": 0.18496349453926086,
    "0,5,6,7": 0.027680279687047005,
    "0,5,6,8": 0.02656136080622673,
    "0,5,7,8": 0.02745782397687435,
    "0,6,7,8": 0.0005182370077818632,
    "1,2,3,4": 0.8035055994987488,
    "1,2,3,5": 0.8341547250747681,
    "1,2,3,6": 0.8665565252304077,
    "1,2,3,7": 0.916936457157135,
    "1,2,3,8": 0.8939313292503357,
    "1,2,4,5": 0.7738355994224548,
    "1,2,4,6": 0.8799824714660645,
    "1,2,4,7": 0.8577386140823364,
    "1,2,4,8": 0.8531648516654968,
    "1,2,5,6": 0.6906186938285828,
    "1,2,5,7": 0.5482386946678162,
    "1,2,5,8": 0.6923878788948059,
    "1,2,6,7": 0.25721505284309387,
    "1,2,6,8": 0.5405771136283875,
    "1,2,7,8": 0.30058425664901733,
    "1,3,4,5": 0.5688497424125671,
    "1,3,4,6": 0.7201635241508484,
    "1,3,4,7": 0.7848918437957764,
    "1,3,4,8": 0.6920381188392639,
    "1,3,5,6": 0.402371883392334,
    "1,3,5,7": 0.43163084983825684,
    "1,3,5,8": 0.3240836560726166,
    "1,3,6,7": 0.68067866563797,
    "1,3,6,8": 0.4128047823905945,
    "1,3,7,8": 0.6663061380386353,
    "1,4,5,6": 0.5587794780731201,
    "1,4,5,7": 0.18040227890014648,
    "1,4,5,8": 0.12999273836612701,
    "1,4,6,7": 0.7311536073684692,
    "1,4,6,8": 0.6567989587783813,
    "1,4,7,8": 0.2183336764574051,
    "1,5,6,7": 0.014826471917331219,
    "1,5,6,8": 0.0008981521823443472,
    "1,5,7,8": 5.1555110985646024e-05,
    "1,6,7,8": 0.00938253104686737,