{
  "object_name": "Game",
  "data_type": "game",
  "version": "1.4.2.dev29+g3d3c3a7e6.d20260421",
  "created_from": null,
  "description": null,
  "parameters": {},
  "timestamp": "2026-04-21T12:25:56.344984+00:00Z",
  "metadata": {
    "n_players": 8,
    "game_name": "Game_object",
    "normalization_value": 2.056467975,
    "precompute_flag": false,
    "precomputed": true,
    "player_names": null
  },
  "data": {
    "Empty": 0.8298,
    "0": 1.1456,
    "1": 1.1374,
    "2": 1.1869,
    "3": 1.0718,
    "4": 0.9693000000000002,
    "5": 0.7384999999999999,
    "6": 1.0073999999999999,
    "7": 1.0989999999999998,
    "0,1": 1.1925999999999999,
    "0,2": 0.8775000000000002,
    "0,3": 0.9747,
    "0,4": 1.1384,
    "0,5": 0.9609,
    "0,6": 0.8224,
    "0,7": 1.1366999999999998,
    "1,2": 1.2201999999999997,
    "1,3": 0.7542,
    "1,4": 0.8121,
    "1,5": 1.0091999999999999,
    "1,6": 1.0097,
    "1,7": 1.0557,
    "2,3": 0.8901,
    "2,4": 0.9684999999999999,
    "2,5": 0.7388000000000001,
    "2,6": 0.765,
    "2,7": 1.2837,
    "3,4": 1.2728,
    "3,5": 0.8543,
    "3,6": 1.0468,
    "3,7": 1.3899,
    "4,5": 0.8052000000000001,
    "4,6": 0.9244999999999999,
    "4,7": 1.1183999999999998,
    "5,6": 1.0775000000000001,
    "5,7": 0.9943,
    "6,7": 0.7925,
    "0,1,2": 1.0808,
    "0,1,3": 1.1155000000000002,
    "0,1,4": 0.975,
    "0,1,5": 0.8265,
    "0,1,6": 1.1548,
    "0,1,7": 0.7914,
    "0,2,3": 0.9804000000000002,
    "0,2,4": 0.7963,
    "0,2,5": 0.7739999999999999,
    "0,2,6": 0.7617,
    "0,2,7": 0.8508000000000001,
    "0,3,4": 1.1464000000000003,
    "0,3,5": 1.2654999999999998,
    "0,3,6": 0.9116,
    "0,3,7": 1.2077,
    "0,4,5": 1.0497,
    "0,4,6": 0.8608,
    "0,4,7": 1.0827,
    "0,5,6": 1.1204999999999998,
    "0,5,7": 1.0683,
    "0,6,7": 0.8378,
    "1,2,3": 0.9793,
    "1,2,4": 0.8861000000000001,
    "1,2,5": 0.7122999999999999,
    "1,2,6": 1.0033999999999998,
    "1,2,7": 0.9857999999999999,
    "1,3,4": 0.8893000000000001,
    "1,3,5": 1.0573,
    "1,3,6": 1.0741,
    "1,3,7": 1.0826,
    "1,4,5": 1.0200999999999998,
    "1,4,6": 1.0478999999999998,
    "1,4,7": 0.8724999999999999,
    "1,5,6": 1.1191,
    "1,5,7": 0.9228000000000002,
    "1,6,7": 0.6557000000000001,
    "2,3,4": 0.9058999999999999,
    "2,3,5": 0.9171999999999999,
    "2,3,6": 0.9705,
    "2,3,7": 1.12,
    "2,4,5": 0.9358000000000001,
    "2,4,6": 0.7684,
    "2,4,7": 0.9203000000000001,
    "2,5,6": 1.1232000000000002,
    "2,5,7": 1.0812000000000002,
    "2,6,7": 0.8971000000000002,
    "3,4,5": 1.0981,
    "3,4,6": 1.1683999999999999,
    "3,4,7": 1.1955,
    "3,5,6": 0.9014999999999999,
    "3,5,7": 1.3171,
    "3,6,7": 0.7393,
    "4,5,6": 1.0435,
    "4,5,7": 1.2108,
    "4,6,7": 1.0582,
    "5,6,7": 0.8351999999999998,
    "0,1,2,3": 0.9059000000000001,
    "0,1,2,4": 0.9341000000000002,
    "0,1,2,5": 0.8244,
    "0,1,2,6": 0.7609000000000001,
    "0,1,2,7": 0.8865000000000001,
    "0,1,3,4": 0.9721,
    "0,1,3,5": 1.0089000000000001,
    "0,1,3,6": 0.8994,
    "0,1,3,7": 1.1104999999999998,
    "0,1,4,5": 1.0551,
    "0,1,4,6": 0.7471,
    "0,1,4,7": 0.8676000000000001,
    "0,1,5,6": 0.7563,
    "0,1,5,7": 0.9748000000000001,
    "0,1,6,7": 0.8907,
    "0,2,3,4": 0.8355,
    "0,2,3,5": 0.8770999999999999,
    "0,2,3,6": 0.8821,
    "0,2,3,7": 0.7878000000000001,
    "0,2,4,5": 0.8385,
    "0,2,4,6": 0.8658000000000001,
    "0,2,4,7": 0.9132,
    "0,2,5,6": 0.7245999999999999,
    "0,2,5,7": 0.8137000000000001,
    "0,2,6,7": 0.8191,
    "0,3,4,5": 0.7241,
    "0,3,4,6": 0.9793,
    "0,3,4,7": 1.0638999999999998,
    "0,3,5,6": 0.9841000000000001,
    "0,3,5,7": 1.0878,
    "0,3,6,7": 0.7767,
    "0,4,5,6": 1.0336,
    "0,4,5,7": 1.0876000000000001,
    "0,4,6,7": 0.8711,
    "0,5,6,7": 0.8037999999999998,
    "1,2,3,4": 1.1037,
    "1,2,3,5": 0.8006,
    "1,2,3,6": 0.9805999999999999,
    "1,2,3,7": 1.051,
    "1,2,4,5": 1.0268,
    "1,2,4,6": 0.8615999999999999,
    "1,2,4,7": 0.9868,
    "1,2,5,6": 0.7436,
    "1,2,5,7": 1.1757000000000002,
    "1,2,6,7": 0.654,
    "1,3,4,5": 0.8627,
    "1,3,4,6": 1.0175999999999998,
    "1,3,4,7": 1.0216999999999998,
    "1,3,5,6": 0.65,
    "1,3,5,7": 0.9033000000000001,
    "1,3,6,7": 0.8004,
    "1,4,5,6": 0.7369,
    "1,4,5,7": 1.1303,
    "1,4,6,7": 0.9193,
    "1,5,6,7": 0.8262,
    "2,3,4,5": 1.2774,
    "2,3,4,6": 0.9251999999999999,
    "2,3,4,7": 1.1291000000000002,
    "2,3,5,6": 0.9327,
    "2,3,5,7": 1.4279000000000002,
    "2,3,6,7": 0.6385,
    "2,4,5,6": 0.9871000000000001,
    "2,4,5,7": 0.8629,
    "2,4,6,7": 0.8936,
    "2,5,6,7": 0.6075999999999999,
    "3,4,5,6": 1.0771,
    "3,4,5,7": 0.8213000000000001,
    "3,4,6,7": 0.7274999999999998,
    "3,5,6,7": 0.9118999999999999,
    "4,5,6,7": 0.8619999999999999,
    "0,1,2,3,4": 1.0129000000000001,
    "0,1,2,3,5": 0.9296999999999999,
    "0,1,2,3,6": 0.7812,
    "0,1,2,3,7": 1.124,
    "0,1,2,4,5": 0.901,
    "0,1,2,4,6": 0.7486999999999999,
    "0,1,2,4,7": 0.9591,
    "0,1,2,5,6": 0.6572,
    "0,1,2,5,7": 0.7242999999999999,
    "0,1,2,6,7": 1.0048,
    "0,1,3,4,5": 0.9046999999999998,
    "0,1,3,4,6": 0.9334,
    "0,1,3,4,7": 0.8070999999999999,
    "0,1,3,5,6": 0.8715999999999999,
    "0,1,3,5,7": 1.083,
    "0,1,3,6,7": 0.7316999999999999,
    "0,1,4,5,6": 0.826,
    "0,1,4,5,7": 1.2311,
    "0,1,4,6,7": 0.8304,
    "0,1,5,6,7": 0.6915,
    "0,2,3,4,5": 0.9862000000000002,
    "0,2,3,4,6": 0.8291000000000001,
    "0,2,3,4,7": 0.7847000000000001,
    "0,2,3,5,6": 0.7575000000000001,
    "0,2,3,5,7": 0.9532,
    "0,2,3,6,7": 0.6922,
    "0,2,4,5,6": 0.6984,
    "0,2,4,5,7": 0.9395999999999999,
    "0,2,4,6,7": 0.6467,
    "0,2,5,6,7": 0.6075,
    "0,3,4,5,6": 0.9048000000000002,
    "0,3,4,5,7": 0.8327,
    "0,3,4,6,7": 0.7232000000000001,
    "0,3,5,6,7": 0.6680999999999999,
    "0,4,5,6,7": 1.1732,
    "1,2,3,4,5": 0.6989000000000001,
    "1,2,3,4,6": 0.8009000000000001,
    "1,2,3,4,7": 1.2088,
    "1,2,3,5,6": 0.8827999999999999,
    "1,2,3,5,7": 1.2463000000000002,
    "1,2,3,6,7": 0.6472,
    "1,2,4,5,6": 0.9555999999999999,
    "1,2,4,5,7": 1.1521000000000001,
    "1,2,4,6,7": 0.5911000000000001,
    "1,2,5,6,7": 0.6632,
    "1,3,4,5,6": 0.9946999999999999,
    "1,3,4,5,7": 1.1975,
    "1,3,4,6,7": 0.6382,
    "1,3,5,6,7": 1.0236,
    "1,4,5,6,7": 0.9734,
    "2,3,4,5,6": 0.8935999999999998,
    "2,3,4,5,7": 1.3162,
    "2,3,4,6,7": 0.6973,
    "2,3,5,6,7": 0.8897,
    "2,4,5,6,7": 0.6537,
    "3,4,5,6,7": 0.9565999999999999,
    "0,1,2,3,4,5": 0.8017999999999998,
    "0,1,2,3,4,6": 0.7856,
    "0,1,2,3,4,7": 1.0374,
    "0,1,2,3,5,6": 0.658,
    "0,1,2,3,5,7": 0.9536,
    "0,1,2,3,6,7": 0.7036,
    "0,1,2,4,5,6": 0.6681999999999999,
    "0,1,2,4,5,7": 0.9012,
    "0,1,2,4,6,7": 0.8054,
    "0,1,2,5,6,7": 0.5696000000000001,
    "0,1,3,4,5,6": 0.8166,
    "0,1,3,4,5,7": 0.9231,
    "0,1,3,4,6,7": 0.7449,
    "0,1,3,5,6,7": 0.6895,
    "0,1,4,5,6,7": 0.7919999999999999,
    "0,2,3,4,5,6": 0.7373999999999999,
    "0,2,3,4,5,7": 0.9006000000000001,
    "0,2,3,4,6,7": 0.6826,
    "0,2,3,5,6,7": 0.6436,
    "0,2,4,5,6,7": 0.5781000000000001,
    "0,3,4,5,6,7": 1.0329,
    "1,2,3,4,5,6": 0.7755,
    "1,2,3,4,5,7": 1.3215,
    "1,2,3,4,6,7": 0.5866,
    "1,2,3,5,6,7": 0.5573,
    "1,2,4,5,6,7": 0.6710999999999999,
    "1,3,4,5,6,7": 0.7059,
    "2,3,4,5,6,7": 0.7566,
    "0,1,2,3,4,5,6": 0.6680999999999999,
    "0,1,2,3,4,5,7": 0.9367000000000001,
    "0,1,2,3,4,6,7": 0.6921999999999999,
    "0,1,2,3,5,6,7": 0.5733,
    "0,1,2,4,5,6,7": 0.552,
    "0,1,3,4,5,6,7": 0.7233999999999999,
    "0,2,3,4,5,6,7": 0.5781000000000001,
    "1,2,3,4,5,6,7": 0.5815999999999999,
    "0,1,2,3,4,5,6,7": 0.567
  }
}
