{
  "object_name": "Game",
  "data_type": "game",
  "version": "1.4.2.dev29+g3d3c3a7e6.d20260421",
  "created_from": null,
  "description": null,
  "parameters": {},
  "timestamp": "2026-04-21T12:25:56.330566+00:00Z",
  "metadata": {
    "n_players": 8,
    "game_name": "Game_object",
    "normalization_value": 2.056467975,
    "precompute_flag": false,
    "precomputed": true,
    "player_names": null
  },
  "data": {
    "Empty": 1.4403000000000001,
    "0": 1.3176999999999999,
    "1": 1.3913,
    "2": 1.5959999999999999,
    "3": 1.3296,
    "4": 1.3108,
    "5": 1.3993,
    "6": 1.5230000000000001,
    "7": 1.038,
    "0,1": 1.4046,
    "0,2": 1.6321999999999999,
    "0,3": 1.3735,
    "0,4": 1.6111010000000001,
    "0,5": 1.1538,
    "0,6": 1.4760000000000002,
    "0,7": 1.3635,
    "1,2": 1.6804999999999999,
    "1,3": 1.4746,
    "1,4": 1.7289009999999998,
    "1,5": 1.5078,
    "1,6": 1.5431000000000001,
    "1,7": 1.1118999999999999,
    "2,3": 1.827,
    "2,4": 1.6628,
    "2,5": 1.4843,
    "2,6": 1.9498000000000002,
    "2,7": 1.6795000000000002,
    "3,4": 1.4149999999999998,
    "3,5": 1.7073,
    "3,6": 1.7315,
    "3,7": 1.4333,
    "4,5": 1.5153,
    "4,6": 1.8143999999999998,
    "4,7": 1.3191000000000002,
    "5,6": 1.9050999999999998,
    "5,7": 1.5101,
    "6,7": 1.7248999999999999,
    "0,1,2": 1.6076000000000001,
    "0,1,3": 1.3628000000000002,
    "0,1,4": 1.2481,
    "0,1,5": 1.3168,
    "0,1,6": 1.4945,
    "0,1,7": 1.2932000000000001,
    "0,2,3": 1.4224999999999999,
    "0,2,4": 1.3676000000000001,
    "0,2,5": 1.5318999999999998,
    "0,2,6": 1.4796,
    "0,2,7": 1.3941000000000001,
    "0,3,4": 1.2739,
    "0,3,5": 1.1741,
    "0,3,6": 1.4689,
    "0,3,7": 1.3452,
    "0,4,5": 1.4232,
    "0,4,6": 1.5918,
    "0,4,7": 1.2538000000000002,
    "0,5,6": 1.4472,
    "0,5,7": 1.4575,
    "0,6,7": 1.6495000000000002,
    "1,2,3": 1.5501,
    "1,2,4": 1.5801,
    "1,2,5": 1.7221,
    "1,2,6": 1.571,
    "1,2,7": 1.8388000000000004,
    "1,3,4": 1.2775,
    "1,3,5": 1.4622,
    "1,3,6": 1.7216999999999998,
    "1,3,7": 1.5739999999999998,
    "1,4,5": 1.2903999999999998,
    "1,4,6": 1.6316,
    "1,4,7": 1.5427000000000002,
    "1,5,6": 1.5802,
    "1,5,7": 1.4902000000000002,
    "1,6,7": 1.5331000000000001,
    "2,3,4": 1.6515999999999997,
    "2,3,5": 1.8031,
    "2,3,6": 1.723,
    "2,3,7": 1.7902999999999998,
    "2,4,5": 1.7665,
    "2,4,6": 2.4545000000000003,
    "2,4,7": 1.8556000000000004,
    "2,5,6": 1.8735,
    "2,5,7": 1.4373,
    "2,6,7": 1.9672999999999998,
    "3,4,5": 1.6204,
    "3,4,6": 1.6564,
    "3,4,7": 1.1972,
    "3,5,6": 1.5029999999999997,
    "3,5,7": 1.36,
    "3,6,7": 1.6570999999999998,
    "4,5,6": 1.4109,
    "4,5,7": 1.4174,
    "4,6,7": 1.5076,
    "5,6,7": 1.5402,
    "0,1,2,3": 1.4694999999999998,
    "0,1,2,4": 1.5458,
    "0,1,2,5": 1.5459,
    "0,1,2,6": 1.4312999999999998,
    "0,1,2,7": 1.3287,
    "0,1,3,4": 1.3239,
    "0,1,3,5": 1.2212999999999998,
    "0,1,3,6": 1.5407999999999997,
    "0,1,3,7": 1.1926,
    "0,1,4,5": 1.2765,
    "0,1,4,6": 1.3965,
    "0,1,4,7": 1.241,
    "0,1,5,6": 1.3969999999999998,
    "0,1,5,7": 1.2811,
    "0,1,6,7": 1.659,
    "0,2,3,4": 1.4213999999999998,
    "0,2,3,5": 1.337,
    "0,2,3,6": 1.6874000000000002,
    "0,2,3,7": 1.3336999999999999,
    "0,2,4,5": 1.4423,
    "0,2,4,6": 1.4544,
    "0,2,4,7": 1.5827000000000002,
    "0,2,5,6": 1.7191000000000003,
    "0,2,5,7": 1.2833,
    "0,2,6,7": 1.8920000000000001,
    "0,3,4,5": 1.4723000000000002,
    "0,3,4,6": 1.8752,
    "0,3,4,7": 1.3926,
    "0,3,5,6": 1.5181,
    "0,3,5,7": 1.3820999999999999,
    "0,3,6,7": 1.7536999999999998,
    "0,4,5,6": 1.6551000000000002,
    "0,4,5,7": 1.2553,
    "0,4,6,7": 1.5275,
    "0,5,6,7": 1.4750999999999999,
    "1,2,3,4": 2.0469,
    "1,2,3,5": 1.7076999999999998,
    "1,2,3,6": 1.4742,
    "1,2,3,7": 1.7024000000000001,
    "1,2,4,5": 1.8302,
    "1,2,4,6": 1.6372,
    "1,2,4,7": 1.6070999999999998,
    "1,2,5,6": 1.4092999999999998,
    "1,2,5,7": 1.5182,
    "1,2,6,7": 2.0215000000000005,
    "1,3,4,5": 1.3475,
    "1,3,4,6": 1.7258000000000002,
    "1,3,4,7": 1.7058,
    "1,3,5,6": 1.4601,
    "1,3,5,7": 1.314,
    "1,3,6,7": 1.4903,
    "1,4,5,6": 1.4600000000000002,
    "1,4,5,7": 1.4256,
    "1,4,6,7": 1.6672999999999998,
    "1,5,6,7": 1.5374,
    "2,3,4,5": 1.5734,
    "2,3,4,6": 1.9560000000000002,
    "2,3,4,7": 1.7707000000000002,
    "2,3,5,6": 2.2061,
    "2,3,5,7": 2.1423,
    "2,3,6,7": 2.4989000000000003,
    "2,4,5,6": 1.9369,
    "2,4,5,7": 1.8249,
    "2,4,6,7": 1.8755000000000002,
    "2,5,6,7": 1.9251999999999998,
    "3,4,5,6": 1.5051999999999999,
    "3,4,5,7": 1.4760000000000002,
    "3,4,6,7": 1.764,
    "3,5,6,7": 1.5156000000000003,
    "4,5,6,7": 1.6934,
    "0,1,2,3,4": 1.4666000000000001,
    "0,1,2,3,5": 1.5029,
    "0,1,2,3,6": 1.5791,
    "0,1,2,3,7": 1.5804,
    "0,1,2,4,5": 1.2784,
    "0,1,2,4,6": 1.5779,
    "0,1,2,4,7": 1.395,
    "0,1,2,5,6": 1.4145,
    "0,1,2,5,7": 1.2566000000000002,
    "0,1,2,6,7": 1.4937999999999998,
    "0,1,3,4,5": 1.1353,
    "0,1,3,4,6": 1.534,
    "0,1,3,4,7": 1.1425,
    "0,1,3,5,6": 1.4014,
    "0,1,3,5,7": 1.2484999999999997,
    "0,1,3,6,7": 1.5,
    "0,1,4,5,6": 1.4532000000000003,
    "0,1,4,5,7": 1.2835,
    "0,1,4,6,7": 1.6139000000000003,
    "0,1,5,6,7": 1.4859,
    "0,2,3,4,5": 1.4094,
    "0,2,3,4,6": 1.847,
    "0,2,3,4,7": 1.9179000000000002,
    "0,2,3,5,6": 1.5114,
    "0,2,3,5,7": 1.1648999999999998,
    "0,2,3,6,7": 1.4468,
    "0,2,4,5,6": 1.4919,
    "0,2,4,5,7": 1.3123999999999998,
    "0,2,4,6,7": 1.6768999999999998,
    "0,2,5,6,7": 1.5404,
    "0,3,4,5,6": 1.4833000000000003,
    "0,3,4,5,7": 1.4167999999999998,
    "0,3,4,6,7": 1.6620000000000001,
    "0,3,5,6,7": 1.4467,
    "0,4,5,6,7": 1.5463,
    "1,2,3,4,5": 1.8515000000000001,
    "1,2,3,4,6": 2.102,
    "1,2,3,4,7": 1.6831,
    "1,2,3,5,6": 1.4765000000000001,
    "1,2,3,5,7": 1.4721,
    "1,2,3,6,7": 2.0799,
    "1,2,4,5,6": 1.6013000000000002,
    "1,2,4,5,7": 1.5307,
    "1,2,4,6,7": 1.8012000000000001,
    "1,2,5,6,7": 1.5264000000000002,
    "1,3,4,5,6": 1.3864999999999998,
    "1,3,4,5,7": 1.3874,
    "1,3,4,6,7": 1.8087,
    "1,3,5,6,7": 1.5387,
    "1,4,5,6,7": 1.6717,
    "2,3,4,5,6": 2.3141,
    "2,3,4,5,7": 1.5919,
    "2,3,4,6,7": 1.8027000000000002,
    "2,3,5,6,7": 1.7372,
    "2,4,5,6,7": 2.6437,
    "3,4,5,6,7": 1.5376,
    "0,1,2,3,4,5": 1.4522,
    "0,1,2,3,4,6": 1.4382,
    "0,1,2,3,4,7": 1.4093,
    "0,1,2,3,5,6": 1.375,
    "0,1,2,3,5,7": 1.1339000000000001,
    "0,1,2,3,6,7": 1.5531,
    "0,1,2,4,5,6": 1.3254,
    "0,1,2,4,5,7": 1.1648999999999998,
    "0,1,2,4,6,7": 1.5103,
    "0,1,2,5,6,7": 1.3499,
    "0,1,3,4,5,6": 1.3552000000000002,
    "0,1,3,4,5,7": 1.1154,
    "0,1,3,4,6,7": 1.5569000000000002,
    "0,1,3,5,6,7": 1.4462,
    "0,1,4,5,6,7": 1.5424000000000002,
    "0,2,3,4,5,6": 1.4875,
    "0,2,3,4,5,7": 1.2631999999999999,
    "0,2,3,4,6,7": 1.5312,
    "0,2,3,5,6,7": 1.6,
    "0,2,4,5,6,7": 1.7024000000000001,
    "0,3,4,5,6,7": 1.5399,
    "1,2,3,4,5,6": 2.1608,
    "1,2,3,4,5,7": 1.8154,
    "1,2,3,4,6,7": 1.9770000000000003,
    "1,2,3,5,6,7": 2.2233,
    "1,2,4,5,6,7": 2.1066999999999996,
    "1,3,4,5,6,7": 1.458,
    "2,3,4,5,6,7": 2.2883,
    "0,1,2,3,4,5,6": 1.375,
    "0,1,2,3,4,5,7": 1.2530000000000001,
    "0,1,2,3,4,6,7": 1.4937,
    "0,1,2,3,5,6,7": 1.375,
    "0,1,2,4,5,6,7": 1.4713,
    "0,1,3,4,5,6,7": 1.5127000000000002,
    "0,2,3,4,5,6,7": 1.425,
    "1,2,3,4,5,6,7": 1.5785,
    "0,1,2,3,4,5,6,7": 1.375
  }
}
