{
  "object_name": "Game",
  "data_type": "game",
  "version": "1.4.2.dev29+g3d3c3a7e6.d20260421",
  "created_from": null,
  "description": null,
  "parameters": {},
  "timestamp": "2026-04-21T12:25:56.722385+00:00Z",
  "metadata": {
    "n_players": 8,
    "game_name": "Game_object",
    "normalization_value": 2.0525677175,
    "precompute_flag": false,
    "precomputed": true,
    "player_names": null
  },
  "data": {
    "Empty": 1.55885,
    "0": 1.66945,
    "1": 2.0694299999999997,
    "2": 1.6810200000000002,
    "3": 1.37166,
    "4": 1.7227799999999998,
    "5": 1.9335799999999999,
    "6": 1.8070001000000002,
    "7": 1.6266702,
    "0,1": 1.61546,
    "0,2": 1.7043500000000003,
    "0,3": 1.4871,
    "0,4": 2.0857400999999998,
    "0,5": 1.85873,
    "0,6": 1.7087499999999998,
    "0,7": 1.5380301,
    "1,2": 2.4434902,
    "1,3": 2.07866,
    "1,4": 1.8781002999999998,
    "1,5": 1.3266,
    "1,6": 1.40016,
    "1,7": 1.9009301,
    "2,3": 1.5194601,
    "2,4": 2.3791005,
    "2,5": 2.0424004,
    "2,6": 2.1014402999999997,
    "2,7": 2.0068200999999997,
    "3,4": 1.7502,
    "3,5": 1.74268,
    "3,6": 1.6093699999999997,
    "3,7": 1.4053402000000002,
    "4,5": 1.2764900000000001,
    "4,6": 1.72247,
    "4,7": 1.7570500000000002,
    "5,6": 1.4302500000000002,
    "5,7": 1.7484602000000002,
    "6,7": 1.38564,
    "0,1,2": 1.4387600000000003,
    "0,1,3": 1.58704,
    "0,1,4": 1.7687399999999998,
    "0,1,5": 1.7066599999999998,
    "0,1,6": 1.7752702000000002,
    "0,1,7": 1.5143000999999998,
    "0,2,3": 1.2667300000000001,
    "0,2,4": 1.6593900000000001,
    "0,2,5": 2.16508,
    "0,2,6": 1.6990500000000002,
    "0,2,7": 1.8802704,
    "0,3,4": 1.6231000999999998,
    "0,3,5": 1.59775,
    "0,3,6": 1.61626,
    "0,3,7": 1.6573501999999998,
    "0,4,5": 1.6748901,
    "0,4,6": 1.7220100000000003,
    "0,4,7": 1.8660001999999998,
    "0,5,6": 1.83021,
    "0,5,7": 2.0188705,
    "0,6,7": 1.0709099999999998,
    "1,2,3": 1.75982,
    "1,2,4": 2.1465703,
    "1,2,5": 1.76428,
    "1,2,6": 2.0348602,
    "1,2,7": 1.6771203,
    "1,3,4": 1.6960299999999997,
    "1,3,5": 1.8523599999999998,
    "1,3,6": 1.5070599999999998,
    "1,3,7": 1.6971601,
    "1,4,5": 1.3935299999999997,
    "1,4,6": 2.0077701000000006,
    "1,4,7": 1.7295902,
    "1,5,6": 1.5112900000000002,
    "1,5,7": 1.8499201000000003,
    "1,6,7": 1.2648901,
    "2,3,4": 2.2536907000000004,
    "2,3,5": 1.8321999999999998,
    "2,3,6": 2.1495103,
    "2,3,7": 1.4871003000000003,
    "2,4,5": 1.78671,
    "2,4,6": 1.8001200999999998,
    "2,4,7": 1.5613202,
    "2,5,6": 2.1143603,
    "2,5,7": 2.0679502000000003,
    "2,6,7": 1.53766,
    "3,4,5": 2.09795,
    "3,4,6": 1.6503600999999999,
    "3,4,7": 1.7462501,
    "3,5,6": 1.8700499999999998,
    "3,5,7": 1.9701503000000002,
    "3,6,7": 1.4595401,
    "4,5,6": 2.0027204000000003,
    "4,5,7": 1.5809400999999998,
    "4,6,7": 1.8486401000000001,
    "5,6,7": 1.3278500000000002,
    "0,1,2,3": 1.59956,
    "0,1,2,4": 1.74349,
    "0,1,2,5": 1.73582,
    "0,1,2,6": 1.3142299999999998,
    "0,1,2,7": 1.8572303000000001,
    "0,1,3,4": 1.5061702000000001,
    "0,1,3,5": 1.7494400000000003,
    "0,1,3,6": 1.61067,
    "0,1,3,7": 1.5457602000000001,
    "0,1,4,5": 2.03482,
    "0,1,4,6": 1.7335800000000003,
    "0,1,4,7": 1.3878002000000003,
    "0,1,5,6": 1.70333,
    "0,1,5,7": 1.32917,
    "0,1,6,7": 1.1093099999999998,
    "0,2,3,4": 1.4937799999999997,
    "0,2,3,5": 1.7962099999999999,
    "0,2,3,6": 1.8141199999999997,
    "0,2,3,7": 1.9844104999999999,
    "0,2,4,5": 1.67214,
    "0,2,4,6": 1.5493700000000001,
    "0,2,4,7": 1.6333803,
    "0,2,5,6": 2.07196,
    "0,2,5,7": 1.9215605,
    "0,2,6,7": 1.0921499999999997,
    "0,3,4,5": 1.88094,
    "0,3,4,6": 1.7967601000000002,
    "0,3,4,7": 1.8398005000000002,
    "0,3,5,6": 1.71934,
    "0,3,5,7": 1.9804202999999998,
    "0,3,6,7": 1.2612999999999999,
    "0,4,5,6": 1.54398,
    "0,4,5,7": 2.5967613,
    "0,4,6,7": 1.1652099999999999,
    "0,5,6,7": 1.1470699999999998,
    "1,2,3,4": 1.68342,
    "1,2,3,5": 1.8273803000000002,
    "1,2,3,6": 1.9206001000000001,
    "1,2,3,7": 1.6690401000000001,
    "1,2,4,5": 1.72988,
    "1,2,4,6": 1.8669200000000004,
    "1,2,4,7": 1.7063601000000002,
    "1,2,5,6": 1.91795,
    "1,2,5,7": 2.2978504,
    "1,2,6,7": 1.20996,
    "1,3,4,5": 2.11353,
    "1,3,4,6": 1.9705301,
    "1,3,4,7": 1.9649303,
    "1,3,5,6": 1.8825300000000003,
    "1,3,5,7": 1.7004502000000001,
    "1,3,6,7": 1.2708801000000003,
    "1,4,5,6": 1.96651,
    "1,4,5,7": 1.8015301999999997,
    "1,4,6,7": 1.7436101000000002,
    "1,5,6,7": 1.33351,
    "2,3,4,5": 1.4851100000000002,
    "2,3,4,6": 1.6943000000000001,
    "2,3,4,7": 1.7449103000000001,
    "2,3,5,6": 1.68714,
    "2,3,5,7": 1.6861801,
    "2,3,6,7": 1.8736903999999999,
    "2,4,5,6": 1.8446800000000003,
    "2,4,5,7": 1.9325104,
    "2,4,6,7": 1.1838601,
    "2,5,6,7": 1.4110101000000002,
    "3,4,5,6": 2.0746501000000004,
    "3,4,5,7": 1.42397,
    "3,4,6,7": 1.6224702,
    "3,5,6,7": 1.2998100000000001,
    "4,5,6,7": 1.4710199999999998,
    "0,1,2,3,4": 1.64216,
    "0,1,2,3,5": 2.04717,
    "0,1,2,3,6": 1.8551900000000003,
    "0,1,2,3,7": 1.5989302,
    "0,1,2,4,5": 1.7682099999999998,
    "0,1,2,4,6": 1.43234,
    "0,1,2,4,7": 1.6886403,
    "0,1,2,5,6": 1.5360299999999998,
    "0,1,2,5,7": 1.2968199999999999,
    "0,1,2,6,7": 1.08671,
    "0,1,3,4,5": 1.7480699999999998,
    "0,1,3,4,6": 1.9457102,
    "0,1,3,4,7": 1.2870700000000002,
    "0,1,3,5,6": 1.6644399999999997,
    "0,1,3,5,7": 2.2785306,
    "0,1,3,6,7": 1.22376,
    "0,1,4,5,6": 1.52366,
    "0,1,4,5,7": 1.7525103999999998,
    "0,1,4,6,7": 1.25804,
    "0,1,5,6,7": 1.3233700000000002,
    "0,2,3,4,5": 1.76259,
    "0,2,3,4,6": 1.6597900000000003,
    "0,2,3,4,7": 2.0060104,
    "0,2,3,5,6": 1.58096,
    "0,2,3,5,7": 2.0669604,
    "0,2,3,6,7": 1.1987999999999999,
    "0,2,4,5,6": 1.6114199999999996,
    "0,2,4,5,7": 1.8298703999999997,
    "0,2,4,6,7": 1.1158799999999998,
    "0,2,5,6,7": 1.2404899999999999,
    "0,3,4,5,6": 1.60488,
    "0,3,4,5,7": 1.8379102,
    "0,3,4,6,7": 1.3240600000000002,
    "0,3,5,6,7": 1.4861999999999997,
    "0,4,5,6,7": 1.2223599999999997,
    "1,2,3,4,5": 1.93509,
    "1,2,3,4,6": 1.5423604,
    "1,2,3,4,7": 1.7702201,
    "1,2,3,5,6": 2.0136801999999996,
    "1,2,3,5,7": 1.6777002000000003,
    "1,2,3,6,7": 1.5434502,
    "1,2,4,5,6": 1.8462003,
    "1,2,4,5,7": 2.0283001,
    "1,2,4,6,7": 1.34231,
    "1,2,5,6,7": 1.3427501,
    "1,3,4,5,6": 1.7094201000000002,
    "1,3,4,5,7": 1.4370100000000003,
    "1,3,4,6,7": 1.7124401000000002,
    "1,3,5,6,7": 1.4271900999999996,
    "1,4,5,6,7": 1.5657900999999999,
    "2,3,4,5,6": 1.5229504,
    "2,3,4,5,7": 1.8599803000000001,
    "2,3,4,6,7": 1.2302000000000002,
    "2,3,5,6,7": 1.4558102999999998,
    "2,4,5,6,7": 1.15321,
    "3,4,5,6,7": 1.46515,
    "0,1,2,3,4,5": 1.42958,
    "0,1,2,3,4,6": 1.53654,
    "0,1,2,3,4,7": 2.3808909,
    "0,1,2,3,5,6": 1.79299,
    "0,1,2,3,5,7": 1.7846901000000002,
    "0,1,2,3,6,7": 1.26276,
    "0,1,2,4,5,6": 1.4888899999999996,
    "0,1,2,4,5,7": 1.9942005999999999,
    "0,1,2,4,6,7": 1.0713900000000003,
    "0,1,2,5,6,7": 1.1764099999999997,
    "0,1,3,4,5,6": 2.00456,
    "0,1,3,4,5,7": 1.8075902,
    "0,1,3,4,6,7": 1.27108,
    "0,1,3,5,6,7": 1.46121,
    "0,1,4,5,6,7": 1.3470900000000001,
    "0,2,3,4,5,6": 1.9823700000000002,
    "0,2,3,4,5,7": 1.6254301999999998,
    "0,2,3,4,6,7": 1.3392199999999999,
    "0,2,3,5,6,7": 1.3627200000000002,
    "0,2,4,5,6,7": 1.1144399999999999,
    "0,3,4,5,6,7": 1.45963,
    "1,2,3,4,5,6": 1.7487802000000001,
    "1,2,3,4,5,7": 2.2096006000000004,
    "1,2,3,4,6,7": 1.43454,
    "1,2,3,5,6,7": 1.2424700000000002,
    "1,2,4,5,6,7": 1.6825402999999999,
    "1,3,4,5,6,7": 1.46707,
    "2,3,4,5,6,7": 1.4205301000000001,
    "0,1,2,3,4,5,6": 1.9316300000000002,
    "0,1,2,3,4,5,7": 2.1951805999999996,
    "0,1,2,3,4,6,7": 1.15919,
    "0,1,2,3,5,6,7": 1.41356,