{
  "object_name": "Game",
  "data_type": "game",
  "version": "1.4.2.dev29+g3d3c3a7e6.d20260421",
  "created_from": null,
  "description": null,
  "parameters": {},
  "timestamp": "2026-04-21T12:25:56.664346+00:00Z",
  "metadata": {
    "n_players": 8,
    "game_name": "Game_object",
    "normalization_value": -0.09941155463457108,
    "precompute_flag": false,
    "precomputed": true,
    "player_names": null
  },
  "data": {
    "Empty": -0.09941155463457108,
    "0": -0.08700732886791229,
    "1": -0.028698623180389404,
    "2": 0.25865763425827026,
    "3": 0.07137687504291534,
    "4": -0.06543213129043579,
    "5": -0.053081661462783813,
    "6": 0.661798357963562,
    "7": -0.26158246397972107,
    "0,1": -0.03166233003139496,
    "0,2": 0.22908802330493927,
    "0,3": 0.08041210472583771,
    "0,4": -0.03883810341358185,
    "0,5": -0.04756779968738556,
    "0,6": 0.6617251634597778,
    "0,7": -0.258369505405426,
    "1,2": 0.25162726640701294,
    "1,3": 0.012237891554832458,
    "1,4": 0.0536356121301651,
    "1,5": 0.0047118812799453735,
    "1,6": 0.4608396291732788,
    "1,7": -0.1590767204761505,
    "2,3": 0.024394065141677856,
    "2,4": -0.012513339519500732,
    "2,5": 0.29867666959762573,
    "2,6": 0.7598376274108887,
    "2,7": -0.1504300832748413,
    "3,4": 0.10114409029483795,
    "3,5": 0.10965235531330109,
    "3,6": 0.7184023857116699,
    "3,7": -0.4868238568305969,
    "4,5": 0.0033178776502609253,
    "4,6": 0.47534728050231934,
    "4,7": -0.3637237548828125,
    "5,6": 0.7664623856544495,
    "5,7": -0.24438387155532837,
    "6,7": -0.10384602844715118,
    "0,1,2": 0.24497462809085846,
    "0,1,3": 0.016213521361351013,
    "0,1,4": 0.0633552223443985,
    "0,1,5": 0.009178057312965393,
    "0,1,6": 0.4690042734146118,
    "0,1,7": -0.1605098396539688,
    "0,2,3": 0.030224114656448364,
    "0,2,4": -0.0026564300060272217,
    "0,2,5": 0.2744695544242859,
    "0,2,6": 0.7581239938735962,
    "0,2,7": -0.14931973814964294,
    "0,3,4": 0.12289927899837494,
    "0,3,5": 0.11200730502605438,
    "0,3,6": 0.7218897938728333,
    "0,3,7": -0.48728233575820923,
    "0,4,5": 0.011136218905448914,
    "0,4,6": 0.48908883333206177,
    "0,4,7": -0.36003735661506653,
    "0,5,6": 0.7647430300712585,
    "0,5,7": -0.24297291040420532,
    "0,6,7": -0.10188072919845581,
    "1,2,3": 0.12166814506053925,
    "1,2,4": 0.16894124448299408,
    "1,2,5": 0.28832465410232544,
    "1,2,6": 0.5468950271606445,
    "1,2,7": 0.052079781889915466,
    "1,3,4": 0.1458599716424942,
    "1,3,5": 0.02635924518108368,
    "1,3,6": 0.6103422045707703,
    "1,3,7": -0.4430333971977234,
    "1,4,5": 0.08946923911571503,
    "1,4,6": 0.4849890470504761,
    "1,4,7": -0.2821308374404907,
    "1,5,6": 0.5126392841339111,
    "1,5,7": -0.1263740360736847,
    "1,6,7": -0.05175231397151947,
    "2,3,4": 0.10761182010173798,
    "2,3,5": 0.08154056966304779,
    "2,3,6": 0.7076989412307739,
    "2,3,7": -0.293893426656723,
    "2,4,5": 0.024071872234344482,
    "2,4,6": 0.5750144124031067,
    "2,4,7": -0.28541696071624756,
    "2,5,6": 0.8487786054611206,
    "2,5,7": -0.11795592308044434,
    "2,6,7": 0.14651690423488617,
    "3,4,5": 0.17775149643421173,
    "3,4,6": 0.6734271049499512,
    "3,4,7": -0.3299024701118469,
    "3,5,6": 0.7967451810836792,
    "3,5,7": -0.4690423607826233,
    "3,6,7": -0.09975817799568176,
    "4,5,6": 0.5969003438949585,
    "4,5,7": -0.3016360402107239,
    "4,6,7": -0.06490401923656464,
    "5,6,7": -0.047969818115234375,
    "0,1,2,3": 0.1353403478860855,
    "0,1,2,4": 0.18286506831645966,
    "0,1,2,5": 0.28791797161102295,
    "0,1,2,6": 0.5600627064704895,
    "0,1,2,7": 0.04438941180706024,
    "0,1,3,4": 0.14419643580913544,
    "0,1,3,5": 0.03660695254802704,
    "0,1,3,6": 0.6234197020530701,
    "0,1,3,7": -0.4485137462615967,
    "0,1,4,5": 0.09955225884914398,
    "0,1,4,6": 0.48839789628982544,
    "0,1,4,7": -0.2817038297653198,
    "0,1,5,6": 0.5248057842254639,
    "0,1,5,7": -0.12888860702514648,
    "0,1,6,7": -0.052124932408332825,
    "0,2,3,4": 0.12347428500652313,
    "0,2,3,5": 0.08478371798992157,
    "0,2,3,6": 0.7102622985839844,
    "0,2,3,7": -0.2935531437397003,
    "0,2,4,5": 0.03467373549938202,
    "0,2,4,6": 0.5600566267967224,
    "0,2,4,7": -0.289726197719574,
    "0,2,5,6": 0.8468575477600098,
    "0,2,5,7": -0.11743611842393875,
    "0,2,6,7": 0.14641807973384857,
    "0,3,4,5": 0.18383337557315826,
    "0,3,4,6": 0.6774701476097107,
    "0,3,4,7": -0.32688015699386597,
    "0,3,5,6": 0.8046703338623047,
    "0,3,5,7": -0.4692416191101074,
    "0,3,6,7": -0.10560484230518341,
    "0,4,5,6": 0.6117550730705261,
    "0,4,5,7": -0.2984699606895447,
    "0,4,6,7": -0.061860308051109314,
    "0,5,6,7": -0.04604311287403107,
    "1,2,3,4": 0.2504574656486511,
    "1,2,3,5": 0.13683559000492096,
    "1,2,3,6": 0.5910216569900513,
    "1,2,3,7": -0.1765117347240448,
    "1,2,4,5": 0.21651093661785126,
    "1,2,4,6": 0.577303946018219,
    "1,2,4,7": -0.09666170179843903,
    "1,2,5,6": 0.6007900834083557,
    "1,2,5,7": 0.08919329941272736,
    "1,2,6,7": 0.22650273144245148,
    "1,3,4,5": 0.17070762813091278,
    "1,3,4,6": 0.6602811217308044,
    "1,3,4,7": -0.30153098702430725,
    "1,3,5,6": 0.6500822305679321,
    "1,3,5,7": -0.42241793870925903,
    "1,3,6,7": -0.09131050109863281,
    "1,4,5,6": 0.5408689975738525,
    "1,4,5,7": -0.21555393934249878,
    "1,4,6,7": 0.04872320592403412,
    "1,5,6,7": -0.02850639820098877,
    "2,3,4,5": 0.1674320548772812,
    "2,3,4,6": 0.5181738138198853,
    "2,3,4,7": -0.26912492513656616,
    "2,3,5,6": 0.7756205797195435,
    "2,3,5,7": -0.27784913778305054,
    "2,3,6,7": 0.054416343569755554,
    "2,4,5,6": 0.6569957733154297,
    "2,4,5,7": -0.23025000095367432,
    "2,4,6,7": 0.1316053718328476,
    "2,5,6,7": 0.1986331194639206,
    "3,4,5,6": 0.7731517553329468,
    "3,4,5,7": -0.2860182523727417,
    "3,4,6,7": -0.030652403831481934,
    "3,5,6,7": -0.06831474602222443,
    "4,5,6,7": -0.01209937036037445,
    "0,1,2,3,4": 0.24919642508029938,
    "0,1,2,3,5": 0.15585757791996002,
    "0,1,2,3,6": 0.6104071736335754,
    "0,1,2,3,7": -0.17416690289974213,
    "0,1,2,4,5": 0.23065923154354095,
    "0,1,2,4,6": 0.5797200202941895,
    "0,1,2,4,7": -0.09688431769609451,
    "0,1,2,5,6": 0.6084603071212769,
    "0,1,2,5,7": 0.08149971067905426,
    "0,1,2,6,7": 0.2374183088541031,
    "0,1,3,4,5": 0.16775794327259064,
    "0,1,3,4,6": 0.6606427431106567,
    "0,1,3,4,7": -0.2961534857749939,
    "0,1,3,5,6": 0.6636045575141907,
    "0,1,3,5,7": -0.42628026008605957,
    "0,1,3,6,7": -0.08754870295524597,
    "0,1,4,5,6": 0.5402939915657043,
    "0,1,4,5,7": -0.21807146072387695,
    "0,1,4,6,7": 0.05468015372753143,
    "0,1,5,6,7": -0.028691217303276062,
    "0,2,3,4,5": 0.16680516302585602,
    "0,2,3,4,6": 0.5123835802078247,
    "0,2,3,4,7": -0.26996225118637085,
    "0,2,3,5,6": 0.7801774740219116,
    "0,2,3,5,7": -0.28016769886016846,
    "0,2,3,6,7": 0.0609479695558548,
    "0,2,4,5,6": 0.6426335573196411,
    "0,2,4,5,7": -0.231967955827713,
    "0,2,4,6,7": 0.13421331346035004,
    "0,2,5,6,7": 0.19866739213466644,
    "0,3,4,5,6": 0.7762808799743652,
    "0,3,4,5,7": -0.28502026200294495,
    "0,3,4,6,7": -0.037868186831474304,
    "0,3,5,6,7": -0.06815391778945923,
    "0,4,5,6,7": -0.00909791886806488,
    "1,2,3,4,5": 0.286925733089447,
    "1,2,3,4,6": 0.6209599375724792,
    "1,2,3,4,7": -0.15133678913116455,
    "1,2,3,5,6": 0.6271462440490723,
    "1,2,3,5,7": -0.16344526410102844,
    "1,2,3,6,7": 0.07354895770549774,
    "1,2,4,5,6": 0.633527934551239,
    "1,2,4,5,7": -0.03867150843143463,
    "1,2,4,6,7": 0.15274815261363983,
    "1,2,5,6,7": 0.2889866232872009,
    "1,3,4,5,6": 0.6865206956863403,
    "1,3,4,5,7": -0.24991431832313538,
    "1,3,4,6,7": 0.05942825973033905,
    "1,3,5,6,7": -0.07038581371307373,
    "1,4,5,6,7": 0.10040654242038727,
    "2,3,4,5,6": 0.5856561660766602,