{
  "object_name": "Game",
  "data_type": "game",
  "version": "1.4.2.dev29+g3d3c3a7e6.d20260421",
  "created_from": null,
  "description": null,
  "parameters": {},
  "timestamp": "2026-04-21T12:25:56.404897+00:00Z",
  "metadata": {
    "n_players": 8,
    "game_name": "Game_object",
    "normalization_value": 1.158,
    "precompute_flag": false,
    "precomputed": true,
    "player_names": null
  },
  "data": {
    "Empty": 1.158,
    "0": 1.838,
    "1": 1.158,
    "2": 0.863,
    "3": 0.844,
    "4": 1.158,
    "5": 1.158,
    "6": 2.431,
    "7": 0.668,
    "0,1": 1.034,
    "0,2": 1.838,
    "0,3": 1.838,
    "0,4": 1.838,
    "0,5": 3.32,
    "0,6": 3.585,
    "0,7": 1.484,
    "1,2": 1.48,
    "1,3": 0.844,
    "1,4": 1.158,
    "1,5": 1.158,
    "1,6": 2.431,
    "1,7": 0.702,
    "2,3": 0.863,
    "2,4": 0.863,
    "2,5": 0.813,
    "2,6": 5.00001,
    "2,7": 0.863,
    "3,4": 0.809,
    "3,5": 0.844,
    "3,6": 2.431,
    "3,7": 0.668,
    "4,5": 1.158,
    "4,6": 2.431,
    "4,7": 0.668,
    "5,6": 2.431,
    "5,7": 0.404,
    "6,7": 1.234,
    "0,1,2": 1.034,
    "0,1,3": 1.034,
    "0,1,4": 1.034,
    "0,1,5": 2.927,
    "0,1,6": 2.794,
    "0,1,7": 1.425,
    "0,2,3": 1.838,
    "0,2,4": 1.838,
    "0,2,5": 3.32,
    "0,2,6": 3.585,
    "0,2,7": 1.484,
    "0,3,4": 1.838,
    "0,3,5": 3.32,
    "0,3,6": 3.585,
    "0,3,7": 1.484,
    "0,4,5": 3.32,
    "0,4,6": 3.585,
    "0,4,7": 1.484,
    "0,5,6": 3.319,
    "0,5,7": 3.32,
    "0,6,7": 2.472,
    "1,2,3": 1.48,
    "1,2,4": 1.629,
    "1,2,5": 1.48,
    "1,2,6": 5.00001,
    "1,2,7": 1.48,
    "1,3,4": 0.809,
    "1,3,5": 0.844,
    "1,3,6": 2.431,
    "1,3,7": 0.702,
    "1,4,5": 1.158,
    "1,4,6": 2.431,
    "1,4,7": 0.702,
    "1,5,6": 2.431,
    "1,5,7": 0.404,
    "1,6,7": 1.495,
    "2,3,4": 0.863,
    "2,3,5": 0.813,
    "2,3,6": 5.00001,
    "2,3,7": 0.863,
    "2,4,5": 0.813,
    "2,4,6": 5.00001,
    "2,4,7": 0.863,
    "2,5,6": 5.00001,
    "2,5,7": 0.813,
    "2,6,7": 1.259,
    "3,4,5": 0.809,
    "3,4,6": 2.431,
    "3,4,7": 0.668,
    "3,5,6": 2.431,
    "3,5,7": 0.404,
    "3,6,7": 1.234,
    "4,5,6": 2.431,
    "4,5,7": 0.404,
    "4,6,7": 1.234,
    "5,6,7": 1.338,
    "0,1,2,3": 1.034,
    "0,1,2,4": 1.034,
    "0,1,2,5": 2.927,
    "0,1,2,6": 2.794,
    "0,1,2,7": 1.425,
    "0,1,3,4": 1.034,
    "0,1,3,5": 2.927,
    "0,1,3,6": 2.794,
    "0,1,3,7": 1.425,
    "0,1,4,5": 3.092,
    "0,1,4,6": 2.794,
    "0,1,4,7": 1.425,
    "0,1,5,6": 2.927,
    "0,1,5,7": 0.957,
    "0,1,6,7": 2.208,
    "0,2,3,4": 1.838,
    "0,2,3,5": 3.32,
    "0,2,3,6": 3.585,
    "0,2,3,7": 1.484,
    "0,2,4,5": 3.32,
    "0,2,4,6": 3.585,
    "0,2,4,7": 1.484,
    "0,2,5,6": 3.319,
    "0,2,5,7": 3.32,
    "0,2,6,7": 2.472,
    "0,3,4,5": 3.32,
    "0,3,4,6": 3.585,
    "0,3,4,7": 1.484,
    "0,3,5,6": 3.319,
    "0,3,5,7": 3.32,
    "0,3,6,7": 2.472,
    "0,4,5,6": 3.319,
    "0,4,5,7": 3.32,
    "0,4,6,7": 2.472,
    "0,5,6,7": 3.319,
    "1,2,3,4": 1.629,
    "1,2,3,5": 1.48,
    "1,2,3,6": 5.00001,
    "1,2,3,7": 1.48,
    "1,2,4,5": 1.629,
    "1,2,4,6": 5.00001,
    "1,2,4,7": 1.629,
    "1,2,5,6": 5.00001,
    "1,2,5,7": 1.48,
    "1,2,6,7": 1.259,
    "1,3,4,5": 0.809,
    "1,3,4,6": 2.431,
    "1,3,4,7": 0.702,
    "1,3,5,6": 2.431,
    "1,3,5,7": 0.404,
    "1,3,6,7": 1.495,
    "1,4,5,6": 2.431,
    "1,4,5,7": 0.404,
    "1,4,6,7": 1.238,
    "1,5,6,7": 1.495,
    "2,3,4,5": 0.813,
    "2,3,4,6": 5.00001,
    "2,3,4,7": 0.863,
    "2,3,5,6": 5.00001,
    "2,3,5,7": 0.813,
    "2,3,6,7": 1.259,
    "2,4,5,6": 5.00001,
    "2,4,5,7": 0.813,
    "2,4,6,7": 1.897,
    "2,5,6,7": 1.464,
    "3,4,5,6": 2.431,
    "3,4,5,7": 0.404,
    "3,4,6,7": 1.234,
    "3,5,6,7": 1.338,
    "4,5,6,7": 1.338,
    "0,1,2,3,4": 1.034,
    "0,1,2,3,5": 2.927,
    "0,1,2,3,6": 2.794,
    "0,1,2,3,7": 1.425,
    "0,1,2,4,5": 3.092,
    "0,1,2,4,6": 2.794,
    "0,1,2,4,7": 1.425,
    "0,1,2,5,6": 2.927,
    "0,1,2,5,7": 0.957,
    "0,1,2,6,7": 2.208,
    "0,1,3,4,5": 3.092,
    "0,1,3,4,6": 2.794,
    "0,1,3,4,7": 1.425,
    "0,1,3,5,6": 2.927,
    "0,1,3,5,7": 0.957,
    "0,1,3,6,7": 2.208,
    "0,1,4,5,6": 3.092,
    "0,1,4,5,7": 3.092,
    "0,1,4,6,7": 2.208,
    "0,1,5,6,7": 1.917,
    "0,2,3,4,5": 3.32,
    "0,2,3,4,6": 3.585,
    "0,2,3,4,7": 1.484,
    "0,2,3,5,6": 3.319,
    "0,2,3,5,7": 3.32,
    "0,2,3,6,7": 2.472,
    "0,2,4,5,6": 3.319,
    "0,2,4,5,7": 3.32,
    "0,2,4,6,7": 2.472,
    "0,2,5,6,7": 3.319,
    "0,3,4,5,6": 3.319,
    "0,3,4,5,7": 3.32,
    "0,3,4,6,7": 2.472,
    "0,3,5,6,7": 3.319,
    "0,4,5,6,7": 3.319,
    "1,2,3,4,5": 1.629,
    "1,2,3,4,6": 5.00001,
    "1,2,3,4,7": 1.629,
    "1,2,3,5,6": 5.00001,
    "1,2,3,5,7": 1.48,
    "1,2,3,6,7": 1.259,
    "1,2,4,5,6": 5.00001,
    "1,2,4,5,7": 1.629,
    "1,2,4,6,7": 1.897,
    "1,2,5,6,7": 1.464,
    "1,3,4,5,6": 2.431,
    "1,3,4,5,7": 0.404,
    "1,3,4,6,7": 1.238,
    "1,3,5,6,7": 1.495,
    "1,4,5,6,7": 1.238,
    "2,3,4,5,6": 5.00001,
    "2,3,4,5,7": 0.813,
    "2,3,4,6,7": 1.897,
    "2,3,5,6,7": 1.464,
    "2,4,5,6,7": 1.897,
    "3,4,5,6,7": 1.338,
    "0,1,2,3,4,5": 3.092,
    "0,1,2,3,4,6": 2.794,
    "0,1,2,3,4,7": 1.425,
    "0,1,2,3,5,6": 2.927,
    "0,1,2,3,5,7": 0.957,
    "0,1,2,3,6,7": 2.208,
    "0,1,2,4,5,6": 3.092,
    "0,1,2,4,5,7": 3.092,
    "0,1,2,4,6,7": 2.208,
    "0,1,2,5,6,7": 1.917,
    "0,1,3,4,5,6": 3.092,
    "0,1,3,4,5,7": 3.092,
    "0,1,3,4,6,7": 2.208,
    "0,1,3,5,6,7": 1.917,
    "0,1,4,5,6,7": 3.092,
    "0,2,3,4,5,6": 3.319,
    "0,2,3,4,5,7": 3.32,
    "0,2,3,4,6,7": 2.472,
    "0,2,3,5,6,7": 3.319,
    "0,2,4,5,6,7": 3.319,
    "0,3,4,5,6,7": 3.319,
    "1,2,3,4,5,6": 5.00001,
    "1,2,3,4,5,7": 1.629,
    "1,2,3,4,6,7": 1.897,
    "1,2,3,5,6,7": 1.464,
    "1,2,4,5,6,7": 1.897,
    "1,3,4,5,6,7": 1.238,
    "2,3,4,5,6,7": 1.897,
    "0,1,2,3,4,5,6": 3.092,
    "0,1,2,3,4,5,7": 3.092,
    "0,1,2,3,4,6,7": 2.208,
    "0,1,2,3,5,6,7": 1.917,
    "0,1,2,4,5,6,7": 3.092,
    "0,1,3,4,5,6,7": 3.092,
    "0,2,3,4,5,6,7": 3.319,
    "1,2,3,4,5,6,7": 1.897,
    "0,1,2,3,4,5,6,7": 3.092
  }
}
