{
  "object_name": "Game",
  "data_type": "game",
  "version": "1.4.2.dev29+g3d3c3a7e6.d20260421",
  "created_from": null,
  "description": null,
  "parameters": {},
  "timestamp": "2026-04-21T12:25:56.546414+00:00Z",
  "metadata": {
    "n_players": 8,
    "game_name": "Game_object",
    "normalization_value": 2.0434510707855225,
    "precompute_flag": false,
    "precomputed": true,
    "player_names": null
  },
  "data": {
    "Empty": 2.5909080505371094,
    "0": 3.5195071697235107,
    "1": 3.3220534324645996,
    "2": 2.7670700550079346,
    "3": 2.5012125968933105,
    "4": 2.8103108406066895,
    "5": 2.507021188735962,
    "6": 3.0728111267089844,
    "7": 2.8160223960876465,
    "0,1": 4.132931709289551,
    "0,2": 3.818566083908081,
    "0,3": 4.0562262535095215,
    "0,4": 3.319812059402466,
    "0,5": 3.9423141479492188,
    "0,6": 3.7706825733184814,
    "0,7": 3.9274888038635254,
    "1,2": 3.0767006874084473,
    "1,3": 3.130143165588379,
    "1,4": 2.6100945472717285,
    "1,5": 2.9262752532958984,
    "1,6": 2.8850553035736084,
    "1,7": 2.601301908493042,
    "2,3": 3.2412543296813965,
    "2,4": 3.2709922790527344,
    "2,5": 3.708752393722534,
    "2,6": 3.426370620727539,
    "2,7": 3.049854040145874,
    "3,4": 2.957068681716919,
    "3,5": 2.527287244796753,
    "3,6": 2.915738344192505,
    "3,7": 3.2130191326141357,
    "4,5": 2.604910135269165,
    "4,6": 2.5928776264190674,
    "4,7": 2.647489070892334,
    "5,6": 3.056854724884033,
    "5,7": 2.8464348316192627,
    "6,7": 2.6154990196228027,
    "0,1,2": 3.6541943550109863,
    "0,1,3": 3.491842269897461,
    "0,1,4": 3.9485268592834473,
    "0,1,5": 3.893223285675049,
    "0,1,6": 3.862891674041748,
    "0,1,7": 4.35212516784668,
    "0,2,3": 3.917593002319336,
    "0,2,4": 4.030044078826904,
    "0,2,5": 4.291173934936523,
    "0,2,6": 4.140106678009033,
    "0,2,7": 4.201006889343262,
    "0,3,4": 3.843428373336792,
    "0,3,5": 3.553740978240967,
    "0,3,6": 4.187617301940918,
    "0,3,7": 4.358478546142578,
    "0,4,5": 3.968005418777466,
    "0,4,6": 4.3768792152404785,
    "0,4,7": 3.7562789916992188,
    "0,5,6": 4.247066497802734,
    "0,5,7": 3.6958465576171875,
    "0,6,7": 4.118649482727051,
    "1,2,3": 3.0185697078704834,
    "1,2,4": 2.788093090057373,
    "1,2,5": 3.2060368061065674,
    "1,2,6": 3.3463356494903564,
    "1,2,7": 3.8944602012634277,
    "1,3,4": 2.7584738731384277,
    "1,3,5": 2.262716054916382,
    "1,3,6": 3.1376469135284424,
    "1,3,7": 2.778316020965576,
    "1,4,5": 2.719202995300293,
    "1,4,6": 3.1308085918426514,
    "1,4,7": 3.2081146240234375,
    "1,5,6": 3.1603081226348877,
    "1,5,7": 2.7158148288726807,
    "1,6,7": 2.6954522132873535,
    "2,3,4": 3.1893911361694336,
    "2,3,5": 3.022414207458496,
    "2,3,6": 3.3356456756591797,
    "2,3,7": 3.7214317321777344,
    "2,4,5": 3.7373015880584717,
    "2,4,6": 3.1042680740356445,
    "2,4,7": 3.3609397411346436,
    "2,5,6": 3.1758570671081543,
    "2,5,7": 3.655686140060425,
    "2,6,7": 3.477081298828125,
    "3,4,5": 3.1769111156463623,
    "3,4,6": 3.317800521850586,
    "3,4,7": 3.2257866859436035,
    "3,5,6": 3.1843373775482178,
    "3,5,7": 2.623542070388794,
    "3,6,7": 3.0817270278930664,
    "4,5,6": 3.3369178771972656,
    "4,5,7": 2.5154898166656494,
    "4,6,7": 2.939954996109009,
    "5,6,7": 2.7983479499816895,
    "0,1,2,3": 4.006680965423584,
    "0,1,2,4": 3.7849857807159424,
    "0,1,2,5": 4.198446273803711,
    "0,1,2,6": 4.535406112670898,
    "0,1,2,7": 4.110578536987305,
    "0,1,3,4": 4.007155418395996,
    "0,1,3,5": 4.001643180847168,
    "0,1,3,6": 4.446006774902344,
    "0,1,3,7": 4.005749225616455,
    "0,1,4,5": 3.856586456298828,
    "0,1,4,6": 4.425565719604492,
    "0,1,4,7": 3.915238618850708,
    "0,1,5,6": 3.9870924949645996,
    "0,1,5,7": 4.279183387756348,
    "0,1,6,7": 4.21079158782959,
    "0,2,3,4": 4.09997034072876,
    "0,2,3,5": 3.997556209564209,
    "0,2,3,6": 4.3808159828186035,
    "0,2,3,7": 4.528026103973389,
    "0,2,4,5": 4.098379135131836,
    "0,2,4,6": 4.183469295501709,
    "0,2,4,7": 4.2199835777282715,
    "0,2,5,6": 3.786777973175049,
    "0,2,5,7": 4.349766254425049,
    "0,2,6,7": 4.398299694061279,
    "0,3,4,5": 4.010727882385254,
    "0,3,4,6": 4.087939262390137,
    "0,3,4,7": 4.083408355712891,
    "0,3,5,6": 3.966641902923584,
    "0,3,5,7": 3.8820528984069824,
    "0,3,6,7": 4.253088474273682,
    "0,4,5,6": 4.306466102600098,
    "0,4,5,7": 3.940028429031372,
    "0,4,6,7": 4.292027473449707,
    "0,5,6,7": 4.1527533531188965,
    "1,2,3,4": 2.661989688873291,
    "1,2,3,5": 3.0652942657470703,
    "1,2,3,6": 3.542330265045166,
    "1,2,3,7": 2.4589784145355225,
    "1,2,4,5": 2.489309549331665,
    "1,2,4,6": 2.9957213401794434,
    "1,2,4,7": 2.638869524002075,
    "1,2,5,6": 3.1723952293395996,
    "1,2,5,7": 3.2924156188964844,
    "1,2,6,7": 3.45881724357605,
    "1,3,4,5": 3.0442261695861816,
    "1,3,4,6": 2.7733967304229736,
    "1,3,4,7": 3.2190213203430176,
    "1,3,5,6": 2.875246524810791,
    "1,3,5,7": 2.9120752811431885,
    "1,3,6,7": 3.4536640644073486,
    "1,4,5,6": 2.667539119720459,
    "1,4,5,7": 3.1386172771453857,
    "1,4,6,7": 3.3295695781707764,
    "1,5,6,7": 2.914360284805298,
    "2,3,4,5": 2.68040132522583,
    "2,3,4,6": 3.2099850177764893,
    "2,3,4,7": 3.4080567359924316,
    "2,3,5,6": 3.317774534225464,
    "2,3,5,7": 3.1217384338378906,
    "2,3,6,7": 3.456101894378662,
    "2,4,5,6": 3.558490037918091,
    "2,4,5,7": 3.1948485374450684,
    "2,4,6,7": 3.5774388313293457,
    "2,5,6,7": 3.250927448272705,
    "3,4,5,6": 2.7625250816345215,
    "3,4,5,7": 3.1428062915802,
    "3,4,6,7": 2.9308009147644043,
    "3,5,6,7": 2.7587218284606934,
    "4,5,6,7": 3.055968761444092,
    "0,1,2,3,4": 3.791428327560425,
    "0,1,2,3,5": 4.007383823394775,
    "0,1,2,3,6": 4.062193393707275,
    "0,1,2,3,7": 4.491776466369629,
    "0,1,2,4,5": 4.3878045082092285,
    "0,1,2,4,6": 4.127877712249756,
    "0,1,2,4,7": 4.281886577606201,
    "0,1,2,5,6": 4.294927597045898,
    "0,1,2,5,7": 4.615652084350586,
    "0,1,2,6,7": 4.295368671417236,
    "0,1,3,4,5": 3.9970507621765137,
    "0,1,3,4,6": 4.0654473304748535,
    "0,1,3,4,7": 4.610604763031006,
    "0,1,3,5,6": 4.4735002517700195,
    "0,1,3,5,7": 4.379256725311279,
    "0,1,3,6,7": 4.259406566619873,
    "0,1,4,5,6": 4.243861675262451,
    "0,1,4,5,7": 4.45662260055542,
    "0,1,4,6,7": 4.265887260437012,
    "0,1,5,6,7": 4.273009300231934,
    "0,2,3,4,5": 3.745084285736084,
    "0,2,3,4,6": 4.296380043029785,
    "0,2,3,4,7": 4.2473063468933105,
    "0,2,3,5,6": 4.530943393707275,
    "0,2,3,5,7": 3.745666027069092,
    "0,2,3,6,7": 4.38968563079834,
    "0,2,4,5,6": 4.150866508483887,
    "0,2,4,5,7": 3.9591598510742188,
    "0,2,4,6,7": 4.345127105712891,
    "0,2,5,6,7": 4.332737922668457,
    "0,3,4,5,6": 4.50355863571167,
    "0,3,4,5,7": 3.793349504470825,
    "0,3,4,6,7": 4.288103103637695,
    "0,3,5,6,7": 4.323769569396973,
    "0,4,5,6,7": 4.293688774108887,
    "1,2,3,4,5": 3.34649658203125,
    "1,2,3,4,6": 3.708314895629883,
    "1,2,3,4,7": 3.451411008834839,
    "1,2,3,5,6": 2.848533868789673,
    "1,2,3,5,7": 2.988649845123291,
    "1,2,3,6,7": 3.2799346446990967,
    "1,2,4,5,6": 3.6081676483154297,
    "1,2,4,5,7": 3.075378894805908,
    "1,2,4,6,7": 3.274526596069336,
    "1,2,5,6,7": 3.5325615406036377,
    "1,3,4,5,6": 3.416790723800659,
    "1,3,4,5,7": 3.259451389312744,
    "1,3,4,6,7": 2.809330463409424,
    "1,3,5,6,7": 3.3099193572998047,
    "1,4,5,6,7": 3.253127336502075,
    "2,3,4,5,6": 3.082852840423584,
    "2,3,4,5,7": 2.6806817054748535,
    "2,3,4,6,7": 3.4013965129852295,
    "2,3,5,6,7": 3.7776401042938232,
    "2,4,5,6,7": 3.5642521381378174,
    "3,4,5,6,7": 2.9595513343811035,
    "0,1,2,3,4,5": 3.92663311958313,
    "0,1,2,3,4,6": 4.54439115524292,
    "0,1,2,3,4,7": 4.0916948318481445,
    "0,1,2,3,5,6": 4.318262100219727,
    "0,1,2,3,5,7": 3.990795850753784,