{
  "object_name": "Game",
  "data_type": "game",
  "version": "1.4.2.dev29+g3d3c3a7e6.d20260421",
  "created_from": null,
  "description": null,
  "parameters": {},
  "timestamp": "2026-04-21T12:25:56.762567+00:00Z",
  "metadata": {
    "n_players": 8,
    "game_name": "Game_object",
    "normalization_value": 0.9179999999999999,
    "precompute_flag": false,
    "precomputed": true,
    "player_names": null
  },
  "data": {
    "Empty": 0.9179999999999999,
    "0": 0.8694,
    "1": 1.0903,
    "2": 1.0091999999999999,
    "3": 0.9243,
    "4": 0.9982999999999999,
    "5": 1.0153,
    "6": 3.1266019999999997,
    "7": 0.8564,
    "0,1": 1.0957,
    "0,2": 1.1122,
    "0,3": 0.8531000000000001,
    "0,4": 0.9457999999999999,
    "0,5": 1.4357000000000002,
    "0,6": 3.121502,
    "0,7": 0.8597000000000001,
    "1,2": 1.1333,
    "1,3": 1.1129,
    "1,4": 1.0638999999999998,
    "1,5": 1.2504000000000002,
    "1,6": 3.017301,
    "1,7": 0.9914,
    "2,3": 1.0154999999999998,
    "2,4": 1.0894999999999997,
    "2,5": 1.2676,
    "2,6": 3.331102,
    "2,7": 0.9988999999999999,
    "3,4": 1.0256999999999998,
    "3,5": 1.0374,
    "3,6": 3.052602,
    "3,7": 0.8299,
    "4,5": 1.1105,
    "4,6": 2.8857019999999998,
    "4,7": 0.9273,
    "5,6": 3.1693019999999996,
    "5,7": 1.1688999999999998,
    "6,7": 1.1118,
    "0,1,2": 1.2775,
    "0,1,3": 1.0957,
    "0,1,4": 1.0559999999999998,
    "0,1,5": 1.238,
    "0,1,6": 2.997601,
    "0,1,7": 1.0147,
    "0,2,3": 1.0958999999999999,
    "0,2,4": 1.1885999999999999,
    "0,2,5": 1.6999000000000002,
    "0,2,6": 3.278802,
    "0,2,7": 1.1338000000000001,
    "0,3,4": 0.9295,
    "0,3,5": 1.5244010000000001,
    "0,3,6": 3.121502,
    "0,3,7": 0.8332,
    "0,4,5": 1.3726000000000003,
    "0,4,6": 2.942902,
    "0,4,7": 0.9488999999999999,
    "0,5,6": 3.4167019999999995,
    "0,5,7": 1.2798,
    "0,6,7": 1.0928,
    "1,2,3": 1.1529,
    "1,2,4": 1.1333,
    "1,2,5": 1.3135,
    "1,2,6": 3.2065009999999994,
    "1,2,7": 1.0979999999999999,
    "1,3,4": 1.1076000000000001,
    "1,3,5": 1.4457,
    "1,3,6": 2.943301,
    "1,3,7": 0.9914,
    "1,4,5": 1.3475000000000001,
    "1,4,6": 2.779901,
    "1,4,7": 0.9879,
    "1,5,6": 3.024901,
    "1,5,7": 1.2921,
    "1,6,7": 1.0402,
    "2,3,4": 1.1168999999999998,
    "2,3,5": 1.414701,
    "2,3,6": 3.2571019999999997,
    "2,3,7": 0.9751,
    "2,4,5": 1.5031,
    "2,4,6": 2.9793019999999997,
    "2,4,7": 1.0697999999999999,
    "2,5,6": 3.1841019999999998,
    "2,5,7": 1.4189,
    "2,6,7": 1.2018999999999997,
    "3,4,5": 1.1358000000000001,
    "3,4,6": 2.850802,
    "3,4,7": 0.9007999999999999,
    "3,5,6": 3.052402,
    "3,5,7": 1.1450999999999998,
    "3,6,7": 1.108,
    "4,5,6": 3.1182019999999997,
    "4,5,7": 1.2124,
    "4,6,7": 1.0358999999999998,
    "5,6,7": 1.5352000000000001,
    "0,1,2,3": 1.2745000000000002,
    "0,1,2,4": 1.2641999999999998,
    "0,1,2,5": 1.4045,
    "0,1,2,6": 3.1278010000000003,
    "0,1,2,7": 1.182,
    "0,1,3,4": 1.0559999999999998,
    "0,1,3,5": 1.43,
    "0,1,3,6": 2.997601,
    "0,1,3,7": 1.0147,
    "0,1,4,5": 1.2904999999999998,
    "0,1,4,6": 2.822501,
    "0,1,4,7": 1.0056,
    "0,1,5,6": 2.951501,
    "0,1,5,7": 1.3873000000000002,
    "0,1,6,7": 1.0344,
    "0,2,3,4": 1.1723,
    "0,2,3,5": 1.8852010000000003,
    "0,2,3,6": 3.272702,
    "0,2,3,7": 1.11,
    "0,2,4,5": 1.7771000000000001,
    "0,2,4,6": 2.989302,
    "0,2,4,7": 1.223,
    "0,2,5,6": 3.305802,
    "0,2,5,7": 1.6778000000000002,
    "0,2,6,7": 1.524,
    "0,3,4,5": 1.4645009999999998,
    "0,3,4,6": 2.942902,
    "0,3,4,7": 0.9223999999999999,
    "0,3,5,6": 3.3387029999999998,
    "0,3,5,7": 1.256,
    "0,3,6,7": 1.0928,
    "0,4,5,6": 3.331602,
    "0,4,5,7": 1.3259999999999998,
    "0,4,6,7": 1.0444,
    "0,5,6,7": 1.8932000000000002,
    "1,2,3,4": 1.174,
    "1,2,3,5": 1.4674999999999998,
    "1,2,3,6": 3.132501,
    "1,2,3,7": 1.0553,
    "1,2,4,5": 1.4106,
    "1,2,4,6": 2.969101,
    "1,2,4,7": 1.0979999999999999,
    "1,2,5,6": 3.029001,
    "1,2,5,7": 1.3951999999999998,
    "1,2,6,7": 1.1776,
    "1,3,4,5": 1.4457,
    "1,3,4,6": 2.7450010000000002,
    "1,3,4,7": 0.9879,
    "1,3,5,6": 2.9690009999999996,
    "1,3,5,7": 1.3056999999999999,
    "1,3,6,7": 1.0373,
    "1,4,5,6": 2.795301,
    "1,4,5,7": 1.2886,
    "1,4,6,7": 1.06,
    "1,5,6,7": 1.284,
    "2,3,4,5": 1.6502009999999998,
    "2,3,4,6": 2.9444019999999997,
    "2,3,4,7": 1.0459999999999998,
    "2,3,5,6": 3.3091029999999995,
    "2,3,5,7": 1.520101,
    "2,3,6,7": 1.1665999999999999,
    "2,4,5,6": 3.2733019999999997,
    "2,4,5,7": 1.6439999999999997,
    "2,4,6,7": 1.0864999999999998,
    "2,5,6,7": 1.5862,
    "3,4,5,6": 3.0045019999999996,
    "3,4,5,7": 1.1885999999999999,
    "3,4,6,7": 1.0595999999999999,
    "3,5,6,7": 1.4183,
    "4,5,6,7": 1.5617,
    "0,1,2,3,4": 1.2611999999999999,
    "0,1,2,3,5": 1.5552,
    "0,1,2,3,6": 3.1217010000000003,
    "0,1,2,3,7": 1.1393,
    "0,1,2,4,5": 1.4569999999999999,
    "0,1,2,4,6": 2.9527010000000002,
    "0,1,2,4,7": 1.1764,
    "0,1,2,5,6": 2.943801,
    "0,1,2,5,7": 1.5286000000000002,
    "0,1,2,6,7": 1.4846,
    "0,1,3,4,5": 1.43,
    "0,1,3,4,6": 2.822501,
    "0,1,3,4,7": 1.0056,
    "0,1,3,5,6": 2.8956009999999996,
    "0,1,3,5,7": 1.4009,
    "0,1,3,6,7": 1.0314999999999999,
    "0,1,4,5,6": 2.693101,
    "0,1,4,5,7": 1.3838000000000001,
    "0,1,4,6,7": 1.0542,
    "0,1,5,6,7": 1.6464000000000003,
    "0,2,3,4,5": 1.9624009999999998,
    "0,2,3,4,6": 2.983202,
    "0,2,3,4,7": 1.1991999999999998,
    "0,2,3,5,6": 3.4309029999999994,
    "0,2,3,5,7": 1.7790010000000003,
    "0,2,3,6,7": 1.3639,
    "0,2,4,5,6": 3.361002,
    "0,2,4,5,7": 1.9056000000000002,
    "0,2,4,6,7": 1.4085999999999999,
    "0,2,5,6,7": 1.9725000000000006,
    "0,3,4,5,6": 3.333303,
    "0,3,4,5,7": 1.3021999999999998,
    "0,3,4,6,7": 1.0444,
    "0,3,5,6,7": 1.7763000000000002,
    "0,4,5,6,7": 1.9224,
    "1,2,3,4,5": 1.4674999999999998,
    "1,2,3,4,6": 2.9342010000000003,
    "1,2,3,4,7": 1.0553,
    "1,2,3,5,6": 2.9731009999999993,
    "1,2,3,5,7": 1.3691,
    "1,2,3,6,7": 1.0920999999999998,
    "1,2,4,5,6": 2.799401,
    "1,2,4,5,7": 1.3951999999999998,
    "1,2,4,6,7": 1.2009,
    "1,2,5,6,7": 1.4262000000000001,
    "1,3,4,5,6": 2.739401,
    "1,3,4,5,7": 1.3021999999999998,
    "1,3,4,6,7": 1.0571000000000002,
    "1,3,5,6,7": 1.2976000000000003,
    "1,4,5,6,7": 1.2735000000000003,
    "2,3,4,5,6": 3.398303,
    "2,3,4,5,7": 1.7452009999999998,
    "2,3,4,6,7": 1.0512,
    "2,3,5,6,7": 1.675901,
    "2,4,5,6,7": 1.8013,
    "3,4,5,6,7": 1.4448,
    "0,1,2,3,4,5": 1.5552,
    "0,1,2,3,4,6": 2.9466010000000002,
    "0,1,2,3,4,7": 1.1337,
    "0,1,2,3,5,6": 2.887901,
    "0,1,2,3,5,7": 1.5025,
    "0,1,2,3,6,7": 1.336,
    "0,1,2,4,5,6": 2.685401,
    "0,1,2,4,5,7": 1.5286000000000002,
    "0,1,2,4,6,7": 1.5079,
    "0,1,2,5,6,7": 1.8018,
    "0,1,3,4,5,6": 2.637201,
    "0,1,3,4,5,7": 1.3974,
    "0,1,3,4,6,7": 1.0513,
    "0,1,3,5,6,7": 1.6600000000000001,
    "0,1,4,5,6,7": 1.6359000000000001,
    "0,2,3,4,5,6": 3.562603,
    "0,2,3,4,5,7": 2.006801,
    "0,2,3,4,6,7": 1.2485,
    "0,2,3,5,6,7": 2.0622010000000004,
    "0,2,4,5,6,7": 2.1902999999999997,
    "0,3,4,5,6,7": 1.8054999999999999,
    "1,2,3,4,5,6": 2.7435009999999997,
    "1,2,3,4,5,7": 1.3691,
    "1,2,3,4,6,7": 1.1154,
    "1,2,3,5,6,7": 1.3572000000000002,
    "1,2,4,5,6,7": 1.4262000000000001,
    "1,3,4,5,6,7": 1.2871000000000001,
    "2,3,4,5,6,7": 1.891001,
    "0,1,2,3,4,5,6": 2.6295010000000003,
    "0,1,2,3,4,5,7": 1.5025,
    "0,1,2,3,4,6,7": 1.3593,
    "0,1,2,3,5,6,7": 1.7328,
    "0,1,2,4,5,6,7": 1.8018,
    "0,1,3,4,5,6,7": 1.6495000000000002,
    "0,2,3,4,5,6,7": 2.2800009999999995,
    "1,2,3,4,5,6,7": 1.3572000000000002,
    "0,1,2,3,4,5,6,7": 1.7328
  }
}
