{
  "object_name": "Game",
  "data_type": "game",
  "version": "1.4.2.dev29+g3d3c3a7e6.d20260421",
  "created_from": null,
  "description": null,
  "parameters": {},
  "timestamp": "2026-04-21T12:25:56.535507+00:00Z",
  "metadata": {
    "n_players": 8,
    "game_name": "Game_object",
    "normalization_value": 2.0434510707855225,
    "precompute_flag": false,
    "precomputed": true,
    "player_names": null
  },
  "data": {
    "Empty": 2.4210798740386963,
    "0": 2.134456157684326,
    "1": 2.222888708114624,
    "2": 2.2074131965637207,
    "3": 2.484694004058838,
    "4": 2.485414981842041,
    "5": 2.368941068649292,
    "6": 2.018430233001709,
    "7": 2.857079029083252,
    "0,1": 2.352980375289917,
    "0,2": 2.280555009841919,
    "0,3": 2.463751792907715,
    "0,4": 2.2625057697296143,
    "0,5": 2.4180655479431152,
    "0,6": 2.1357600688934326,
    "0,7": 3.349412441253662,
    "1,2": 2.6954092979431152,
    "1,3": 2.3896772861480713,
    "1,4": 2.466806411743164,
    "1,5": 2.409790515899658,
    "1,6": 2.5406594276428223,
    "1,7": 3.058938980102539,
    "2,3": 2.44758939743042,
    "2,4": 2.6131038665771484,
    "2,5": 2.1370413303375244,
    "2,6": 2.0442042350769043,
    "2,7": 2.582653760910034,
    "3,4": 2.5000462532043457,
    "3,5": 2.177053689956665,
    "3,6": 2.226426362991333,
    "3,7": 3.1320228576660156,
    "4,5": 2.303133964538574,
    "4,6": 2.360856533050537,
    "4,7": 2.78340482711792,
    "5,6": 1.822008728981018,
    "5,7": 2.9792823791503906,
    "6,7": 2.3500919342041016,
    "0,1,2": 1.9751640558242798,
    "0,1,3": 2.6480650901794434,
    "0,1,4": 2.338313579559326,
    "0,1,5": 2.0334339141845703,
    "0,1,6": 2.3763298988342285,
    "0,1,7": 2.5893359184265137,
    "0,2,3": 2.3568215370178223,
    "0,2,4": 2.133258104324341,
    "0,2,5": 2.1700525283813477,
    "0,2,6": 1.957453966140747,
    "0,2,7": 3.193019390106201,
    "0,3,4": 2.4602854251861572,
    "0,3,5": 2.1217129230499268,
    "0,3,6": 2.4726948738098145,
    "0,3,7": 2.995936155319214,
    "0,4,5": 2.3172836303710938,
    "0,4,6": 2.4430575370788574,
    "0,4,7": 2.9866368770599365,
    "0,5,6": 2.0797197818756104,
    "0,5,7": 2.6224775314331055,
    "0,6,7": 2.27986478805542,
    "1,2,3": 2.229294538497925,
    "1,2,4": 2.1400258541107178,
    "1,2,5": 2.027937412261963,
    "1,2,6": 2.241697311401367,
    "1,2,7": 3.450991153717041,
    "1,3,4": 2.1764609813690186,
    "1,3,5": 2.176494598388672,
    "1,3,6": 2.3796188831329346,
    "1,3,7": 3.4417545795440674,
    "1,4,5": 2.1348609924316406,
    "1,4,6": 2.3057591915130615,
    "1,4,7": 3.2356369495391846,
    "1,5,6": 2.014930248260498,
    "1,5,7": 2.8164188861846924,
    "1,6,7": 2.663583278656006,
    "2,3,4": 2.2893409729003906,
    "2,3,5": 1.9468475580215454,
    "2,3,6": 2.4059855937957764,
    "2,3,7": 2.819566011428833,
    "2,4,5": 2.5068671703338623,
    "2,4,6": 2.3452184200286865,
    "2,4,7": 3.449866771697998,
    "2,5,6": 2.0484397411346436,
    "2,5,7": 2.7021193504333496,
    "2,6,7": 2.1271862983703613,
    "3,4,5": 2.130197048187256,
    "3,4,6": 2.0858705043792725,
    "3,4,7": 3.120079755783081,
    "3,5,6": 2.339833974838257,
    "3,5,7": 2.7860093116760254,
    "3,6,7": 2.1703922748565674,
    "4,5,6": 2.3346829414367676,
    "4,5,7": 2.9776382446289062,
    "4,6,7": 2.467216730117798,
    "5,6,7": 2.4516987800598145,
    "0,1,2,3": 2.430509090423584,
    "0,1,2,4": 2.423374652862549,
    "0,1,2,5": 2.2783608436584473,
    "0,1,2,6": 2.020845413208008,
    "0,1,2,7": 2.9175686836242676,
    "0,1,3,4": 2.05129075050354,
    "0,1,3,5": 2.2883872985839844,
    "0,1,3,6": 2.2455568313598633,
    "0,1,3,7": 2.8183071613311768,
    "0,1,4,5": 2.1182851791381836,
    "0,1,4,6": 2.1187949180603027,
    "0,1,4,7": 3.2439613342285156,
    "0,1,5,6": 2.089501142501831,
    "0,1,5,7": 3.3174889087677,
    "0,1,6,7": 2.2956175804138184,
    "0,2,3,4": 2.330228328704834,
    "0,2,3,5": 2.3288209438323975,
    "0,2,3,6": 2.1039721965789795,
    "0,2,3,7": 3.430380344390869,
    "0,2,4,5": 2.050319194793701,
    "0,2,4,6": 2.2732603549957275,
    "0,2,4,7": 3.2938144207000732,
    "0,2,5,6": 2.055283308029175,
    "0,2,5,7": 3.4853720664978027,
    "0,2,6,7": 2.210010051727295,
    "0,3,4,5": 2.131073236465454,
    "0,3,4,6": 2.1633238792419434,
    "0,3,4,7": 2.7942121028900146,
    "0,3,5,6": 2.049475908279419,
    "0,3,5,7": 3.220386028289795,
    "0,3,6,7": 2.332963705062866,
    "0,4,5,6": 2.152179479598999,
    "0,4,5,7": 3.126676321029663,
    "0,4,6,7": 2.2679073810577393,
    "0,5,6,7": 2.1126532554626465,
    "1,2,3,4": 2.1430444717407227,
    "1,2,3,5": 1.860588788986206,
    "1,2,3,6": 2.5383338928222656,
    "1,2,3,7": 3.1275076866149902,
    "1,2,4,5": 2.1051583290100098,
    "1,2,4,6": 2.481379985809326,
    "1,2,4,7": 3.0133719444274902,
    "1,2,5,6": 2.011937379837036,
    "1,2,5,7": 2.744204044342041,
    "1,2,6,7": 2.053018093109131,
    "1,3,4,5": 2.1822314262390137,
    "1,3,4,6": 2.6863808631896973,
    "1,3,4,7": 3.248082399368286,
    "1,3,5,6": 2.08856463432312,
    "1,3,5,7": 3.3686766624450684,
    "1,3,6,7": 2.264223337173462,
    "1,4,5,6": 2.0978493690490723,
    "1,4,5,7": 3.089193344116211,
    "1,4,6,7": 2.453127861022949,
    "1,5,6,7": 2.025850296020508,
    "2,3,4,5": 2.1245741844177246,
    "2,3,4,6": 2.2092432975769043,
    "2,3,4,7": 3.000849485397339,
    "2,3,5,6": 2.2115328311920166,
    "2,3,5,7": 2.7396655082702637,
    "2,3,6,7": 2.718400001525879,
    "2,4,5,6": 2.0868256092071533,
    "2,4,5,7": 2.6743500232696533,
    "2,4,6,7": 2.110940456390381,
    "2,5,6,7": 2.068289279937744,
    "3,4,5,6": 2.180023193359375,
    "3,4,5,7": 2.8767178058624268,
    "3,4,6,7": 2.6506948471069336,
    "3,5,6,7": 2.162747383117676,
    "4,5,6,7": 2.1157946586608887,
    "0,1,2,3,4": 2.241018533706665,
    "0,1,2,3,5": 2.3822309970855713,
    "0,1,2,3,6": 2.045205593109131,
    "0,1,2,3,7": 2.7976601123809814,
    "0,1,2,4,5": 2.056739091873169,
    "0,1,2,4,6": 2.046572208404541,
    "0,1,2,4,7": 3.553298234939575,
    "0,1,2,5,6": 1.975586175918579,
    "0,1,2,5,7": 2.8510069847106934,
    "0,1,2,6,7": 2.199786901473999,
    "0,1,3,4,5": 2.0980749130249023,
    "0,1,3,4,6": 1.799239158630371,
    "0,1,3,4,7": 3.1740376949310303,
    "0,1,3,5,6": 1.9294198751449585,
    "0,1,3,5,7": 2.7538092136383057,
    "0,1,3,6,7": 2.3282244205474854,
    "0,1,4,5,6": 2.069519519805908,
    "0,1,4,5,7": 2.976102352142334,
    "0,1,4,6,7": 2.2850000858306885,
    "0,1,5,6,7": 2.149552583694458,
    "0,2,3,4,5": 2.0954995155334473,
    "0,2,3,4,6": 2.0402982234954834,
    "0,2,3,4,7": 2.6395857334136963,
    "0,2,3,5,6": 1.9339487552642822,
    "0,2,3,5,7": 2.742119312286377,
    "0,2,3,6,7": 2.18544602394104,
    "0,2,4,5,6": 2.004472017288208,
    "0,2,4,5,7": 3.105790615081787,
    "0,2,4,6,7": 2.108616352081299,
    "0,2,5,6,7": 2.0357108116149902,
    "0,3,4,5,6": 2.3011581897735596,
    "0,3,4,5,7": 2.991788625717163,
    "0,3,4,6,7": 2.2502458095550537,
    "0,3,5,6,7": 2.150977373123169,
    "0,4,5,6,7": 2.0694024562835693,
    "1,2,3,4,5": 2.2647464275360107,
    "1,2,3,4,6": 2.2808306217193604,
    "1,2,3,4,7": 3.4040286540985107,
    "1,2,3,5,6": 2.2636983394622803,
    "1,2,3,5,7": 3.116250514984131,
    "1,2,3,6,7": 2.3383896350860596,
    "1,2,4,5,6": 2.0555601119995117,
    "1,2,4,5,7": 2.7289679050445557,
    "1,2,4,6,7": 2.200671672821045,
    "1,2,5,6,7": 2.0927376747131348,
    "1,3,4,5,6": 1.9787362813949585,
    "1,3,4,5,7": 2.8272533416748047,
    "1,3,4,6,7": 2.65388822555542,
    "1,3,5,6,7": 2.0744128227233887,
    "1,4,5,6,7": 2.3857080936431885,
    "2,3,4,5,6": 2.0788185596466064,
    "2,3,4,5,7": 2.9132423400878906,
    "2,3,4,6,7": 2.253962993621826,
    "2,3,5,6,7": 2.125258684158325,
    "2,4,5,6,7": 2.057610511779785,
    "3,4,5,6,7": 2.1802849769592285,
    "0,1,2,3,4,5": 2.2908852100372314,
    "0,1,2,3,4,6": 2.015359401702881,
    "0,1,2,3,4,7": 3.164677143096924,
    "0,1,2,3,5,6": 2.0364151000976562,