{
  "object_name": "Game",
  "data_type": "game",
  "version": "1.4.2.dev29+g3d3c3a7e6.d20260421",
  "created_from": null,
  "description": null,
  "parameters": {},
  "timestamp": "2026-04-21T12:25:56.304814+00:00Z",
  "metadata": {
    "n_players": 8,
    "game_name": "Game_object",
    "normalization_value": 2.056467975,
    "precompute_flag": false,
    "precomputed": true,
    "player_names": null
  },
  "data": {
    "Empty": 2.6497,
    "0": 2.6854,
    "1": 2.4772999999999996,
    "2": 2.404502,
    "3": 3.046202,
    "4": 2.2526,
    "5": 2.0857,
    "6": 2.7105,
    "7": 3.157301,
    "0,1": 2.4023010000000005,
    "0,2": 2.5461,
    "0,3": 2.8554000000000004,
    "0,4": 1.9166999999999998,
    "0,5": 2.4874,
    "0,6": 2.540401,
    "0,7": 2.6052000000000004,
    "1,2": 2.0833,
    "1,3": 2.7102,
    "1,4": 2.7260999999999997,
    "1,5": 2.926501,
    "1,6": 2.7558000000000002,
    "1,7": 2.738401,
    "2,3": 2.839801,
    "2,4": 2.181401,
    "2,5": 2.3068000000000004,
    "2,6": 2.736101,
    "2,7": 2.1826009999999996,
    "3,4": 2.1487,
    "3,5": 2.1899000000000006,
    "3,6": 3.304103,
    "3,7": 2.0361,
    "4,5": 2.7653009999999996,
    "4,6": 2.5293,
    "4,7": 3.4285020000000004,
    "5,6": 2.4028,
    "5,7": 2.5748000000000006,
    "6,7": 2.750401,
    "0,1,2": 2.6683999999999997,
    "0,1,3": 2.255,
    "0,1,4": 2.8446000000000002,
    "0,1,5": 2.5341,
    "0,1,6": 2.4427000000000003,
    "0,1,7": 2.817601,
    "0,2,3": 2.3552,
    "0,2,4": 2.7130020000000004,
    "0,2,5": 2.3411,
    "0,2,6": 2.6874000000000002,
    "0,2,7": 2.7629,
    "0,3,4": 2.1336,
    "0,3,5": 2.2816,
    "0,3,6": 2.7046,
    "0,3,7": 2.322,
    "0,4,5": 2.0300000000000002,
    "0,4,6": 3.2543009999999994,
    "0,4,7": 2.803501,
    "0,5,6": 2.2735999999999996,
    "0,5,7": 2.3278,
    "0,6,7": 2.2232,
    "1,2,3": 1.8964000000000003,
    "1,2,4": 2.5162,
    "1,2,5": 1.8933999999999997,
    "1,2,6": 2.727101,
    "1,2,7": 2.7931,
    "1,3,4": 2.0862999999999996,
    "1,3,5": 2.4459,
    "1,3,6": 2.727601,
    "1,3,7": 2.8326000000000002,
    "1,4,5": 2.1715,
    "1,4,6": 2.4424,
    "1,4,7": 3.1296019999999998,
    "1,5,6": 2.9224000000000006,
    "1,5,7": 2.2438000000000002,
    "1,6,7": 3.1209019999999996,
    "2,3,4": 2.5540999999999996,
    "2,3,5": 2.3911,
    "2,3,6": 2.8632020000000002,
    "2,3,7": 2.7873000000000006,
    "2,4,5": 2.4323000000000006,
    "2,4,6": 2.5680009999999998,
    "2,4,7": 2.9336029999999997,
    "2,5,6": 2.7817,
    "2,5,7": 2.2427,
    "2,6,7": 3.0517000000000003,
    "3,4,5": 2.4588,
    "3,4,6": 2.8341,
    "3,4,7": 2.4038999999999997,
    "3,5,6": 2.4715,
    "3,5,7": 2.5545,
    "3,6,7": 2.6408000000000005,
    "4,5,6": 2.0873,
    "4,5,7": 2.3194000000000004,
    "4,6,7": 3.744704,
    "5,6,7": 3.0055,
    "0,1,2,3": 2.6301010000000002,
    "0,1,2,4": 2.4053999999999998,
    "0,1,2,5": 2.3197,
    "0,1,2,6": 3.014501,
    "0,1,2,7": 2.336501,
    "0,1,3,4": 3.021401,
    "0,1,3,5": 2.2668999999999997,
    "0,1,3,6": 2.4016000000000006,
    "0,1,3,7": 2.3091,
    "0,1,4,5": 2.3627000000000002,
    "0,1,4,6": 3.085003,
    "0,1,4,7": 2.653701,
    "0,1,5,6": 2.7663,
    "0,1,5,7": 1.8972000000000002,
    "0,1,6,7": 2.366301,
    "0,2,3,4": 2.7412,
    "0,2,3,5": 2.2789,
    "0,2,3,6": 2.5720009999999998,
    "0,2,3,7": 2.8615019999999998,
    "0,2,4,5": 2.4045,
    "0,2,4,6": 3.377601,
    "0,2,4,7": 2.644602,
    "0,2,5,6": 2.1844,
    "0,2,5,7": 2.532,
    "0,2,6,7": 2.9503009999999996,
    "0,3,4,5": 1.9521000000000002,
    "0,3,4,6": 2.529601,
    "0,3,4,7": 2.880302,
    "0,3,5,6": 2.4616,
    "0,3,5,7": 2.3226000000000004,
    "0,3,6,7": 2.9475000000000002,
    "0,4,5,6": 2.9620999999999995,
    "0,4,5,7": 2.1765,
    "0,4,6,7": 3.280302,
    "0,5,6,7": 2.3299,
    "1,2,3,4": 1.6553999999999998,
    "1,2,3,5": 2.417401,
    "1,2,3,6": 2.7083,
    "1,2,3,7": 2.509701,
    "1,2,4,5": 2.5164999999999997,
    "1,2,4,6": 2.3741,
    "1,2,4,7": 2.6409010000000004,
    "1,2,5,6": 2.1008,
    "1,2,5,7": 2.815601,
    "1,2,6,7": 3.095901,
    "1,3,4,5": 2.7006000000000006,
    "1,3,4,6": 2.2036,
    "1,3,4,7": 3.183203,
    "1,3,5,6": 2.3549,
    "1,3,5,7": 2.737901,
    "1,3,6,7": 2.4479,
    "1,4,5,6": 2.4735,
    "1,4,5,7": 2.4341,
    "1,4,6,7": 3.1588020000000006,
    "1,5,6,7": 2.7031,
    "2,3,4,5": 2.2799,
    "2,3,4,6": 3.4595010000000004,
    "2,3,4,7": 3.470303,
    "2,3,5,6": 2.5113,
    "2,3,5,7": 2.3152999999999997,
    "2,3,6,7": 2.5765,
    "2,4,5,6": 3.0992000000000006,
    "2,4,5,7": 2.5951999999999997,
    "2,4,6,7": 2.7146,
    "2,5,6,7": 2.7441,
    "3,4,5,6": 3.0518,
    "3,4,5,7": 2.6657,
    "3,4,6,7": 2.7369999999999997,
    "3,5,6,7": 2.6571000000000002,
    "4,5,6,7": 2.621,
    "0,1,2,3,4": 2.4853,
    "0,1,2,3,5": 2.4768999999999997,
    "0,1,2,3,6": 2.6095999999999995,
    "0,1,2,3,7": 1.7277999999999998,
    "0,1,2,4,5": 2.6293999999999995,
    "0,1,2,4,6": 2.409601,
    "0,1,2,4,7": 2.2984009999999997,
    "0,1,2,5,6": 2.4611,
    "0,1,2,5,7": 1.9834,
    "0,1,2,6,7": 2.2449999999999997,
    "0,1,3,4,5": 2.1167000000000002,
    "0,1,3,4,6": 2.378,
    "0,1,3,4,7": 2.7435009999999997,
    "0,1,3,5,6": 2.6132,
    "0,1,3,5,7": 1.7711,
    "0,1,3,6,7": 2.3284,
    "0,1,4,5,6": 2.8656999999999995,
    "0,1,4,5,7": 2.0486,
    "0,1,4,6,7": 2.4589,
    "0,1,5,6,7": 2.1794000000000002,
    "0,2,3,4,5": 2.2929000000000004,
    "0,2,3,4,6": 3.1160020000000004,
    "0,2,3,4,7": 3.2449019999999997,
    "0,2,3,5,6": 2.5287999999999995,
    "0,2,3,5,7": 2.4291,
    "0,2,3,6,7": 2.813601,
    "0,2,4,5,6": 2.6168,
    "0,2,4,5,7": 2.4163999999999994,
    "0,2,4,6,7": 2.9163019999999995,
    "0,2,5,6,7": 2.4917999999999996,
    "0,3,4,5,6": 2.7152000000000003,
    "0,3,4,5,7": 1.9858,
    "0,3,4,6,7": 2.9953010000000004,
    "0,3,5,6,7": 2.2107,
    "0,4,5,6,7": 2.6473,
    "1,2,3,4,5": 2.8017,
    "1,2,3,4,6": 3.482101,
    "1,2,3,4,7": 2.411801,
    "1,2,3,5,6": 2.924401,
    "1,2,3,5,7": 2.3688999999999996,
    "1,2,3,6,7": 3.081701,
    "1,2,4,5,6": 2.3874,
    "1,2,4,5,7": 2.0763000000000003,
    "1,2,4,6,7": 2.9244999999999997,
    "1,2,5,6,7": 2.6246,
    "1,3,4,5,6": 2.7055,
    "1,3,4,5,7": 2.2424999999999997,
    "1,3,4,6,7": 2.3216,
    "1,3,5,6,7": 2.7617000000000003,
    "1,4,5,6,7": 2.4643,
    "2,3,4,5,6": 2.4834,
    "2,3,4,5,7": 2.7459,
    "2,3,4,6,7": 2.8696999999999995,
    "2,3,5,6,7": 2.7993,
    "2,4,5,6,7": 2.7946,
    "3,4,5,6,7": 2.8047,
    "0,1,2,3,4,5": 2.5787999999999998,
    "0,1,2,3,4,6": 2.9908010000000003,
    "0,1,2,3,4,7": 2.071301,
    "0,1,2,3,5,6": 2.9,
    "0,1,2,3,5,7": 1.7983999999999998,
    "0,1,2,3,6,7": 2.7103010000000003,
    "0,1,2,4,5,6": 2.6555999999999997,
    "0,1,2,4,5,7": 2.1008999999999998,
    "0,1,2,4,6,7": 2.2449999999999997,
    "0,1,2,5,6,7": 2.3999999999999995,
    "0,1,3,4,5,6": 2.4256,
    "0,1,3,4,5,7": 1.9134,
    "0,1,3,4,6,7": 2.7106019999999997,
    "0,1,3,5,6,7": 2.1283000000000003,
    "0,1,4,5,6,7": 2.2083000000000004,
    "0,2,3,4,5,6": 2.5479,
    "0,2,3,4,5,7": 2.1658999999999997,
    "0,2,3,4,6,7": 3.172002,
    "0,2,3,5,6,7": 2.4601999999999995,
    "0,2,4,5,6,7": 2.5782,
    "0,3,4,5,6,7": 2.3954999999999997,
    "1,2,3,4,5,6": 2.8604999999999996,
    "1,2,3,4,5,7": 1.9358999999999997,
    "1,2,3,4,6,7": 2.8083009999999997,
    "1,2,3,5,6,7": 2.9343,
    "1,2,4,5,6,7": 2.7668,
    "1,3,4,5,6,7": 2.7502999999999997,
    "2,3,4,5,6,7": 2.5416,
    "0,1,2,3,4,5,6": 2.7537999999999996,
    "0,1,2,3,4,5,7": 1.9545,
    "0,1,2,3,4,6,7": 2.4178,
    "0,1,2,3,5,6,7": 2.3999999999999995,
    "0,1,2,4,5,6,7": 2.3999999999999995,
    "0,1,3,4,5,6,7": 2.2717,
    "0,2,3,4,5,6,7": 2.67,
    "1,2,3,4,5,6,7": 2.9198999999999997,
    "0,1,2,3,4,5,6,7": 2.3999999999999995
  }
}
