{
  "object_name": "Game",
  "data_type": "game",
  "version": "1.4.2.dev29+g3d3c3a7e6.d20260421",
  "created_from": null,
  "description": null,
  "parameters": {},
  "timestamp": "2026-04-21T12:25:56.290103+00:00Z",
  "metadata": {
    "n_players": 8,
    "game_name": "Game_object",
    "normalization_value": 2.056467975,
    "precompute_flag": false,
    "precomputed": true,
    "player_names": null
  },
  "data": {
    "Empty": 1.8539999999999999,
    "0": 1.6147000000000002,
    "1": 1.3373,
    "2": 2.0484,
    "3": 1.3737,
    "4": 1.8168,
    "5": 1.5951,
    "6": 1.5118,
    "7": 1.6380000000000003,
    "0,1": 1.8595000000000002,
    "0,2": 1.8318,
    "0,3": 1.8119,
    "0,4": 1.8258000000000003,
    "0,5": 1.8968000000000003,
    "0,6": 1.3795,
    "0,7": 1.5674,
    "1,2": 1.7186,
    "1,3": 1.7228999999999999,
    "1,4": 1.6026,
    "1,5": 2.0395,
    "1,6": 1.4546000000000001,
    "1,7": 1.7686,
    "2,3": 1.9145000000000003,
    "2,4": 2.2363999999999997,
    "2,5": 2.0212999999999997,
    "2,6": 1.6483999999999999,
    "2,7": 1.8648,
    "3,4": 1.5789,
    "3,5": 1.7481000000000002,
    "3,6": 1.6175000000000002,
    "3,7": 1.9303000000000001,
    "4,5": 1.7665,
    "4,6": 1.5435,
    "4,7": 1.6646,
    "5,6": 2.0642,
    "5,7": 2.0124,
    "6,7": 1.5766000000000002,
    "0,1,2": 1.6674,
    "0,1,3": 1.7294999999999998,
    "0,1,4": 1.6583999999999999,
    "0,1,5": 1.6567,
    "0,1,6": 1.659,
    "0,1,7": 1.6326,
    "0,2,3": 1.6727999999999998,
    "0,2,4": 1.8258000000000003,
    "0,2,5": 1.9228999999999998,
    "0,2,6": 1.5819,
    "0,2,7": 1.9552,
    "0,3,4": 2.0194,
    "0,3,5": 1.7335999999999998,
    "0,3,6": 1.5875,
    "0,3,7": 1.8402999999999998,
    "0,4,5": 1.6348000000000003,
    "0,4,6": 1.6343,
    "0,4,7": 1.4976999999999998,
    "0,5,6": 1.6998000000000002,
    "0,5,7": 1.6324999999999998,
    "0,6,7": 1.3566,
    "1,2,3": 1.4879000000000002,
    "1,2,4": 2.0622999999999996,
    "1,2,5": 1.7184000000000001,
    "1,2,6": 1.6041,
    "1,2,7": 1.6646999999999998,
    "1,3,4": 1.6245,
    "1,3,5": 1.5756999999999999,
    "1,3,6": 1.5120999999999998,
    "1,3,7": 1.5795,
    "1,4,5": 1.6135000000000002,
    "1,4,6": 1.6470000000000002,
    "1,4,7": 1.9201000000000001,
    "1,5,6": 1.5167,
    "1,5,7": 1.5578,
    "1,6,7": 1.6488,
    "2,3,4": 1.6252000000000002,
    "2,3,5": 1.6859000000000002,
    "2,3,6": 1.5447,
    "2,3,7": 1.5427000000000002,
    "2,4,5": 1.4821,
    "2,4,6": 1.6136000000000004,
    "2,4,7": 2.0625999999999998,
    "2,5,6": 1.6905999999999999,
    "2,5,7": 1.3618000000000001,
    "2,6,7": 1.718,
    "3,4,5": 1.7123000000000002,
    "3,4,6": 1.7015999999999998,
    "3,4,7": 1.7997,
    "3,5,6": 1.5524999999999998,
    "3,5,7": 1.7309999999999999,
    "3,6,7": 1.8228000000000002,
    "4,5,6": 1.6884000000000001,
    "4,5,7": 1.9815999999999998,
    "4,6,7": 1.8320999999999998,
    "5,6,7": 1.3896000000000002,
    "0,1,2,3": 1.7023000000000004,
    "0,1,2,4": 1.8572000000000002,
    "0,1,2,5": 1.8087,
    "0,1,2,6": 1.6486,
    "0,1,2,7": 1.5944,
    "0,1,3,4": 1.6498000000000002,
    "0,1,3,5": 1.8209,
    "0,1,3,6": 1.8714000000000002,
    "0,1,3,7": 1.7336999999999996,
    "0,1,4,5": 1.8703000000000003,
    "0,1,4,6": 1.4768000000000001,
    "0,1,4,7": 1.719,
    "0,1,5,6": 2.0532,
    "0,1,5,7": 1.9109000000000003,
    "0,1,6,7": 1.2928,
    "0,2,3,4": 1.7846,
    "0,2,3,5": 1.7589,
    "0,2,3,6": 1.6195,
    "0,2,3,7": 1.7151,
    "0,2,4,5": 1.8707999999999998,
    "0,2,4,6": 1.544,
    "0,2,4,7": 1.7559999999999998,
    "0,2,5,6": 1.7119,
    "0,2,5,7": 1.8311,
    "0,2,6,7": 1.3513999999999997,
    "0,3,4,5": 1.8862999999999999,
    "0,3,4,6": 1.6852,
    "0,3,4,7": 1.5335,
    "0,3,5,6": 1.684,
    "0,3,5,7": 1.9184,
    "0,3,6,7": 1.4879,
    "0,4,5,6": 1.6626999999999998,
    "0,4,5,7": 1.7485,
    "0,4,6,7": 1.4588,
    "0,5,6,7": 1.3253,
    "1,2,3,4": 1.954,
    "1,2,3,5": 1.4351,
    "1,2,3,6": 1.4080000000000001,
    "1,2,3,7": 2.0829,
    "1,2,4,5": 1.8612000000000002,
    "1,2,4,6": 1.5269,
    "1,2,4,7": 1.8203,
    "1,2,5,6": 1.6681000000000001,
    "1,2,5,7": 1.4795,
    "1,2,6,7": 1.4764,
    "1,3,4,5": 1.8889000000000002,
    "1,3,4,6": 1.5683,
    "1,3,4,7": 2.2251000000000003,
    "1,3,5,6": 1.7957,
    "1,3,5,7": 1.7506,
    "1,3,6,7": 1.4753,
    "1,4,5,6": 1.7753,
    "1,4,5,7": 1.768,
    "1,4,6,7": 1.3553,
    "1,5,6,7": 1.3663000000000003,
    "2,3,4,5": 1.9872999999999998,
    "2,3,4,6": 1.7797,
    "2,3,4,7": 2.0248,
    "2,3,5,6": 1.7311999999999999,
    "2,3,5,7": 1.6904999999999997,
    "2,3,6,7": 1.7327000000000001,
    "2,4,5,6": 1.7861,
    "2,4,5,7": 1.7384,
    "2,4,6,7": 1.6329,
    "2,5,6,7": 1.5393000000000001,
    "3,4,5,6": 1.4645,
    "3,4,5,7": 1.6698,
    "3,4,6,7": 1.7668999999999997,
    "3,5,6,7": 1.5888000000000002,
    "4,5,6,7": 1.8695,
    "0,1,2,3,4": 1.7933,
    "0,1,2,3,5": 1.9266999999999996,
    "0,1,2,3,6": 1.4721,
    "0,1,2,3,7": 1.7355999999999998,
    "0,1,2,4,5": 2.0746,
    "0,1,2,4,6": 1.5762,
    "0,1,2,4,7": 1.5952,
    "0,1,2,5,6": 1.6276,
    "0,1,2,5,7": 1.6038999999999999,
    "0,1,2,6,7": 1.3420999999999998,
    "0,1,3,4,5": 1.7840999999999998,
    "0,1,3,4,6": 1.6268,
    "0,1,3,4,7": 1.6417000000000002,
    "0,1,3,5,6": 1.8012000000000001,
    "0,1,3,5,7": 1.6990000000000003,
    "0,1,3,6,7": 1.4707000000000001,
    "0,1,4,5,6": 1.5828,
    "0,1,4,5,7": 1.7849,
    "0,1,4,6,7": 1.4490000000000003,
    "0,1,5,6,7": 1.4226,
    "0,2,3,4,5": 1.9929,
    "0,2,3,4,6": 1.517,
    "0,2,3,4,7": 1.8574000000000002,
    "0,2,3,5,6": 1.5654,
    "0,2,3,5,7": 1.8791,
    "0,2,3,6,7": 1.3667,
    "0,2,4,5,6": 1.5994999999999997,
    "0,2,4,5,7": 1.7370999999999999,
    "0,2,4,6,7": 1.3463,
    "0,2,5,6,7": 1.317,
    "0,3,4,5,6": 1.4928000000000001,
    "0,3,4,5,7": 1.6985,
    "0,3,4,6,7": 1.5626,
    "0,3,5,6,7": 1.4114,
    "0,4,5,6,7": 1.3774,
    "1,2,3,4,5": 1.5356,
    "1,2,3,4,6": 1.5086,
    "1,2,3,4,7": 1.9322,
    "1,2,3,5,6": 1.6308999999999998,
    "1,2,3,5,7": 1.5288000000000002,
    "1,2,3,6,7": 1.4505,
    "1,2,4,5,6": 1.9817999999999998,
    "1,2,4,5,7": 1.6995999999999998,
    "1,2,4,6,7": 1.7018,
    "1,2,5,6,7": 1.4211,
    "1,3,4,5,6": 1.7774,
    "1,3,4,5,7": 1.4828999999999999,
    "1,3,4,6,7": 1.7182000000000002,
    "1,3,5,6,7": 1.6058,
    "1,4,5,6,7": 1.5790000000000002,
    "2,3,4,5,6": 1.9440000000000002,
    "2,3,4,5,7": 2.026801,
    "2,3,4,6,7": 1.6100999999999999,
    "2,3,5,6,7": 1.6181,
    "2,4,5,6,7": 2.1849000000000003,
    "3,4,5,6,7": 1.5002,
    "0,1,2,3,4,5": 1.8618999999999999,
    "0,1,2,3,4,6": 1.6611999999999998,
    "0,1,2,3,4,7": 1.8151999999999997,
    "0,1,2,3,5,6": 1.8739999999999999,
    "0,1,2,3,5,7": 1.6077,
    "0,1,2,3,6,7": 1.3893999999999997,
    "0,1,2,4,5,6": 1.6066000000000003,
    "0,1,2,4,5,7": 1.6011,
    "0,1,2,4,6,7": 1.3857,
    "0,1,2,5,6,7": 1.3521,
    "0,1,3,4,5,6": 1.5866000000000002,
    "0,1,3,4,5,7": 1.6277000000000001,
    "0,1,3,4,6,7": 1.4596,
    "0,1,3,5,6,7": 1.4506999999999999,
    "0,1,4,5,6,7": 1.3765,
    "0,2,3,4,5,6": 1.4449,
    "0,2,3,4,5,7": 1.9207,
    "0,2,3,4,6,7": 1.3203,
    "0,2,3,5,6,7": 1.317,
    "0,2,4,5,6,7": 1.3148,
    "0,3,4,5,6,7": 1.3401,
    "1,2,3,4,5,6": 1.6697,
    "1,2,3,4,5,7": 1.6176000000000001,
    "1,2,3,4,6,7": 1.5112,
    "1,2,3,5,6,7": 1.5284999999999997,
    "1,2,4,5,6,7": 1.7538999999999998,
    "1,3,4,5,6,7": 1.4962,
    "2,3,4,5,6,7": 1.5104,
    "0,1,2,3,4,5,6": 1.6544,
    "0,1,2,3,4,5,7": 1.7917999999999998,
    "0,1,2,3,4,6,7": 1.3584999999999998,
    "0,1,2,3,5,6,7": 1.317,
    "0,1,2,4,5,6,7": 1.3615,
    "0,1,3,4,5,6,7": 1.4535,
    "0,2,3,4,5,6,7": 1.3085999999999998,
    "1,2,3,4,5,6,7": 1.8741999999999996,
    "0,1,2,3,4,5,6,7": 1.317
  }
}
