{
  "object_name": "Game",
  "data_type": "game",
  "version": "1.4.2.dev29+g3d3c3a7e6.d20260421",
  "created_from": null,
  "description": null,
  "parameters": {},
  "timestamp": "2026-04-21T12:25:56.461488+00:00Z",
  "metadata": {
    "n_players": 8,
    "game_name": "Game_object",
    "normalization_value": 1.158,
    "precompute_flag": false,
    "precomputed": true,
    "player_names": null
  },
  "data": {
    "Empty": 1.158,
    "0": 0.632,
    "1": 1.158,
    "2": 1.264,
    "3": 0.904,
    "4": 1.068,
    "5": 1.158,
    "6": 2.431,
    "7": 0.668,
    "0,1": 0.632,
    "0,2": 0.616,
    "0,3": 0.632,
    "0,4": 0.75,
    "0,5": 0.585,
    "0,6": 4.5,
    "0,7": 0.632,
    "1,2": 1.264,
    "1,3": 0.904,
    "1,4": 1.068,
    "1,5": 1.158,
    "1,6": 2.431,
    "1,7": 0.668,
    "2,3": 0.783,
    "2,4": 1.264,
    "2,5": 1.543,
    "2,6": 3.056,
    "2,7": 0.974,
    "3,4": 1.068,
    "3,5": 0.904,
    "3,6": 2.199,
    "3,7": 0.704,
    "4,5": 1.068,
    "4,6": 2.431,
    "4,7": 0.668,
    "5,6": 2.024,
    "5,7": 0.668,
    "6,7": 0.808,
    "0,1,2": 0.616,
    "0,1,3": 0.632,
    "0,1,4": 0.75,
    "0,1,5": 0.585,
    "0,1,6": 5.00001,
    "0,1,7": 0.632,
    "0,2,3": 0.604,
    "0,2,4": 0.616,
    "0,2,5": 0.455,
    "0,2,6": 2.432,
    "0,2,7": 0.72,
    "0,3,4": 0.75,
    "0,3,5": 0.585,
    "0,3,6": 4.5,
    "0,3,7": 0.632,
    "0,4,5": 0.585,
    "0,4,6": 4.5,
    "0,4,7": 0.75,
    "0,5,6": 4.5,
    "0,5,7": 0.585,
    "0,6,7": 0.707,
    "1,2,3": 0.783,
    "1,2,4": 1.264,
    "1,2,5": 1.206,
    "1,2,6": 3.056,
    "1,2,7": 0.974,
    "1,3,4": 1.068,
    "1,3,5": 0.904,
    "1,3,6": 2.199,
    "1,3,7": 0.704,
    "1,4,5": 1.068,
    "1,4,6": 2.431,
    "1,4,7": 0.668,
    "1,5,6": 2.774,
    "1,5,7": 0.668,
    "1,6,7": 0.808,
    "2,3,4": 0.783,
    "2,3,5": 1.543,
    "2,3,6": 3.056,
    "2,3,7": 0.974,
    "2,4,5": 1.543,
    "2,4,6": 4.07,
    "2,4,7": 0.974,
    "2,5,6": 1.52,
    "2,5,7": 1.543,
    "2,6,7": 1.582,
    "3,4,5": 1.068,
    "3,4,6": 2.199,
    "3,4,7": 0.704,
    "3,5,6": 2.024,
    "3,5,7": 0.704,
    "3,6,7": 0.762,
    "4,5,6": 2.024,
    "4,5,7": 0.668,
    "4,6,7": 0.736,
    "5,6,7": 0.808,
    "0,1,2,3": 0.604,
    "0,1,2,4": 0.616,
    "0,1,2,5": 0.455,
    "0,1,2,6": 2.432,
    "0,1,2,7": 0.72,
    "0,1,3,4": 0.75,
    "0,1,3,5": 0.585,
    "0,1,3,6": 5.00001,
    "0,1,3,7": 0.632,
    "0,1,4,5": 0.585,
    "0,1,4,6": 5.00001,
    "0,1,4,7": 0.75,
    "0,1,5,6": 5.00001,
    "0,1,5,7": 0.585,
    "0,1,6,7": 0.707,
    "0,2,3,4": 0.604,
    "0,2,3,5": 0.565,
    "0,2,3,6": 2.432,
    "0,2,3,7": 0.72,
    "0,2,4,5": 0.496,
    "0,2,4,6": 2.432,
    "0,2,4,7": 0.72,
    "0,2,5,6": 2.432,
    "0,2,5,7": 0.455,
    "0,2,6,7": 0.588,
    "0,3,4,5": 0.585,
    "0,3,4,6": 4.5,
    "0,3,4,7": 0.75,
    "0,3,5,6": 4.5,
    "0,3,5,7": 0.585,
    "0,3,6,7": 0.958,
    "0,4,5,6": 4.5,
    "0,4,5,7": 0.585,
    "0,4,6,7": 0.707,
    "0,5,6,7": 0.707,
    "1,2,3,4": 0.783,
    "1,2,3,5": 1.206,
    "1,2,3,6": 3.056,
    "1,2,3,7": 0.974,
    "1,2,4,5": 1.206,
    "1,2,4,6": 4.07,
    "1,2,4,7": 0.974,
    "1,2,5,6": 1.515,
    "1,2,5,7": 1.375,
    "1,2,6,7": 1.406,
    "1,3,4,5": 1.068,
    "1,3,4,6": 2.199,
    "1,3,4,7": 0.704,
    "1,3,5,6": 2.774,
    "1,3,5,7": 0.704,
    "1,3,6,7": 0.762,
    "1,4,5,6": 4.25,
    "1,4,5,7": 0.668,
    "1,4,6,7": 0.736,
    "1,5,6,7": 0.808,
    "2,3,4,5": 1.543,
    "2,3,4,6": 4.07,
    "2,3,4,7": 0.974,
    "2,3,5,6": 1.52,
    "2,3,5,7": 1.543,
    "2,3,6,7": 1.586,
    "2,4,5,6": 1.52,
    "2,4,5,7": 1.543,
    "2,4,6,7": 1.582,
    "2,5,6,7": 1.543,
    "3,4,5,6": 2.024,
    "3,4,5,7": 0.704,
    "3,4,6,7": 0.736,
    "3,5,6,7": 0.762,
    "4,5,6,7": 1.078,
    "0,1,2,3,4": 0.604,
    "0,1,2,3,5": 0.565,
    "0,1,2,3,6": 2.432,
    "0,1,2,3,7": 0.72,
    "0,1,2,4,5": 0.496,
    "0,1,2,4,6": 2.432,
    "0,1,2,4,7": 0.72,
    "0,1,2,5,6": 2.432,
    "0,1,2,5,7": 0.455,
    "0,1,2,6,7": 0.639,
    "0,1,3,4,5": 0.585,
    "0,1,3,4,6": 5.00001,
    "0,1,3,4,7": 0.75,
    "0,1,3,5,6": 5.00001,
    "0,1,3,5,7": 0.585,
    "0,1,3,6,7": 0.958,
    "0,1,4,5,6": 5.00001,
    "0,1,4,5,7": 0.585,
    "0,1,4,6,7": 0.707,
    "0,1,5,6,7": 0.707,
    "0,2,3,4,5": 0.534,
    "0,2,3,4,6": 2.432,
    "0,2,3,4,7": 0.72,
    "0,2,3,5,6": 2.432,
    "0,2,3,5,7": 0.565,
    "0,2,3,6,7": 0.611,
    "0,2,4,5,6": 2.432,
    "0,2,4,5,7": 0.496,
    "0,2,4,6,7": 0.588,
    "0,2,5,6,7": 0.588,
    "0,3,4,5,6": 4.5,
    "0,3,4,5,7": 0.585,
    "0,3,4,6,7": 0.958,
    "0,3,5,6,7": 0.958,
    "0,4,5,6,7": 0.707,
    "1,2,3,4,5": 1.206,
    "1,2,3,4,6": 4.07,
    "1,2,3,4,7": 0.974,
    "1,2,3,5,6": 1.515,
    "1,2,3,5,7": 1.375,
    "1,2,3,6,7": 1.406,
    "1,2,4,5,6": 1.515,
    "1,2,4,5,7": 1.375,
    "1,2,4,6,7": 1.406,
    "1,2,5,6,7": 1.375,
    "1,3,4,5,6": 4.25,
    "1,3,4,5,7": 0.704,
    "1,3,4,6,7": 0.736,
    "1,3,5,6,7": 0.762,
    "1,4,5,6,7": 1.078,
    "2,3,4,5,6": 1.52,
    "2,3,4,5,7": 1.543,
    "2,3,4,6,7": 1.586,
    "2,3,5,6,7": 1.543,
    "2,4,5,6,7": 1.543,
    "3,4,5,6,7": 1.138,
    "0,1,2,3,4,5": 0.534,
    "0,1,2,3,4,6": 2.432,
    "0,1,2,3,4,7": 0.72,
    "0,1,2,3,5,6": 2.432,
    "0,1,2,3,5,7": 0.565,
    "0,1,2,3,6,7": 0.664,
    "0,1,2,4,5,6": 2.432,
    "0,1,2,4,5,7": 0.496,
    "0,1,2,4,6,7": 0.639,
    "0,1,2,5,6,7": 0.639,
    "0,1,3,4,5,6": 5.00001,
    "0,1,3,4,5,7": 0.585,
    "0,1,3,4,6,7": 0.958,
    "0,1,3,5,6,7": 0.958,
    "0,1,4,5,6,7": 0.707,
    "0,2,3,4,5,6": 2.432,
    "0,2,3,4,5,7": 0.534,
    "0,2,3,4,6,7": 0.611,
    "0,2,3,5,6,7": 0.611,
    "0,2,4,5,6,7": 0.588,
    "0,3,4,5,6,7": 0.958,
    "1,2,3,4,5,6": 1.515,
    "1,2,3,4,5,7": 1.375,
    "1,2,3,4,6,7": 1.406,
    "1,2,3,5,6,7": 1.375,
    "1,2,4,5,6,7": 1.375,
    "1,3,4,5,6,7": 1.138,
    "2,3,4,5,6,7": 1.543,
    "0,1,2,3,4,5,6": 2.432,
    "0,1,2,3,4,5,7": 0.534,
    "0,1,2,3,4,6,7": 0.664,
    "0,1,2,3,5,6,7": 0.664,
    "0,1,2,4,5,6,7": 0.639,
    "0,1,3,4,5,6,7": 0.958,
    "0,2,3,4,5,6,7": 0.611,
    "1,2,3,4,5,6,7": 1.375,
    "0,1,2,3,4,5,6,7": 0.664
  }
}
