{
  "object_name": "Game",
  "data_type": "game",
  "version": "1.4.2.dev29+g3d3c3a7e6.d20260421",
  "created_from": null,
  "description": null,
  "parameters": {},
  "timestamp": "2026-04-21T12:25:56.292501+00:00Z",
  "metadata": {
    "n_players": 8,
    "game_name": "Game_object",
    "normalization_value": 2.056467975,
    "precompute_flag": false,
    "precomputed": true,
    "player_names": null
  },
  "data": {
    "Empty": 1.8483999999999998,
    "0": 1.3458999999999999,
    "1": 1.8607,
    "2": 1.5883,
    "3": 1.3104,
    "4": 1.7452999999999999,
    "5": 2.4709,
    "6": 1.4093,
    "7": 1.3664,
    "0,1": 1.4865,
    "0,2": 1.671,
    "0,3": 1.1541000000000001,
    "0,4": 1.3920000000000001,
    "0,5": 1.2243,
    "0,6": 1.8370000000000002,
    "0,7": 1.3182,
    "1,2": 1.6468,
    "1,3": 1.7154999999999998,
    "1,4": 1.8812000000000002,
    "1,5": 1.8831,
    "1,6": 2.1845000000000003,
    "1,7": 1.6963000000000001,
    "2,3": 1.7549,
    "2,4": 1.657,
    "2,5": 1.4093000000000002,
    "2,6": 1.8578000000000003,
    "2,7": 1.8864,
    "3,4": 1.9990999999999999,
    "3,5": 1.5956009999999998,
    "3,6": 1.6997,
    "3,7": 1.6888999999999996,
    "4,5": 2.296101,
    "4,6": 2.0542000000000002,
    "4,7": 1.4218,
    "5,6": 1.4266999999999999,
    "5,7": 1.546301,
    "6,7": 1.4686,
    "0,1,2": 1.416,
    "0,1,3": 1.8942,
    "0,1,4": 1.4142,
    "0,1,5": 1.2108,
    "0,1,6": 1.5798999999999999,
    "0,1,7": 0.9727999999999998,
    "0,2,3": 1.6675,
    "0,2,4": 1.4674999999999998,
    "0,2,5": 1.1152000000000002,
    "0,2,6": 1.7741,
    "0,2,7": 1.3948999999999998,
    "0,3,4": 1.5291000000000001,
    "0,3,5": 1.3872,
    "0,3,6": 1.3471,
    "0,3,7": 0.775,
    "0,4,5": 1.2010999999999998,
    "0,4,6": 1.4247,
    "0,4,7": 0.9858,
    "0,5,6": 1.7056,
    "0,5,7": 1.0348000000000002,
    "0,6,7": 1.0305,
    "1,2,3": 1.6678000000000002,
    "1,2,4": 1.8352,
    "1,2,5": 1.5906,
    "1,2,6": 1.7185000000000001,
    "1,2,7": 1.6012,
    "1,3,4": 1.2410999999999999,
    "1,3,5": 1.9158000000000002,
    "1,3,6": 2.0307,
    "1,3,7": 1.381601,
    "1,4,5": 1.3915,
    "1,4,6": 1.5294,
    "1,4,7": 1.6433,
    "1,5,6": 1.9632999999999998,
    "1,5,7": 1.2979000000000003,
    "1,6,7": 1.3434,
    "2,3,4": 1.3104,
    "2,3,5": 1.2452,
    "2,3,6": 1.5494999999999999,
    "2,3,7": 1.435,
    "2,4,5": 1.843,
    "2,4,6": 1.8657,
    "2,4,7": 1.5952,
    "2,5,6": 1.3179,
    "2,5,7": 2.345401,
    "2,6,7": 1.1076000000000001,
    "3,4,5": 1.2944,
    "3,4,6": 1.9184999999999999,
    "3,4,7": 1.9575,
    "3,5,6": 2.0216000000000003,
    "3,5,7": 1.2019,
    "3,6,7": 1.1798000000000002,
    "4,5,6": 1.5173,
    "4,5,7": 1.4746,
    "4,6,7": 1.1480000000000001,
    "5,6,7": 1.048,
    "0,1,2,3": 1.6314999999999997,
    "0,1,2,4": 1.4272000000000002,
    "0,1,2,5": 1.1198000000000001,
    "0,1,2,6": 1.3687,
    "0,1,2,7": 1.2550999999999999,
    "0,1,3,4": 1.4345,
    "0,1,3,5": 0.9683000000000002,
    "0,1,3,6": 1.4433000000000002,
    "0,1,3,7": 1.2998,
    "0,1,4,5": 1.3733999999999997,
    "0,1,4,6": 1.5248,
    "0,1,4,7": 1.1937,
    "0,1,5,6": 0.9527999999999999,
    "0,1,5,7": 1.0297999999999998,
    "0,1,6,7": 0.9550000000000001,
    "0,2,3,4": 1.8264,
    "0,2,3,5": 1.3731,
    "0,2,3,6": 1.6134,
    "0,2,3,7": 1.5175,
    "0,2,4,5": 1.3663999999999998,
    "0,2,4,6": 1.2801,
    "0,2,4,7": 1.3556,
    "0,2,5,6": 1.1699,
    "0,2,5,7": 1.3453,
    "0,2,6,7": 0.9492,
    "0,3,4,5": 1.2504000000000002,
    "0,3,4,6": 1.7451,
    "0,3,4,7": 1.4287000000000003,
    "0,3,5,6": 1.1705999999999999,
    "0,3,5,7": 0.8348000000000001,
    "0,3,6,7": 1.1707,
    "0,4,5,6": 1.3205000000000002,
    "0,4,5,7": 1.0478,
    "0,4,6,7": 0.938,
    "0,5,6,7": 0.9653,
    "1,2,3,4": 1.7939,
    "1,2,3,5": 1.8085,
    "1,2,3,6": 1.4964,
    "1,2,3,7": 1.3534000000000002,
    "1,2,4,5": 1.7189,
    "1,2,4,6": 1.6651999999999998,
    "1,2,4,7": 1.7307000000000001,
    "1,2,5,6": 1.5005000000000002,
    "1,2,5,7": 1.4308,
    "1,2,6,7": 1.4302000000000001,
    "1,3,4,5": 1.907,
    "1,3,4,6": 1.5977,
    "1,3,4,7": 1.6834,
    "1,3,5,6": 1.4747,
    "1,3,5,7": 1.5255,
    "1,3,6,7": 1.7419999999999998,
    "1,4,5,6": 1.9198999999999997,
    "1,4,5,7": 1.6014,
    "1,4,6,7": 1.7113,
    "1,5,6,7": 1.2729000000000001,
    "2,3,4,5": 2.4499009999999997,
    "2,3,4,6": 1.7666,
    "2,3,4,7": 2.0002999999999997,
    "2,3,5,6": 1.597,
    "2,3,5,7": 2.1259,
    "2,3,6,7": 1.9549000000000003,
    "2,4,5,6": 2.1205,
    "2,4,5,7": 1.6782,
    "2,4,6,7": 1.9338000000000002,
    "2,5,6,7": 1.3828999999999998,
    "3,4,5,6": 1.3973,
    "3,4,5,7": 2.026001,
    "3,4,6,7": 1.081,
    "3,5,6,7": 1.5988000000000002,
    "4,5,6,7": 1.381,
    "0,1,2,3,4": 1.5697,
    "0,1,2,3,5": 1.7274999999999998,
    "0,1,2,3,6": 1.9311,
    "0,1,2,3,7": 1.4059,
    "0,1,2,4,5": 1.334,
    "0,1,2,4,6": 1.5893000000000002,
    "0,1,2,4,7": 1.1787999999999998,
    "0,1,2,5,6": 1.6260000000000001,
    "0,1,2,5,7": 1.2460999999999998,
    "0,1,2,6,7": 0.9612999999999999,
    "0,1,3,4,5": 1.0743,
    "0,1,3,4,6": 1.3274000000000001,
    "0,1,3,4,7": 1.5328,
    "0,1,3,5,6": 1.2131,
    "0,1,3,5,7": 1.0373,
    "0,1,3,6,7": 0.9467000000000001,
    "0,1,4,5,6": 1.2971000000000001,
    "0,1,4,5,7": 1.2847000000000002,
    "0,1,4,6,7": 1.092,
    "0,1,5,6,7": 0.9565000000000001,
    "0,2,3,4,5": 1.4549999999999998,
    "0,2,3,4,6": 1.8244,
    "0,2,3,4,7": 1.2495999999999998,
    "0,2,3,5,6": 1.2427,
    "0,2,3,5,7": 1.3482,
    "0,2,3,6,7": 1.0897,
    "0,2,4,5,6": 1.7400000000000002,
    "0,2,4,5,7": 1.1256999999999997,
    "0,2,4,6,7": 1.1095,
    "0,2,5,6,7": 0.9373999999999999,
    "0,3,4,5,6": 1.2586,
    "0,3,4,5,7": 0.8318,
    "0,3,4,6,7": 1.0261,
    "0,3,5,6,7": 0.9530000000000001,
    "0,4,5,6,7": 0.9487000000000002,
    "1,2,3,4,5": 1.5321,
    "1,2,3,4,6": 1.8547,
    "1,2,3,4,7": 2.0113010000000004,
    "1,2,3,5,6": 2.0546999999999995,
    "1,2,3,5,7": 1.1857,
    "1,2,3,6,7": 1.6673000000000002,
    "1,2,4,5,6": 2.493,
    "1,2,4,5,7": 1.4091,
    "1,2,4,6,7": 1.2266000000000001,
    "1,2,5,6,7": 1.3027000000000002,
    "1,3,4,5,6": 1.4856000000000003,
    "1,3,4,5,7": 2.075101,
    "1,3,4,6,7": 1.1173000000000002,
    "1,3,5,6,7": 1.1360000000000001,
    "1,4,5,6,7": 1.0272000000000001,
    "2,3,4,5,6": 1.7318000000000002,
    "2,3,4,5,7": 1.6724999999999999,
    "2,3,4,6,7": 1.3406000000000002,
    "2,3,5,6,7": 1.4154000000000002,
    "2,4,5,6,7": 1.2099000000000002,
    "3,4,5,6,7": 1.1881,
    "0,1,2,3,4,5": 1.4508999999999999,
    "0,1,2,3,4,6": 1.8811,
    "0,1,2,3,4,7": 1.0076999999999998,
    "0,1,2,3,5,6": 1.1392000000000002,
    "0,1,2,3,5,7": 1.5829,
    "0,1,2,3,6,7": 1.0848,
    "0,1,2,4,5,6": 1.3021,
    "0,1,2,4,5,7": 1.0853000000000002,
    "0,1,2,4,6,7": 0.9799999999999999,
    "0,1,2,5,6,7": 0.9600000000000002,
    "0,1,3,4,5,6": 1.2538000000000002,
    "0,1,3,4,5,7": 0.7247,
    "0,1,3,4,6,7": 0.9314999999999998,
    "0,1,3,5,6,7": 0.9678000000000001,
    "0,1,4,5,6,7": 0.9373999999999999,
    "0,2,3,4,5,6": 1.5647000000000002,
    "0,2,3,4,5,7": 1.5782,
    "0,2,3,4,6,7": 1.189,
    "0,2,3,5,6,7": 0.9452000000000002,
    "0,2,4,5,6,7": 0.8856999999999999,
    "0,3,4,5,6,7": 0.9801,
    "1,2,3,4,5,6": 1.7890000000000001,
    "1,2,3,4,5,7": 1.0824,
    "1,2,3,4,6,7": 1.549,
    "1,2,3,5,6,7": 1.3708,
    "1,2,4,5,6,7": 1.3238000000000003,
    "1,3,4,5,6,7": 1.6544999999999999,
    "2,3,4,5,6,7": 1.1575,
    "0,1,2,3,4,5,6": 1.3539999999999999,
    "0,1,2,3,4,5,7": 1.2165,
    "0,1,2,3,4,6,7": 0.9347999999999999,
    "0,1,2,3,5,6,7": 0.9600000000000002,
    "0,1,2,4,5,6,7": 0.9600000000000002,
    "0,1,3,4,5,6,7": 0.9600000000000002,
    "0,2,3,4,5,6,7": 0.9374,
    "1,2,3,4,5,6,7": 1.5605,
    "0,1,2,3,4,5,6,7": 0.9600000000000002
  }
}
