{
  "object_name": "Game",
  "data_type": "game",
  "version": "1.4.2.dev29+g3d3c3a7e6.d20260421",
  "created_from": null,
  "description": null,
  "parameters": {},
  "timestamp": "2026-04-21T12:25:56.603761+00:00Z",
  "metadata": {
    "n_players": 8,
    "game_name": "Game_object",
    "normalization_value": 0.24609795212745667,
    "precompute_flag": false,
    "precomputed": true,
    "player_names": null
  },
  "data": {
    "Empty": -0.1324179768562317,
    "0": -0.0851198062300682,
    "1": -0.07054121047258377,
    "2": -0.07476925104856491,
    "3": -0.016652043908834457,
    "4": -0.04037107154726982,
    "5": -0.14516723155975342,
    "6": -0.03914813697338104,
    "7": -0.01511705107986927,
    "0,1": -0.09403882175683975,
    "0,2": -0.11932836472988129,
    "0,3": -0.0987643375992775,
    "0,4": -0.13548137247562408,
    "0,5": -0.127195343375206,
    "0,6": -0.09958647936582565,
    "0,7": -0.012204870581626892,
    "1,2": -0.023148424923419952,
    "1,3": 0.022991130128502846,
    "1,4": -0.09443826973438263,
    "1,5": -0.19314244389533997,
    "1,6": -0.0685763880610466,
    "1,7": -0.01857328973710537,
    "2,3": -0.025481652468442917,
    "2,4": -0.0860823541879654,
    "2,5": -0.16456928849220276,
    "2,6": -0.06032886356115341,
    "2,7": 0.05284373089671135,
    "3,4": -0.12405697256326675,
    "3,5": -0.12237504869699478,
    "3,6": -0.09701870381832123,
    "3,7": -0.06133665516972542,
    "4,5": -0.11131145805120468,
    "4,6": -0.11134099960327148,
    "4,7": -0.03293120115995407,
    "5,6": -0.06939606368541718,
    "5,7": -0.09558776766061783,
    "6,7": -0.13006331026554108,
    "0,1,2": -0.12174005806446075,
    "0,1,3": -0.07735321670770645,
    "0,1,4": -0.15162496268749237,
    "0,1,5": -0.17526663839817047,
    "0,1,6": -0.13573190569877625,
    "0,1,7": -0.09935268759727478,
    "0,2,3": -0.17132607102394104,
    "0,2,4": -0.14670813083648682,
    "0,2,5": -0.10205881297588348,
    "0,2,6": -0.16472916305065155,
    "0,2,7": -0.039536334574222565,
    "0,3,4": -0.08931820839643478,
    "0,3,5": -0.18494102358818054,
    "0,3,6": -0.19874098896980286,
    "0,3,7": -0.0668424516916275,
    "0,4,5": -0.17745649814605713,
    "0,4,6": -0.08128655701875687,
    "0,4,7": -0.13158223032951355,
    "0,5,6": -0.06836017221212387,
    "0,5,7": -0.11327141523361206,
    "0,6,7": -0.177616685628891,
    "1,2,3": -0.06443847715854645,
    "1,2,4": -0.1479666531085968,
    "1,2,5": -0.0782797783613205,
    "1,2,6": -0.13965266942977905,
    "1,2,7": 0.02941853366792202,
    "1,3,4": 0.012368050403892994,
    "1,3,5": -0.0702955424785614,
    "1,3,6": -0.05967472121119499,
    "1,3,7": -0.08658414334058762,
    "1,4,5": -0.12554559111595154,
    "1,4,6": -0.1499263197183609,
    "1,4,7": 0.013262364082038403,
    "1,5,6": -0.1179114580154419,
    "1,5,7": -0.08908545970916748,
    "1,6,7": -0.12021403014659882,
    "2,3,4": -0.0179080069065094,
    "2,3,5": -0.09292235225439072,
    "2,3,6": -0.20411598682403564,
    "2,3,7": -0.12015464156866074,
    "2,4,5": -0.1626778542995453,
    "2,4,6": -0.13357098400592804,
    "2,4,7": -0.1085604578256607,
    "2,5,6": -0.08479710668325424,
    "2,5,7": -0.11777923256158829,
    "2,6,7": -0.15505364537239075,
    "3,4,5": -0.1708221137523651,
    "3,4,6": -0.0021171108819544315,
    "3,4,7": -0.11716832220554352,
    "3,5,6": -0.14505556225776672,
    "3,5,7": -0.09667865186929703,
    "3,6,7": -0.14168819785118103,
    "4,5,6": -0.16848057508468628,
    "4,5,7": -0.08183830231428146,
    "4,6,7": -0.14242471754550934,
    "5,6,7": -0.13980264961719513,
    "0,1,2,3": -0.030320024117827415,
    "0,1,2,4": -0.046097029000520706,
    "0,1,2,5": -0.13343389332294464,
    "0,1,2,6": -0.1276184618473053,
    "0,1,2,7": -0.04441443830728531,
    "0,1,3,4": -0.11134900897741318,
    "0,1,3,5": -0.15268920361995697,
    "0,1,3,6": -0.08313509076833725,
    "0,1,3,7": -0.04534991830587387,
    "0,1,4,5": -0.1746913194656372,
    "0,1,4,6": -0.1478482186794281,
    "0,1,4,7": -0.03066679835319519,
    "0,1,5,6": -0.21102342009544373,
    "0,1,5,7": -0.13000193238258362,
    "0,1,6,7": -0.11814670264720917,
    "0,2,3,4": -0.09235282987356186,
    "0,2,3,5": -0.09722669422626495,
    "0,2,3,6": -0.16106590628623962,
    "0,2,3,7": -0.13221530616283417,
    "0,2,4,5": -0.18596120178699493,
    "0,2,4,6": -0.08140020817518234,
    "0,2,4,7": -0.11033111810684204,
    "0,2,5,6": -0.20037603378295898,
    "0,2,5,7": -0.14380167424678802,
    "0,2,6,7": -0.16857175529003143,
    "0,3,4,5": -0.1626545786857605,
    "0,3,4,6": -0.06428563594818115,
    "0,3,4,7": -0.1440652310848236,
    "0,3,5,6": -0.0992056354880333,
    "0,3,5,7": -0.08129118382930756,
    "0,3,6,7": -0.14185455441474915,
    "0,4,5,6": -0.13124704360961914,
    "0,4,5,7": -0.1331494301557541,
    "0,4,6,7": -0.19139885902404785,
    "0,5,6,7": -0.19060586392879486,
    "1,2,3,4": 0.0003514707204885781,
    "1,2,3,5": -0.08951720595359802,
    "1,2,3,6": -0.17392733693122864,
    "1,2,3,7": 0.06484872102737427,
    "1,2,4,5": -0.13325317203998566,
    "1,2,4,6": -0.10420186817646027,
    "1,2,4,7": -0.004727029707282782,
    "1,2,5,6": -0.10312310606241226,
    "1,2,5,7": -0.10725762695074081,
    "1,2,6,7": -0.12612584233283997,
    "1,3,4,5": -0.20323078334331512,
    "1,3,4,6": -0.09873692691326141,
    "1,3,4,7": -0.020587997511029243,
    "1,3,5,6": -0.17378823459148407,
    "1,3,5,7": -0.08285178244113922,
    "1,3,6,7": -0.07171811163425446,
    "1,4,5,6": -0.16131740808486938,
    "1,4,5,7": -0.09627722203731537,
    "1,4,6,7": -0.11999398469924927,
    "1,5,6,7": -0.09114206582307816,
    "2,3,4,5": -0.08425982296466827,
    "2,3,4,6": -0.037538886070251465,
    "2,3,4,7": -0.13728055357933044,
    "2,3,5,6": -0.004207336809486151,
    "2,3,5,7": -0.15208928287029266,
    "2,3,6,7": -0.1337788999080658,
    "2,4,5,6": -0.09411752969026566,
    "2,4,5,7": -0.07229478657245636,
    "2,4,6,7": -0.14680734276771545,
    "2,5,6,7": -0.15459498763084412,
    "3,4,5,6": -0.08201488852500916,
    "3,4,5,7": -0.1284927874803543,
    "3,4,6,7": -0.17618805170059204,
    "3,5,6,7": -0.17462381720542908,
    "4,5,6,7": -0.17843279242515564,
    "0,1,2,3,4": -0.19013595581054688,
    "0,1,2,3,5": -0.23640409111976624,
    "0,1,2,3,6": -0.11829207092523575,
    "0,1,2,3,7": -0.053884558379650116,
    "0,1,2,4,5": -0.2537565231323242,
    "0,1,2,4,6": -0.08850398659706116,
    "0,1,2,4,7": -0.06353342533111572,
    "0,1,2,5,6": -0.217809796333313,
    "0,1,2,5,7": -0.11576781421899796,
    "0,1,2,6,7": -0.15126563608646393,
    "0,1,3,4,5": -0.17258280515670776,
    "0,1,3,4,6": -0.0814860537648201,
    "0,1,3,4,7": -0.07518775761127472,
    "0,1,3,5,6": -0.16846950352191925,
    "0,1,3,5,7": -0.1236591711640358,
    "0,1,3,6,7": -0.14847806096076965,
    "0,1,4,5,6": -0.18397469818592072,
    "0,1,4,5,7": -0.11690278351306915,
    "0,1,4,6,7": -0.13824105262756348,
    "0,1,5,6,7": -0.13966897130012512,
    "0,2,3,4,5": -0.16408812999725342,
    "0,2,3,4,6": -0.20641343295574188,
    "0,2,3,4,7": -0.13105249404907227,
    "0,2,3,5,6": -0.2145531177520752,
    "0,2,3,5,7": -0.17511729896068573,
    "0,2,3,6,7": -0.20652827620506287,
    "0,2,4,5,6": -0.13187532126903534,
    "0,2,4,5,7": -0.14634351432323456,
    "0,2,4,6,7": -0.18489861488342285,
    "0,2,5,6,7": -0.1867731511592865,
    "0,3,4,5,6": -0.19730445742607117,
    "0,3,4,5,7": -0.16274280846118927,
    "0,3,4,6,7": -0.1524585783481598,
    "0,3,5,6,7": -0.19612076878547668,
    "0,4,5,6,7": -0.1892748773097992,
    "1,2,3,4,5": -0.13273918628692627,
    "1,2,3,4,6": -0.16828612983226776,
    "1,2,3,4,7": -0.0569784939289093,
    "1,2,3,5,6": -0.17137938737869263,
    "1,2,3,5,7": -0.11410611867904663,
    "1,2,3,6,7": -0.08753931522369385,
    "1,2,4,5,6": -0.14795204997062683,
    "1,2,4,5,7": -0.12064329534769058,
    "1,2,4,6,7": -0.12769444286823273,
    "1,2,5,6,7": -0.14452771842479706,
    "1,3,4,5,6": -0.20988328754901886,
    "1,3,4,5,7": -0.1310432255268097,