{
  "object_name": "Game",
  "data_type": "game",
  "version": "1.4.2.dev29+g3d3c3a7e6.d20260421",
  "created_from": null,
  "description": null,
  "parameters": {},
  "timestamp": "2026-04-21T12:25:56.593803+00:00Z",
  "metadata": {
    "n_players": 8,
    "game_name": "Game_object",
    "normalization_value": 1.095975637435913,
    "precompute_flag": false,
    "precomputed": true,
    "player_names": null
  },
  "data": {
    "Empty": 1.095975637435913,
    "0": 2.290365219116211,
    "1": 1.0454356670379639,
    "2": 1.095975637435913,
    "3": 1.1366618871688843,
    "4": 1.1209180355072021,
    "5": 0.8806345462799072,
    "6": 3.5808141231536865,
    "7": 0.9873563647270203,
    "0,1": 2.290365219116211,
    "0,2": 2.309974431991577,
    "0,3": 2.1695199012756348,
    "0,4": 2.2810540199279785,
    "0,5": 1.4661517143249512,
    "0,6": 3.8683626651763916,
    "0,7": 2.121683359146118,
    "1,2": 1.0454356670379639,
    "1,3": 1.0861221551895142,
    "1,4": 1.053086280822754,
    "1,5": 0.8559380769729614,
    "1,6": 3.5500881671905518,
    "1,7": 0.9368165135383606,
    "2,3": 1.119131088256836,
    "2,4": 1.1209180355072021,
    "2,5": 0.8806345462799072,
    "2,6": 3.5808141231536865,
    "2,7": 0.9873563647270203,
    "3,4": 1.1258795261383057,
    "3,5": 0.9575875401496887,
    "3,6": 3.3936071395874023,
    "3,7": 0.9791556000709534,
    "4,5": 0.9055770635604858,
    "4,6": 3.8369829654693604,
    "4,7": 1.0177112817764282,
    "5,6": 3.4129180908203125,
    "5,7": 0.8813185095787048,
    "6,7": 1.921091079711914,
    "0,1,2": 2.309974431991577,
    "0,1,3": 2.1695199012756348,
    "0,1,4": 2.2810540199279785,
    "0,1,5": 1.4919953346252441,
    "0,1,6": 3.8683626651763916,
    "0,1,7": 2.121683359146118,
    "0,2,3": 2.171598196029663,
    "0,2,4": 2.3006632328033447,
    "0,2,5": 1.4857609272003174,
    "0,2,6": 3.887971878051758,
    "0,2,7": 2.1412925720214844,
    "0,3,4": 2.088815450668335,
    "0,3,5": 1.4959826469421387,
    "0,3,6": 3.619086980819702,
    "0,3,7": 1.892263650894165,
    "0,4,5": 1.4568406343460083,
    "0,4,6": 3.923090934753418,
    "0,4,7": 2.1232943534851074,
    "0,5,6": 3.2294678688049316,
    "0,5,7": 1.4370852708816528,
    "0,6,7": 2.658991575241089,
    "1,2,3": 1.0685913562774658,
    "1,2,4": 1.053086280822754,
    "1,2,5": 0.8559380769729614,
    "1,2,6": 3.5500881671905518,
    "1,2,7": 0.9368165135383606,
    "1,3,4": 1.0580477714538574,
    "1,3,5": 0.932891309261322,
    "1,3,6": 3.3628811836242676,
    "1,3,7": 0.9286156296730042,
    "1,4,5": 0.8635886907577515,
    "1,4,6": 3.7889652252197266,
    "1,4,7": 0.9498794674873352,
    "1,5,6": 3.366745710372925,
    "1,5,7": 0.8428849577903748,
    "1,6,7": 1.921091079711914,
    "2,3,4": 1.1083487272262573,
    "2,3,5": 0.9400567412376404,
    "2,3,6": 3.3936071395874023,
    "2,3,7": 0.961624801158905,
    "2,4,5": 0.9055770635604858,
    "2,4,6": 3.8369829654693604,
    "2,4,7": 1.0177112817764282,
    "2,5,6": 3.4129180908203125,
    "2,5,7": 0.8813185095787048,
    "2,6,7": 1.921091079711914,
    "3,4,5": 0.9740419983863831,
    "3,4,6": 3.614051103591919,
    "3,4,7": 0.9999971389770508,
    "3,5,6": 3.261977434158325,
    "3,5,7": 0.9093843102455139,
    "3,6,7": 1.8725477457046509,
    "4,5,6": 3.6690869331359863,
    "4,5,7": 0.911673367023468,
    "4,6,7": 1.9234038591384888,
    "5,6,7": 1.7236415147781372,
    "0,1,2,3": 2.171598196029663,
    "0,1,2,4": 2.3006632328033447,
    "0,1,2,5": 1.5116045475006104,
    "0,1,2,6": 3.887971878051758,
    "0,1,2,7": 2.1412925720214844,
    "0,1,3,4": 2.088815450668335,
    "0,1,3,5": 1.5218260288238525,
    "0,1,3,6": 3.619086980819702,
    "0,1,3,7": 1.892263650894165,
    "0,1,4,5": 1.4826840162277222,
    "0,1,4,6": 3.923090934753418,
    "0,1,4,7": 2.1232943534851074,
    "0,1,5,6": 3.2140214443206787,
    "0,1,5,7": 1.4491914510726929,
    "0,1,6,7": 2.658991575241089,
    "0,2,3,4": 2.0908937454223633,
    "0,2,3,5": 1.4980610609054565,
    "0,2,3,6": 3.6386961936950684,
    "0,2,3,7": 1.894342064857483,
    "0,2,4,5": 1.4764498472213745,
    "0,2,4,6": 3.942700147628784,
    "0,2,4,7": 2.1429035663604736,
    "0,2,5,6": 3.249077081680298,
    "0,2,5,7": 1.456694483757019,
    "0,2,6,7": 2.678600788116455,
    "0,3,4,5": 1.4425148963928223,
    "0,3,4,6": 3.64766788482666,
    "0,3,4,7": 1.8486928939819336,
    "0,3,5,6": 3.1308681964874268,
    "0,3,5,7": 1.3583425283432007,
    "0,3,6,7": 2.514075994491577,
    "0,4,5,6": 3.284196138381958,
    "0,4,5,7": 1.438696265220642,
    "0,4,6,7": 2.6325607299804688,
    "0,5,6,7": 2.0775845050811768,
    "1,2,3,4": 1.040516972541809,
    "1,2,3,5": 0.9153603911399841,
    "1,2,3,6": 3.3628811836242676,
    "1,2,3,7": 0.9110848307609558,
    "1,2,4,5": 0.8635886907577515,
    "1,2,4,6": 3.7889652252197266,
    "1,2,4,7": 0.9498794674873352,
    "1,2,5,6": 3.366745710372925,
    "1,2,5,7": 0.8428849577903748,
    "1,2,6,7": 1.921091079711914,
    "1,3,4,5": 0.9320538640022278,
    "1,3,4,6": 3.566033363342285,
    "1,3,4,7": 0.9321654438972473,
    "1,3,5,6": 3.2158050537109375,
    "1,3,5,7": 0.8709507584571838,
    "1,3,6,7": 1.8725477457046509,
    "1,4,5,6": 3.6056227684020996,
    "1,4,5,7": 0.8559479117393494,
    "1,4,6,7": 1.9061120748519897,
    "1,5,6,7": 1.6944576501846313,
    "2,3,4,5": 0.9565110802650452,
    "2,3,4,6": 3.614051103591919,
    "2,3,4,7": 0.9824663996696472,
    "2,3,5,6": 3.261977434158325,
    "2,3,5,7": 0.891853392124176,
    "2,3,6,7": 1.8725477457046509,
    "2,4,5,6": 3.6690869331359863,
    "2,4,5,7": 0.911673367023468,
    "2,4,6,7": 1.9234038591384888,
    "2,5,6,7": 1.7236415147781372,
    "3,4,5,6": 3.509658098220825,
    "3,4,5,7": 0.95746248960495,
    "3,4,6,7": 1.8653473854064941,
    "3,5,6,7": 1.71136474609375,
    "4,5,6,7": 1.725954294204712,
    "0,1,2,3,4": 2.0908937454223633,
    "0,1,2,3,5": 1.5239044427871704,
    "0,1,2,3,6": 3.6386961936950684,
    "0,1,2,3,7": 1.894342064857483,
    "0,1,2,4,5": 1.5022932291030884,
    "0,1,2,4,6": 3.942700147628784,
    "0,1,2,4,7": 2.1429035663604736,
    "0,1,2,5,6": 3.233630657196045,
    "0,1,2,5,7": 1.468800663948059,
    "0,1,2,6,7": 2.678600788116455,
    "0,1,3,4,5": 1.4683582782745361,
    "0,1,3,4,6": 3.64766788482666,
    "0,1,3,4,7": 1.8486928939819336,
    "0,1,3,5,6": 3.115421772003174,
    "0,1,3,5,7": 1.3704487085342407,
    "0,1,3,6,7": 2.514075994491577,
    "0,1,4,5,6": 3.268749713897705,
    "0,1,4,5,7": 1.4508026838302612,
    "0,1,4,6,7": 2.6325607299804688,
    "0,1,5,6,7": 2.048400640487671,
    "0,2,3,4,5": 1.4445933103561401,
    "0,2,3,4,6": 3.6672770977020264,
    "0,2,3,4,7": 1.8507713079452515,
    "0,2,3,5,6": 3.150477409362793,
    "0,2,3,5,7": 1.3604209423065186,
    "0,2,3,6,7": 2.5336852073669434,
    "0,2,4,5,6": 3.303805351257324,
    "0,2,4,5,7": 1.4583054780960083,
    "0,2,4,6,7": 2.652169942855835,
    "0,2,5,6,7": 2.097193717956543,
    "0,3,4,5,6": 3.186685800552368,
    "0,3,4,5,7": 1.3420087099075317,
    "0,3,4,6,7": 2.4424636363983154,
    "0,3,5,6,7": 2.0833449363708496,
    "0,4,5,6,7": 2.0511536598205566,
    "1,2,3,4,5": 0.9145229458808899,
    "1,2,3,4,6": 3.566033363342285,
    "1,2,3,4,7": 0.914634644985199,
    "1,2,3,5,6": 3.2158050537109375,
    "1,2,3,5,7": 0.853419840335846,
    "1,2,3,6,7": 1.8725477457046509,
    "1,2,4,5,6": 3.6056227684020996,
    "1,2,4,5,7": 0.8559479117393494,
    "1,2,4,6,7": 1.9061120748519897,
    "1,2,5,6,7": 1.6944576501846313,
    "1,3,4,5,6": 3.4461939334869385,
    "1,3,4,5,7": 0.9017371535301208,
    "1,3,4,6,7": 1.848055362701416,
    "1,3,5,6,7": 1.6821808815002441,
    "1,4,5,6,7": 1.679478645324707,
    "2,3,4,5,6": 3.509658098220825,
    "2,3,4,5,7": 0.9399316906929016,
    "2,3,4,6,7": 1.8653473854064941,
    "2,3,5,6,7": 1.71136474609375,
    "2,4,5,6,7": 1.725954294204712,
    "3,4,5,6,7": 1.7314008474349976,
    "0,1,2,3,4,5": 1.470436692237854,
    "0,1,2,3,4,6": 3.6672770977020264,
    "0,1,2,3,4,7": 1.8507713079452515,