{
  "object_name": "Game",
  "data_type": "game",
  "version": "1.4.2.dev29+g3d3c3a7e6.d20260421",
  "created_from": null,
  "description": null,
  "parameters": {},
  "timestamp": "2026-04-21T12:25:56.797807+00:00Z",
  "metadata": {
    "n_players": 8,
    "game_name": "Game_object",
    "normalization_value": 0.9179999999999999,
    "precompute_flag": false,
    "precomputed": true,
    "player_names": null
  },
  "data": {
    "Empty": 0.9179999999999999,
    "0": 1.7566,
    "1": 1.092,
    "2": 1.0218,
    "3": 0.8844,
    "4": 0.9299999999999999,
    "5": 0.9786999999999999,
    "6": 3.107302,
    "7": 0.9057000000000001,
    "0,1": 1.7433,
    "0,2": 1.7012,
    "0,3": 1.6410000000000005,
    "0,4": 1.7912999999999997,
    "0,5": 1.8584000000000003,
    "0,6": 2.8444,
    "0,7": 1.5359,
    "1,2": 1.092,
    "1,3": 1.1030000000000002,
    "1,4": 1.0902,
    "1,5": 1.0750000000000002,
    "1,6": 2.819401,
    "1,7": 1.0485,
    "2,3": 0.8835000000000001,
    "2,4": 1.0218,
    "2,5": 0.9730000000000001,
    "2,6": 3.143102,
    "2,7": 1.0105,
    "3,4": 0.8804000000000001,
    "3,5": 0.9027,
    "3,6": 3.161302,
    "3,7": 0.8787999999999998,
    "4,5": 0.9818,
    "4,6": 3.107302,
    "4,7": 0.945,
    "5,6": 3.3378029999999996,
    "5,7": 1.0522,
    "6,7": 2.1027,
    "0,1,2": 1.6314,
    "0,1,3": 1.73,
    "0,1,4": 1.7625,
    "0,1,5": 2.3194,
    "0,1,6": 2.631,
    "0,1,7": 1.5625,
    "0,2,3": 1.4556000000000002,
    "0,2,4": 1.7359000000000002,
    "0,2,5": 1.9435000000000002,
    "0,2,6": 2.8907,
    "0,2,7": 1.5359,
    "0,3,4": 1.6593000000000004,
    "0,3,5": 1.8608,
    "0,3,6": 2.9254,
    "0,3,7": 1.5379,
    "0,4,5": 1.8374000000000001,
    "0,4,6": 2.9247,
    "0,4,7": 1.6146999999999998,
    "0,5,6": 2.909,
    "0,5,7": 1.964,
    "0,6,7": 2.2096999999999998,
    "1,2,3": 1.1030000000000002,
    "1,2,4": 1.0902,
    "1,2,5": 1.0777,
    "1,2,6": 2.815201,
    "1,2,7": 1.0485,
    "1,3,4": 1.1012,
    "1,3,5": 1.1028000000000002,
    "1,3,6": 2.896001,
    "1,3,7": 1.0783999999999998,
    "1,4,5": 1.0732000000000002,
    "1,4,6": 2.825101,
    "1,4,7": 1.0467,
    "1,5,6": 3.148702,
    "1,5,7": 1.1532000000000002,
    "1,6,7": 1.9430999999999998,
    "2,3,4": 0.8795,
    "2,3,5": 0.897,
    "2,3,6": 3.1521019999999997,
    "2,3,7": 0.8778999999999998,
    "2,4,5": 0.9761,
    "2,4,6": 3.143102,
    "2,4,7": 1.0368,
    "2,5,6": 3.3378029999999996,
    "2,5,7": 1.0522,
    "2,6,7": 2.0848,
    "3,4,5": 0.8997999999999999,
    "3,4,6": 3.161302,
    "3,4,7": 0.9050999999999998,
    "3,5,6": 3.4995029999999994,
    "3,5,7": 0.9504000000000001,
    "3,6,7": 2.1273,
    "4,5,6": 3.363203,
    "4,5,7": 1.0840999999999998,
    "4,6,7": 2.0936,
    "5,6,7": 2.1574,
    "0,1,2,3": 1.4881000000000002,
    "0,1,2,4": 1.6506,
    "0,1,2,5": 2.3194,
    "0,1,2,6": 2.696,
    "0,1,2,7": 1.5625,
    "0,1,3,4": 1.7483,
    "0,1,3,5": 2.1278999999999995,
    "0,1,3,6": 2.6922,
    "0,1,3,7": 1.7413,
    "0,1,4,5": 2.3513999999999995,
    "0,1,4,6": 2.7455,
    "0,1,4,7": 1.6039,
    "0,1,5,6": 2.8907,
    "0,1,5,7": 2.4257,
    "0,1,6,7": 2.1582000000000003,
    "0,2,3,4": 1.4739000000000002,
    "0,2,3,5": 1.8637000000000001,
    "0,2,3,6": 2.8122999999999996,
    "0,2,3,7": 1.5379,
    "0,2,4,5": 1.9225,
    "0,2,4,6": 2.8756999999999997,
    "0,2,4,7": 1.6146999999999998,
    "0,2,5,6": 2.9941000000000004,
    "0,2,5,7": 2.0491,
    "0,2,6,7": 2.2092,
    "0,3,4,5": 1.875,
    "0,3,4,6": 3.0434999999999994,
    "0,3,4,7": 1.5082000000000002,
    "0,3,5,6": 3.0355,
    "0,3,5,7": 2.0256999999999996,
    "0,3,6,7": 2.1474,
    "0,4,5,6": 3.0982999999999996,
    "0,4,5,7": 2.0427999999999997,
    "0,4,6,7": 2.3447,
    "0,5,6,7": 2.3796,
    "1,2,3,4": 1.1012,
    "1,2,3,5": 1.1055,
    "1,2,3,6": 2.8488009999999995,
    "1,2,3,7": 1.0783999999999998,
    "1,2,4,5": 1.0759,
    "1,2,4,6": 2.820901,
    "1,2,4,7": 1.0467,
    "1,2,5,6": 3.098802,
    "1,2,5,7": 1.1414,
    "1,2,6,7": 1.9369999999999998,
    "1,3,4,5": 1.1010000000000002,
    "1,3,4,6": 2.896001,
    "1,3,4,7": 1.0765999999999998,
    "1,3,5,6": 3.280802,
    "1,3,5,7": 1.1859,
    "1,3,6,7": 2.0368,
    "1,4,5,6": 3.1854020000000003,
    "1,4,5,7": 1.1514000000000002,
    "1,4,6,7": 1.9483000000000001,
    "1,5,6,7": 1.9854000000000003,
    "2,3,4,5": 0.8940999999999999,
    "2,3,4,6": 3.1521019999999997,
    "2,3,4,7": 0.9041999999999998,
    "2,3,5,6": 3.4995029999999994,
    "2,3,5,7": 0.9504000000000001,
    "2,3,6,7": 2.1056,
    "2,4,5,6": 3.363203,
    "2,4,5,7": 1.0840999999999998,
    "2,4,6,7": 2.0361,
    "2,5,6,7": 2.1159000000000003,
    "3,4,5,6": 3.5249029999999997,
    "3,4,5,7": 0.9767000000000001,
    "3,4,6,7": 2.1182000000000003,
    "3,5,6,7": 2.3262000000000005,
    "4,5,6,7": 2.1574,
    "0,1,2,3,4": 1.5064000000000002,
    "0,1,2,3,5": 2.1278999999999995,
    "0,1,2,3,6": 2.5978,
    "0,1,2,3,7": 1.7413,
    "0,1,2,4,5": 2.3513999999999995,
    "0,1,2,4,6": 2.7152000000000003,
    "0,1,2,4,7": 1.6039,
    "0,1,2,5,6": 2.8907,
    "0,1,2,5,7": 2.4257,
    "0,1,2,6,7": 2.1548,
    "0,1,3,4,5": 2.0964,
    "0,1,3,4,6": 2.8344,
    "0,1,3,4,7": 1.7116000000000002,
    "0,1,3,5,6": 2.7718,
    "0,1,3,5,7": 2.4536000000000002,
    "0,1,3,6,7": 2.2373,
    "0,1,4,5,6": 3.0509,
    "0,1,4,5,7": 2.4671000000000007,
    "0,1,4,6,7": 2.3055,
    "0,1,5,6,7": 2.6159000000000003,
    "0,2,3,4,5": 1.8779,
    "0,2,3,4,6": 2.7882,
    "0,2,3,4,7": 1.5082000000000002,
    "0,2,3,5,6": 3.0384,
    "0,2,3,5,7": 2.0286,
    "0,2,3,6,7": 2.1032,
    "0,2,4,5,6": 3.1834,
    "0,2,4,5,7": 2.1278999999999995,
    "0,2,4,6,7": 2.2806,
    "0,2,5,6,7": 2.4512,
    "0,3,4,5,6": 3.1422999999999996,
    "0,3,4,5,7": 1.9919,
    "0,3,4,6,7": 2.2144,
    "0,3,5,6,7": 2.314,
    "0,4,5,6,7": 2.5006999999999997,
    "1,2,3,4,5": 1.1037000000000001,
    "1,2,3,4,6": 2.8488009999999995,
    "1,2,3,4,7": 1.0765999999999998,
    "1,2,3,5,6": 3.2309020000000004,
    "1,2,3,5,7": 1.1741,
    "1,2,3,6,7": 2.0288999999999997,
    "1,2,4,5,6": 3.1355020000000002,
    "1,2,4,5,7": 1.1396000000000002,
    "1,2,4,6,7": 1.8843,
    "1,2,5,6,7": 1.9002,
    "1,3,4,5,6": 3.3192019999999998,
    "1,3,4,5,7": 1.1841,
    "1,3,4,6,7": 2.0368,
    "1,3,5,6,7": 2.1275,
    "1,4,5,6,7": 1.9854000000000003,
    "2,3,4,5,6": 3.5249029999999997,
    "2,3,4,5,7": 0.9767000000000001,
    "2,3,4,6,7": 2.0568999999999997,
    "2,3,5,6,7": 2.1613,
    "2,4,5,6,7": 2.1159000000000003,
    "3,4,5,6,7": 2.3262000000000005,
    "0,1,2,3,4,5": 2.0964,
    "0,1,2,3,4,6": 2.5978,
    "0,1,2,3,4,7": 1.7116000000000002,
    "0,1,2,3,5,6": 2.7718,
    "0,1,2,3,5,7": 2.4536000000000002,
    "0,1,2,3,6,7": 2.1838,
    "0,1,2,4,5,6": 3.0509,
    "0,1,2,4,5,7": 2.4671000000000007,
    "0,1,2,4,6,7": 2.2384999999999997,
    "0,1,2,5,6,7": 2.6159000000000003,
    "0,1,3,4,5,6": 2.8349,
    "0,1,3,4,5,7": 2.3741,
    "0,1,3,4,6,7": 2.3284,
    "0,1,3,5,6,7": 2.5014,
    "0,1,4,5,6,7": 2.6996,
    "0,2,3,4,5,6": 3.1452,
    "0,2,3,4,5,7": 1.9947999999999997,
    "0,2,3,4,6,7": 2.0791000000000004,
    "0,2,3,5,6,7": 2.3021000000000003,
    "0,2,4,5,6,7": 2.5723,
    "0,3,4,5,6,7": 2.3099,
    "1,2,3,4,5,6": 3.2693020000000006,
    "1,2,3,4,5,7": 1.1723000000000001,
    "1,2,3,4,6,7": 1.9709999999999996,
    "1,2,3,5,6,7": 1.9571999999999998,
    "1,2,4,5,6,7": 1.9002,
    "1,3,4,5,6,7": 2.1275,
    "2,3,4,5,6,7": 2.1613,
    "0,1,2,3,4,5,6": 2.8349,
    "0,1,2,3,4,5,7": 2.3741,
    "0,1,2,3,4,6,7": 2.1838,
    "0,1,2,3,5,6,7": 2.5001,
    "0,1,2,4,5,6,7": 2.6996,
    "0,1,3,4,5,6,7": 2.4536,
    "0,2,3,4,5,6,7": 2.298,
    "1,2,3,4,5,6,7": 1.9571999999999998,
    "0,1,2,3,4,5,6,7": 2.4523
  }
}
