{
  "object_name": "Game",
  "data_type": "game",
  "version": "1.4.2.dev29+g3d3c3a7e6.d20260421",
  "created_from": null,
  "description": null,
  "parameters": {},
  "timestamp": "2026-04-21T12:25:56.611488+00:00Z",
  "metadata": {
    "n_players": 8,
    "game_name": "Game_object",
    "normalization_value": 0.24609795212745667,
    "precompute_flag": false,
    "precomputed": true,
    "player_names": null
  },
  "data": {
    "Empty": 0.39751601219177246,
    "0": 0.5198239088058472,
    "1": 0.4298481047153473,
    "2": 0.3849034309387207,
    "3": 0.44326114654541016,
    "4": 0.3892748951911926,
    "5": 0.5787450075149536,
    "6": 0.40526533126831055,
    "7": 0.4447997510433197,
    "0,1": 0.4277247488498688,
    "0,2": 0.46196603775024414,
    "0,3": 0.44717463850975037,
    "0,4": 0.43847790360450745,
    "0,5": 0.5149031281471252,
    "0,6": 0.45292386412620544,
    "0,7": 0.36632364988327026,
    "1,2": 0.41718631982803345,
    "1,3": 0.3583590090274811,
    "1,4": 0.4173324704170227,
    "1,5": 0.601564884185791,
    "1,6": 0.47881001234054565,
    "1,7": 0.5131055116653442,
    "2,3": 0.43906813859939575,
    "2,4": 0.38042742013931274,
    "2,5": 0.41610202193260193,
    "2,6": 0.4393308758735657,
    "2,7": 0.5056954026222229,
    "3,4": 0.35173356533050537,
    "3,5": 0.517475962638855,
    "3,6": 0.46536073088645935,
    "3,7": 0.5424240827560425,
    "4,5": 0.48007136583328247,
    "4,6": 0.471189022064209,
    "4,7": 0.2707708775997162,
    "5,6": 0.6106351613998413,
    "5,7": 0.4339882433414459,
    "6,7": 0.47500091791152954,
    "0,1,2": 0.4297354817390442,
    "0,1,3": 0.46425724029541016,
    "0,1,4": 0.43446025252342224,
    "0,1,5": 0.5115473866462708,
    "0,1,6": 0.42905086278915405,
    "0,1,7": 0.44754618406295776,
    "0,2,3": 0.43168944120407104,
    "0,2,4": 0.3135456144809723,
    "0,2,5": 0.5156570672988892,
    "0,2,6": 0.583798885345459,
    "0,2,7": 0.33416125178337097,
    "0,3,4": 0.37127089500427246,
    "0,3,5": 0.5615622997283936,
    "0,3,6": 0.4729510247707367,
    "0,3,7": 0.469902366399765,
    "0,4,5": 0.543000340461731,
    "0,4,6": 0.5153588652610779,
    "0,4,7": 0.4634774327278137,
    "0,5,6": 0.5897449254989624,
    "0,5,7": 0.5407648682594299,
    "0,6,7": 0.5067604184150696,
    "1,2,3": 0.3475492000579834,
    "1,2,4": 0.35375967621803284,
    "1,2,5": 0.4601835310459137,
    "1,2,6": 0.4753433167934418,
    "1,2,7": 0.34341973066329956,
    "1,3,4": 0.3694208562374115,
    "1,3,5": 0.5953426361083984,
    "1,3,6": 0.4388318955898285,
    "1,3,7": 0.2205144613981247,
    "1,4,5": 0.4343070983886719,
    "1,4,6": 0.5324313640594482,
    "1,4,7": 0.4765549302101135,
    "1,5,6": 0.6804372072219849,
    "1,5,7": 0.5805769562721252,
    "1,6,7": 0.5059741735458374,
    "2,3,4": 0.24983136355876923,
    "2,3,5": 0.36204296350479126,
    "2,3,6": 0.4275535047054291,
    "2,3,7": 0.48341602087020874,
    "2,4,5": 0.5301446914672852,
    "2,4,6": 0.4284130930900574,
    "2,4,7": 0.4940029978752136,
    "2,5,6": 0.4834716320037842,
    "2,5,7": 0.5646575093269348,
    "2,6,7": 0.49235886335372925,
    "3,4,5": 0.4605747163295746,
    "3,4,6": 0.4639798700809479,
    "3,4,7": 0.45888862013816833,
    "3,5,6": 0.547268807888031,
    "3,5,7": 0.39640623331069946,
    "3,6,7": 0.5361250638961792,
    "4,5,6": 0.46067506074905396,
    "4,5,7": 0.560746967792511,
    "4,6,7": 0.41013702750205994,
    "5,6,7": 0.5895598530769348,
    "0,1,2,3": 0.4101523458957672,
    "0,1,2,4": 0.4261188507080078,
    "0,1,2,5": 0.5205217599868774,
    "0,1,2,6": 0.4178388714790344,
    "0,1,2,7": 0.46847349405288696,
    "0,1,3,4": 0.3741069436073303,
    "0,1,3,5": 0.5838097929954529,
    "0,1,3,6": 0.46791401505470276,
    "0,1,3,7": 0.24622294306755066,
    "0,1,4,5": 0.4976138174533844,
    "0,1,4,6": 0.44033676385879517,
    "0,1,4,7": 0.47220712900161743,
    "0,1,5,6": 0.593429446220398,
    "0,1,5,7": 0.6464317440986633,
    "0,1,6,7": 0.5072308778762817,
    "0,2,3,4": 0.3977382183074951,
    "0,2,3,5": 0.5628509521484375,
    "0,2,3,6": 0.40869927406311035,
    "0,2,3,7": 0.5265473127365112,
    "0,2,4,5": 0.5555370450019836,
    "0,2,4,6": 0.4390614628791809,
    "0,2,4,7": 0.260570764541626,
    "0,2,5,6": 0.4547295570373535,
    "0,2,5,7": 0.5918634533882141,
    "0,2,6,7": 0.46734094619750977,
    "0,3,4,5": 0.5271194577217102,
    "0,3,4,6": 0.5243774652481079,
    "0,3,4,7": 0.3338276147842407,
    "0,3,5,6": 0.6068549156188965,
    "0,3,5,7": 0.3498815596103668,
    "0,3,6,7": 0.4573046565055847,
    "0,4,5,6": 0.6392485499382019,
    "0,4,5,7": 0.5504303574562073,
    "0,4,6,7": 0.49207624793052673,
    "0,5,6,7": 0.5777707099914551,
    "1,2,3,4": 0.3804018795490265,
    "1,2,3,5": 0.4932379126548767,
    "1,2,3,6": 0.3870784342288971,
    "1,2,3,7": 0.5343043208122253,
    "1,2,4,5": 0.4733077883720398,
    "1,2,4,6": 0.416137158870697,
    "1,2,4,7": 0.5062726736068726,
    "1,2,5,6": 0.47836440801620483,
    "1,2,5,7": 0.6425498723983765,
    "1,2,6,7": 0.46828967332839966,
    "1,3,4,5": 0.6000939607620239,
    "1,3,4,6": 0.42072635889053345,
    "1,3,4,7": 0.47831210494041443,
    "1,3,5,6": 0.5079151391983032,
    "1,3,5,7": 0.5686359405517578,
    "1,3,6,7": 0.5080004334449768,
    "1,4,5,6": 0.5011828541755676,
    "1,4,5,7": 0.4523448348045349,
    "1,4,6,7": 0.40435028076171875,
    "1,5,6,7": 0.5695749521255493,
    "2,3,4,5": 0.5287402868270874,
    "2,3,4,6": 0.5388676524162292,
    "2,3,4,7": 0.36666497588157654,
    "2,3,5,6": 0.4853131175041199,
    "2,3,5,7": 0.6032292246818542,
    "2,3,6,7": 0.4080638289451599,
    "2,4,5,6": 0.5725600719451904,
    "2,4,5,7": 0.390246719121933,
    "2,4,6,7": 0.4690154194831848,
    "2,5,6,7": 0.5716853737831116,
    "3,4,5,6": 0.5294831991195679,
    "3,4,5,7": 0.5134042501449585,
    "3,4,6,7": 0.44723477959632874,
    "3,5,6,7": 0.5589140057563782,
    "4,5,6,7": 0.5553797483444214,
    "0,1,2,3,4": 0.43076133728027344,
    "0,1,2,3,5": 0.521232008934021,
    "0,1,2,3,6": 0.45245879888534546,
    "0,1,2,3,7": 0.30007225275039673,
    "0,1,2,4,5": 0.5128667950630188,
    "0,1,2,4,6": 0.4326716363430023,
    "0,1,2,4,7": 0.35193324089050293,
    "0,1,2,5,6": 0.6298925280570984,
    "0,1,2,5,7": 0.6605113744735718,
    "0,1,2,6,7": 0.4832879900932312,
    "0,1,3,4,5": 0.5252143740653992,
    "0,1,3,4,6": 0.46178627014160156,
    "0,1,3,4,7": 0.7320137619972229,
    "0,1,3,5,6": 0.5568411946296692,
    "0,1,3,5,7": 0.5502687692642212,
    "0,1,3,6,7": 0.44355711340904236,
    "0,1,4,5,6": 0.5458661317825317,
    "0,1,4,5,7": 0.46348732709884644,
    "0,1,4,6,7": 0.4712347090244293,
    "0,1,5,6,7": 0.590599775314331,
    "0,2,3,4,5": 0.5421900749206543,
    "0,2,3,4,6": 0.45954808592796326,
    "0,2,3,4,7": 0.2820136249065399,
    "0,2,3,5,6": 0.6178411245346069,
    "0,2,3,5,7": 0.604209840297699,
    "0,2,3,6,7": 0.4234336018562317,
    "0,2,4,5,6": 0.5527788996696472,
    "0,2,4,5,7": 0.5718384981155396,
    "0,2,4,6,7": 0.45666924118995667,
    "0,2,5,6,7": 0.5690146684646606,
    "0,3,4,5,6": 0.5438840389251709,
    "0,3,4,5,7": 0.7067061066627502,
    "0,3,4,6,7": 0.5042678117752075,
    "0,3,5,6,7": 0.5763791799545288,
    "0,4,5,6,7": 0.55766761302948,
    "1,2,3,4,5": 0.48365092277526855,
    "1,2,3,4,6": 0.4454336166381836,
    "1,2,3,4,7": 0.4423690438270569,
    "1,2,3,5,6": 0.5455929636955261,
    "1,2,3,5,7": 0.611835241317749,
    "1,2,3,6,7": 0.47114700078964233,
    "1,2,4,5,6": 0.5169087648391724,
    "1,2,4,5,7": 0.3716917932033539,
    "1,2,4,6,7": 0.48869553208351135,
    "1,2,5,6,7": 0.5141125321388245,
    "1,3,4,5,6": 0.5742267966270447,
    "1,3,4,5,7": 0.6926909685134888,
    "1,3,4,6,7": 0.4329385757446289,
    "1,3,5,6,7": 0.5688884854316711,
    "1,4,5,6,7": 0.5641883015632629,
    "2,3,4,5,6": 0.5131581425666809,
    "2,3,4,5,7": 0.4304410517215729,
    "2,3,4,6,7": 0.5094796419143677,
    "2,3,5,6,7": 0.49702224135398865,
    "2,4,5,6,7": 0.5678272843360901,
    "3,4,5,6,7": 0.5313630104064941,