{
  "object_name": "Game",
  "data_type": "game",
  "version": "1.4.2.dev29+g3d3c3a7e6.d20260421",
  "created_from": null,
  "description": null,
  "parameters": {},
  "timestamp": "2026-04-21T12:25:56.602330+00:00Z",
  "metadata": {
    "n_players": 8,
    "game_name": "Game_object",
    "normalization_value": 1.095975637435913,
    "precompute_flag": false,
    "precomputed": true,
    "player_names": null
  },
  "data": {
    "Empty": 1.095975637435913,
    "0": 0.6368727684020996,
    "1": 1.1505227088928223,
    "2": 1.0078840255737305,
    "3": 1.1064064502716064,
    "4": 1.390924334526062,
    "5": 0.9520964622497559,
    "6": 1.2276115417480469,
    "7": 3.124389886856079,
    "0,1": 0.566953182220459,
    "0,2": 1.3789111375808716,
    "0,3": 0.6362488269805908,
    "0,4": 0.7241194248199463,
    "0,5": 0.5767966508865356,
    "0,6": 0.6534478664398193,
    "0,7": 2.7225894927978516,
    "1,2": 1.4377299547195435,
    "1,3": 1.1609535217285156,
    "1,4": 1.5336745977401733,
    "1,5": 1.0066441297531128,
    "1,6": 1.3746521472930908,
    "1,7": 3.015460252761841,
    "2,3": 1.0179957151412964,
    "2,4": 1.1231456995010376,
    "2,5": 0.9783300161361694,
    "2,6": 1.0953516960144043,
    "2,7": 2.665342330932617,
    "3,4": 1.4178473949432373,
    "3,5": 0.9625273942947388,
    "3,6": 1.2380424737930298,
    "3,7": 3.1187639236450195,
    "4,5": 1.275620937347412,
    "4,6": 1.5445305109024048,
    "4,7": 3.2785749435424805,
    "5,6": 1.0837324857711792,
    "5,7": 3.1204564571380615,
    "6,7": 1.867942214012146,
    "0,1,2": 1.8877341747283936,
    "0,1,3": 0.5663292407989502,
    "0,1,4": 0.8434120416641235,
    "0,1,5": 0.4963538944721222,
    "0,1,6": 0.6752592325210571,
    "0,1,7": 2.5246963500976562,
    "0,2,3": 1.3729658126831055,
    "0,2,4": 1.268649697303772,
    "0,2,5": 1.1059646606445312,
    "0,2,6": 1.4353525638580322,
    "0,2,7": 3.396324396133423,
    "0,3,4": 0.7399873733520508,
    "0,3,5": 0.5761727094650269,
    "0,3,6": 0.6528239250183105,
    "0,3,7": 2.7219655513763428,
    "0,4,5": 0.6926186084747314,
    "0,4,6": 0.7626646757125854,
    "0,4,7": 2.783068895339966,
    "0,5,6": 0.5933717489242554,
    "0,5,7": 2.8024582862854004,
    "0,6,7": 1.122873306274414,
    "1,2,3": 1.1376287937164307,
    "1,2,4": 2.168391704559326,
    "1,2,5": 1.408176302909851,
    "1,2,6": 1.4603848457336426,
    "1,2,7": 3.1213762760162354,
    "1,3,4": 1.5113850831985474,
    "1,3,5": 1.0170749425888062,
    "1,3,6": 1.3850830793380737,
    "1,3,7": 3.0098342895507812,
    "1,4,5": 1.4183712005615234,
    "1,4,6": 1.7797741889953613,
    "1,4,7": 3.265578508377075,
    "1,5,6": 1.2307733297348022,
    "1,5,7": 3.0115268230438232,
    "1,6,7": 1.9730629920959473,
    "2,3,4": 1.1273655891418457,
    "2,3,5": 0.9884417057037354,
    "2,3,6": 1.1054631471633911,
    "2,3,7": 2.8356659412384033,
    "2,4,5": 1.1221671104431152,
    "2,4,6": 1.2325831651687622,
    "2,4,7": 2.6283352375030518,
    "2,5,6": 1.0657974481582642,
    "2,5,7": 2.7698848247528076,
    "2,6,7": 1.2586694955825806,
    "3,4,5": 1.3025439977645874,
    "3,4,6": 1.5714534521102905,
    "3,4,7": 3.3524279594421387,
    "3,5,6": 1.094163417816162,
    "3,5,7": 3.114830493927002,
    "3,6,7": 1.8623162508010864,
    "4,5,6": 1.4292271137237549,
    "4,5,7": 3.274641513824463,
    "4,6,7": 2.060194730758667,
    "5,6,7": 1.8640085458755493,
    "0,1,2,3": 1.4379843473434448,
    "0,1,2,4": 2.1509578227996826,
    "0,1,2,5": 1.6042641401290894,
    "0,1,2,6": 1.8786007165908813,
    "0,1,2,7": 3.7577953338623047,
    "0,1,3,4": 0.8100676536560059,
    "0,1,3,5": 0.4957299530506134,
    "0,1,3,6": 0.6746352910995483,
    "0,1,3,7": 2.5240724086761475,
    "0,1,4,5": 0.7564047574996948,
    "0,1,4,6": 0.9736883640289307,
    "0,1,4,7": 2.782118082046509,
    "0,1,5,6": 0.6046596765518188,
    "0,1,5,7": 2.5940418243408203,
    "0,1,6,7": 1.1382681131362915,
    "0,2,3,4": 1.256812572479248,
    "0,2,3,5": 1.1000193357467651,
    "0,2,3,6": 1.4294072389602661,
    "0,2,3,7": 3.4182684421539307,
    "0,2,4,5": 1.024278163909912,
    "0,2,4,6": 1.347061038017273,
    "0,2,4,7": 3.2260854244232178,
    "0,2,5,6": 1.1624059677124023,
    "0,2,5,7": 3.2574737071990967,
    "0,2,6,7": 1.599132776260376,
    "0,3,4,5": 0.7084866762161255,
    "0,3,4,6": 0.7785326242446899,
    "0,3,4,7": 2.861923933029175,
    "0,3,5,6": 0.5927478075027466,
    "0,3,5,7": 2.8018343448638916,
    "0,3,6,7": 1.1222492456436157,
    "0,4,5,6": 0.7311639785766602,
    "0,4,5,7": 2.8629379272460938,
    "0,4,6,7": 1.1289440393447876,
    "0,5,6,7": 1.202742338180542,
    "1,2,3,4": 1.8640228509902954,
    "1,2,3,5": 1.1080752611160278,
    "1,2,3,6": 1.1602839231491089,
    "1,2,3,7": 2.9814867973327637,
    "1,2,4,5": 1.737188696861267,
    "1,2,4,6": 2.2130162715911865,
    "1,2,4,7": 3.6763670444488525,
    "1,2,5,6": 1.4308310747146606,
    "1,2,5,7": 3.225918769836426,
    "1,2,6,7": 1.7714475393295288,
    "1,3,4,5": 1.3960816860198975,
    "1,3,4,6": 1.757484793663025,
    "1,3,4,7": 3.2272322177886963,
    "1,3,5,6": 1.2412042617797852,
    "1,3,5,7": 3.0059008598327637,
    "1,3,6,7": 1.9674370288848877,
    "1,4,5,6": 1.6644706726074219,
    "1,4,5,7": 3.2616450786590576,
    "1,4,6,7": 2.2612485885620117,
    "1,5,6,7": 1.9691293239593506,
    "2,3,4,5": 1.1263868808746338,
    "2,3,4,6": 1.2368030548095703,
    "2,3,4,7": 2.8557541370391846,
    "2,3,5,6": 1.0759090185165405,
    "2,3,5,7": 2.9402084350585938,
    "2,3,6,7": 1.4289929866790771,
    "2,4,5,6": 1.2316044569015503,
    "2,4,5,7": 2.732877731323242,
    "2,4,6,7": 1.2597299814224243,
    "2,5,6,7": 1.3632116317749023,
    "3,4,5,6": 1.4561500549316406,
    "3,4,5,7": 3.348494529724121,
    "3,4,6,7": 2.134047746658325,
    "3,5,6,7": 1.8583825826644897,
    "4,5,6,7": 2.056260824203491,
    "0,1,2,3,4": 1.696940541267395,
    "0,1,2,3,5": 1.1545143127441406,
    "0,1,2,3,6": 1.4288508892059326,
    "0,1,2,3,7": 3.335934638977051,
    "0,1,2,4,5": 1.631691813468933,
    "0,1,2,4,6": 2.16379451751709,
    "0,1,2,4,7": 3.9687724113464355,
    "0,1,2,5,6": 1.5951308012008667,
    "0,1,2,5,7": 3.6084213256835938,
    "0,1,2,6,7": 2.016585111618042,
    "0,1,3,4,5": 0.7230603694915771,
    "0,1,3,4,6": 0.940343976020813,
    "0,1,3,4,7": 2.7487738132476807,
    "0,1,3,5,6": 0.6040357351303101,
    "0,1,3,5,7": 2.5934178829193115,
    "0,1,3,6,7": 1.1376440525054932,
    "0,1,4,5,6": 0.886681079864502,
    "0,1,4,5,7": 2.8064804077148438,
    "0,1,4,6,7": 1.341281771659851,
    "0,1,5,6,7": 1.2076137065887451,
    "0,2,3,4,5": 1.0124409198760986,
    "0,2,3,4,6": 1.335223913192749,
    "0,2,3,4,7": 3.3051247596740723,
    "0,2,3,5,6": 1.1564606428146362,
    "0,2,3,5,7": 3.2794177532196045,
    "0,2,3,6,7": 1.6210767030715942,
    "0,2,4,5,6": 1.1026896238327026,
    "0,2,4,5,7": 3.0872347354888916,
    "0,2,4,6,7": 1.4606518745422363,
    "0,2,5,6,7": 1.4602819681167603,
    "0,3,4,5,6": 0.7470320463180542,
    "0,3,4,5,7": 2.9417929649353027,
    "0,3,4,6,7": 1.2077990770339966,
    "0,3,5,6,7": 1.2021182775497437,
    "0,4,5,6,7": 1.2088130712509155,
    "1,2,3,4,5": 1.4328194856643677,
    "1,2,3,4,6": 1.908647894859314,
    "1,2,3,4,7": 3.532210111618042,
    "1,2,3,5,6": 1.130730152130127,
    "1,2,3,5,7": 3.086029291152954,
    "1,2,3,6,7": 1.6315582990646362,
    "1,2,4,5,6": 1.7818137407302856,
    "1,2,4,5,7": 3.350684642791748,
    "1,2,4,6,7": 2.3645057678222656,
    "1,2,5,6,7": 1.8759897947311401,
    "1,3,4,5,6": 1.6421812772750854,
    "1,3,4,5,7": 3.2232987880706787,
    "1,3,4,6,7": 2.222902297973633,
    "1,3,5,6,7": 1.963503360748291,
    "1,4,5,6,7": 2.257314682006836,
    "2,3,4,5,6": 1.2358243465423584,
    "2,3,4,5,7": 2.960296630859375,
    "2,3,4,6,7": 1.4871487617492676,
    "2,3,5,6,7": 1.533535122871399,
    "2,4,5,6,7": 1.364272117614746,
    "3,4,5,6,7": 2.1301138401031494,
    "0,1,2,3,4,5": 1.17767333984375,
    "0,1,2,3,4,6": 1.7097774744033813,
    "0,1,2,3,4,7": 3.5426440238952637,