{
  "object_name": "Game",
  "data_type": "game",
  "version": "1.4.2.dev29+g3d3c3a7e6.d20260421",
  "created_from": null,
  "description": null,
  "parameters": {},
  "timestamp": "2026-04-21T12:25:56.672891+00:00Z",
  "metadata": {
    "n_players": 8,
    "game_name": "Game_object",
    "normalization_value": -0.09941155463457108,
    "precompute_flag": false,
    "precomputed": true,
    "player_names": null
  },
  "data": {
    "Empty": -0.09941155463457108,
    "0": -0.028984561562538147,
    "1": -0.017694517970085144,
    "2": 0.02969805896282196,
    "3": -0.11302930116653442,
    "4": -0.10481736063957214,
    "5": -0.11279422789812088,
    "6": 0.037619397044181824,
    "7": 0.25243353843688965,
    "0,1": 0.06035895645618439,
    "0,2": 0.003622785210609436,
    "0,3": -0.03966204822063446,
    "0,4": -0.03796491026878357,
    "0,5": -0.04121021926403046,
    "0,6": 0.07346145808696747,
    "0,7": 0.26392263174057007,
    "1,2": 0.10776717960834503,
    "1,3": -0.0013095736503601074,
    "1,4": -0.028212130069732666,
    "1,5": -0.03421548008918762,
    "1,6": 0.16677717864513397,
    "1,7": 0.32322680950164795,
    "2,3": 0.04746420681476593,
    "2,4": 0.014743417501449585,
    "2,5": 0.014218375086784363,
    "2,6": 0.08941672742366791,
    "2,7": 0.2844685912132263,
    "3,4": -0.1168736144900322,
    "3,5": -0.12821249663829803,
    "3,6": 0.07183690369129181,
    "3,7": 0.2527073621749878,
    "4,5": -0.11832283437252045,
    "4,6": 0.036846861243247986,
    "4,7": 0.31893181800842285,
    "5,6": 0.025832295417785645,
    "5,7": 0.23985542356967926,
    "6,7": 0.08972008526325226,
    "0,1,2": 0.08522622287273407,
    "0,1,3": 0.04431213438510895,
    "0,1,4": 0.04515455663204193,
    "0,1,5": 0.05127681791782379,
    "0,1,6": 0.24559788405895233,
    "0,1,7": 0.345552921295166,
    "0,2,3": 0.023971527814865112,
    "0,2,4": 0.029704689979553223,
    "0,2,5": 0.00014197826385498047,
    "0,2,6": 0.16440449655056,
    "0,2,7": 0.28578490018844604,
    "0,3,4": -0.05645407736301422,
    "0,3,5": -0.04719822108745575,
    "0,3,6": 0.10211323201656342,
    "0,3,7": 0.2368466705083847,
    "0,4,5": -0.04209190607070923,
    "0,4,6": 0.07452355325222015,
    "0,4,7": 0.3313083052635193,
    "0,5,6": 0.058716967701911926,
    "0,5,7": 0.2370351403951645,
    "0,6,7": 0.09471802413463593,
    "1,2,3": 0.14919941127300262,
    "1,2,4": 0.09773607552051544,
    "1,2,5": 0.09103740751743317,
    "1,2,6": 0.22514869272708893,
    "1,2,7": 0.42136305570602417,
    "1,3,4": -0.037185490131378174,
    "1,3,5": -0.013564705848693848,
    "1,3,6": 0.1875930279493332,
    "1,3,7": 0.3457522392272949,
    "1,4,5": -0.04815337061882019,
    "1,4,6": 0.170959010720253,
    "1,4,7": 0.35564732551574707,
    "1,5,6": 0.15748344361782074,
    "1,5,7": 0.3073115944862366,
    "1,6,7": 0.1459902673959732,
    "2,3,4": 0.03545169532299042,
    "2,3,5": 0.04022599756717682,
    "2,3,6": 0.12576206028461456,
    "2,3,7": 0.2971162796020508,
    "2,4,5": 0.0013321936130523682,
    "2,4,6": 0.10176531970500946,
    "2,4,7": 0.3593387007713318,
    "2,5,6": 0.07905431091785431,
    "2,5,7": 0.2715590000152588,
    "2,6,7": 0.1510726362466812,
    "3,4,5": -0.1353904902935028,
    "3,4,6": 0.05679835379123688,
    "3,4,7": 0.31412655115127563,
    "3,5,6": 0.05879269540309906,
    "3,5,7": 0.23842965066432953,
    "3,6,7": 0.0859280675649643,
    "4,5,6": 0.019763901829719543,
    "4,5,7": 0.3058077096939087,
    "4,6,7": 0.07590614259243011,
    "5,6,7": 0.07399795949459076,
    "0,1,2,3": 0.10065509378910065,
    "0,1,2,4": 0.06322972476482391,
    "0,1,2,5": 0.07341258227825165,
    "0,1,2,6": 0.3276447653770447,
    "0,1,2,7": 0.4422456622123718,
    "0,1,3,4": 0.03380848467350006,
    "0,1,3,5": 0.0402970165014267,
    "0,1,3,6": 0.2654411792755127,
    "0,1,3,7": 0.380018949508667,
    "0,1,4,5": 0.03474418818950653,
    "0,1,4,6": 0.23207201063632965,
    "0,1,4,7": 0.3840934634208679,
    "0,1,5,6": 0.23806945979595184,
    "0,1,5,7": 0.3427199125289917,
    "0,1,6,7": 0.18203331530094147,
    "0,2,3,4": 0.0519343763589859,
    "0,2,3,5": 0.0192958265542984,
    "0,2,3,6": 0.18766777217388153,
    "0,2,3,7": 0.2864527702331543,
    "0,2,4,5": 0.020594850182533264,
    "0,2,4,6": 0.16214798390865326,
    "0,2,4,7": 0.3581141233444214,
    "0,2,5,6": 0.14879779517650604,
    "0,2,5,7": 0.2648082971572876,
    "0,2,6,7": 0.16394926607608795,
    "0,3,4,5": -0.05692344903945923,
    "0,3,4,6": 0.1005173772573471,
    "0,3,4,7": 0.30507463216781616,
    "0,3,5,6": 0.08769817650318146,
    "0,3,5,7": 0.21507571637630463,
    "0,3,6,7": 0.09914244711399078,
    "0,4,5,6": 0.05801711976528168,
    "0,4,5,7": 0.3045182228088379,
    "0,4,6,7": 0.10345815122127533,
    "0,5,6,7": 0.07397373020648956,
    "1,2,3,4": 0.13479004800319672,
    "1,2,3,5": 0.13204632699489594,
    "1,2,3,6": 0.24596403539180756,
    "1,2,3,7": 0.47400814294815063,
    "1,2,4,5": 0.07872186601161957,
    "1,2,4,6": 0.2187257558107376,
    "1,2,4,7": 0.46289950609207153,
    "1,2,5,6": 0.2118198424577713,
    "1,2,5,7": 0.4184555411338806,
    "1,2,6,7": 0.20618461072444916,
    "1,3,4,5": -0.048078685998916626,
    "1,3,4,6": 0.17915289103984833,
    "1,3,4,7": 0.3712838888168335,
    "1,3,5,6": 0.17758993804454803,
    "1,3,5,7": 0.3368030786514282,
    "1,3,6,7": 0.1396058052778244,
    "1,4,5,6": 0.161640927195549,
    "1,4,5,7": 0.3389069437980652,
    "1,4,6,7": 0.1326555460691452,
    "1,5,6,7": 0.12792588770389557,
    "2,3,4,5": 0.022616177797317505,
    "2,3,4,6": 0.1343231052160263,
    "2,3,4,7": 0.3620525002479553,
    "2,3,5,6": 0.11540056765079498,
    "2,3,5,7": 0.286299467086792,
    "2,3,6,7": 0.14886288344860077,
    "2,4,5,6": 0.0879046767950058,
    "2,4,5,7": 0.34883391857147217,
    "2,4,6,7": 0.14147703349590302,
    "2,5,6,7": 0.13301415741443634,
    "3,4,5,6": 0.03843782842159271,
    "3,4,5,7": 0.2999489903450012,
    "3,4,6,7": 0.06529568135738373,
    "3,5,6,7": 0.06795351207256317,
    "4,5,6,7": 0.058103665709495544,
    "0,1,2,3,4": 0.08648528158664703,
    "0,1,2,3,5": 0.08721370995044708,
    "0,1,2,3,6": 0.3312411904335022,
    "0,1,2,3,7": 0.4829410910606384,
    "0,1,2,4,5": 0.051650211215019226,
    "0,1,2,4,6": 0.299247682094574,
    "0,1,2,4,7": 0.49680668115615845,
    "0,1,2,5,6": 0.3185564875602722,
    "0,1,2,5,7": 0.4422959089279175,
    "0,1,2,6,7": 0.23204176127910614,
    "0,1,3,4,5": 0.023652896285057068,
    "0,1,3,4,6": 0.2492554932832718,
    "0,1,3,4,7": 0.42781364917755127,
    "0,1,3,5,6": 0.25570863485336304,
    "0,1,3,5,7": 0.3757539987564087,
    "0,1,3,6,7": 0.1798914521932602,
    "0,1,4,5,6": 0.22323258221149445,
    "0,1,4,5,7": 0.3828977346420288,
    "0,1,4,6,7": 0.1837392896413803,
    "0,1,5,6,7": 0.16022704541683197,
    "0,2,3,4,5": 0.04552905261516571,
    "0,2,3,4,6": 0.1878313273191452,
    "0,2,3,4,7": 0.3599611520767212,
    "0,2,3,5,6": 0.17335061728954315,
    "0,2,3,5,7": 0.2649596333503723,
    "0,2,3,6,7": 0.17362527549266815,
    "0,2,4,5,6": 0.14663256704807281,
    "0,2,4,5,7": 0.3381587266921997,
    "0,2,4,6,7": 0.18403847515583038,
    "0,2,5,6,7": 0.14391423761844635,
    "0,3,4,5,6": 0.08403168618679047,
    "0,3,4,5,7": 0.2820795774459839,
    "0,3,4,6,7": 0.0995669811964035,
    "0,3,5,6,7": 0.07919876277446747,
    "0,4,5,6,7": 0.08597753942012787,
    "1,2,3,4,5": 0.11815844476222992,
    "1,2,3,4,6": 0.2408658117055893,
    "1,2,3,4,7": 0.4910755157470703,
    "1,2,3,5,6": 0.23194964230060577,
    "1,2,3,5,7": 0.4786038398742676,
    "1,2,3,6,7": 0.20995594561100006,
    "1,2,4,5,6": 0.20571531355381012,
    "1,2,4,5,7": 0.4487590193748474,
    "1,2,4,6,7": 0.2065674513578415,
    "1,2,5,6,7": 0.18512459099292755,
    "1,3,4,5,6": 0.1627839356660843,
    "1,3,4,5,7": 0.3599128723144531,
    "1,3,4,6,7": 0.13548405468463898,
    "1,3,5,6,7": 0.11682258546352386,
    "1,4,5,6,7": 0.11394761502742767,
    "2,3,4,5,6": 0.11439387500286102,
    "2,3,4,5,7": 0.3537740707397461,