{
  "object_name": "Game",
  "data_type": "game",
  "version": "1.4.2.dev29+g3d3c3a7e6.d20260421",
  "created_from": null,
  "description": null,
  "parameters": {},
  "timestamp": "2026-04-21T12:25:56.775126+00:00Z",
  "metadata": {
    "n_players": 8,
    "game_name": "Game_object",
    "normalization_value": 0.9179999999999999,
    "precompute_flag": false,
    "precomputed": true,
    "player_names": null
  },
  "data": {
    "Empty": 0.9179999999999999,
    "0": 0.8993,
    "1": 1.9396,
    "2": 0.9091999999999999,
    "3": 0.9243,
    "4": 0.9179999999999999,
    "5": 1.0026,
    "6": 1.1282,
    "7": 2.4228,
    "0,1": 1.94,
    "0,2": 0.8904,
    "0,3": 0.9052,
    "0,4": 0.8993,
    "0,5": 0.985,
    "0,6": 1.0612,
    "0,7": 2.4225000000000003,
    "1,2": 1.9263,
    "1,3": 1.9988,
    "1,4": 1.9536000000000002,
    "1,5": 2.0635000000000003,
    "1,6": 1.4843000000000002,
    "1,7": 2.5719000000000003,
    "2,3": 0.9155000000000001,
    "2,4": 0.9091999999999999,
    "2,5": 0.9937999999999999,
    "2,6": 1.1159999999999999,
    "2,7": 2.3944,
    "3,4": 0.9243,
    "3,5": 1.0089000000000001,
    "3,6": 1.1568,
    "3,7": 2.4469000000000003,
    "4,5": 1.0026,
    "4,6": 1.1282,
    "4,7": 2.4196,
    "5,6": 1.1728999999999998,
    "5,7": 2.359800000000001,
    "6,7": 2.0169,
    "0,1,2": 1.8368000000000002,
    "0,1,3": 1.9988,
    "0,1,4": 1.954,
    "0,1,5": 2.0639,
    "0,1,6": 1.4843000000000002,
    "0,1,7": 2.5840000000000005,
    "0,2,3": 0.8963000000000001,
    "0,2,4": 0.8904,
    "0,2,5": 0.9819999999999999,
    "0,2,6": 1.0489,
    "0,2,7": 2.365,
    "0,3,4": 0.9052,
    "0,3,5": 0.9909000000000001,
    "0,3,6": 1.0897999999999999,
    "0,3,7": 2.4136,
    "0,4,5": 0.985,
    "0,4,6": 1.0612,
    "0,4,7": 2.4193000000000002,
    "0,5,6": 1.1058999999999999,
    "0,5,7": 2.3595,
    "0,6,7": 1.9339,
    "1,2,3": 1.9854999999999996,
    "1,2,4": 1.9403,
    "1,2,5": 2.0635000000000003,
    "1,2,6": 1.4710000000000003,
    "1,2,7": 2.6114999999999995,
    "1,3,4": 2.0128,
    "1,3,5": 2.1227,
    "1,3,6": 1.5495,
    "1,3,7": 2.5719000000000003,
    "1,4,5": 2.0635000000000003,
    "1,4,6": 1.4983000000000002,
    "1,4,7": 2.5859,
    "1,5,6": 1.3385,
    "1,5,7": 2.3926,
    "1,6,7": 2.096,
    "2,3,4": 0.9155000000000001,
    "2,3,5": 1.0001,
    "2,3,6": 1.1446,
    "2,3,7": 2.4185,
    "2,4,5": 0.9937999999999999,
    "2,4,6": 1.1159999999999999,
    "2,4,7": 2.3928000000000003,
    "2,5,6": 1.1606999999999998,
    "2,5,7": 2.3314000000000004,
    "2,6,7": 1.9983,
    "3,4,5": 1.0089000000000001,
    "3,4,6": 1.1568,
    "3,4,7": 2.4437,
    "3,5,6": 1.2015,
    "3,5,7": 2.2705000000000006,
    "3,6,7": 1.9962,
    "4,5,6": 1.1728999999999998,
    "4,5,7": 2.3277000000000005,
    "4,6,7": 2.0324,
    "5,6,7": 2.0337000000000005,
    "0,1,2,3": 1.8955999999999995,
    "0,1,2,4": 1.8508000000000002,
    "0,1,2,5": 2.0639,
    "0,1,2,6": 1.3811000000000002,
    "0,1,2,7": 2.5336999999999996,
    "0,1,3,4": 2.0128,
    "0,1,3,5": 2.1227,
    "0,1,3,6": 1.5495,
    "0,1,3,7": 2.5840000000000005,
    "0,1,4,5": 2.0639,
    "0,1,4,6": 1.4983000000000002,
    "0,1,4,7": 2.5902000000000003,
    "0,1,5,6": 1.3385,
    "0,1,5,7": 2.4047,
    "0,1,6,7": 2.096,
    "0,2,3,4": 0.8963000000000001,
    "0,2,3,5": 0.9879,
    "0,2,3,6": 1.0775000000000001,
    "0,2,3,7": 2.3561000000000005,
    "0,2,4,5": 0.9819999999999999,
    "0,2,4,6": 1.0489,
    "0,2,4,7": 2.3634,
    "0,2,5,6": 1.0995,
    "0,2,5,7": 2.3020000000000005,
    "0,2,6,7": 1.8986999999999998,
    "0,3,4,5": 0.9909000000000001,
    "0,3,4,6": 1.0897999999999999,
    "0,3,4,7": 2.4104,
    "0,3,5,6": 1.1345,
    "0,3,5,7": 2.2461000000000007,
    "0,3,6,7": 1.8941,
    "0,4,5,6": 1.1058999999999999,
    "0,4,5,7": 2.3274000000000004,
    "0,4,6,7": 1.9544000000000001,
    "0,5,6,7": 2.0064,
    "1,2,3,4": 1.9994999999999998,
    "1,2,3,5": 2.1227,
    "1,2,3,6": 1.5362,
    "1,2,3,7": 2.6114999999999995,
    "1,2,4,5": 2.0635000000000003,
    "1,2,4,6": 1.4850000000000003,
    "1,2,4,7": 2.6254999999999997,
    "1,2,5,6": 1.3385,
    "1,2,5,7": 2.4455,
    "1,2,6,7": 2.0868,
    "1,3,4,5": 2.1227,
    "1,3,4,6": 1.5635000000000001,
    "1,3,4,7": 2.5859,
    "1,3,5,6": 1.4037,
    "1,3,5,7": 2.4033,
    "1,3,6,7": 2.1062000000000003,
    "1,4,5,6": 1.3385,
    "1,4,5,7": 2.3926,
    "1,4,6,7": 2.1100000000000003,
    "1,5,6,7": 2.2474999999999996,
    "2,3,4,5": 1.0001,
    "2,3,4,6": 1.1446,
    "2,3,4,7": 2.4169,
    "2,3,5,6": 1.1892999999999998,
    "2,3,5,7": 2.2421,
    "2,3,6,7": 1.9776,
    "2,4,5,6": 1.1606999999999998,
    "2,4,5,7": 2.3009000000000004,
    "2,4,6,7": 2.0138000000000003,
    "2,5,6,7": 1.9823000000000004,
    "3,4,5,6": 1.2015,
    "3,4,5,7": 2.238400000000001,
    "3,4,6,7": 1.9970000000000003,
    "3,5,6,7": 1.9430000000000003,
    "4,5,6,7": 2.0492000000000004,
    "0,1,2,3,4": 1.9095999999999997,
    "0,1,2,3,5": 2.1227,
    "0,1,2,3,6": 1.4463000000000001,
    "0,1,2,3,7": 2.5336999999999996,
    "0,1,2,4,5": 2.0639,
    "0,1,2,4,6": 1.3951000000000002,
    "0,1,2,4,7": 2.5398999999999994,
    "0,1,2,5,6": 1.3385,
    "0,1,2,5,7": 2.4576000000000002,
    "0,1,2,6,7": 1.9969000000000001,
    "0,1,3,4,5": 2.1227,
    "0,1,3,4,6": 1.5635000000000001,
    "0,1,3,4,7": 2.5902000000000003,
    "0,1,3,5,6": 1.4037,
    "0,1,3,5,7": 2.4154,
    "0,1,3,6,7": 2.1062000000000003,
    "0,1,4,5,6": 1.3385,
    "0,1,4,5,7": 2.3969,
    "0,1,4,6,7": 2.1100000000000003,
    "0,1,5,6,7": 2.2474999999999996,
    "0,2,3,4,5": 0.9879,
    "0,2,3,4,6": 1.0775000000000001,
    "0,2,3,4,7": 2.3545000000000003,
    "0,2,3,5,6": 1.1280999999999999,
    "0,2,3,5,7": 2.1886000000000005,
    "0,2,3,6,7": 1.8588999999999998,
    "0,2,4,5,6": 1.0995,
    "0,2,4,5,7": 2.2715000000000005,
    "0,2,4,6,7": 1.9192000000000005,
    "0,2,5,6,7": 1.9383999999999997,
    "0,3,4,5,6": 1.1345,
    "0,3,4,5,7": 2.2140000000000004,
    "0,3,4,6,7": 1.8948999999999998,
    "0,3,5,6,7": 1.8655000000000002,
    "0,4,5,6,7": 2.0269000000000004,
    "1,2,3,4,5": 2.1227,
    "1,2,3,4,6": 1.5502,
    "1,2,3,4,7": 2.6254999999999997,
    "1,2,3,5,6": 1.4037,
    "1,2,3,5,7": 2.4562,
    "1,2,3,6,7": 2.097,
    "1,2,4,5,6": 1.3385,
    "1,2,4,5,7": 2.4455,
    "1,2,4,6,7": 2.1008000000000004,
    "1,2,5,6,7": 2.2146999999999997,
    "1,3,4,5,6": 1.4037,
    "1,3,4,5,7": 2.4033,
    "1,3,4,6,7": 2.1202,
    "1,3,5,6,7": 2.1711,
    "1,4,5,6,7": 2.2474999999999996,
    "2,3,4,5,6": 1.1892999999999998,
    "2,3,4,5,7": 2.2116000000000002,
    "2,3,4,6,7": 1.9784000000000002,
    "2,3,5,6,7": 1.9244000000000003,
    "2,4,5,6,7": 1.9978000000000005,
    "3,4,5,6,7": 1.9438000000000002,
    "0,1,2,3,4,5": 2.1227,
    "0,1,2,3,4,6": 1.4603000000000002,
    "0,1,2,3,4,7": 2.5398999999999994,
    "0,1,2,3,5,6": 1.4037,
    "0,1,2,3,5,7": 2.4683,
    "0,1,2,3,6,7": 2.0071,
    "0,1,2,4,5,6": 1.3385,
    "0,1,2,4,5,7": 2.4498,
    "0,1,2,4,6,7": 2.0109000000000004,
    "0,1,2,5,6,7": 2.2146999999999997,
    "0,1,3,4,5,6": 1.4037,
    "0,1,3,4,5,7": 2.4076,
    "0,1,3,4,6,7": 2.1202,
    "0,1,3,5,6,7": 2.1711,
    "0,1,4,5,6,7": 2.2474999999999996,
    "0,2,3,4,5,6": 1.1280999999999999,
    "0,2,3,4,5,7": 2.1581000000000006,
    "0,2,3,4,6,7": 1.8596999999999997,
    "0,2,3,5,6,7": 1.8303,
    "0,2,4,5,6,7": 1.9589000000000003,
    "0,3,4,5,6,7": 1.8663000000000003,
    "1,2,3,4,5,6": 1.4037,
    "1,2,3,4,5,7": 2.4562,
    "1,2,3,4,6,7": 2.1109999999999998,
    "1,2,3,5,6,7": 2.1711,
    "1,2,4,5,6,7": 2.2146999999999997,
    "1,3,4,5,6,7": 2.1711,
    "2,3,4,5,6,7": 1.9251999999999998,
    "0,1,2,3,4,5,6": 1.4037,
    "0,1,2,3,4,5,7": 2.4605,
    "0,1,2,3,4,6,7": 2.0210999999999997,
    "0,1,2,3,5,6,7": 2.1711,
    "0,1,2,4,5,6,7": 2.2146999999999997,
    "0,1,3,4,5,6,7": 2.1711,
    "0,2,3,4,5,6,7": 1.8311000000000004,
    "1,2,3,4,5,6,7": 2.1711,
    "0,1,2,3,4,5,6,7": 2.1711
  }
}
