{
  "object_name": "Game",
  "data_type": "game",
  "version": "1.4.2.dev29+g3d3c3a7e6.d20260421",
  "created_from": null,
  "description": null,
  "parameters": {},
  "timestamp": "2026-04-21T12:25:56.518310+00:00Z",
  "metadata": {
    "n_players": 8,
    "game_name": "Game_object",
    "normalization_value": 2.0434510707855225,
    "precompute_flag": false,
    "precomputed": true,
    "player_names": null
  },
  "data": {
    "Empty": 1.9136844873428345,
    "0": 1.768493413925171,
    "1": 1.6846691370010376,
    "2": 2.117741584777832,
    "3": 1.4461710453033447,
    "4": 1.9581016302108765,
    "5": 1.7939857244491577,
    "6": 1.4637783765792847,
    "7": 1.737041711807251,
    "0,1": 1.8146127462387085,
    "0,2": 1.9637651443481445,
    "0,3": 1.8932981491088867,
    "0,4": 1.7904613018035889,
    "0,5": 1.9558156728744507,
    "0,6": 1.457848310470581,
    "0,7": 1.7064882516860962,
    "1,2": 1.93012273311615,
    "1,3": 1.82125985622406,
    "1,4": 1.5413694381713867,
    "1,5": 2.109311580657959,
    "1,6": 1.493368148803711,
    "1,7": 1.8671163320541382,
    "2,3": 1.9856464862823486,
    "2,4": 2.118082046508789,
    "2,5": 2.0851731300354004,
    "2,6": 1.6997616291046143,
    "2,7": 1.8016093969345093,
    "3,4": 1.621334433555603,
    "3,5": 1.8537315130233765,
    "3,6": 1.514747142791748,
    "3,7": 1.7417547702789307,
    "4,5": 1.9365360736846924,
    "4,6": 1.5352907180786133,
    "4,7": 1.8550583124160767,
    "5,6": 1.7980449199676514,
    "5,7": 1.9144598245620728,
    "6,7": 1.5814225673675537,
    "0,1,2": 1.8085296154022217,
    "0,1,3": 1.88761305809021,
    "0,1,4": 1.9495761394500732,
    "0,1,5": 1.7499128580093384,
    "0,1,6": 1.600073218345642,
    "0,1,7": 1.55887770652771,
    "0,2,3": 1.9511346817016602,
    "0,2,4": 1.9870014190673828,
    "0,2,5": 1.957900047302246,
    "0,2,6": 1.7199180126190186,
    "0,2,7": 2.0110297203063965,
    "0,3,4": 1.9675464630126953,
    "0,3,5": 1.855731725692749,
    "0,3,6": 1.6557286977767944,
    "0,3,7": 1.736301064491272,
    "0,4,5": 1.6242196559906006,
    "0,4,6": 1.585992455482483,
    "0,4,7": 1.736638069152832,
    "0,5,6": 1.631730079650879,
    "0,5,7": 1.684518814086914,
    "0,6,7": 1.6037712097167969,
    "1,2,3": 1.8737266063690186,
    "1,2,4": 1.9815690517425537,
    "1,2,5": 1.6690117120742798,
    "1,2,6": 1.701850175857544,
    "1,2,7": 2.0330686569213867,
    "1,3,4": 1.6841390132904053,
    "1,3,5": 1.673779845237732,
    "1,3,6": 1.552363634109497,
    "1,3,7": 1.5279724597930908,
    "1,4,5": 1.8083051443099976,
    "1,4,6": 1.5304092168807983,
    "1,4,7": 1.8966188430786133,
    "1,5,6": 1.445953607559204,
    "1,5,7": 1.512924075126648,
    "1,6,7": 1.545524001121521,
    "2,3,4": 1.8240798711776733,
    "2,3,5": 1.8404419422149658,
    "2,3,6": 1.5703610181808472,
    "2,3,7": 1.6741466522216797,
    "2,4,5": 1.6982109546661377,
    "2,4,6": 1.7777221202850342,
    "2,4,7": 1.906646966934204,
    "2,5,6": 1.6007614135742188,
    "2,5,7": 1.726637601852417,
    "2,6,7": 1.7367820739746094,
    "3,4,5": 1.7254188060760498,
    "3,4,6": 1.5264817476272583,
    "3,4,7": 1.6109695434570312,
    "3,5,6": 1.5674623250961304,
    "3,5,7": 1.7121375799179077,
    "3,6,7": 1.7439613342285156,
    "4,5,6": 1.6436567306518555,
    "4,5,7": 1.9173526763916016,
    "4,6,7": 1.6349542140960693,
    "5,6,7": 1.4273468255996704,
    "0,1,2,3": 1.9210662841796875,
    "0,1,2,4": 1.9313169717788696,
    "0,1,2,5": 1.8858604431152344,
    "0,1,2,6": 1.6805347204208374,
    "0,1,2,7": 1.7359338998794556,
    "0,1,3,4": 1.8562320470809937,
    "0,1,3,5": 1.6712253093719482,
    "0,1,3,6": 1.7735259532928467,
    "0,1,3,7": 1.6836150884628296,
    "0,1,4,5": 1.8032283782958984,
    "0,1,4,6": 1.4392762184143066,
    "0,1,4,7": 1.7967674732208252,
    "0,1,5,6": 1.4722774028778076,
    "0,1,5,7": 1.6796048879623413,
    "0,1,6,7": 1.5348175764083862,
    "0,2,3,4": 1.9818044900894165,
    "0,2,3,5": 1.9542564153671265,
    "0,2,3,6": 1.695683479309082,
    "0,2,3,7": 1.8428173065185547,
    "0,2,4,5": 1.8974332809448242,
    "0,2,4,6": 1.6285037994384766,
    "0,2,4,7": 1.7375195026397705,
    "0,2,5,6": 1.647218942642212,
    "0,2,5,7": 2.1272647380828857,
    "0,2,6,7": 1.725439429283142,
    "0,3,4,5": 1.8706560134887695,
    "0,3,4,6": 1.7169265747070312,
    "0,3,4,7": 1.60610830783844,
    "0,3,5,6": 1.6332905292510986,
    "0,3,5,7": 1.785501480102539,
    "0,3,6,7": 1.620227575302124,
    "0,4,5,6": 1.535298228263855,
    "0,4,5,7": 1.7937724590301514,
    "0,4,6,7": 1.494441032409668,
    "0,5,6,7": 1.5352394580841064,
    "1,2,3,4": 2.0724947452545166,
    "1,2,3,5": 1.6746633052825928,
    "1,2,3,6": 1.6362892389297485,
    "1,2,3,7": 1.9248183965682983,
    "1,2,4,5": 1.8396135568618774,
    "1,2,4,6": 1.7289743423461914,
    "1,2,4,7": 1.9980665445327759,
    "1,2,5,6": 1.6152286529541016,
    "1,2,5,7": 1.7303928136825562,
    "1,2,6,7": 1.6206634044647217,
    "1,3,4,5": 1.9692537784576416,
    "1,3,4,6": 1.4426581859588623,
    "1,3,4,7": 2.0093610286712646,
    "1,3,5,6": 1.7020381689071655,
    "1,3,5,7": 1.9625756740570068,
    "1,3,6,7": 1.421117901802063,
    "1,4,5,6": 1.4682209491729736,
    "1,4,5,7": 1.6691620349884033,
    "1,4,6,7": 1.2828962802886963,
    "1,5,6,7": 1.4149247407913208,
    "2,3,4,5": 2.040529251098633,
    "2,3,4,6": 1.7179685831069946,
    "2,3,4,7": 2.019430637359619,
    "2,3,5,6": 1.8424787521362305,
    "2,3,5,7": 1.6503593921661377,
    "2,3,6,7": 1.7553889751434326,
    "2,4,5,6": 1.5948020219802856,
    "2,4,5,7": 1.7707889080047607,
    "2,4,6,7": 1.780949354171753,
    "2,5,6,7": 1.638810157775879,
    "3,4,5,6": 1.5143917798995972,
    "3,4,5,7": 1.6118543148040771,
    "3,4,6,7": 1.6652616262435913,
    "3,5,6,7": 1.5760314464569092,
    "4,5,6,7": 1.655814528465271,
    "0,1,2,3,4": 1.8608633279800415,
    "0,1,2,3,5": 1.968743920326233,
    "0,1,2,3,6": 1.7328550815582275,
    "0,1,2,3,7": 1.7816684246063232,
    "0,1,2,4,5": 2.0873959064483643,
    "0,1,2,4,6": 1.623706579208374,
    "0,1,2,4,7": 1.8437589406967163,
    "0,1,2,5,6": 1.6246659755706787,
    "0,1,2,5,7": 1.8285391330718994,
    "0,1,2,6,7": 1.7124254703521729,
    "0,1,3,4,5": 1.7888656854629517,
    "0,1,3,4,6": 1.713793158531189,
    "0,1,3,4,7": 1.6611963510513306,
    "0,1,3,5,6": 1.6743606328964233,
    "0,1,3,5,7": 1.6347224712371826,
    "0,1,3,6,7": 1.5501964092254639,
    "0,1,4,5,6": 1.5378162860870361,
    "0,1,4,5,7": 1.792059302330017,
    "0,1,4,6,7": 1.576988935470581,
    "0,1,5,6,7": 1.455488920211792,
    "0,2,3,4,5": 2.1419856548309326,
    "0,2,3,4,6": 1.6304800510406494,
    "0,2,3,4,7": 1.9097200632095337,
    "0,2,3,5,6": 1.6090847253799438,
    "0,2,3,5,7": 1.7995859384536743,
    "0,2,3,6,7": 1.7021278142929077,
    "0,2,4,5,6": 1.5550326108932495,
    "0,2,4,5,7": 1.8527755737304688,
    "0,2,4,6,7": 1.7403758764266968,
    "0,2,5,6,7": 1.7326768636703491,
    "0,3,4,5,6": 1.398783564567566,
    "0,3,4,5,7": 1.6662784814834595,
    "0,3,4,6,7": 1.5921396017074585,
    "0,3,5,6,7": 1.4416364431381226,
    "0,4,5,6,7": 1.5409209728240967,
    "1,2,3,4,5": 1.4894976615905762,
    "1,2,3,4,6": 1.6272910833358765,
    "1,2,3,4,7": 1.8898143768310547,
    "1,2,3,5,6": 1.7044893503189087,
    "1,2,3,5,7": 1.7207276821136475,
    "1,2,3,6,7": 1.7249218225479126,
    "1,2,4,5,6": 1.7154839038848877,
    "1,2,4,5,7": 1.7024564743041992,
    "1,2,4,6,7": 1.7418186664581299,
    "1,2,5,6,7": 1.577839970588684,
    "1,3,4,5,6": 1.6099274158477783,
    "1,3,4,5,7": 1.4558025598526,
    "1,3,4,6,7": 1.6310735940933228,
    "1,3,5,6,7": 1.7841113805770874,
    "1,4,5,6,7": 1.529991626739502,
    "2,3,4,5,6": 1.843883752822876,
    "2,3,4,5,7": 2.0537235736846924,
    "2,3,4,6,7": 1.8194938898086548,
    "2,3,5,6,7": 1.7906196117401123,
    "2,4,5,6,7": 1.859579086303711,
    "3,4,5,6,7": 1.4409310817718506,
    "0,1,2,3,4,5": 2.0118777751922607,
    "0,1,2,3,4,6": 1.6195106506347656,
    "0,1,2,3,4,7": 1.8379026651382446,