{
  "object_name": "Game",
  "data_type": "game",
  "version": "1.4.2.dev29+g3d3c3a7e6.d20260421",
  "created_from": null,
  "description": null,
  "parameters": {},
  "timestamp": "2026-04-21T12:25:56.741533+00:00Z",
  "metadata": {
    "n_players": 8,
    "game_name": "Game_object",
    "normalization_value": 2.0525677175,
    "precompute_flag": false,
    "precomputed": true,
    "player_names": null
  },
  "data": {
    "Empty": 1.91736,
    "0": 1.7778500000000002,
    "1": 1.97838,
    "2": 1.61338,
    "3": 1.5240500000000001,
    "4": 1.45427,
    "5": 1.9923699999999998,
    "6": 1.43275,
    "7": 2.14572,
    "0,1": 1.3276999999999999,
    "0,2": 1.76204,
    "0,3": 1.83,
    "0,4": 1.4615999999999998,
    "0,5": 1.6110700000000002,
    "0,6": 1.27724,
    "0,7": 1.9063899999999996,
    "1,2": 1.7523900000000001,
    "1,3": 1.68911,
    "1,4": 1.6889200000000002,
    "1,5": 1.99171,
    "1,6": 1.1422700000000001,
    "1,7": 2.3050302,
    "2,3": 1.51953,
    "2,4": 1.4488999999999999,
    "2,5": 2.10926,
    "2,6": 1.18454,
    "2,7": 1.8381,
    "3,4": 1.70736,
    "3,5": 1.47552,
    "3,6": 1.29789,
    "3,7": 2.2387402,
    "4,5": 1.57317,
    "4,6": 1.23408,
    "4,7": 1.7821500000000001,
    "5,6": 1.4201900000000003,
    "5,7": 2.02612,
    "6,7": 1.25998,
    "0,1,2": 1.6986999999999999,
    "0,1,3": 1.7298900000000004,
    "0,1,4": 1.9580600000000001,
    "0,1,5": 1.84464,
    "0,1,6": 1.09128,
    "0,1,7": 2.24119,
    "0,2,3": 1.5920800000000002,
    "0,2,4": 1.7321800000000003,
    "0,2,5": 1.70381,
    "0,2,6": 1.1749,
    "0,2,7": 2.1661600000000005,
    "0,3,4": 1.6072099999999998,
    "0,3,5": 1.69438,
    "0,3,6": 1.1541,
    "0,3,7": 1.95261,
    "0,4,5": 2.0305500000000003,
    "0,4,6": 1.25164,
    "0,4,7": 1.81448,
    "0,5,6": 1.2110499999999997,
    "0,5,7": 2.0456600000000003,
    "0,6,7": 1.2173400000000003,
    "1,2,3": 1.96389,
    "1,2,4": 2.0732101999999997,
    "1,2,5": 1.3133099999999998,
    "1,2,6": 1.33068,
    "1,2,7": 2.03869,
    "1,3,4": 1.50379,
    "1,3,5": 1.8475199999999998,
    "1,3,6": 1.21448,
    "1,3,7": 2.024,
    "1,4,5": 1.6412400000000003,
    "1,4,6": 1.4777299999999998,
    "1,4,7": 1.87073,
    "1,5,6": 1.25069,
    "1,5,7": 1.81913,
    "1,6,7": 1.7500899999999997,
    "2,3,4": 1.7567800000000002,
    "2,3,5": 1.88521,
    "2,3,6": 1.2930699999999997,
    "2,3,7": 2.2917,
    "2,4,5": 2.0364499999999994,
    "2,4,6": 1.591,
    "2,4,7": 2.22197,
    "2,5,6": 1.5114899999999998,
    "2,5,7": 2.25118,
    "2,6,7": 1.6110100000000003,
    "3,4,5": 1.84852,
    "3,4,6": 1.7131900999999998,
    "3,4,7": 1.5984200000000002,
    "3,5,6": 1.30017,
    "3,5,7": 2.4862002,
    "3,6,7": 1.54438,
    "4,5,6": 1.6166200000000004,
    "4,5,7": 2.02729,
    "4,6,7": 1.39587,
    "5,6,7": 1.4501899999999999,
    "0,1,2,3": 1.5307199999999999,
    "0,1,2,4": 1.5834699999999997,
    "0,1,2,5": 1.6170300000000002,
    "0,1,2,6": 1.10855,
    "0,1,2,7": 1.86178,
    "0,1,3,4": 1.5572199999999998,
    "0,1,3,5": 1.8108999999999997,
    "0,1,3,6": 1.0991699999999998,
    "0,1,3,7": 1.9587200000000002,
    "0,1,4,5": 1.6336600000000001,
    "0,1,4,6": 1.0566499999999999,
    "0,1,4,7": 2.1348499999999997,
    "0,1,5,6": 1.25263,
    "0,1,5,7": 2.10266,
    "0,1,6,7": 1.2755699999999999,
    "0,2,3,4": 1.40375,
    "0,2,3,5": 1.62025,
    "0,2,3,6": 1.27045,
    "0,2,3,7": 2.11055,
    "0,2,4,5": 1.7785499999999999,
    "0,2,4,6": 1.1592300000000002,
    "0,2,4,7": 1.8789799999999999,
    "0,2,5,6": 1.2493200000000002,
    "0,2,5,7": 1.89216,
    "0,2,6,7": 1.31252,
    "0,3,4,5": 1.65101,
    "0,3,4,6": 1.1149,
    "0,3,4,7": 1.6701899999999998,
    "0,3,5,6": 1.20831,
    "0,3,5,7": 2.00795,
    "0,3,6,7": 1.31402,
    "0,4,5,6": 1.22829,
    "0,4,5,7": 2.18372,
    "0,4,6,7": 1.20061,
    "0,5,6,7": 1.34608,
    "1,2,3,4": 1.71154,
    "1,2,3,5": 1.66387,
    "1,2,3,6": 1.1471799999999999,
    "1,2,3,7": 1.5728499999999996,
    "1,2,4,5": 1.74836,
    "1,2,4,6": 1.4255200000000001,
    "1,2,4,7": 2.3522,
    "1,2,5,6": 1.2930899999999999,
    "1,2,5,7": 2.15839,
    "1,2,6,7": 1.48414,
    "1,3,4,5": 1.48851,
    "1,3,4,6": 1.2328,
    "1,3,4,7": 2.0893902,
    "1,3,5,6": 1.30076,
    "1,3,5,7": 1.8647300000000002,
    "1,3,6,7": 1.28907,
    "1,4,5,6": 1.3897100000000002,
    "1,4,5,7": 2.2050899999999998,
    "1,4,6,7": 1.2954299999999999,
    "1,5,6,7": 1.36753,
    "2,3,4,5": 1.60332,
    "2,3,4,6": 1.1994500000000001,
    "2,3,4,7": 2.1887901,
    "2,3,5,6": 1.3296500000000002,
    "2,3,5,7": 1.9730699999999999,
    "2,3,6,7": 1.53486,
    "2,4,5,6": 1.4505000000000001,
    "2,4,5,7": 1.7417500000000001,
    "2,4,6,7": 1.4369800000000001,
    "2,5,6,7": 1.60479,
    "3,4,5,6": 1.6330500000000001,
    "3,4,5,7": 1.43977,
    "3,4,6,7": 1.68107,
    "3,5,6,7": 1.23976,
    "4,5,6,7": 1.4859399999999998,
    "0,1,2,3,4": 1.58515,
    "0,1,2,3,5": 1.8495599999999996,
    "0,1,2,3,6": 1.1508599999999998,
    "0,1,2,3,7": 2.18968,
    "0,1,2,4,5": 1.4989399999999997,
    "0,1,2,4,6": 1.10048,
    "0,1,2,4,7": 1.8845499999999997,
    "0,1,2,5,6": 1.1797299999999997,
    "0,1,2,5,7": 2.1798,
    "0,1,2,6,7": 1.21758,
    "0,1,3,4,5": 1.61264,
    "0,1,3,4,6": 1.1702000000000001,
    "0,1,3,4,7": 1.90739,
    "0,1,3,5,6": 1.1269399999999998,
    "0,1,3,5,7": 1.98794,
    "0,1,3,6,7": 1.2810000000000001,
    "0,1,4,5,6": 1.2069899999999998,
    "0,1,4,5,7": 1.9359000000000006,
    "0,1,4,6,7": 1.25888,
    "0,1,5,6,7": 1.37473,
    "0,2,3,4,5": 1.7276900000000002,
    "0,2,3,4,6": 1.1693900000000002,
    "0,2,3,4,7": 2.01682,
    "0,2,3,5,6": 1.1057700000000001,
    "0,2,3,5,7": 1.9452400000000005,
    "0,2,3,6,7": 1.2884600000000002,
    "0,2,4,5,6": 1.18977,
    "0,2,4,5,7": 1.52481,
    "0,2,4,6,7": 1.24828,
    "0,2,5,6,7": 1.27969,
    "0,3,4,5,6": 1.1816000000000002,
    "0,3,4,5,7": 2.14254,
    "0,3,4,6,7": 1.27607,
    "0,3,5,6,7": 1.3526099999999999,
    "0,4,5,6,7": 1.26685,
    "1,2,3,4,5": 1.7854400000000001,
    "1,2,3,4,6": 1.58312,
    "1,2,3,4,7": 1.82138,
    "1,2,3,5,6": 1.1964899999999998,
    "1,2,3,5,7": 2.3758899999999996,
    "1,2,3,6,7": 1.65761,
    "1,2,4,5,6": 1.42896,
    "1,2,4,5,7": 2.2089802,
    "1,2,4,6,7": 1.18594,
    "1,2,5,6,7": 1.72108,
    "1,3,4,5,6": 1.30786,
    "1,3,4,5,7": 1.73209,
    "1,3,4,6,7": 1.16562,
    "1,3,5,6,7": 1.39314,
    "1,4,5,6,7": 1.37473,
    "2,3,4,5,6": 1.44204,
    "2,3,4,5,7": 2.0677499999999998,
    "2,3,4,6,7": 1.3393799999999998,
    "2,3,5,6,7": 1.6954999999999998,
    "2,4,5,6,7": 1.5229899999999998,
    "3,4,5,6,7": 1.56744,
    "0,1,2,3,4,5": 1.63614,
    "0,1,2,3,4,6": 1.15344,
    "0,1,2,3,4,7": 2.1675500000000003,
    "0,1,2,3,5,6": 1.1773099999999999,
    "0,1,2,3,5,7": 2.38445,
    "0,1,2,3,6,7": 1.25613,
    "0,1,2,4,5,6": 1.1478599999999999,
    "0,1,2,4,5,7": 1.9593599999999998,
    "0,1,2,4,6,7": 1.1993000000000003,
    "0,1,2,5,6,7": 1.39148,
    "0,1,3,4,5,6": 1.20608,
    "0,1,3,4,5,7": 2.33258,
    "0,1,3,4,6,7": 1.28905,
    "0,1,3,5,6,7": 1.41859,
    "0,1,4,5,6,7": 1.31399,
    "0,2,3,4,5,6": 1.1350500000000001,
    "0,2,3,4,5,7": 1.8822300000000003,
    "0,2,3,4,6,7": 1.21509,
    "0,2,3,5,6,7": 1.31805,
    "0,2,4,5,6,7": 1.28393,
    "0,3,4,5,6,7": 1.21552,
    "1,2,3,4,5,6": 1.7132701000000004,
    "1,2,3,4,5,7": 2.42883,
    "1,2,3,4,6,7": 1.4340799999999998,
    "1,2,3,5,6,7": 1.34721,
    "1,2,4,5,6,7": 1.32844,
    "1,3,4,5,6,7": 1.9923203,
    "2,3,4,5,6,7": 1.51936,
    "0,1,2,3,4,5,6": 1.1410299999999998,
    "0,1,2,3,4,5,7": 2.35153,
    "0,1,2,3,4,6,7": 1.2474500000000002,
    "0,1,2,3,5,6,7": 1.4072299999999998,
    "0,1,2,4,5,6,7": 1.30185,
    "0,1,3,4,5,6,7": 1.3786300000000002,
    "0,2,3,4,5,6,7": 1.34313,
    "1,2,3,4,5,6,7": 1.4194599999999997,
    "0,1,2,3,4,5,6,7": 1.376
  }
}
