{
  "object_name": "Game",
  "data_type": "game",
  "version": "1.4.2.dev29+g3d3c3a7e6.d20260421",
  "created_from": null,
  "description": null,
  "parameters": {},
  "timestamp": "2026-04-21T12:25:56.667780+00:00Z",
  "metadata": {
    "n_players": 8,
    "game_name": "Game_object",
    "normalization_value": -0.09941155463457108,
    "precompute_flag": false,
    "precomputed": true,
    "player_names": null
  },
  "data": {
    "Empty": -0.09941155463457108,
    "0": -0.11443386971950531,
    "1": -0.032911717891693115,
    "2": -0.05166590213775635,
    "3": -0.09833266586065292,
    "4": -0.08197622001171112,
    "5": -0.113040491938591,
    "6": -0.0997190773487091,
    "7": 0.5509738922119141,
    "0,1": -0.02395622432231903,
    "0,2": -0.05847533047199249,
    "0,3": -0.11407196521759033,
    "0,4": -0.12077419459819794,
    "0,5": -0.12913218140602112,
    "0,6": -0.11035191267728806,
    "0,7": 0.5624542236328125,
    "1,2": 0.022804424166679382,
    "1,3": -0.03380179405212402,
    "1,4": -0.051130667328834534,
    "1,5": -0.044791027903556824,
    "1,6": 0.0815042108297348,
    "1,7": 0.6157675981521606,
    "2,3": -0.05138452351093292,
    "2,4": -0.020833879709243774,
    "2,5": -0.06567122042179108,
    "2,6": -0.07140864431858063,
    "2,7": 0.5691844820976257,
    "3,4": -0.08107136189937592,
    "3,5": -0.11202697455883026,
    "3,6": -0.10010387003421783,
    "3,7": 0.5516793727874756,
    "4,5": -0.09934455901384354,
    "4,6": -0.11119943857192993,
    "4,7": 0.6373792886734009,
    "5,6": -0.11283278465270996,
    "5,7": 0.5377480387687683,
    "6,7": 0.015111774206161499,
    "0,1,2": 0.013691172003746033,
    "0,1,3": -0.024938181042671204,
    "0,1,4": -0.04117219150066376,
    "0,1,5": -0.03337804973125458,
    "0,1,6": 0.018316268920898438,
    "0,1,7": 0.5696467161178589,
    "0,2,3": -0.05904257297515869,
    "0,2,4": -0.05531187355518341,
    "0,2,5": -0.07163175940513611,
    "0,2,6": -0.10008924454450607,
    "0,2,7": 0.5872766971588135,
    "0,3,4": -0.12016034126281738,
    "0,3,5": -0.1287858486175537,
    "0,3,6": -0.11105930805206299,
    "0,3,7": 0.5631691217422485,
    "0,4,5": -0.13987183570861816,
    "0,4,6": -0.13129852712154388,
    "0,4,7": 0.6278636455535889,
    "0,5,6": -0.12286975234746933,
    "0,5,7": 0.5494952201843262,
    "0,6,7": -0.0389079749584198,
    "1,2,3": 0.021834731101989746,
    "1,2,4": -0.001765236258506775,
    "1,2,5": 0.0067110806703567505,
    "1,2,6": 0.11492978036403656,
    "1,2,7": 0.6713233590126038,
    "1,3,4": -0.05129942297935486,
    "1,3,5": -0.04538258910179138,
    "1,3,6": 0.08090098202228546,
    "1,3,7": 0.6156025528907776,
    "1,4,5": -0.06862786412239075,
    "1,4,6": 0.09888966381549835,
    "1,4,7": 0.6112990379333496,
    "1,5,6": 0.06928534805774689,
    "1,5,7": 0.61034095287323,
    "1,6,7": 0.03183387219905853,
    "2,3,4": -0.020788058638572693,
    "2,3,5": -0.06596614420413971,
    "2,3,6": -0.07200364768505096,
    "2,3,7": 0.5694128274917603,
    "2,4,5": -0.03885413706302643,
    "2,4,6": -0.06592105329036713,
    "2,4,7": 0.6526451110839844,
    "2,5,6": -0.08671572804450989,
    "2,5,7": 0.5559408068656921,
    "2,6,7": 0.03927595913410187,
    "3,4,5": -0.09844440221786499,
    "3,4,6": -0.11182437837123871,
    "3,4,7": 0.6380748748779297,
    "3,5,6": -0.1132318526506424,
    "3,5,7": 0.5384072661399841,
    "3,6,7": 0.014619216322898865,
    "4,5,6": -0.12577617168426514,
    "4,5,7": 0.6231145858764648,
    "4,6,7": 0.02054905891418457,
    "5,6,7": -0.00011153519153594971,
    "0,1,2,3": 0.013053759932518005,
    "0,1,2,4": -0.002827063202857971,
    "0,1,2,5": 0.0029303133487701416,
    "0,1,2,6": 0.05594290792942047,
    "0,1,2,7": 0.6332138180732727,
    "0,1,3,4": -0.04109835624694824,
    "0,1,3,5": -0.034408822655677795,
    "0,1,3,6": 0.017642095685005188,
    "0,1,3,7": 0.5697282552719116,
    "0,1,4,5": -0.05571188032627106,
    "0,1,4,6": 0.02101835608482361,
    "0,1,4,7": 0.5645338892936707,
    "0,1,5,6": 0.0065833330154418945,
    "0,1,5,7": 0.5662948489189148,
    "0,1,6,7": -0.018114909529685974,
    "0,2,3,4": -0.05533511936664581,
    "0,2,3,5": -0.07235771417617798,
    "0,2,3,6": -0.10088368505239487,
    "0,2,3,7": 0.5875337719917297,
    "0,2,4,5": -0.07623696327209473,
    "0,2,4,6": -0.09989753365516663,
    "0,2,4,7": 0.6614559292793274,
    "0,2,5,6": -0.11317271739244461,
    "0,2,5,7": 0.5739298462867737,
    "0,2,6,7": -0.014942362904548645,
    "0,3,4,5": -0.1392696052789688,
    "0,3,4,6": -0.13162928819656372,
    "0,3,4,7": 0.6284472346305847,
    "0,3,5,6": -0.12334728986024857,
    "0,3,5,7": 0.550199031829834,
    "0,3,6,7": -0.03920497000217438,
    "0,4,5,6": -0.14548805356025696,
    "0,4,5,7": 0.6102625131607056,
    "0,4,6,7": -0.028858020901679993,
    "0,5,6,7": -0.05363132059574127,
    "1,2,3,4": -0.00242595374584198,
    "1,2,3,5": 0.0057413578033447266,
    "1,2,3,6": 0.11434309184551239,
    "1,2,3,7": 0.6712830066680908,
    "1,2,4,5": -0.017381876707077026,
    "1,2,4,6": 0.11680583655834198,
    "1,2,4,7": 0.666614294052124,
    "1,2,5,6": 0.09924362599849701,
    "1,2,5,7": 0.6658268570899963,
    "1,2,6,7": 0.05927266180515289,
    "1,3,4,5": -0.06879666447639465,
    "1,3,4,6": 0.09885789453983307,
    "1,3,4,7": 0.6104699373245239,
    "1,3,5,6": 0.06868214905261993,
    "1,3,5,7": 0.6102728247642517,
    "1,3,6,7": 0.031502529978752136,
    "1,4,5,6": 0.0810626894235611,
    "1,4,5,7": 0.6007017493247986,
    "1,4,6,7": 0.02883884310722351,
    "1,5,6,7": 0.015565827488899231,
    "2,3,4,5": -0.038830891251564026,
    "2,3,4,6": -0.06634123623371124,
    "2,3,4,7": 0.652331531047821,
    "2,3,5,6": -0.08733205497264862,
    "2,3,5,7": 0.5563569068908691,
    "2,3,6,7": 0.038899317383766174,
    "2,4,5,6": -0.08183087408542633,
    "2,4,5,7": 0.6404812335968018,
    "2,4,6,7": 0.0518232136964798,
    "2,5,6,7": 0.02517598867416382,
    "3,4,5,6": -0.12622711062431335,
    "3,4,5,7": 0.6238317489624023,
    "3,4,6,7": 0.020418837666511536,
    "3,5,6,7": -0.0006038695573806763,
    "4,5,6,7": 0.004377409815788269,
    "0,1,2,3,4": -0.003420412540435791,
    "0,1,2,3,5": 0.002237185835838318,
    "0,1,2,3,6": 0.05542920529842377,
    "0,1,2,3,7": 0.6331053972244263,
    "0,1,2,4,5": -0.01808716356754303,
    "0,1,2,4,6": 0.04806430637836456,
    "0,1,2,4,7": 0.6237610578536987,
    "0,1,2,5,6": 0.03828592598438263,
    "0,1,2,5,7": 0.6299643516540527,
    "0,1,2,6,7": 0.018580421805381775,
    "0,1,3,4,5": -0.05559813976287842,
    "0,1,3,4,6": 0.02086968719959259,
    "0,1,3,4,7": 0.5642493367195129,
    "0,1,3,5,6": 0.005909338593482971,
    "0,1,3,5,7": 0.5663765072822571,
    "0,1,3,6,7": -0.018416956067085266,
    "0,1,4,5,6": 0.002135738730430603,
    "0,1,4,5,7": 0.5568713545799255,
    "0,1,4,6,7": -0.00785781443119049,
    "0,1,5,6,7": -0.03346067667007446,
    "0,2,3,4,5": -0.07620461285114288,
    "0,2,3,4,6": -0.10051502287387848,
    "0,2,3,4,7": 0.6615663170814514,
    "0,2,3,5,6": -0.11396724730730057,
    "0,2,3,5,7": 0.5741869211196899,
    "0,2,3,6,7": -0.015226632356643677,
    "0,2,4,5,6": -0.11561775207519531,
    "0,2,4,5,7": 0.6455578207969666,
    "0,2,4,6,7": 0.0006873756647109985,
    "0,2,5,6,7": -0.0295933336019516,
    "0,3,4,5,6": -0.14581888914108276,
    "0,3,4,5,7": 0.6108458042144775,
    "0,3,4,6,7": -0.02885441482067108,
    "0,3,5,6,7": -0.05392841994762421,
    "0,4,5,6,7": -0.04741312563419342,
    "1,2,3,4,5": -0.01840585470199585,
    "1,2,3,4,6": 0.11672361195087433,
    "1,2,3,4,7": 0.6666150689125061,
    "1,2,3,5,6": 0.09902490675449371,
    "1,2,3,5,7": 0.6658514142036438,
    "1,2,3,6,7": 0.05888552963733673,
    "1,2,4,5,6": 0.10053084790706635,
    "1,2,4,5,7": 0.6605473756790161,
    "1,2,4,6,7": 0.0633961409330368,
    "1,2,5,6,7": 0.04468555748462677,
    "1,3,4,5,6": 0.08103092014789581,
    "1,3,4,5,7": 0.5998554229736328,
    "1,3,4,6,7": 0.02850945293903351,
    "1,3,5,6,7": 0.015377312898635864,