{
  "object_name": "Game",
  "data_type": "game",
  "version": "1.4.2.dev29+g3d3c3a7e6.d20260421",
  "created_from": null,
  "description": null,
  "parameters": {},
  "timestamp": "2026-04-21T12:25:56.613019+00:00Z",
  "metadata": {
    "n_players": 8,
    "game_name": "Game_object",
    "normalization_value": 0.24609795212745667,
    "precompute_flag": false,
    "precomputed": true,
    "player_names": null
  },
  "data": {
    "Empty": 0.17960605025291443,
    "0": 0.1168312206864357,
    "1": 0.17891371250152588,
    "2": 0.12035930156707764,
    "3": 0.08896779268980026,
    "4": 0.1259513646364212,
    "5": 0.1823890209197998,
    "6": 0.0925736054778099,
    "7": 0.12059052288532257,
    "0,1": 0.14892351627349854,
    "0,2": 0.12996278703212738,
    "0,3": 0.1303958296775818,
    "0,4": 0.14060382544994354,
    "0,5": 0.13001208007335663,
    "0,6": 0.005113338120281696,
    "0,7": 0.2318955361843109,
    "1,2": 0.12824895977973938,
    "1,3": 0.10063908249139786,
    "1,4": 0.15343843400478363,
    "1,5": 0.18683035671710968,
    "1,6": 0.10292258113622665,
    "1,7": 0.22956928610801697,
    "2,3": 0.18734526634216309,
    "2,4": 0.188434898853302,
    "2,5": 0.16127601265907288,
    "2,6": 0.03898048400878906,
    "2,7": 0.2131102979183197,
    "3,4": 0.19183647632598877,
    "3,5": 0.12474553287029266,
    "3,6": 0.03156633302569389,
    "3,7": 0.2026795595884323,
    "4,5": 0.1912466287612915,
    "4,6": 0.0029048025608062744,
    "4,7": 0.2185833901166916,
    "5,6": -0.00661232927814126,
    "5,7": 0.2610424757003784,
    "6,7": 0.07605110108852386,
    "0,1,2": 0.11272686719894409,
    "0,1,3": 0.20957739651203156,
    "0,1,4": 0.2165335863828659,
    "0,1,5": 0.12589672207832336,
    "0,1,6": 0.03626695275306702,
    "0,1,7": 0.17392116785049438,
    "0,2,3": 0.12856189906597137,
    "0,2,4": 0.14632734656333923,
    "0,2,5": 0.1497734636068344,
    "0,2,6": 0.05173416808247566,
    "0,2,7": 0.12593664228916168,
    "0,3,4": 0.1841103732585907,
    "0,3,5": 0.1798701286315918,
    "0,3,6": 0.02320299670100212,
    "0,3,7": 0.20273101329803467,
    "0,4,5": 0.0722428634762764,
    "0,4,6": -0.011916176415979862,
    "0,4,7": 0.19954454898834229,
    "0,5,6": -0.0427178330719471,
    "0,5,7": 0.20327477157115936,
    "0,6,7": -0.019543113186955452,
    "1,2,3": 0.17071393132209778,
    "1,2,4": 0.14619679749011993,
    "1,2,5": 0.11163613945245743,
    "1,2,6": 0.08480153977870941,
    "1,2,7": 0.20666182041168213,
    "1,3,4": 0.11067338287830353,
    "1,3,5": 0.12143969535827637,
    "1,3,6": 0.13166756927967072,
    "1,3,7": 0.17001214623451233,
    "1,4,5": 0.17919723689556122,
    "1,4,6": 0.08087612688541412,
    "1,4,7": 0.160793274641037,
    "1,5,6": 0.04147099703550339,
    "1,5,7": 0.11546085774898529,
    "1,6,7": 0.04051639884710312,
    "2,3,4": 0.18833594024181366,
    "2,3,5": 0.09844443202018738,
    "2,3,6": 0.024151671677827835,
    "2,3,7": 0.2419951856136322,
    "2,4,5": 0.2013942450284958,
    "2,4,6": 0.08388527482748032,
    "2,4,7": 0.13208556175231934,
    "2,5,6": 0.015717189759016037,
    "2,5,7": 0.30307310819625854,
    "2,6,7": 0.0175009872764349,
    "3,4,5": 0.15202555060386658,
    "3,4,6": 0.026297127828001976,
    "3,4,7": 0.22280403971672058,
    "3,5,6": 0.025970542803406715,
    "3,5,7": 0.19500884413719177,
    "3,6,7": -0.03582356497645378,
    "4,5,6": 0.023533964529633522,
    "4,5,7": 0.1991575062274933,
    "4,6,7": 0.05772431567311287,
    "5,6,7": 0.023893320932984352,
    "0,1,2,3": 0.15059755742549896,
    "0,1,2,4": 0.17709404230117798,
    "0,1,2,5": 0.1737934947013855,
    "0,1,2,6": 0.055802516639232635,
    "0,1,2,7": 0.1779474914073944,
    "0,1,3,4": 0.11884357035160065,
    "0,1,3,5": 0.08438590914011002,
    "0,1,3,6": 0.037050873041152954,
    "0,1,3,7": 0.14514392614364624,
    "0,1,4,5": 0.16572466492652893,
    "0,1,4,6": 0.054977498948574066,
    "0,1,4,7": 0.24823355674743652,
    "0,1,5,6": 0.054501812905073166,
    "0,1,5,7": 0.10010653734207153,
    "0,1,6,7": -0.0034250051248818636,
    "0,2,3,4": 0.11046937853097916,
    "0,2,3,5": 0.0885411873459816,
    "0,2,3,6": 0.016245756298303604,
    "0,2,3,7": 0.1667562574148178,
    "0,2,4,5": 0.13187234103679657,
    "0,2,4,6": 0.033341020345687866,
    "0,2,4,7": 0.1901400089263916,
    "0,2,5,6": 0.004728761501610279,
    "0,2,5,7": 0.08527389168739319,
    "0,2,6,7": 0.011561451479792595,
    "0,3,4,5": 0.15948545932769775,
    "0,3,4,6": -0.0023786381352692842,
    "0,3,4,7": 0.20719459652900696,
    "0,3,5,6": -0.0077027007937431335,
    "0,3,5,7": 0.16415399312973022,
    "0,3,6,7": 0.022952495142817497,
    "0,4,5,6": 0.025749608874320984,
    "0,4,5,7": 0.2162865847349167,
    "0,4,6,7": -0.0032876699697226286,
    "0,5,6,7": 0.024245645850896835,
    "1,2,3,4": 0.1217246800661087,
    "1,2,3,5": 0.07951425760984421,
    "1,2,3,6": 0.09824757277965546,
    "1,2,3,7": 0.13036885857582092,
    "1,2,4,5": 0.16057941317558289,
    "1,2,4,6": 0.10000447928905487,
    "1,2,4,7": 0.2144189327955246,
    "1,2,5,6": 0.0963907390832901,
    "1,2,5,7": 0.13600987195968628,
    "1,2,6,7": 0.031047398224473,
    "1,3,4,5": 0.20354585349559784,
    "1,3,4,6": 0.08282919228076935,
    "1,3,4,7": 0.19831085205078125,
    "1,3,5,6": 0.04549951106309891,
    "1,3,5,7": 0.21051833033561707,
    "1,3,6,7": -0.0002857878862414509,
    "1,4,5,6": 0.033071935176849365,
    "1,4,5,7": 0.15831394493579865,
    "1,4,6,7": 0.03366849943995476,
    "1,5,6,7": 0.07301738113164902,
    "2,3,4,5": 0.2843312919139862,
    "2,3,4,6": 0.02423722669482231,
    "2,3,4,7": 0.27969232201576233,
    "2,3,5,6": -0.018574636429548264,
    "2,3,5,7": 0.10492223501205444,
    "2,3,6,7": 0.06117522716522217,
    "2,4,5,6": -0.00496162474155426,
    "2,4,5,7": 0.15760603547096252,
    "2,4,6,7": 0.08116050809621811,
    "2,5,6,7": 0.021054303273558617,
    "3,4,5,6": 0.0009253174066543579,
    "3,4,5,7": 0.23553958535194397,
    "3,4,6,7": 0.01461037714034319,
    "3,5,6,7": -0.05355525016784668,
    "4,5,6,7": 0.033614326268434525,
    "0,1,2,3,4": 0.12576282024383545,
    "0,1,2,3,5": 0.12709419429302216,
    "0,1,2,3,6": 0.06084216386079788,
    "0,1,2,3,7": 0.17916925251483917,
    "0,1,2,4,5": 0.17635314166545868,
    "0,1,2,4,6": 0.0844430923461914,
    "0,1,2,4,7": 0.16841250658035278,
    "0,1,2,5,6": 0.04843580722808838,
    "0,1,2,5,7": 0.21313664317131042,
    "0,1,2,6,7": 0.034108322113752365,
    "0,1,3,4,5": 0.10191668570041656,
    "0,1,3,4,6": 0.04411742836236954,
    "0,1,3,4,7": 0.1381775438785553,
    "0,1,3,5,6": 0.02035549283027649,
    "0,1,3,5,7": 0.20690707862377167,
    "0,1,3,6,7": 0.016454190015792847,
    "0,1,4,5,6": 0.04694075137376785,
    "0,1,4,5,7": 0.19529597461223602,
    "0,1,4,6,7": 0.024249598383903503,
    "0,1,5,6,7": 0.03481797128915787,
    "0,2,3,4,5": 0.12002289295196533,
    "0,2,3,4,6": 0.04422416538000107,
    "0,2,3,4,7": 0.1758217215538025,
    "0,2,3,5,6": 0.003544573439285159,
    "0,2,3,5,7": 0.1755763441324234,
    "0,2,3,6,7": -0.0034166157711297274,
    "0,2,4,5,6": -0.0075222523882985115,
    "0,2,4,5,7": 0.15555565059185028,
    "0,2,4,6,7": 0.011624166741967201,
    "0,2,5,6,7": -0.0008615680271759629,
    "0,3,4,5,6": 0.02833709493279457,
    "0,3,4,5,7": 0.2315583974123001,
    "0,3,4,6,7": 0.023944105952978134,
    "0,3,5,6,7": 0.009533713571727276,
    "0,4,5,6,7": 0.0006938755395822227,
    "1,2,3,4,5": 0.14354096353054047,
    "1,2,3,4,6": 0.0832342654466629,
    "1,2,3,4,7": 0.24425926804542542,
    "1,2,3,5,6": 0.0889701247215271,
    "1,2,3,5,7": 0.18627524375915527,
    "1,2,3,6,7": 0.06955941021442413,
    "1,2,4,5,6": 0.011141715571284294,
    "1,2,4,5,7": 0.19745506346225739,
    "1,2,4,6,7": 0.05052521824836731,
    "1,2,5,6,7": 0.07065494358539581,
    "1,3,4,5,6": 0.09391353279352188,
    "1,3,4,5,7": 0.09892413765192032,
    "1,3,4,6,7": 0.08442322909832001,
    "1,3,5,6,7": 0.004402060993015766,
    "1,4,5,6,7": 0.02717050537467003,
    "2,3,4,5,6": 0.043458838015794754,