{
  "object_name": "Game",
  "data_type": "game",
  "version": "1.4.2.dev29+g3d3c3a7e6.d20260421",
  "created_from": null,
  "description": null,
  "parameters": {},
  "timestamp": "2026-04-21T12:25:56.705786+00:00Z",
  "metadata": {
    "n_players": 8,
    "game_name": "Game_object",
    "normalization_value": 2.0525677175,
    "precompute_flag": false,
    "precomputed": true,
    "player_names": null
  },
  "data": {
    "Empty": 0.97568,
    "0": 0.69643,
    "1": 1.0096500000000002,
    "2": 0.72184,
    "3": 1.02631,
    "4": 1.1975,
    "5": 1.2190699999999999,
    "6": 0.7060599999999999,
    "7": 1.21991,
    "0,1": 1.3059,
    "0,2": 0.97111,
    "0,3": 1.18742,
    "0,4": 0.8697099999999999,
    "0,5": 0.80357,
    "0,6": 0.6030300000000001,
    "0,7": 1.0327699999999997,
    "1,2": 1.1075300000000001,
    "1,3": 1.2338099999999999,
    "1,4": 1.05998,
    "1,5": 1.03902,
    "1,6": 0.67707,
    "1,7": 1.0801299999999998,
    "2,3": 1.2524600000000001,
    "2,4": 1.0020399999999998,
    "2,5": 1.3264599999999998,
    "2,6": 0.87523,
    "2,7": 1.32398,
    "3,4": 1.16968,
    "3,5": 1.02254,
    "3,6": 0.7938399,
    "3,7": 1.1735900000000001,
    "4,5": 1.09923,
    "4,6": 0.8476798999999999,
    "4,7": 1.3465200000000002,
    "5,6": 0.71242,
    "5,7": 1.26411,
    "6,7": 0.6973999999999999,
    "0,1,2": 1.10662,
    "0,1,3": 0.82603,
    "0,1,4": 1.0952199999999999,
    "0,1,5": 1.1871399999999999,
    "0,1,6": 0.53408,
    "0,1,7": 1.34475,
    "0,2,3": 1.05387,
    "0,2,4": 1.22984,
    "0,2,5": 0.8743000000000001,
    "0,2,6": 0.59632,
    "0,2,7": 1.21827,
    "0,3,4": 1.1465600000000002,
    "0,3,5": 0.98354,
    "0,3,6": 0.56669,
    "0,3,7": 1.23067,
    "0,4,5": 1.0179000000000002,
    "0,4,6": 0.51921,
    "0,4,7": 0.94436,
    "0,5,6": 0.55881,
    "0,5,7": 1.1010899999999997,
    "0,6,7": 0.5275,
    "1,2,3": 1.2635,
    "1,2,4": 1.0730300000000002,
    "1,2,5": 1.08133,
    "1,2,6": 0.82514,
    "1,2,7": 1.05911,
    "1,3,4": 1.2654900000000002,
    "1,3,5": 1.00523,
    "1,3,6": 0.72036,
    "1,3,7": 1.4338399999999998,
    "1,4,5": 0.9786999999999999,
    "1,4,6": 0.71174,
    "1,4,7": 1.4462700000000002,
    "1,5,6": 0.80027,
    "1,5,7": 1.0742900000000002,
    "1,6,7": 0.80327,
    "2,3,4": 1.1309200000000001,
    "2,3,5": 1.13902,
    "2,3,6": 0.7555400000000001,
    "2,3,7": 1.2752399999999997,
    "2,4,5": 1.1831400000000003,
    "2,4,6": 0.7839,
    "2,4,7": 1.19275,
    "2,5,6": 0.88573,
    "2,5,7": 1.4297799999999998,
    "2,6,7": 0.72978,
    "3,4,5": 1.07666,
    "3,4,6": 0.75213,
    "3,4,7": 1.28825,
    "3,5,6": 0.7212400000000001,
    "3,5,7": 1.24321,
    "3,6,7": 0.71559,
    "4,5,6": 0.8385599999999999,
    "4,5,7": 1.0523199999999997,
    "4,6,7": 0.81864,
    "5,6,7": 0.80799,
    "0,1,2,3": 0.9815000000000002,
    "0,1,2,4": 1.10778,
    "0,1,2,5": 0.7499600000000001,
    "0,1,2,6": 0.5353100000000001,
    "0,1,2,7": 1.0781300000000003,
    "0,1,3,4": 1.2150500000000002,
    "0,1,3,5": 1.01768,
    "0,1,3,6": 0.5930000000000001,
    "0,1,3,7": 1.35199,
    "0,1,4,5": 1.09713,
    "0,1,4,6": 0.5190899999999999,
    "0,1,4,7": 1.0033,
    "0,1,5,6": 0.57582,
    "0,1,5,7": 1.53543,
    "0,1,6,7": 0.5005599999999999,
    "0,2,3,4": 0.7693100000000002,
    "0,2,3,5": 0.96865,
    "0,2,3,6": 0.6153499,
    "0,2,3,7": 1.15468,
    "0,2,4,5": 1.1227000000000003,
    "0,2,4,6": 0.48405999999999993,
    "0,2,4,7": 1.5627900000000001,
    "0,2,5,6": 0.5626899999999999,
    "0,2,5,7": 1.15778,
    "0,2,6,7": 0.5009500000000001,
    "0,3,4,5": 1.03798,
    "0,3,4,6": 0.53368,
    "0,3,4,7": 0.9967400000000002,
    "0,3,5,6": 0.6186100000000001,
    "0,3,5,7": 1.42227,
    "0,3,6,7": 0.56189,
    "0,4,5,6": 0.59019,
    "0,4,5,7": 1.2321399999999998,
    "0,4,6,7": 0.53399,
    "0,5,6,7": 0.5049199999999999,
    "1,2,3,4": 0.9146599999999999,
    "1,2,3,5": 1.02061,
    "1,2,3,6": 0.69398,
    "1,2,3,7": 0.67092,
    "1,2,4,5": 1.1886800000000002,
    "1,2,4,6": 0.75125,
    "1,2,4,7": 0.8690399999999998,
    "1,2,5,6": 0.7645199999999999,
    "1,2,5,7": 1.48965,
    "1,2,6,7": 0.70763,
    "1,3,4,5": 1.1814900000000002,
    "1,3,4,6": 0.76965,
    "1,3,4,7": 1.37202,
    "1,3,5,6": 0.8462999999999999,
    "1,3,5,7": 1.33579,
    "1,3,6,7": 0.8335799999999999,
    "1,4,5,6": 0.60701,
    "1,4,5,7": 0.9099000000000002,
    "1,4,6,7": 0.65086,
    "1,5,6,7": 0.63049,
    "2,3,4,5": 1.28124,
    "2,3,4,6": 0.7221900000000001,
    "2,3,4,7": 1.29336,
    "2,3,5,6": 0.81755,
    "2,3,5,7": 1.1409699999999998,
    "2,3,6,7": 0.8666599999999999,
    "2,4,5,6": 0.8293699999999999,
    "2,4,5,7": 1.3948800000000001,
    "2,4,6,7": 0.6694,
    "2,5,6,7": 0.7604900000000001,
    "3,4,5,6": 0.70388,
    "3,4,5,7": 1.3002699999999998,
    "3,4,6,7": 0.68077,
    "3,5,6,7": 0.7129099999999999,
    "4,5,6,7": 0.8626699999999999,
    "0,1,2,3,4": 1.02984,
    "0,1,2,3,5": 0.8492699999999997,
    "0,1,2,3,6": 0.56837,
    "0,1,2,3,7": 1.2414,
    "0,1,2,4,5": 0.85684,
    "0,1,2,4,6": 0.5577799999999999,
    "0,1,2,4,7": 0.83005,
    "0,1,2,5,6": 0.58189,
    "0,1,2,5,7": 1.6443699999999999,
    "0,1,2,6,7": 0.48866,
    "0,1,3,4,5": 0.75131,
    "0,1,3,4,6": 0.5283399999999999,
    "0,1,3,4,7": 1.4623499999999998,
    "0,1,3,5,6": 0.5585899999999999,
    "0,1,3,5,7": 1.4854399999999999,
    "0,1,3,6,7": 0.57959,
    "0,1,4,5,6": 0.53189,
    "0,1,4,5,7": 1.40139,
    "0,1,4,6,7": 0.5295899999999999,
    "0,1,5,6,7": 0.49107,
    "0,2,3,4,5": 0.7532,
    "0,2,3,4,6": 0.5623699999999999,
    "0,2,3,4,7": 1.3031100000000002,
    "0,2,3,5,6": 0.66695,
    "0,2,3,5,7": 1.3400200000000002,
    "0,2,3,6,7": 0.5342899999999999,
    "0,2,4,5,6": 0.5934200000000001,
    "0,2,4,5,7": 1.26168,
    "0,2,4,6,7": 0.5102,
    "0,2,5,6,7": 0.48572000000000004,
    "0,3,4,5,6": 0.58827,
    "0,3,4,5,7": 1.53782,
    "0,3,4,6,7": 0.5671499999999999,
    "0,3,5,6,7": 0.52156,
    "0,4,5,6,7": 0.5051000000000001,
    "1,2,3,4,5": 0.9374100000000001,
    "1,2,3,4,6": 0.8074999999999999,
    "1,2,3,4,7": 1.10359,
    "1,2,3,5,6": 0.79451,
    "1,2,3,5,7": 1.3282699999999998,
    "1,2,3,6,7": 0.73127,
    "1,2,4,5,6": 0.87931,
    "1,2,4,5,7": 1.2861999999999998,
    "1,2,4,6,7": 0.7926499999999999,
    "1,2,5,6,7": 0.8340100000000001,
    "1,3,4,5,6": 0.9210499999999999,
    "1,3,4,5,7": 1.465,
    "1,3,4,6,7": 0.7295699999999999,
    "1,3,5,6,7": 0.7927099999999999,
    "1,4,5,6,7": 0.95251,
    "2,3,4,5,6": 0.8611999999999999,
    "2,3,4,5,7": 1.20044,
    "2,3,4,6,7": 0.81441,
    "2,3,5,6,7": 0.8737199999999999,
    "2,4,5,6,7": 0.77644,
    "3,4,5,6,7": 0.76753,
    "0,1,2,3,4,5": 0.83981,
    "0,1,2,3,4,6": 0.5817399999999999,
    "0,1,2,3,4,7": 1.2196799999999999,
    "0,1,2,3,5,6": 0.5169499999999999,
    "0,1,2,3,5,7": 1.30871,
    "0,1,2,3,6,7": 0.52408,
    "0,1,2,4,5,6": 0.5873300000000001,
    "0,1,2,4,5,7": 1.26632,
    "0,1,2,4,6,7": 0.5067200000000001,
    "0,1,2,5,6,7": 0.46858000000000005,
    "0,1,3,4,5,6": 0.5513100000000001,
    "0,1,3,4,5,7": 1.4160599999999999,
    "0,1,3,4,6,7": 0.5454399999999999,
    "0,1,3,5,6,7": 0.51459,
    "0,1,4,5,6,7": 0.48307,
    "0,2,3,4,5,6": 0.5172,
    "0,2,3,4,5,7": 1.27534,
    "0,2,3,4,6,7": 0.5346399999999999,
    "0,2,3,5,6,7": 0.51307,
    "0,2,4,5,6,7": 0.4734299999999999,
    "0,3,4,5,6,7": 0.5334000000000001,
    "1,2,3,4,5,6": 0.9367899999999999,
    "1,2,3,4,5,7": 1.1968800000000002,
    "1,2,3,4,6,7": 0.73505,
    "1,2,3,5,6,7": 0.72557,
    "1,2,4,5,6,7": 0.7698699999999999,
    "1,3,4,5,6,7": 0.68231,
    "2,3,4,5,6,7": 0.7651999999999999,
    "0,1,2,3,4,5,6": 0.5543699999999999,
    "0,1,2,3,4,5,7": 1.35826,
    "0,1,2,3,4,6,7": 0.51929,
    "0,1,2,3,5,6,7": 0.4998899999999999,
    "0,1,2,4,5,6,7": 0.4726,
    "0,1,3,4,5,6,7": 0.5006899999999999,
    "0,2,3,4,5,6,7": 0.50701,
    "1,2,3,4,5,6,7": 0.8634299999999999,
    "0,1,2,3,4,5,6,7": 0.5006999999999999
  }
}
