{
  "object_name": "Game",
  "data_type": "game",
  "version": "1.4.2.dev29+g3d3c3a7e6.d20260421",
  "created_from": null,
  "description": null,
  "parameters": {},
  "timestamp": "2026-04-21T12:25:56.639105+00:00Z",
  "metadata": {
    "n_players": 8,
    "game_name": "Game_object",
    "normalization_value": 0.24609795212745667,
    "precompute_flag": false,
    "precomputed": true,
    "player_names": null
  },
  "data": {
    "Empty": 0.5581421852111816,
    "0": 0.5312150716781616,
    "1": 0.5300231575965881,
    "2": 0.4851340651512146,
    "3": 0.44434109330177307,
    "4": 0.4889354705810547,
    "5": 0.5983907580375671,
    "6": 0.552655041217804,
    "7": 0.5624926686286926,
    "0,1": 0.5854155421257019,
    "0,2": 0.527012825012207,
    "0,3": 0.54156893491745,
    "0,4": 0.5067685842514038,
    "0,5": 0.5396445393562317,
    "0,6": 0.5971444845199585,
    "0,7": 0.508113443851471,
    "1,2": 0.5120538473129272,
    "1,3": 0.4726119041442871,
    "1,4": 0.5162540674209595,
    "1,5": 0.4765152931213379,
    "1,6": 0.5233854055404663,
    "1,7": 0.46756166219711304,
    "2,3": 0.5409330129623413,
    "2,4": 0.5121469497680664,
    "2,5": 0.47728854417800903,
    "2,6": 0.5714759230613708,
    "2,7": 0.5013048052787781,
    "3,4": 0.5426866412162781,
    "3,5": 0.455399751663208,
    "3,6": 0.6276668906211853,
    "3,7": 0.4685458242893219,
    "4,5": 0.4944339394569397,
    "4,6": 0.5413094162940979,
    "4,7": 0.5056781768798828,
    "5,6": 0.536389946937561,
    "5,7": 0.43600115180015564,
    "6,7": 0.5794254541397095,
    "0,1,2": 0.5537114143371582,
    "0,1,3": 0.5896310210227966,
    "0,1,4": 0.5436482429504395,
    "0,1,5": 0.5773530602455139,
    "0,1,6": 0.5759316682815552,
    "0,1,7": 0.5619730949401855,
    "0,2,3": 0.6088980436325073,
    "0,2,4": 0.5255781412124634,
    "0,2,5": 0.5433491468429565,
    "0,2,6": 0.6016190648078918,
    "0,2,7": 0.5666308403015137,
    "0,3,4": 0.5382496118545532,
    "0,3,5": 0.5146155953407288,
    "0,3,6": 0.5897245407104492,
    "0,3,7": 0.541321337223053,
    "0,4,5": 0.5779088735580444,
    "0,4,6": 0.5573152303695679,
    "0,4,7": 0.5615094900131226,
    "0,5,6": 0.5971256494522095,
    "0,5,7": 0.5621563792228699,
    "0,6,7": 0.5561894178390503,
    "1,2,3": 0.5251107215881348,
    "1,2,4": 0.50937819480896,
    "1,2,5": 0.5876839756965637,
    "1,2,6": 0.4748481214046478,
    "1,2,7": 0.5183852910995483,
    "1,3,4": 0.5336595773696899,
    "1,3,5": 0.4433480203151703,
    "1,3,6": 0.555304765701294,
    "1,3,7": 0.5269209146499634,
    "1,4,5": 0.4963272213935852,
    "1,4,6": 0.5614684820175171,
    "1,4,7": 0.583594024181366,
    "1,5,6": 0.5050771236419678,
    "1,5,7": 0.4780410826206207,
    "1,6,7": 0.5688100457191467,
    "2,3,4": 0.5330410003662109,
    "2,3,5": 0.5181936025619507,
    "2,3,6": 0.5924857258796692,
    "2,3,7": 0.5625655651092529,
    "2,4,5": 0.5325736403465271,
    "2,4,6": 0.5208768844604492,
    "2,4,7": 0.5422400236129761,
    "2,5,6": 0.6005848050117493,
    "2,5,7": 0.5231810212135315,
    "2,6,7": 0.5656124949455261,
    "3,4,5": 0.5477278828620911,
    "3,4,6": 0.5332728624343872,
    "3,4,7": 0.5085397362709045,
    "3,5,6": 0.5459912419319153,
    "3,5,7": 0.49725037813186646,
    "3,6,7": 0.5785443186759949,
    "4,5,6": 0.5284697413444519,
    "4,5,7": 0.4663470685482025,
    "4,6,7": 0.5263383984565735,
    "5,6,7": 0.5169907808303833,
    "0,1,2,3": 0.5815006494522095,
    "0,1,2,4": 0.5615831613540649,
    "0,1,2,5": 0.49855852127075195,
    "0,1,2,6": 0.6137498617172241,
    "0,1,2,7": 0.5781344771385193,
    "0,1,3,4": 0.5709666609764099,
    "0,1,3,5": 0.591694176197052,
    "0,1,3,6": 0.6049259901046753,
    "0,1,3,7": 0.6079607009887695,
    "0,1,4,5": 0.5579642653465271,
    "0,1,4,6": 0.598311722278595,
    "0,1,4,7": 0.5743253231048584,
    "0,1,5,6": 0.5562297105789185,
    "0,1,5,7": 0.6070910692214966,
    "0,1,6,7": 0.6106635928153992,
    "0,2,3,4": 0.5393539071083069,
    "0,2,3,5": 0.5670632719993591,
    "0,2,3,6": 0.6155158281326294,
    "0,2,3,7": 0.5663126707077026,
    "0,2,4,5": 0.5816904306411743,
    "0,2,4,6": 0.5529767274856567,
    "0,2,4,7": 0.5561310052871704,
    "0,2,5,6": 0.6090066432952881,
    "0,2,5,7": 0.49059730768203735,
    "0,2,6,7": 0.6093454360961914,
    "0,3,4,5": 0.5377598404884338,
    "0,3,4,6": 0.5583469271659851,
    "0,3,4,7": 0.5201277732849121,
    "0,3,5,6": 0.5751463174819946,
    "0,3,5,7": 0.5469707250595093,
    "0,3,6,7": 0.6069668531417847,
    "0,4,5,6": 0.5848241448402405,
    "0,4,5,7": 0.5936256647109985,
    "0,4,6,7": 0.5839880704879761,
    "0,5,6,7": 0.5681633949279785,
    "1,2,3,4": 0.5298924446105957,
    "1,2,3,5": 0.5743579268455505,
    "1,2,3,6": 0.5440298914909363,
    "1,2,3,7": 0.5005639791488647,
    "1,2,4,5": 0.5482966899871826,
    "1,2,4,6": 0.6087910532951355,
    "1,2,4,7": 0.5445758104324341,
    "1,2,5,6": 0.515411913394928,
    "1,2,5,7": 0.5161821246147156,
    "1,2,6,7": 0.5896345376968384,
    "1,3,4,5": 0.5283348560333252,
    "1,3,4,6": 0.5337964296340942,
    "1,3,4,7": 0.48711317777633667,
    "1,3,5,6": 0.5091388821601868,
    "1,3,5,7": 0.5220733284950256,
    "1,3,6,7": 0.5824023485183716,
    "1,4,5,6": 0.5490652322769165,
    "1,4,5,7": 0.459337055683136,
    "1,4,6,7": 0.5668661594390869,
    "1,5,6,7": 0.536725640296936,
    "2,3,4,5": 0.49435243010520935,
    "2,3,4,6": 0.5710792541503906,
    "2,3,4,7": 0.5301233530044556,
    "2,3,5,6": 0.5399755239486694,
    "2,3,5,7": 0.5562554001808167,
    "2,3,6,7": 0.5882558226585388,
    "2,4,5,6": 0.3982959985733032,
    "2,4,5,7": 0.4999687671661377,
    "2,4,6,7": 0.5682251453399658,
    "2,5,6,7": 0.5837824940681458,
    "3,4,5,6": 0.5821892023086548,
    "3,4,5,7": 0.5233179330825806,
    "3,4,6,7": 0.5430775284767151,
    "3,5,6,7": 0.4996774196624756,
    "4,5,6,7": 0.5077891945838928,
    "0,1,2,3,4": 0.5389887690544128,
    "0,1,2,3,5": 0.5888697504997253,
    "0,1,2,3,6": 0.6269413232803345,
    "0,1,2,3,7": 0.6343337893486023,
    "0,1,2,4,5": 0.5602630972862244,
    "0,1,2,4,6": 0.6287532448768616,
    "0,1,2,4,7": 0.6016485691070557,
    "0,1,2,5,6": 0.5809475183486938,
    "0,1,2,5,7": 0.5721510648727417,
    "0,1,2,6,7": 0.6210359334945679,
    "0,1,3,4,5": 0.5108293294906616,
    "0,1,3,4,6": 0.618852972984314,
    "0,1,3,4,7": 0.5476480722427368,
    "0,1,3,5,6": 0.619019627571106,
    "0,1,3,5,7": 0.5712326765060425,
    "0,1,3,6,7": 0.5946692228317261,
    "0,1,4,5,6": 0.5444518327713013,
    "0,1,4,5,7": 0.5100661516189575,
    "0,1,4,6,7": 0.603218674659729,
    "0,1,5,6,7": 0.6011813879013062,
    "0,2,3,4,5": 0.5498830080032349,
    "0,2,3,4,6": 0.5674998164176941,
    "0,2,3,4,7": 0.5973294377326965,
    "0,2,3,5,6": 0.5811818838119507,
    "0,2,3,5,7": 0.5888582468032837,
    "0,2,3,6,7": 0.5745163559913635,
    "0,2,4,5,6": 0.5455078482627869,
    "0,2,4,5,7": 0.5206475853919983,
    "0,2,4,6,7": 0.596880316734314,
    "0,2,5,6,7": 0.586645245552063,
    "0,3,4,5,6": 0.5766155123710632,
    "0,3,4,5,7": 0.5512005090713501,
    "0,3,4,6,7": 0.5686379671096802,
    "0,3,5,6,7": 0.5716443657875061,
    "0,4,5,6,7": 0.5728628039360046,
    "1,2,3,4,5": 0.4990784525871277,
    "1,2,3,4,6": 0.5647624731063843,
    "1,2,3,4,7": 0.5474272966384888,
    "1,2,3,5,6": 0.5346887707710266,
    "1,2,3,5,7": 0.5606577396392822,
    "1,2,3,6,7": 0.6215161085128784,
    "1,2,4,5,6": 0.5974870920181274,
    "1,2,4,5,7": 0.5843995213508606,
    "1,2,4,6,7": 0.609988272190094,
    "1,2,5,6,7": 0.5916494727134705,
    "1,3,4,5,6": 0.5993966460227966,
    "1,3,4,5,7": 0.4497606158256531,
    "1,3,4,6,7": 0.6216844320297241,
    "1,3,5,6,7": 0.5166875123977661,
    "1,4,5,6,7": 0.5570130944252014,
    "2,3,4,5,6": 0.5595245957374573,
    "2,3,4,5,7": 0.5326433777809143,
    "2,3,4,6,7": 0.5434386134147644,
    "2,3,5,6,7": 0.5608187913894653,
    "2,4,5,6,7": 0.5287498235702515,
    "3,4,5,6,7": 0.49768000841140747,
    "0,1,2,3,4,5": 0.5831483602523804,
    "0,1,2,3,4,6": 0.5951205492019653,