{
  "object_name": "Game",
  "data_type": "game",
  "version": "1.4.2.dev29+g3d3c3a7e6.d20260421",
  "created_from": null,
  "description": null,
  "parameters": {},
  "timestamp": "2026-04-21T12:25:56.374916+00:00Z",
  "metadata": {
    "n_players": 8,
    "game_name": "Game_object",
    "normalization_value": 1.158,
    "precompute_flag": false,
    "precomputed": true,
    "player_names": null
  },
  "data": {
    "Empty": 1.158,
    "0": 0.906,
    "1": 0.794,
    "2": 1.264,
    "3": 0.904,
    "4": 1.068,
    "5": 5.00001,
    "6": 2.431,
    "7": 1.158,
    "0,1": 0.906,
    "0,2": 0.906,
    "0,3": 0.906,
    "0,4": 0.906,
    "0,5": 4.179,
    "0,6": 3.352,
    "0,7": 0.88,
    "1,2": 1.264,
    "1,3": 0.877,
    "1,4": 1.104,
    "1,5": 5.00001,
    "1,6": 2.431,
    "1,7": 0.794,
    "2,3": 0.93,
    "2,4": 1.264,
    "2,5": 2.785,
    "2,6": 2.584,
    "2,7": 1.264,
    "3,4": 1.068,
    "3,5": 5.00001,
    "3,6": 2.199,
    "3,7": 0.904,
    "4,5": 5.00001,
    "4,6": 2.431,
    "4,7": 1.031,
    "5,6": 5.00001,
    "5,7": 5.00001,
    "6,7": 2.431,
    "0,1,2": 0.906,
    "0,1,3": 0.906,
    "0,1,4": 0.906,
    "0,1,5": 4.179,
    "0,1,6": 3.352,
    "0,1,7": 0.88,
    "0,2,3": 0.906,
    "0,2,4": 0.906,
    "0,2,5": 2.785,
    "0,2,6": 3.352,
    "0,2,7": 0.88,
    "0,3,4": 0.906,
    "0,3,5": 4.179,
    "0,3,6": 3.352,
    "0,3,7": 0.931,
    "0,4,5": 3.859,
    "0,4,6": 3.352,
    "0,4,7": 0.88,
    "0,5,6": 4.179,
    "0,5,7": 4.179,
    "0,6,7": 3.352,
    "1,2,3": 0.93,
    "1,2,4": 1.264,
    "1,2,5": 2.785,
    "1,2,6": 1.831,
    "1,2,7": 1.264,
    "1,3,4": 1.104,
    "1,3,5": 5.00001,
    "1,3,6": 2.199,
    "1,3,7": 0.877,
    "1,4,5": 5.00001,
    "1,4,6": 2.431,
    "1,4,7": 1.104,
    "1,5,6": 5.00001,
    "1,5,7": 5.00001,
    "1,6,7": 2.431,
    "2,3,4": 0.93,
    "2,3,5": 2.785,
    "2,3,6": 2.584,
    "2,3,7": 0.93,
    "2,4,5": 2.785,
    "2,4,6": 2.584,
    "2,4,7": 1.264,
    "2,5,6": 2.785,
    "2,5,7": 2.785,
    "2,6,7": 2.584,
    "3,4,5": 5.00001,
    "3,4,6": 2.199,
    "3,4,7": 1.031,
    "3,5,6": 5.00001,
    "3,5,7": 5.00001,
    "3,6,7": 2.199,
    "4,5,6": 5.00001,
    "4,5,7": 5.00001,
    "4,6,7": 2.431,
    "5,6,7": 5.00001,
    "0,1,2,3": 0.906,
    "0,1,2,4": 0.906,
    "0,1,2,5": 2.785,
    "0,1,2,6": 3.352,
    "0,1,2,7": 0.88,
    "0,1,3,4": 0.906,
    "0,1,3,5": 4.179,
    "0,1,3,6": 3.352,
    "0,1,3,7": 0.931,
    "0,1,4,5": 3.859,
    "0,1,4,6": 3.352,
    "0,1,4,7": 0.88,
    "0,1,5,6": 4.179,
    "0,1,5,7": 4.179,
    "0,1,6,7": 3.352,
    "0,2,3,4": 0.906,
    "0,2,3,5": 2.785,
    "0,2,3,6": 3.352,
    "0,2,3,7": 0.931,
    "0,2,4,5": 2.785,
    "0,2,4,6": 3.352,
    "0,2,4,7": 0.88,
    "0,2,5,6": 2.785,
    "0,2,5,7": 2.785,
    "0,2,6,7": 3.352,
    "0,3,4,5": 3.859,
    "0,3,4,6": 3.352,
    "0,3,4,7": 0.931,
    "0,3,5,6": 4.179,
    "0,3,5,7": 4.179,
    "0,3,6,7": 3.352,
    "0,4,5,6": 3.859,
    "0,4,5,7": 3.859,
    "0,4,6,7": 3.352,
    "0,5,6,7": 4.179,
    "1,2,3,4": 0.93,
    "1,2,3,5": 2.785,
    "1,2,3,6": 1.737,
    "1,2,3,7": 0.93,
    "1,2,4,5": 2.785,
    "1,2,4,6": 1.831,
    "1,2,4,7": 1.264,
    "1,2,5,6": 2.785,
    "1,2,5,7": 2.785,
    "1,2,6,7": 1.831,
    "1,3,4,5": 5.00001,
    "1,3,4,6": 2.199,
    "1,3,4,7": 1.104,
    "1,3,5,6": 5.00001,
    "1,3,5,7": 5.00001,
    "1,3,6,7": 2.199,
    "1,4,5,6": 5.00001,
    "1,4,5,7": 5.00001,
    "1,4,6,7": 2.431,
    "1,5,6,7": 5.00001,
    "2,3,4,5": 2.785,
    "2,3,4,6": 2.584,
    "2,3,4,7": 0.93,
    "2,3,5,6": 2.785,
    "2,3,5,7": 2.785,
    "2,3,6,7": 2.584,
    "2,4,5,6": 2.785,
    "2,4,5,7": 2.785,
    "2,4,6,7": 2.584,
    "2,5,6,7": 2.785,
    "3,4,5,6": 5.00001,
    "3,4,5,7": 5.00001,
    "3,4,6,7": 2.199,
    "3,5,6,7": 5.00001,
    "4,5,6,7": 5.00001,
    "0,1,2,3,4": 0.906,
    "0,1,2,3,5": 2.785,
    "0,1,2,3,6": 3.352,
    "0,1,2,3,7": 0.931,
    "0,1,2,4,5": 2.785,
    "0,1,2,4,6": 3.352,
    "0,1,2,4,7": 0.88,
    "0,1,2,5,6": 2.785,
    "0,1,2,5,7": 2.785,
    "0,1,2,6,7": 3.352,
    "0,1,3,4,5": 3.859,
    "0,1,3,4,6": 3.352,
    "0,1,3,4,7": 0.931,
    "0,1,3,5,6": 4.179,
    "0,1,3,5,7": 4.179,
    "0,1,3,6,7": 3.352,
    "0,1,4,5,6": 3.859,
    "0,1,4,5,7": 3.859,
    "0,1,4,6,7": 3.352,
    "0,1,5,6,7": 4.179,
    "0,2,3,4,5": 2.785,
    "0,2,3,4,6": 3.352,
    "0,2,3,4,7": 0.931,
    "0,2,3,5,6": 2.785,
    "0,2,3,5,7": 2.785,
    "0,2,3,6,7": 3.352,
    "0,2,4,5,6": 2.785,
    "0,2,4,5,7": 2.785,
    "0,2,4,6,7": 3.352,
    "0,2,5,6,7": 2.785,
    "0,3,4,5,6": 3.859,
    "0,3,4,5,7": 3.859,
    "0,3,4,6,7": 3.352,
    "0,3,5,6,7": 4.179,
    "0,4,5,6,7": 3.859,
    "1,2,3,4,5": 2.785,
    "1,2,3,4,6": 1.782,
    "1,2,3,4,7": 0.93,
    "1,2,3,5,6": 2.785,
    "1,2,3,5,7": 2.785,
    "1,2,3,6,7": 1.737,
    "1,2,4,5,6": 2.785,
    "1,2,4,5,7": 2.785,
    "1,2,4,6,7": 1.831,
    "1,2,5,6,7": 2.785,
    "1,3,4,5,6": 5.00001,
    "1,3,4,5,7": 5.00001,
    "1,3,4,6,7": 2.199,
    "1,3,5,6,7": 5.00001,
    "1,4,5,6,7": 5.00001,
    "2,3,4,5,6": 2.785,
    "2,3,4,5,7": 2.785,
    "2,3,4,6,7": 2.584,
    "2,3,5,6,7": 2.785,
    "2,4,5,6,7": 2.785,
    "3,4,5,6,7": 5.00001,
    "0,1,2,3,4,5": 2.785,
    "0,1,2,3,4,6": 3.352,
    "0,1,2,3,4,7": 0.931,
    "0,1,2,3,5,6": 2.785,
    "0,1,2,3,5,7": 2.785,
    "0,1,2,3,6,7": 3.352,
    "0,1,2,4,5,6": 2.785,
    "0,1,2,4,5,7": 2.785,
    "0,1,2,4,6,7": 3.352,
    "0,1,2,5,6,7": 2.785,
    "0,1,3,4,5,6": 3.859,
    "0,1,3,4,5,7": 3.859,
    "0,1,3,4,6,7": 3.352,
    "0,1,3,5,6,7": 4.179,
    "0,1,4,5,6,7": 3.859,
    "0,2,3,4,5,6": 2.785,
    "0,2,3,4,5,7": 2.785,
    "0,2,3,4,6,7": 3.352,
    "0,2,3,5,6,7": 2.785,
    "0,2,4,5,6,7": 2.785,
    "0,3,4,5,6,7": 3.859,
    "1,2,3,4,5,6": 2.785,
    "1,2,3,4,5,7": 2.785,
    "1,2,3,4,6,7": 1.782,
    "1,2,3,5,6,7": 2.785,
    "1,2,4,5,6,7": 2.785,
    "1,3,4,5,6,7": 5.00001,
    "2,3,4,5,6,7": 2.785,
    "0,1,2,3,4,5,6": 2.785,
    "0,1,2,3,4,5,7": 2.785,
    "0,1,2,3,4,6,7": 3.352,
    "0,1,2,3,5,6,7": 2.785,
    "0,1,2,4,5,6,7": 2.785,
    "0,1,3,4,5,6,7": 3.859,
    "0,2,3,4,5,6,7": 2.785,
    "1,2,3,4,5,6,7": 2.785,
    "0,1,2,3,4,5,6,7": 2.785
  }
}
