{
  "object_name": "Game",
  "data_type": "game",
  "version": "1.4.2.dev29+g3d3c3a7e6.d20260421",
  "created_from": null,
  "description": null,
  "parameters": {},
  "timestamp": "2026-04-21T12:25:56.311529+00:00Z",
  "metadata": {
    "n_players": 8,
    "game_name": "Game_object",
    "normalization_value": 2.056467975,
    "precompute_flag": false,
    "precomputed": true,
    "player_names": null
  },
  "data": {
    "Empty": 1.5516999999999999,
    "0": 1.8094999999999999,
    "1": 1.9082999999999999,
    "2": 1.8106000000000002,
    "3": 1.2152999999999998,
    "4": 1.6004,
    "5": 1.5645999999999998,
    "6": 1.7228,
    "7": 1.5231,
    "0,1": 1.7376,
    "0,2": 1.9593,
    "0,3": 1.6884000000000003,
    "0,4": 2.1726,
    "0,5": 2.106,
    "0,6": 1.9576,
    "0,7": 1.0915000000000001,
    "1,2": 2.2419,
    "1,3": 1.8707999999999998,
    "1,4": 1.7549000000000003,
    "1,5": 1.1925999999999999,
    "1,6": 1.533,
    "1,7": 1.939301,
    "2,3": 1.6247999999999998,
    "2,4": 2.1653,
    "2,5": 1.9425999999999999,
    "2,6": 2.1054,
    "2,7": 1.8058,
    "3,4": 1.9591,
    "3,5": 1.6555,
    "3,6": 1.4510999999999998,
    "3,7": 1.617501,
    "4,5": 1.2089999999999999,
    "4,6": 1.5796,
    "4,7": 1.8699,
    "5,6": 1.1542,
    "5,7": 1.727801,
    "6,7": 1.3199999999999998,
    "0,1,2": 1.3019000000000003,
    "0,1,3": 1.5145,
    "0,1,4": 1.7304,
    "0,1,5": 1.6172999999999997,
    "0,1,6": 2.0662,
    "0,1,7": 1.173,
    "0,2,3": 1.4094,
    "0,2,4": 1.5680999999999998,
    "0,2,5": 2.5867,
    "0,2,6": 2.2062999999999997,
    "0,2,7": 1.6563009999999998,
    "0,3,4": 1.4434999999999998,
    "0,3,5": 1.3358,
    "0,3,6": 1.6829,
    "0,3,7": 1.2335999999999998,
    "0,4,5": 1.7477,
    "0,4,6": 1.5474,
    "0,4,7": 1.6039,
    "0,5,6": 1.7007999999999999,
    "0,5,7": 2.267403,
    "0,6,7": 0.844,
    "1,2,3": 1.5182,
    "1,2,4": 2.0002,
    "1,2,5": 1.4393,
    "1,2,6": 2.2840999999999996,
    "1,2,7": 1.5537,
    "1,3,4": 1.6846999999999999,
    "1,3,5": 1.6643999999999999,
    "1,3,6": 1.3176999999999999,
    "1,3,7": 1.6309999999999998,
    "1,4,5": 1.3487000000000002,
    "1,4,6": 1.7097000000000002,
    "1,4,7": 1.3536000000000001,
    "1,5,6": 1.3722999999999999,
    "1,5,7": 1.4731999999999998,
    "1,6,7": 1.2567,
    "2,3,4": 2.0315,
    "2,3,5": 1.6771,
    "2,3,6": 2.0442,
    "2,3,7": 1.5597999999999999,
    "2,4,5": 1.6432000000000002,
    "2,4,6": 1.8987000000000003,
    "2,4,7": 1.5417999999999998,
    "2,5,6": 1.9476,
    "2,5,7": 1.6008,
    "2,6,7": 1.2540999999999998,
    "3,4,5": 2.2012,
    "3,4,6": 1.5124,
    "3,4,7": 1.4387,
    "3,5,6": 1.5722,
    "3,5,7": 1.8329010000000001,
    "3,6,7": 1.2692,
    "4,5,6": 1.7544,
    "4,5,7": 1.538301,
    "4,6,7": 1.7423000000000002,
    "5,6,7": 1.1535,
    "0,1,2,3": 1.9561,
    "0,1,2,4": 1.8853000000000002,
    "0,1,2,5": 1.9951999999999999,
    "0,1,2,6": 1.3073,
    "0,1,2,7": 1.3010000000000002,
    "0,1,3,4": 1.365,
    "0,1,3,5": 1.8363999999999998,
    "0,1,3,6": 1.6139000000000003,
    "0,1,3,7": 1.3449010000000001,
    "0,1,4,5": 1.717,
    "0,1,4,6": 2.1546999999999996,
    "0,1,4,7": 1.1214,
    "0,1,5,6": 1.5113999999999999,
    "0,1,5,7": 1.0263,
    "0,1,6,7": 0.8254999999999999,
    "0,2,3,4": 1.3061,
    "0,2,3,5": 1.8664999999999998,
    "0,2,3,6": 2.0663,
    "0,2,3,7": 1.6080999999999999,
    "0,2,4,5": 1.6199000000000001,
    "0,2,4,6": 1.7389000000000003,
    "0,2,4,7": 1.3548,
    "0,2,5,6": 2.2811000000000003,
    "0,2,5,7": 2.137803,
    "0,2,6,7": 0.9378,
    "0,3,4,5": 1.7176000000000002,
    "0,3,4,6": 1.9254000000000002,
    "0,3,4,7": 1.7965019999999998,
    "0,3,5,6": 1.4696000000000002,
    "0,3,5,7": 1.9029020000000003,
    "0,3,6,7": 1.1942,
    "0,4,5,6": 1.6765000000000003,
    "0,4,5,7": 3.3519059999999996,
    "0,4,6,7": 1.0016,
    "0,5,6,7": 1.0467,
    "1,2,3,4": 1.7764,
    "1,2,3,5": 1.5396999999999998,
    "1,2,3,6": 2.0806,
    "1,2,3,7": 1.5079999999999998,
    "1,2,4,5": 1.6061999999999999,
    "1,2,4,6": 1.8406999999999996,
    "1,2,4,7": 1.4756,
    "1,2,5,6": 1.4627999999999999,
    "1,2,5,7": 2.457102,
    "1,2,6,7": 1.0637,
    "1,3,4,5": 1.8916999999999997,
    "1,3,4,6": 2.0198,
    "1,3,4,7": 1.5102999999999998,
    "1,3,5,6": 1.654,
    "1,3,5,7": 1.3666,
    "1,3,6,7": 1.2303000000000002,
    "1,4,5,6": 1.7599999999999998,
    "1,4,5,7": 1.6238,
    "1,4,6,7": 1.6858999999999997,
    "1,5,6,7": 0.9833999999999999,
    "2,3,4,5": 1.5783,
    "2,3,4,6": 1.9136,
    "2,3,4,7": 1.4933999999999998,
    "2,3,5,6": 1.5185,
    "2,3,5,7": 1.3312000000000002,
    "2,3,6,7": 1.8113,
    "2,4,5,6": 1.629,
    "2,4,5,7": 1.904601,
    "2,4,6,7": 1.0366,
    "2,5,6,7": 1.0211999999999999,
    "3,4,5,6": 1.8389000000000002,
    "3,4,5,7": 1.1918,
    "3,4,6,7": 1.686,
    "3,5,6,7": 0.9755,
    "4,5,6,7": 1.3359,
    "0,1,2,3,4": 1.5683,
    "0,1,2,3,5": 2.1902,
    "0,1,2,3,6": 2.1150000000000007,
    "0,1,2,3,7": 1.2938009999999998,
    "0,1,2,4,5": 1.7381,
    "0,1,2,4,6": 1.5408000000000002,
    "0,1,2,4,7": 1.480801,
    "0,1,2,5,6": 1.5037,
    "0,1,2,5,7": 0.9304,
    "0,1,2,6,7": 0.9583999999999999,
    "0,1,3,4,5": 1.4886,
    "0,1,3,4,6": 1.6869,
    "0,1,3,4,7": 0.8336,
    "0,1,3,5,6": 1.2453,
    "0,1,3,5,7": 2.3080030000000002,
    "0,1,3,6,7": 0.9417,
    "0,1,4,5,6": 1.705,
    "0,1,4,5,7": 1.7886019999999998,
    "0,1,4,6,7": 0.9259999999999999,
    "0,1,5,6,7": 1.0490999999999997,
    "0,2,3,4,5": 1.6728,
    "0,2,3,4,6": 1.8824,
    "0,2,3,4,7": 1.9086010000000002,
    "0,2,3,5,6": 1.6855,
    "0,2,3,5,7": 2.1700030000000003,
    "0,2,3,6,7": 0.9346,
    "0,2,4,5,6": 1.8671,
    "0,2,4,5,7": 1.7247020000000002,
    "0,2,4,6,7": 0.9728,
    "0,2,5,6,7": 0.9102,
    "0,3,4,5,6": 1.8414000000000001,
    "0,3,4,5,7": 1.3540009999999998,
    "0,3,4,6,7": 1.0869,
    "0,3,5,6,7": 0.9372999999999999,
    "0,4,5,6,7": 0.8888,
    "1,2,3,4,5": 1.8194,
    "1,2,3,4,6": 1.4747999999999997,
    "1,2,3,4,7": 1.6684,
    "1,2,3,5,6": 1.8198999999999999,
    "1,2,3,5,7": 1.6243009999999998,
    "1,2,3,6,7": 1.5641,
    "1,2,4,5,6": 1.5720000000000003,
    "1,2,4,5,7": 1.7657999999999998,
    "1,2,4,6,7": 1.1912999999999996,
    "1,2,5,6,7": 1.1496,
    "1,3,4,5,6": 1.6553999999999998,
    "1,3,4,5,7": 1.2301,
    "1,3,4,6,7": 1.4992,
    "1,3,5,6,7": 1.0403,
    "1,4,5,6,7": 1.316,
    "2,3,4,5,6": 1.2673999999999999,
    "2,3,4,5,7": 1.718701,
    "2,3,4,6,7": 0.9565000000000001,
    "2,3,5,6,7": 1.3005,
    "2,4,5,6,7": 0.9734999999999999,
    "3,4,5,6,7": 1.2393,
    "0,1,2,3,4,5": 1.0318999999999998,
    "0,1,2,3,4,6": 1.4994,
    "0,1,2,3,4,7": 2.091001,
    "0,1,2,3,5,6": 1.8446000000000002,
    "0,1,2,3,5,7": 1.308201,
    "0,1,2,3,6,7": 0.8609,
    "0,1,2,4,5,6": 1.4807000000000001,
    "0,1,2,4,5,7": 2.174703,
    "0,1,2,4,6,7": 0.9145,
    "0,1,2,5,6,7": 0.9336,
    "0,1,3,4,5,6": 2.0878000000000005,
    "0,1,3,4,5,7": 1.374001,
    "0,1,3,4,6,7": 0.8934,
    "0,1,3,5,6,7": 0.8558999999999999,
    "0,1,4,5,6,7": 1.0395999999999999,
    "0,2,3,4,5,6": 2.0964,
    "0,2,3,4,5,7": 1.276201,
    "0,2,3,4,6,7": 1.0451,
    "0,2,3,5,6,7": 0.882,
    "0,2,4,5,6,7": 0.9026,
    "0,3,4,5,6,7": 0.9075000000000001,
    "1,2,3,4,5,6": 1.6489999999999998,
    "1,2,3,4,5,7": 2.0924,
    "1,2,3,4,6,7": 1.307,
    "1,2,3,5,6,7": 0.9366,
    "1,2,4,5,6,7": 1.3249,
    "1,3,4,5,6,7": 0.9719000000000001,
    "2,3,4,5,6,7": 1.1356000000000002,
    "0,1,2,3,4,5,6": 1.8548000000000002,
    "0,1,2,3,4,5,7": 2.117403,
    "0,1,2,3,4,6,7": 0.9122,
    "0,1,2,3,5,6,7": 0.882,
    "0,1,2,4,5,6,7": 0.9202,
    "0,1,3,4,5,6,7": 0.943,
    "0,2,3,4,5,6,7": 0.882,
    "1,2,3,4,5,6,7": 1.1882,
    "0,1,2,3,4,5,6,7": 0.882
  }
}
