{
  "object_name": "Game",
  "data_type": "game",
  "version": "1.4.2.dev29+g3d3c3a7e6.d20260421",
  "created_from": null,
  "description": null,
  "parameters": {},
  "timestamp": "2026-04-21T12:25:56.683008+00:00Z",
  "metadata": {
    "n_players": 8,
    "game_name": "Game_object",
    "normalization_value": -0.09941155463457108,
    "precompute_flag": false,
    "precomputed": true,
    "player_names": null
  },
  "data": {
    "Empty": -0.09941155463457108,
    "0": -0.2568318247795105,
    "1": -0.16192565858364105,
    "2": -0.15298858284950256,
    "3": -0.07888898253440857,
    "4": -0.10181941092014313,
    "5": -0.13317689299583435,
    "6": 0.04194338619709015,
    "7": 0.2550903558731079,
    "0,1": -0.30959102511405945,
    "0,2": -0.2132946252822876,
    "0,3": -0.2451297789812088,
    "0,4": -0.25512540340423584,
    "0,5": -0.268649160861969,
    "0,6": -0.05170126259326935,
    "0,7": 0.2816656827926636,
    "1,2": -0.03888867795467377,
    "1,3": -0.1669764369726181,
    "1,4": -0.16258803009986877,
    "1,5": -0.09024636447429657,
    "1,6": -0.07739235460758209,
    "1,7": 0.28382980823516846,
    "2,3": -0.13190370798110962,
    "2,4": -0.15590700507164001,
    "2,5": -0.23214632272720337,
    "2,6": -0.08070386946201324,
    "2,7": 0.1291147619485855,
    "3,4": -0.08137847483158112,
    "3,5": -0.13716758787631989,
    "3,6": 0.035562172532081604,
    "3,7": 0.25119149684906006,
    "4,5": -0.1354033499956131,
    "4,6": 0.04029105603694916,
    "4,7": 0.25864076614379883,
    "5,6": -0.06501629948616028,
    "5,7": 0.13118572533130646,
    "6,7": 0.10941888391971588,
    "0,1,2": -0.2877582609653473,
    "0,1,3": -0.31219714879989624,
    "0,1,4": -0.3090711236000061,
    "0,1,5": -0.27108195424079895,
    "0,1,6": -0.0791342705488205,
    "0,1,7": 0.02078758180141449,
    "0,2,3": -0.1924072802066803,
    "0,2,4": -0.21441735327243805,
    "0,2,5": -0.30323290824890137,
    "0,2,6": -0.09396099299192429,
    "0,2,7": 0.21378491818904877,
    "0,3,4": -0.24572432041168213,
    "0,3,5": -0.266737699508667,
    "0,3,6": -0.05570696294307709,
    "0,3,7": 0.27549856901168823,
    "0,4,5": -0.26820191740989685,
    "0,4,6": -0.052184492349624634,
    "0,4,7": 0.28132909536361694,
    "0,5,6": -0.1596202552318573,
    "0,5,7": 0.10579048097133636,
    "0,6,7": -0.1340542435646057,
    "1,2,3": -0.036871522665023804,
    "1,2,4": -0.03843595087528229,
    "1,2,5": -0.09250296652317047,
    "1,2,6": -0.18229171633720398,
    "1,2,7": 0.3597007393836975,
    "1,3,4": -0.16649937629699707,
    "1,3,5": -0.09981666505336761,
    "1,3,6": -0.08393384516239166,
    "1,3,7": 0.2767972946166992,
    "1,4,5": -0.09168887138366699,
    "1,4,6": -0.0781739205121994,
    "1,4,7": 0.28496986627578735,
    "1,5,6": -0.11550446599721909,
    "1,5,7": 0.1323229819536209,
    "1,6,7": 0.08131299912929535,
    "2,3,4": -0.13466548919677734,
    "2,3,5": -0.22697784006595612,
    "2,3,6": -0.07737766206264496,
    "2,3,7": 0.14151234924793243,
    "2,4,5": -0.23340344429016113,
    "2,4,6": -0.08099319040775299,
    "2,4,7": 0.13110052049160004,
    "2,5,6": -0.19059471786022186,
    "2,5,7": 0.028354734182357788,
    "2,6,7": 0.11180414259433746,
    "3,4,5": -0.13857777416706085,
    "3,4,6": 0.03387053310871124,
    "3,4,7": 0.25495976209640503,
    "3,5,6": -0.07216900587081909,
    "3,5,7": 0.12858034670352936,
    "3,6,7": 0.1084369570016861,
    "4,5,6": -0.0663830041885376,
    "4,5,7": 0.13327299058437347,
    "4,6,7": 0.10861222445964813,
    "5,6,7": 0.009459316730499268,
    "0,1,2,3": -0.26730668544769287,
    "0,1,2,4": -0.2881157100200653,
    "0,1,2,5": -0.259350061416626,
    "0,1,2,6": -0.19481045007705688,
    "0,1,2,7": 0.09118388593196869,
    "0,1,3,4": -0.3112049102783203,
    "0,1,3,5": -0.28494346141815186,
    "0,1,3,6": -0.09011395275592804,
    "0,1,3,7": 0.04118795692920685,
    "0,1,4,5": -0.27084648609161377,
    "0,1,4,6": -0.08053809404373169,
    "0,1,4,7": 0.019122585654258728,
    "0,1,5,6": -0.05672129988670349,
    "0,1,5,7": -0.01808004081249237,
    "0,1,6,7": -0.20369578897953033,
    "0,2,3,4": -0.19383898377418518,
    "0,2,3,5": -0.30270129442214966,
    "0,2,3,6": -0.08635483682155609,
    "0,2,3,7": 0.20813874900341034,
    "0,2,4,5": -0.3031608462333679,
    "0,2,4,6": -0.0942077487707138,
    "0,2,4,7": 0.2151583582162857,
    "0,2,5,6": -0.17461392283439636,
    "0,2,5,7": 0.06823365390300751,
    "0,2,6,7": -0.176559716463089,
    "0,3,4,5": -0.2687121331691742,
    "0,3,4,6": -0.056449294090270996,
    "0,3,4,7": 0.2754870653152466,
    "0,3,5,6": -0.1636805534362793,
    "0,3,5,7": 0.09736911952495575,
    "0,3,6,7": -0.15870651602745056,
    "0,4,5,6": -0.15963657200336456,
    "0,4,5,7": 0.10371525585651398,
    "0,4,6,7": -0.13421423733234406,
    "0,5,6,7": -0.13171769678592682,
    "1,2,3,4": -0.03559836745262146,
    "1,2,3,5": -0.09975522011518478,
    "1,2,3,6": -0.16467466950416565,
    "1,2,3,7": 0.36036694049835205,
    "1,2,4,5": -0.09337714314460754,
    "1,2,4,6": -0.1814669370651245,
    "1,2,4,7": 0.3598784804344177,
    "1,2,5,6": -0.2502342462539673,
    "1,2,5,7": 0.1718384474515915,
    "1,2,6,7": 0.09341020882129669,
    "1,3,4,5": -0.10045744478702545,
    "1,3,4,6": -0.084715336561203,
    "1,3,4,7": 0.2779409885406494,
    "1,3,5,6": -0.12868689000606537,
    "1,3,5,7": 0.12550567090511322,
    "1,3,6,7": 0.08587248623371124,
    "1,4,5,6": -0.11528365314006805,
    "1,4,5,7": 0.13210512697696686,
    "1,4,6,7": 0.0834140032529831,
    "1,5,6,7": 0.06242634356021881,
    "2,3,4,5": -0.22850343585014343,
    "2,3,4,6": -0.07782070338726044,
    "2,3,4,7": 0.14311204850673676,
    "2,3,5,6": -0.1975107192993164,
    "2,3,5,7": 0.03110899031162262,
    "2,3,6,7": 0.10991723835468292,
    "2,4,5,6": -0.19124679267406464,
    "2,4,5,7": 0.02943083643913269,
    "2,4,6,7": 0.11269478499889374,
    "2,5,6,7": -0.039248496294021606,
    "3,4,5,6": -0.07386693358421326,
    "3,4,5,7": 0.13043953478336334,
    "3,4,6,7": 0.10763020813465118,
    "3,5,6,7": 0.013554856181144714,
    "4,5,6,7": 0.009827405214309692,
    "0,1,2,3,4": -0.268348753452301,
    "0,1,2,3,5": -0.2575232982635498,
    "0,1,2,3,6": -0.1820617914199829,
    "0,1,2,3,7": 0.10420258343219757,
    "0,1,2,4,5": -0.2590756416320801,
    "0,1,2,4,6": -0.1940988004207611,
    "0,1,2,4,7": 0.08981387317180634,
    "0,1,2,5,6": -0.1933928281068802,
    "0,1,2,5,7": -0.0384419709444046,
    "0,1,2,6,7": -0.1313088834285736,
    "0,1,3,4,5": -0.28467509150505066,
    "0,1,3,4,6": -0.09165050089359283,
    "0,1,3,4,7": 0.0396890789270401,
    "0,1,3,5,6": -0.07048560678958893,
    "0,1,3,5,7": -0.0017424672842025757,
    "0,1,3,6,7": -0.22350144386291504,
    "0,1,4,5,6": -0.057765066623687744,
    "0,1,4,5,7": -0.01875688135623932,
    "0,1,4,6,7": -0.2039547562599182,
    "0,1,5,6,7": -0.16419607400894165,
    "0,2,3,4,5": -0.3024851381778717,
    "0,2,3,4,6": -0.08555425703525543,
    "0,2,3,4,7": 0.20951227843761444,
    "0,2,3,5,6": -0.18171143531799316,
    "0,2,3,5,7": 0.07160784304141998,
    "0,2,3,6,7": -0.1707833856344223,
    "0,2,4,5,6": -0.17408150434494019,
    "0,2,4,5,7": 0.07040153443813324,
    "0,2,4,6,7": -0.1762884557247162,
    "0,2,5,6,7": -0.21029362082481384,
    "0,3,4,5,6": -0.16401147842407227,
    "0,3,4,5,7": 0.09525980055332184,
    "0,3,4,6,7": -0.15970531105995178,
    "0,3,5,6,7": -0.16095757484436035,
    "0,4,5,6,7": -0.1316109448671341,
    "1,2,3,4,5": -0.1010311171412468,
    "1,2,3,4,6": -0.16345541179180145,
    "1,2,3,4,7": 0.36036252975463867,
    "1,2,3,5,6": -0.2505362033843994,
    "1,2,3,5,7": 0.1659870594739914,
    "1,2,3,6,7": 0.09807862341403961,
    "1,2,4,5,6": -0.25078755617141724,
    "1,2,4,5,7": 0.17485786974430084,
    "1,2,4,6,7": 0.09553556144237518,
    "1,2,5,6,7": 0.012278690934181213,
    "1,3,4,5,6": -0.12831932306289673,
    "1,3,4,5,7": 0.1257750540971756,
    "1,3,4,6,7": 0.08812688291072845,
    "1,3,5,6,7": 0.04782481491565704,