{
  "object_name": "Game",
  "data_type": "game",
  "version": "1.4.2.dev29+g3d3c3a7e6.d20260421",
  "created_from": null,
  "description": null,
  "parameters": {},
  "timestamp": "2026-04-21T12:25:56.295577+00:00Z",
  "metadata": {
    "n_players": 8,
    "game_name": "Game_object",
    "normalization_value": 2.056467975,
    "precompute_flag": false,
    "precomputed": true,
    "player_names": null
  },
  "data": {
    "Empty": 2.9247009999999998,
    "0": 2.0441999999999996,
    "1": 2.8956,
    "2": 2.1924,
    "3": 1.8375999999999997,
    "4": 2.2866,
    "5": 2.8578,
    "6": 2.2525999999999997,
    "7": 2.6814999999999998,
    "0,1": 2.3826,
    "0,2": 2.0372,
    "0,3": 2.3257,
    "0,4": 2.3506000000000005,
    "0,5": 1.9718000000000004,
    "0,6": 2.3798000000000004,
    "0,7": 2.8650019999999996,
    "1,2": 2.5454999999999997,
    "1,3": 2.6184,
    "1,4": 2.4558999999999997,
    "1,5": 2.6183000000000005,
    "1,6": 2.1315,
    "1,7": 2.6079,
    "2,3": 2.3723,
    "2,4": 2.3969,
    "2,5": 2.944201,
    "2,6": 2.7697000000000003,
    "2,7": 2.9074020000000003,
    "3,4": 1.877,
    "3,5": 2.2497,
    "3,6": 2.5248,
    "3,7": 2.0264999999999995,
    "4,5": 2.968402,
    "4,6": 2.5745999999999998,
    "4,7": 2.6064,
    "5,6": 2.8798000000000004,
    "5,7": 2.2719,
    "6,7": 3.2131019999999992,
    "0,1,2": 2.2759,
    "0,1,3": 2.3568,
    "0,1,4": 2.7194010000000004,
    "0,1,5": 2.6704,
    "0,1,6": 2.652,
    "0,1,7": 2.3798,
    "0,2,3": 3.3085010000000006,
    "0,2,4": 2.7162010000000003,
    "0,2,5": 2.6096999999999997,
    "0,2,6": 2.4518,
    "0,2,7": 2.7255010000000004,
    "0,3,4": 2.2899000000000003,
    "0,3,5": 2.0526,
    "0,3,6": 2.731,
    "0,3,7": 2.1513,
    "0,4,5": 2.8172010000000003,
    "0,4,6": 2.4467,
    "0,4,7": 2.2296,
    "0,5,6": 2.5866,
    "0,5,7": 1.9334999999999998,
    "0,6,7": 2.1924,
    "1,2,3": 2.3244,
    "1,2,4": 2.624201,
    "1,2,5": 2.5896,
    "1,2,6": 2.3522000000000003,
    "1,2,7": 2.7427,
    "1,3,4": 2.7866,
    "1,3,5": 2.6841,
    "1,3,6": 2.3640000000000003,
    "1,3,7": 2.1277999999999997,
    "1,4,5": 2.8463000000000003,
    "1,4,6": 2.8524,
    "1,4,7": 2.5796010000000003,
    "1,5,6": 2.7149,
    "1,5,7": 2.7205000000000004,
    "1,6,7": 2.8067,
    "2,3,4": 2.5113,
    "2,3,5": 2.2053,
    "2,3,6": 2.3232,
    "2,3,7": 3.1555,
    "2,4,5": 2.7940009999999997,
    "2,4,6": 2.3044,
    "2,4,7": 2.2814,
    "2,5,6": 2.4955000000000003,
    "2,5,7": 2.6037,
    "2,6,7": 2.6428010000000004,
    "3,4,5": 2.829801,
    "3,4,6": 2.4679,
    "3,4,7": 2.4029,
    "3,5,6": 2.395,
    "3,5,7": 2.4933,
    "3,6,7": 2.5294000000000003,
    "4,5,6": 2.5011,
    "4,5,7": 2.6803999999999997,
    "4,6,7": 2.2009999999999996,
    "5,6,7": 2.5271999999999997,
    "0,1,2,3": 2.502,
    "0,1,2,4": 2.3791,
    "0,1,2,5": 2.7209,
    "0,1,2,6": 2.8390999999999997,
    "0,1,2,7": 2.4274,
    "0,1,3,4": 2.2071,
    "0,1,3,5": 3.005001,
    "0,1,3,6": 2.7023,
    "0,1,3,7": 2.5585999999999998,
    "0,1,4,5": 2.6783010000000003,
    "0,1,4,6": 2.7931,
    "0,1,4,7": 2.6713,
    "0,1,5,6": 2.6855,
    "0,1,5,7": 2.6029,
    "0,1,6,7": 2.690801,
    "0,2,3,4": 2.4844999999999997,
    "0,2,3,5": 2.5546,
    "0,2,3,6": 2.3121,
    "0,2,3,7": 2.5607009999999994,
    "0,2,4,5": 2.4530000000000003,
    "0,2,4,6": 2.5484,
    "0,2,4,7": 1.9365999999999999,
    "0,2,5,6": 2.4864,
    "0,2,5,7": 2.9112,
    "0,2,6,7": 2.4326,
    "0,3,4,5": 2.7348,
    "0,3,4,6": 2.5072,
    "0,3,4,7": 2.4115,
    "0,3,5,6": 2.4549,
    "0,3,5,7": 2.1468,
    "0,3,6,7": 2.6720999999999995,
    "0,4,5,6": 2.5537,
    "0,4,5,7": 2.059,
    "0,4,6,7": 2.6065,
    "0,5,6,7": 2.4541999999999993,
    "1,2,3,4": 2.7004,
    "1,2,3,5": 2.9186,
    "1,2,3,6": 2.6266,
    "1,2,3,7": 2.1196,
    "1,2,4,5": 2.3524000000000003,
    "1,2,4,6": 2.376,
    "1,2,4,7": 2.709702,
    "1,2,5,6": 2.541,
    "1,2,5,7": 2.7526,
    "1,2,6,7": 2.5741,
    "1,3,4,5": 2.9381999999999997,
    "1,3,4,6": 2.3665999999999996,
    "1,3,4,7": 2.821001,
    "1,3,5,6": 2.8174,
    "1,3,5,7": 2.7874000000000003,
    "1,3,6,7": 2.4966,
    "1,4,5,6": 2.3299,
    "1,4,5,7": 2.1347,
    "1,4,6,7": 2.6025,
    "1,5,6,7": 2.6696000000000004,
    "2,3,4,5": 2.001901,
    "2,3,4,6": 2.5650000000000004,
    "2,3,4,7": 2.304,
    "2,3,5,6": 2.4258999999999995,
    "2,3,5,7": 2.4643,
    "2,3,6,7": 2.9333,
    "2,4,5,6": 2.3103000000000002,
    "2,4,5,7": 1.8728000000000002,
    "2,4,6,7": 2.687401,
    "2,5,6,7": 2.4187,
    "3,4,5,6": 2.525,
    "3,4,5,7": 3.0119,
    "3,4,6,7": 2.3091999999999997,
    "3,5,6,7": 1.9794,
    "4,5,6,7": 2.3082000000000003,
    "0,1,2,3,4": 2.4185999999999996,
    "0,1,2,3,5": 3.195601,
    "0,1,2,3,6": 2.9686999999999997,
    "0,1,2,3,7": 2.3643,
    "0,1,2,4,5": 2.2994,
    "0,1,2,4,6": 2.544,
    "0,1,2,4,7": 2.6843999999999997,
    "0,1,2,5,6": 2.5,
    "0,1,2,5,7": 2.3802999999999996,
    "0,1,2,6,7": 2.6347999999999994,
    "0,1,3,4,5": 2.3084,
    "0,1,3,4,6": 2.6717,
    "0,1,3,4,7": 2.3468,
    "0,1,3,5,6": 2.3579999999999997,
    "0,1,3,5,7": 2.3154,
    "0,1,3,6,7": 2.5168999999999997,
    "0,1,4,5,6": 2.6302,
    "0,1,4,5,7": 2.7395000000000005,
    "0,1,4,6,7": 2.3794,
    "0,1,5,6,7": 2.6027,
    "0,2,3,4,5": 2.3839,
    "0,2,3,4,6": 2.8175,
    "0,2,3,4,7": 2.1578,
    "0,2,3,5,6": 2.8476999999999997,
    "0,2,3,5,7": 2.3259,
    "0,2,3,6,7": 2.7049999999999996,
    "0,2,4,5,6": 2.7724,
    "0,2,4,5,7": 2.3038,
    "0,2,4,6,7": 2.669701,
    "0,2,5,6,7": 2.3557999999999995,
    "0,3,4,5,6": 2.5952,
    "0,3,4,5,7": 2.185,
    "0,3,4,6,7": 2.2923,
    "0,3,5,6,7": 2.5261,
    "0,4,5,6,7": 2.6481,
    "1,2,3,4,5": 3.5519030000000003,
    "1,2,3,4,6": 2.4804999999999997,
    "1,2,3,4,7": 2.2435,
    "1,2,3,5,6": 2.3568999999999996,
    "1,2,3,5,7": 2.3971999999999998,
    "1,2,3,6,7": 2.7478000000000002,
    "1,2,4,5,6": 2.0593000000000004,
    "1,2,4,5,7": 2.6344,
    "1,2,4,6,7": 2.5520000000000005,
    "1,2,5,6,7": 2.7743,
    "1,3,4,5,6": 2.4722,
    "1,3,4,5,7": 2.2968,
    "1,3,4,6,7": 2.4901000000000004,
    "1,3,5,6,7": 2.3716,
    "1,4,5,6,7": 2.7486,
    "2,3,4,5,6": 2.9748,
    "2,3,4,5,7": 2.4927,
    "2,3,4,6,7": 2.2302,
    "2,3,5,6,7": 2.4516999999999998,
    "2,4,5,6,7": 3.0214,
    "3,4,5,6,7": 2.636,
    "0,1,2,3,4,5": 3.0074019999999995,
    "0,1,2,3,4,6": 2.5793,
    "0,1,2,3,4,7": 2.2577,
    "0,1,2,3,5,6": 2.631,
    "0,1,2,3,5,7": 2.2934,
    "0,1,2,3,6,7": 2.6765999999999996,
    "0,1,2,4,5,6": 3.0431000000000004,
    "0,1,2,4,5,7": 2.4299000000000004,
    "0,1,2,4,6,7": 2.6157,
    "0,1,2,5,6,7": 2.6179999999999994,
    "0,1,3,4,5,6": 2.6635,
    "0,1,3,4,5,7": 2.5198,
    "0,1,3,4,6,7": 2.5476,
    "0,1,3,5,6,7": 2.5116,
    "0,1,4,5,6,7": 2.4564,
    "0,2,3,4,5,6": 2.6479000000000004,
    "0,2,3,4,5,7": 2.1241999999999996,
    "0,2,3,4,6,7": 2.4396,
    "0,2,3,5,6,7": 2.5432999999999995,
    "0,2,4,5,6,7": 2.2363999999999997,
    "0,3,4,5,6,7": 2.6492999999999998,
    "1,2,3,4,5,6": 2.6367,
    "1,2,3,4,5,7": 2.7627999999999995,
    "1,2,3,4,6,7": 2.6031,
    "1,2,3,5,6,7": 2.9120999999999997,
    "1,2,4,5,6,7": 2.6390000000000002,
    "1,3,4,5,6,7": 2.3025,
    "2,3,4,5,6,7": 2.8959,
    "0,1,2,3,4,5,6": 2.3461999999999996,
    "0,1,2,3,4,5,7": 2.3770000000000002,
    "0,1,2,3,4,6,7": 2.5624999999999996,
    "0,1,2,3,5,6,7": 2.6179999999999994,
    "0,1,2,4,5,6,7": 2.6179999999999994,
    "0,1,3,4,5,6,7": 2.5382,
    "0,2,3,4,5,6,7": 2.4349999999999996,
    "1,2,3,4,5,6,7": 2.7009,
    "0,1,2,3,4,5,6,7": 2.6179999999999994
  }
}
