{
  "object_name": "Game",
  "data_type": "game",
  "version": "1.4.2.dev29+g3d3c3a7e6.d20260421",
  "created_from": null,
  "description": null,
  "parameters": {},
  "timestamp": "2026-04-21T12:25:56.694078+00:00Z",
  "metadata": {
    "n_players": 8,
    "game_name": "Game_object",
    "normalization_value": -0.09941155463457108,
    "precompute_flag": false,
    "precomputed": true,
    "player_names": null
  },
  "data": {
    "Empty": -0.09941155463457108,
    "0": 0.11077903211116791,
    "1": -0.19926783442497253,
    "2": -0.10475528240203857,
    "3": -0.0917791873216629,
    "4": -0.04233916103839874,
    "5": -0.12765799462795258,
    "6": 0.5950416326522827,
    "7": -0.3042120933532715,
    "0,1": 0.09904317557811737,
    "0,2": 0.10432784259319305,
    "0,3": 0.10630534589290619,
    "0,4": 0.11165602505207062,
    "0,5": 0.09431172907352448,
    "0,6": 0.6237198114395142,
    "0,7": -0.19787150621414185,
    "1,2": -0.20495076477527618,
    "1,3": -0.2004299759864807,
    "1,4": -0.15249113738536835,
    "1,5": -0.2199941724538803,
    "1,6": 0.5666539669036865,
    "1,7": -0.32993069291114807,
    "2,3": -0.1072954535484314,
    "2,4": -0.04661473631858826,
    "2,5": -0.13309767842292786,
    "2,6": 0.5886138677597046,
    "2,7": -0.31217247247695923,
    "3,4": -0.042840272188186646,
    "3,5": -0.09845481067895889,
    "3,6": 0.616733968257904,
    "3,7": -0.22462022304534912,
    "4,5": -0.06882259249687195,
    "4,6": 0.5567080974578857,
    "4,7": -0.29718855023384094,
    "5,6": 0.49152886867523193,
    "5,7": -0.32150977849960327,
    "6,7": 0.35961443185806274,
    "0,1,2": 0.08508594334125519,
    "0,1,3": 0.07593007385730743,
    "0,1,4": 0.14716534316539764,
    "0,1,5": 0.07301901280879974,
    "0,1,6": 0.6970434784889221,
    "0,1,7": -0.1626419872045517,
    "0,2,3": 0.09712179005146027,
    "0,2,4": 0.10459767282009125,
    "0,2,5": 0.08818207681179047,
    "0,2,6": 0.6219305396080017,
    "0,2,7": -0.21078063547611237,
    "0,3,4": 0.157248392701149,
    "0,3,5": 0.10704626142978668,
    "0,3,6": 0.6515468955039978,
    "0,3,7": -0.13332566618919373,
    "0,4,5": 0.100709930062294,
    "0,4,6": 0.6451820731163025,
    "0,4,7": -0.17560797929763794,
    "0,5,6": 0.5304520130157471,
    "0,5,7": -0.19661889970302582,
    "0,6,7": 0.38787221908569336,
    "1,2,3": -0.2138250470161438,
    "1,2,4": -0.1591232419013977,
    "1,2,5": -0.2284451425075531,
    "1,2,6": 0.5668998956680298,
    "1,2,7": -0.3360442519187927,
    "1,3,4": -0.13195201754570007,
    "1,3,5": -0.19038499891757965,
    "1,3,6": 0.5260941982269287,
    "1,3,7": -0.25046297907829285,
    "1,4,5": -0.16483253240585327,
    "1,4,6": 0.5835999846458435,
    "1,4,7": -0.2958303987979889,
    "1,5,6": 0.4483686685562134,
    "1,5,7": -0.3397260904312134,
    "1,6,7": 0.3403725028038025,
    "2,3,4": -0.048077672719955444,
    "2,3,5": -0.10916867852210999,
    "2,3,6": 0.6178027987480164,
    "2,3,7": -0.2300775945186615,
    "2,4,5": -0.07070529460906982,
    "2,4,6": 0.5495132803916931,
    "2,4,7": -0.3046398162841797,
    "2,5,6": 0.4912053346633911,
    "2,5,7": -0.3280412554740906,
    "2,6,7": 0.35758382081985474,
    "3,4,5": -0.041366904973983765,
    "3,4,6": 0.5967382192611694,
    "3,4,7": -0.18641133606433868,
    "3,5,6": 0.4884132146835327,
    "3,5,7": -0.2573060691356659,
    "3,6,7": 0.3411978483200073,
    "4,5,6": 0.48714911937713623,
    "4,5,7": -0.322889506816864,
    "4,6,7": 0.3670533299446106,
    "5,6,7": 0.3074972629547119,
    "0,1,2,3": 0.06763400137424469,
    "0,1,2,4": 0.13458512723445892,
    "0,1,2,5": 0.05859510600566864,
    "0,1,2,6": 0.6935204267501831,
    "0,1,2,7": -0.1709650158882141,
    "0,1,3,4": 0.14215703308582306,
    "0,1,3,5": 0.05147133767604828,
    "0,1,3,6": 0.7641941905021667,
    "0,1,3,7": -0.10362949967384338,
    "0,1,4,5": 0.13426561653614044,
    "0,1,4,6": 0.6579899787902832,
    "0,1,4,7": -0.15029376745224,
    "0,1,5,6": 0.6147192716598511,
    "0,1,5,7": -0.17353302240371704,
    "0,1,6,7": 0.3681008219718933,
    "0,2,3,4": 0.14989925920963287,
    "0,2,3,5": 0.10029204189777374,
    "0,2,3,6": 0.6503738164901733,
    "0,2,3,7": -0.1475059539079666,
    "0,2,4,5": 0.09435410797595978,
    "0,2,4,6": 0.6461737155914307,
    "0,2,4,7": -0.19229602813720703,
    "0,2,5,6": 0.5298509001731873,
    "0,2,5,7": -0.21117863059043884,
    "0,2,6,7": 0.38303011655807495,
    "0,3,4,5": 0.1529432088136673,
    "0,3,4,6": 0.6685512661933899,
    "0,3,4,7": -0.13156604766845703,
    "0,3,5,6": 0.5551504492759705,
    "0,3,5,7": -0.14844369888305664,
    "0,3,6,7": 0.3942539095878601,
    "0,4,5,6": 0.5627996921539307,
    "0,4,5,7": -0.1779325157403946,
    "0,4,6,7": 0.38136130571365356,
    "0,5,6,7": 0.32471764087677,
    "1,2,3,4": -0.14511056244373322,
    "1,2,3,5": -0.2010386735200882,
    "1,2,3,6": 0.5257605314254761,
    "1,2,3,7": -0.2535672187805176,
    "1,2,4,5": -0.17745327949523926,
    "1,2,4,6": 0.5788673162460327,
    "1,2,4,7": -0.3023475408554077,
    "1,2,5,6": 0.4508276581764221,
    "1,2,5,7": -0.34726327657699585,
    "1,2,6,7": 0.33881545066833496,
    "1,3,4,5": -0.12228576093912125,
    "1,3,4,6": 0.5801535844802856,
    "1,3,4,7": -0.19357207417488098,
    "1,3,5,6": 0.4089874029159546,
    "1,3,5,7": -0.2681373357772827,
    "1,3,6,7": 0.32077735662460327,
    "1,4,5,6": 0.46978074312210083,
    "1,4,5,7": -0.30774277448654175,
    "1,4,6,7": 0.32742416858673096,
    "1,5,6,7": 0.2724582552909851,
    "2,3,4,5": -0.046881452202796936,
    "2,3,4,6": 0.5899311900138855,
    "2,3,4,7": -0.19554366171360016,
    "2,3,5,6": 0.4923081398010254,
    "2,3,5,7": -0.26426994800567627,
    "2,3,6,7": 0.33622878789901733,
    "2,4,5,6": 0.47670501470565796,
    "2,4,5,7": -0.3311351239681244,
    "2,4,6,7": 0.36170196533203125,
    "2,5,6,7": 0.3033602833747864,
    "3,4,5,6": 0.5132066607475281,
    "3,4,5,7": -0.2084003984928131,
    "3,4,6,7": 0.3286392092704773,
    "3,5,6,7": 0.29469752311706543,
    "4,5,6,7": 0.32209086418151855,
    "0,1,2,3,4": 0.13217981159687042,
    "0,1,2,3,5": 0.03885911405086517,
    "0,1,2,3,6": 0.7575912475585938,
    "0,1,2,3,7": -0.11895708739757538,
    "0,1,2,4,5": 0.1213836520910263,
    "0,1,2,4,6": 0.6547868847846985,
    "0,1,2,4,7": -0.16538655757904053,
    "0,1,2,5,6": 0.608673095703125,
    "0,1,2,5,7": -0.18653510510921478,
    "0,1,2,6,7": 0.364704966545105,
    "0,1,3,4,5": 0.12148420512676239,
    "0,1,3,4,6": 0.7321486473083496,
    "0,1,3,4,7": -0.09329412877559662,
    "0,1,3,5,6": 0.6663468480110168,
    "0,1,3,5,7": -0.11406005918979645,
    "0,1,3,6,7": 0.4004114866256714,
    "0,1,4,5,6": 0.5922901630401611,
    "0,1,4,5,7": -0.15444767475128174,
    "0,1,4,6,7": 0.37269967794418335,
    "0,1,5,6,7": 0.29324012994766235,
    "0,2,3,4,5": 0.14430807530879974,
    "0,2,3,4,6": 0.6626374125480652,
    "0,2,3,4,7": -0.14949363470077515,
    "0,2,3,5,6": 0.5545138120651245,
    "0,2,3,5,7": -0.16147106885910034,
    "0,2,3,6,7": 0.39359772205352783,
    "0,2,4,5,6": 0.5676734447479248,
    "0,2,4,5,7": -0.1942337602376938,
    "0,2,4,6,7": 0.3757038116455078,
    "0,2,5,6,7": 0.3175169825553894,
    "0,3,4,5,6": 0.5752705931663513,
    "0,3,4,5,7": -0.13111191987991333,
    "0,3,4,6,7": 0.40204811096191406,
    "0,3,5,6,7": 0.3526598811149597,
    "0,4,5,6,7": 0.32112181186676025,
    "1,2,3,4,5": -0.13189804553985596,
    "1,2,3,4,6": 0.5848940014839172,
    "1,2,3,4,7": -0.1973354071378708,
    "1,2,3,5,6": 0.41553205251693726,
    "1,2,3,5,7": -0.2683505415916443,
    "1,2,3,6,7": 0.32165712118148804,
    "1,2,4,5,6": 0.47075337171554565,
    "1,2,4,5,7": -0.31418246030807495,
    "1,2,4,6,7": 0.323144793510437,
    "1,2,5,6,7": 0.26778388023376465,
    "1,3,4,5,6": 0.4841238856315613,
    "1,3,4,5,7": -0.19914259016513824,
    "1,3,4,6,7": 0.29980194568634033,
    "1,3,5,6,7": 0.27284038066864014,
    "1,4,5,6,7": 0.26701104640960693,
    "2,3,4,5,6": 0.5116477608680725,
    "2,3,4,5,7": -0.21636204421520233,