{
  "object_name": "Game",
  "data_type": "game",
  "version": "1.4.2.dev29+g3d3c3a7e6.d20260421",
  "created_from": null,
  "description": null,
  "parameters": {},
  "timestamp": "2026-04-21T12:25:56.759518+00:00Z",
  "metadata": {
    "n_players": 8,
    "game_name": "Game_object",
    "normalization_value": 0.9179999999999999,
    "precompute_flag": false,
    "precomputed": true,
    "player_names": null
  },
  "data": {
    "Empty": 0.9179999999999999,
    "0": 0.6527000000000001,
    "1": 0.9206,
    "2": 0.9091999999999999,
    "3": 0.9243,
    "4": 0.9311999999999999,
    "5": 0.8702,
    "6": 0.9122999999999999,
    "7": 0.8789,
    "0,1": 0.6459000000000001,
    "0,2": 0.6708000000000001,
    "0,3": 0.645,
    "0,4": 0.6322,
    "0,5": 0.6253,
    "0,6": 0.6609,
    "0,7": 0.6513000000000001,
    "1,2": 0.9118,
    "1,3": 0.9269000000000001,
    "1,4": 0.9200000000000002,
    "1,5": 0.8728,
    "1,6": 0.9147000000000001,
    "1,7": 0.8815,
    "2,3": 0.9155000000000001,
    "2,4": 0.9223999999999999,
    "2,5": 0.8613999999999999,
    "2,6": 0.9035,
    "2,7": 0.8789,
    "3,4": 0.9431999999999998,
    "3,5": 0.9071999999999999,
    "3,6": 0.9244999999999999,
    "3,7": 0.8852,
    "4,5": 0.8834,
    "4,6": 0.9232999999999999,
    "4,7": 0.8920999999999999,
    "5,6": 0.8952,
    "5,7": 0.8311,
    "6,7": 0.8732,
    "0,1,2": 0.6277000000000001,
    "0,1,3": 0.6382000000000001,
    "0,1,4": 0.622,
    "0,1,5": 0.6203000000000001,
    "0,1,6": 0.6492000000000001,
    "0,1,7": 0.6457,
    "0,2,3": 0.6631000000000001,
    "0,2,4": 0.647,
    "0,2,5": 0.6434000000000001,
    "0,2,6": 0.679,
    "0,2,7": 0.6694,
    "0,3,4": 0.6152,
    "0,3,5": 0.6321,
    "0,3,6": 0.6585000000000001,
    "0,3,7": 0.6439000000000001,
    "0,4,5": 0.6374,
    "0,4,6": 0.6322,
    "0,4,7": 0.6333,
    "0,5,6": 0.6253,
    "0,5,7": 0.6239000000000001,
    "0,6,7": 0.6595000000000001,
    "1,2,3": 0.9181000000000001,
    "1,2,4": 0.9112,
    "1,2,5": 0.8640000000000001,
    "1,2,6": 0.9058999999999999,
    "1,2,7": 0.8815,
    "1,3,4": 0.932,
    "1,3,5": 0.9097999999999999,
    "1,3,6": 0.9269000000000001,
    "1,3,7": 0.8878,
    "1,4,5": 0.8722000000000001,
    "1,4,6": 0.9118999999999999,
    "1,4,7": 0.8809000000000001,
    "1,5,6": 0.8976,
    "1,5,7": 0.8337,
    "1,6,7": 0.8756,
    "2,3,4": 0.9343999999999999,
    "2,3,5": 0.8984,
    "2,3,6": 0.9157,
    "2,3,7": 0.8852,
    "2,4,5": 0.8746,
    "2,4,6": 0.9145,
    "2,4,7": 0.8920999999999999,
    "2,5,6": 0.8863999999999999,
    "2,5,7": 0.8311,
    "2,6,7": 0.8732,
    "3,4,5": 0.9260999999999999,
    "3,4,6": 0.9433999999999999,
    "3,4,7": 0.9040999999999999,
    "3,5,6": 0.9074,
    "3,5,7": 0.8680999999999999,
    "3,6,7": 0.8854,
    "4,5,6": 0.9061999999999999,
    "4,5,7": 0.8442999999999999,
    "4,6,7": 0.8842000000000001,
    "5,6,7": 0.8561,
    "0,1,2,3": 0.6200000000000001,
    "0,1,2,4": 0.6384000000000001,
    "0,1,2,5": 0.6021000000000001,
    "0,1,2,6": 0.631,
    "0,1,2,7": 0.6275000000000001,
    "0,1,3,4": 0.6086,
    "0,1,3,5": 0.6271000000000001,
    "0,1,3,6": 0.6468,
    "0,1,3,7": 0.6383000000000001,
    "0,1,4,5": 0.6127,
    "0,1,4,6": 0.622,
    "0,1,4,7": 0.6243,
    "0,1,5,6": 0.6203000000000001,
    "0,1,5,7": 0.6201000000000001,
    "0,1,6,7": 0.649,
    "0,2,3,4": 0.6300000000000001,
    "0,2,3,5": 0.6502000000000001,
    "0,2,3,6": 0.6766,
    "0,2,3,7": 0.662,
    "0,2,4,5": 0.6522000000000001,
    "0,2,4,6": 0.647,
    "0,2,4,7": 0.6458,
    "0,2,5,6": 0.6434000000000001,
    "0,2,5,7": 0.642,
    "0,2,6,7": 0.6776,
    "0,3,4,5": 0.6239999999999999,
    "0,3,4,6": 0.6205,
    "0,3,4,7": 0.6163000000000001,
    "0,3,5,6": 0.6374000000000001,
    "0,3,5,7": 0.631,
    "0,3,6,7": 0.6574,
    "0,4,5,6": 0.6374,
    "0,4,5,7": 0.6385000000000001,
    "0,4,6,7": 0.6333,
    "0,5,6,7": 0.6239000000000001,
    "1,2,3,4": 0.9232000000000001,
    "1,2,3,5": 0.901,
    "1,2,3,6": 0.9181000000000001,
    "1,2,3,7": 0.8878,
    "1,2,4,5": 0.8634000000000001,
    "1,2,4,6": 0.9031,
    "1,2,4,7": 0.8809000000000001,
    "1,2,5,6": 0.8888,
    "1,2,5,7": 0.8337,
    "1,2,6,7": 0.8756,
    "1,3,4,5": 0.9148999999999999,
    "1,3,4,6": 0.932,
    "1,3,4,7": 0.8929,
    "1,3,5,6": 0.9097999999999999,
    "1,3,5,7": 0.8706999999999999,
    "1,3,6,7": 0.8878,
    "1,4,5,6": 0.8948,
    "1,4,5,7": 0.8331000000000002,
    "1,4,6,7": 0.8728,
    "1,5,6,7": 0.8584999999999999,
    "2,3,4,5": 0.9173,
    "2,3,4,6": 0.9346,
    "2,3,4,7": 0.9040999999999999,
    "2,3,5,6": 0.8986000000000001,
    "2,3,5,7": 0.8680999999999999,
    "2,3,6,7": 0.8854,
    "2,4,5,6": 0.8974,
    "2,4,5,7": 0.8442999999999999,
    "2,4,6,7": 0.8842000000000001,
    "2,5,6,7": 0.8561,
    "3,4,5,6": 0.9262999999999998,
    "3,4,5,7": 0.8870000000000001,
    "3,4,6,7": 0.9042999999999999,
    "3,5,6,7": 0.8683,
    "4,5,6,7": 0.8671000000000001,
    "0,1,2,3,4": 0.6214000000000001,
    "0,1,2,3,5": 0.6089,
    "0,1,2,3,6": 0.6286000000000002,
    "0,1,2,3,7": 0.6201000000000001,
    "0,1,2,4,5": 0.6291,
    "0,1,2,4,6": 0.6384000000000001,
    "0,1,2,4,7": 0.6384000000000001,
    "0,1,2,5,6": 0.6021000000000001,
    "0,1,2,5,7": 0.6019,
    "0,1,2,6,7": 0.6308,
    "0,1,3,4,5": 0.6028999999999999,
    "0,1,3,4,6": 0.6139,
    "0,1,3,4,7": 0.6109,
    "0,1,3,5,6": 0.6324000000000002,
    "0,1,3,5,7": 0.6272,
    "0,1,3,6,7": 0.6469000000000001,
    "0,1,4,5,6": 0.6127,
    "0,1,4,5,7": 0.615,
    "0,1,4,6,7": 0.6243,
    "0,1,5,6,7": 0.6201000000000001,
    "0,2,3,4,5": 0.6388,
    "0,2,3,4,6": 0.6353,
    "0,2,3,4,7": 0.6288,
    "0,2,3,5,6": 0.6555,
    "0,2,3,5,7": 0.6491000000000001,
    "0,2,3,6,7": 0.6755000000000001,
    "0,2,4,5,6": 0.6522000000000001,
    "0,2,4,5,7": 0.651,
    "0,2,4,6,7": 0.6458,
    "0,2,5,6,7": 0.642,
    "0,3,4,5,6": 0.6293,
    "0,3,4,5,7": 0.6251,
    "0,3,4,6,7": 0.6216,
    "0,3,5,6,7": 0.6363,
    "0,4,5,6,7": 0.6385000000000001,
    "1,2,3,4,5": 0.9061,
    "1,2,3,4,6": 0.9232000000000001,
    "1,2,3,4,7": 0.8929,
    "1,2,3,5,6": 0.901,
    "1,2,3,5,7": 0.8706999999999999,
    "1,2,3,6,7": 0.8878,
    "1,2,4,5,6": 0.8860000000000001,
    "1,2,4,5,7": 0.8331000000000002,
    "1,2,4,6,7": 0.8728,
    "1,2,5,6,7": 0.8584999999999999,
    "1,3,4,5,6": 0.9148999999999999,
    "1,3,4,5,7": 0.8757999999999999,
    "1,3,4,6,7": 0.8929,
    "1,3,5,6,7": 0.8706999999999999,
    "1,4,5,6,7": 0.8557,
    "2,3,4,5,6": 0.9174999999999999,
    "2,3,4,5,7": 0.8870000000000001,
    "2,3,4,6,7": 0.9042999999999999,
    "2,3,5,6,7": 0.8683,
    "2,4,5,6,7": 0.8671000000000001,
    "3,4,5,6,7": 0.8872,
    "0,1,2,3,4,5": 0.6157,
    "0,1,2,3,4,6": 0.6267,
    "0,1,2,3,4,7": 0.6214000000000001,
    "0,1,2,3,5,6": 0.6142000000000001,
    "0,1,2,3,5,7": 0.6090000000000002,
    "0,1,2,3,6,7": 0.6287,
    "0,1,2,4,5,6": 0.6291,
    "0,1,2,4,5,7": 0.6291,
    "0,1,2,4,6,7": 0.6384000000000001,
    "0,1,2,5,6,7": 0.6019,
    "0,1,3,4,5,6": 0.6082,
    "0,1,3,4,5,7": 0.6052000000000001,
    "0,1,3,4,6,7": 0.6162,
    "0,1,3,5,6,7": 0.6325000000000001,
    "0,1,4,5,6,7": 0.615,
    "0,2,3,4,5,6": 0.6441,
    "0,2,3,4,5,7": 0.6376000000000001,
    "0,2,3,4,6,7": 0.6340999999999999,
    "0,2,3,5,6,7": 0.6544000000000001,
    "0,2,4,5,6,7": 0.651,
    "0,3,4,5,6,7": 0.6304,
    "1,2,3,4,5,6": 0.9061,
    "1,2,3,4,5,7": 0.8757999999999999,
    "1,2,3,4,6,7": 0.8929,
    "1,2,3,5,6,7": 0.8706999999999999,
    "1,2,4,5,6,7": 0.8557,
    "1,3,4,5,6,7": 0.8757999999999999,
    "2,3,4,5,6,7": 0.8872,
    "0,1,2,3,4,5,6": 0.6209999999999999,
    "0,1,2,3,4,5,7": 0.6157,
    "0,1,2,3,4,6,7": 0.6267,
    "0,1,2,3,5,6,7": 0.6143000000000001,
    "0,1,2,4,5,6,7": 0.6291,
    "0,1,3,4,5,6,7": 0.6104999999999999,
    "0,2,3,4,5,6,7": 0.6428999999999999,
    "1,2,3,4,5,6,7": 0.8757999999999999,
    "0,1,2,3,4,5,6,7": 0.6209999999999999
  }
}
