{
  "object_name": "Game",
  "data_type": "game",
  "version": "1.4.2.dev29+g3d3c3a7e6.d20260421",
  "created_from": null,
  "description": null,
  "parameters": {},
  "timestamp": "2026-04-21T12:25:56.645301+00:00Z",
  "metadata": {
    "n_players": 8,
    "game_name": "Game_object",
    "normalization_value": 0.24609795212745667,
    "precompute_flag": false,
    "precomputed": true,
    "player_names": null
  },
  "data": {
    "Empty": 0.40852218866348267,
    "0": 0.5811868906021118,
    "1": 0.4651261866092682,
    "2": 0.4686230719089508,
    "3": 0.46438494324684143,
    "4": 0.3880199193954468,
    "5": 0.295563280582428,
    "6": 0.41889628767967224,
    "7": 0.4758589267730713,
    "0,1": 0.5865175127983093,
    "0,2": 0.6715739965438843,
    "0,3": 0.5957688689231873,
    "0,4": 0.5533187985420227,
    "0,5": 0.5810990333557129,
    "0,6": 0.6043587923049927,
    "0,7": 0.5880963802337646,
    "1,2": 0.49223631620407104,
    "1,3": 0.5503655076026917,
    "1,4": 0.4127984941005707,
    "1,5": 0.42043572664260864,
    "1,6": 0.4274645745754242,
    "1,7": 0.6002761125564575,
    "2,3": 0.5596276521682739,
    "2,4": 0.5017183423042297,
    "2,5": 0.4490117132663727,
    "2,6": 0.514528751373291,
    "2,7": 0.452155739068985,
    "3,4": 0.3374641239643097,
    "3,5": 0.3437129557132721,
    "3,6": 0.4934822916984558,
    "3,7": 0.5590066909790039,
    "4,5": 0.3456745743751526,
    "4,6": 0.4200828969478607,
    "4,7": 0.3815685212612152,
    "5,6": 0.4921192228794098,
    "5,7": 0.4388764500617981,
    "6,7": 0.5307062864303589,
    "0,1,2": 0.6189001798629761,
    "0,1,3": 0.5401611328125,
    "0,1,4": 0.5393880605697632,
    "0,1,5": 0.564254105091095,
    "0,1,6": 0.5828115344047546,
    "0,1,7": 0.6334460377693176,
    "0,2,3": 0.586760401725769,
    "0,2,4": 0.5942701697349548,
    "0,2,5": 0.6403348445892334,
    "0,2,6": 0.6356202363967896,
    "0,2,7": 0.5328748822212219,
    "0,3,4": 0.5380970239639282,
    "0,3,5": 0.5345036387443542,
    "0,3,6": 0.5770620703697205,
    "0,3,7": 0.6298615336418152,
    "0,4,5": 0.6236994862556458,
    "0,4,6": 0.6147226095199585,
    "0,4,7": 0.5554710030555725,
    "0,5,6": 0.6040802001953125,
    "0,5,7": 0.5155190229415894,
    "0,6,7": 0.6191889047622681,
    "1,2,3": 0.5866939425468445,
    "1,2,4": 0.5664057731628418,
    "1,2,5": 0.454287588596344,
    "1,2,6": 0.556459903717041,
    "1,2,7": 0.5665251016616821,
    "1,3,4": 0.5227015614509583,
    "1,3,5": 0.4203569293022156,
    "1,3,6": 0.42042285203933716,
    "1,3,7": 0.43724164366722107,
    "1,4,5": 0.4036017954349518,
    "1,4,6": 0.45906955003738403,
    "1,4,7": 0.4825424253940582,
    "1,5,6": 0.42455044388771057,
    "1,5,7": 0.4184779226779938,
    "1,6,7": 0.5145548582077026,
    "2,3,4": 0.5426918864250183,
    "2,3,5": 0.499318927526474,
    "2,3,6": 0.4625956416130066,
    "2,3,7": 0.580161452293396,
    "2,4,5": 0.4906841218471527,
    "2,4,6": 0.6044428944587708,
    "2,4,7": 0.6373385190963745,
    "2,5,6": 0.4628966748714447,
    "2,5,7": 0.4653719961643219,
    "2,6,7": 0.6044286489486694,
    "3,4,5": 0.35951948165893555,
    "3,4,6": 0.5128851532936096,
    "3,4,7": 0.3722931742668152,
    "3,5,6": 0.4012700915336609,
    "3,5,7": 0.3621748089790344,
    "3,6,7": 0.45824700593948364,
    "4,5,6": 0.4667406678199768,
    "4,5,7": 0.4715772271156311,
    "4,6,7": 0.5061798691749573,
    "5,6,7": 0.45762762427330017,
    "0,1,2,3": 0.6064757704734802,
    "0,1,2,4": 0.6238337755203247,
    "0,1,2,5": 0.6435097455978394,
    "0,1,2,6": 0.6600946187973022,
    "0,1,2,7": 0.6152488589286804,
    "0,1,3,4": 0.5806750059127808,
    "0,1,3,5": 0.5420007109642029,
    "0,1,3,6": 0.6024979948997498,
    "0,1,3,7": 0.6259255409240723,
    "0,1,4,5": 0.5111320614814758,
    "0,1,4,6": 0.5990957021713257,
    "0,1,4,7": 0.5782679319381714,
    "0,1,5,6": 0.5889579057693481,
    "0,1,5,7": 0.5765957832336426,
    "0,1,6,7": 0.6821877360343933,
    "0,2,3,4": 0.6531839370727539,
    "0,2,3,5": 0.59660404920578,
    "0,2,3,6": 0.67205810546875,
    "0,2,3,7": 0.6204739809036255,
    "0,2,4,5": 0.6173418760299683,
    "0,2,4,6": 0.6623122096061707,
    "0,2,4,7": 0.6123254299163818,
    "0,2,5,6": 0.6323055028915405,
    "0,2,5,7": 0.5979447960853577,
    "0,2,6,7": 0.6591189503669739,
    "0,3,4,5": 0.5499979853630066,
    "0,3,4,6": 0.5927858352661133,
    "0,3,4,7": 0.5252848863601685,
    "0,3,5,6": 0.6036008596420288,
    "0,3,5,7": 0.5662631392478943,
    "0,3,6,7": 0.6394574046134949,
    "0,4,5,6": 0.6071872115135193,
    "0,4,5,7": 0.5836175084114075,
    "0,4,6,7": 0.6151226758956909,
    "0,5,6,7": 0.6213724613189697,
    "1,2,3,4": 0.5416380167007446,
    "1,2,3,5": 0.5299418568611145,
    "1,2,3,6": 0.5990108251571655,
    "1,2,3,7": 0.46738332509994507,
    "1,2,4,5": 0.48427993059158325,
    "1,2,4,6": 0.5483403205871582,
    "1,2,4,7": 0.5106789469718933,
    "1,2,5,6": 0.478616327047348,
    "1,2,5,7": 0.6150079965591431,
    "1,2,6,7": 0.6379192471504211,
    "1,3,4,5": 0.3125191628932953,
    "1,3,4,6": 0.44174760580062866,
    "1,3,4,7": 0.47909408807754517,
    "1,3,5,6": 0.5002251863479614,
    "1,3,5,7": 0.4329470992088318,
    "1,3,6,7": 0.5182008743286133,
    "1,4,5,6": 0.4504024386405945,
    "1,4,5,7": 0.4736040234565735,
    "1,4,6,7": 0.5336619019508362,
    "1,5,6,7": 0.4862518906593323,
    "2,3,4,5": 0.5028015971183777,
    "2,3,4,6": 0.5512083768844604,
    "2,3,4,7": 0.5829426050186157,
    "2,3,5,6": 0.557115375995636,
    "2,3,5,7": 0.5901711583137512,
    "2,3,6,7": 0.6248375177383423,
    "2,4,5,6": 0.5342556834220886,
    "2,4,5,7": 0.5511792302131653,
    "2,4,6,7": 0.5863253474235535,
    "2,5,6,7": 0.5810920000076294,
    "3,4,5,6": 0.44456347823143005,
    "3,4,5,7": 0.4967241883277893,
    "3,4,6,7": 0.4840860366821289,
    "3,5,6,7": 0.5284109115600586,
    "4,5,6,7": 0.5178002119064331,
    "0,1,2,3,4": 0.6453189253807068,
    "0,1,2,3,5": 0.5812219977378845,
    "0,1,2,3,6": 0.656740665435791,
    "0,1,2,3,7": 0.6244534850120544,
    "0,1,2,4,5": 0.6659504175186157,
    "0,1,2,4,6": 0.6483176946640015,
    "0,1,2,4,7": 0.6905099153518677,
    "0,1,2,5,6": 0.6029784083366394,
    "0,1,2,5,7": 0.6544286608695984,
    "0,1,2,6,7": 0.6828011274337769,
    "0,1,3,4,5": 0.5374453067779541,
    "0,1,3,4,6": 0.6031162142753601,
    "0,1,3,4,7": 0.6401081681251526,
    "0,1,3,5,6": 0.6250721216201782,
    "0,1,3,5,7": 0.6312214136123657,
    "0,1,3,6,7": 0.6616849899291992,
    "0,1,4,5,6": 0.5947096943855286,
    "0,1,4,5,7": 0.6274206042289734,
    "0,1,4,6,7": 0.6400831937789917,
    "0,1,5,6,7": 0.6543405652046204,
    "0,2,3,4,5": 0.656233012676239,
    "0,2,3,4,6": 0.6617348790168762,
    "0,2,3,4,7": 0.6549557447433472,
    "0,2,3,5,6": 0.6409777402877808,
    "0,2,3,5,7": 0.5992482304573059,
    "0,2,3,6,7": 0.6515627503395081,
    "0,2,4,5,6": 0.5479496121406555,
    "0,2,4,5,7": 0.562300980091095,
    "0,2,4,6,7": 0.6752526760101318,
    "0,2,5,6,7": 0.6330652236938477,
    "0,3,4,5,6": 0.5735987424850464,
    "0,3,4,5,7": 0.608607292175293,
    "0,3,4,6,7": 0.6470990180969238,
    "0,3,5,6,7": 0.6425707340240479,
    "0,4,5,6,7": 0.6360164284706116,
    "1,2,3,4,5": 0.546799898147583,
    "1,2,3,4,6": 0.5549944043159485,
    "1,2,3,4,7": 0.617573618888855,
    "1,2,3,5,6": 0.6045111417770386,
    "1,2,3,5,7": 0.549848735332489,
    "1,2,3,6,7": 0.6521914005279541,
    "1,2,4,5,6": 0.5614063739776611,
    "1,2,4,5,7": 0.5521010756492615,
    "1,2,4,6,7": 0.6349748969078064,
    "1,2,5,6,7": 0.6242424845695496,
    "1,3,4,5,6": 0.5175288915634155,
    "1,3,4,5,7": 0.586877703666687,
    "1,3,4,6,7": 0.46228259801864624,
    "1,3,5,6,7": 0.5275179147720337,
    "1,4,5,6,7": 0.5125272870063782,
    "2,3,4,5,6": 0.4656182825565338,
    "2,3,4,5,7": 0.49189329147338867,
    "2,3,4,6,7": 0.630557119846344,
    "2,3,5,6,7": 0.6263841390609741,
    "2,4,5,6,7": 0.6428917646408081,
    "3,4,5,6,7": 0.4797150492668152,
    "0,1,2,3,4,5": 0.6342536807060242,