{
  "object_name": "Game",
  "data_type": "game",
  "version": "1.4.2.dev29+g3d3c3a7e6.d20260421",
  "created_from": null,
  "description": null,
  "parameters": {},
  "timestamp": "2026-04-21T12:25:56.629128+00:00Z",
  "metadata": {
    "n_players": 8,
    "game_name": "Game_object",
    "normalization_value": 0.24609795212745667,
    "precompute_flag": false,
    "precomputed": true,
    "player_names": null
  },
  "data": {
    "Empty": 0.43594783544540405,
    "0": 0.4702202379703522,
    "1": 0.3496633470058441,
    "2": 0.3634580969810486,
    "3": 0.34705299139022827,
    "4": 0.3992109000682831,
    "5": 0.36180269718170166,
    "6": 0.3411191403865814,
    "7": 0.4352956712245941,
    "0,1": 0.4779939651489258,
    "0,2": 0.5163599848747253,
    "0,3": 0.4830416142940521,
    "0,4": 0.45330706238746643,
    "0,5": 0.47443294525146484,
    "0,6": 0.45353469252586365,
    "0,7": 0.5754530429840088,
    "1,2": 0.3862055838108063,
    "1,3": 0.38562458753585815,
    "1,4": 0.401336669921875,
    "1,5": 0.2822113633155823,
    "1,6": 0.3049435019493103,
    "1,7": 0.48315709829330444,
    "2,3": 0.456326961517334,
    "2,4": 0.3769669830799103,
    "2,5": 0.4167254567146301,
    "2,6": 0.3446965515613556,
    "2,7": 0.5011328458786011,
    "3,4": 0.4466070532798767,
    "3,5": 0.29954981803894043,
    "3,6": 0.398530513048172,
    "3,7": 0.5370457768440247,
    "4,5": 0.3927999436855316,
    "4,6": 0.28759491443634033,
    "4,7": 0.5015946626663208,
    "5,6": 0.32797738909721375,
    "5,7": 0.4395666718482971,
    "6,7": 0.3607400357723236,
    "0,1,2": 0.5144882202148438,
    "0,1,3": 0.4835541248321533,
    "0,1,4": 0.4166133999824524,
    "0,1,5": 0.49636363983154297,
    "0,1,6": 0.48534947633743286,
    "0,1,7": 0.5799712538719177,
    "0,2,3": 0.49065977334976196,
    "0,2,4": 0.5064618587493896,
    "0,2,5": 0.47786134481430054,
    "0,2,6": 0.5258253812789917,
    "0,2,7": 0.6213546395301819,
    "0,3,4": 0.5202895998954773,
    "0,3,5": 0.4195560812950134,
    "0,3,6": 0.43428176641464233,
    "0,3,7": 0.5850909948348999,
    "0,4,5": 0.49748626351356506,
    "0,4,6": 0.49425989389419556,
    "0,4,7": 0.5881645083427429,
    "0,5,6": 0.4902852177619934,
    "0,5,7": 0.5656587481498718,
    "0,6,7": 0.5385599732398987,
    "1,2,3": 0.41607666015625,
    "1,2,4": 0.38847294449806213,
    "1,2,5": 0.33430227637290955,
    "1,2,6": 0.30689769983291626,
    "1,2,7": 0.46839484572410583,
    "1,3,4": 0.38226059079170227,
    "1,3,5": 0.3729901611804962,
    "1,3,6": 0.3450889587402344,
    "1,3,7": 0.5099368691444397,
    "1,4,5": 0.3024635910987854,
    "1,4,6": 0.3298538327217102,
    "1,4,7": 0.3750442862510681,
    "1,5,6": 0.37726449966430664,
    "1,5,7": 0.4490334987640381,
    "1,6,7": 0.4207165837287903,
    "2,3,4": 0.3844754099845886,
    "2,3,5": 0.389437735080719,
    "2,3,6": 0.37143534421920776,
    "2,3,7": 0.5222212076187134,
    "2,4,5": 0.3913068473339081,
    "2,4,6": 0.3449470102787018,
    "2,4,7": 0.4770655035972595,
    "2,5,6": 0.37197303771972656,
    "2,5,7": 0.44819432497024536,
    "2,6,7": 0.44815531373023987,
    "3,4,5": 0.3686201870441437,
    "3,4,6": 0.34815630316734314,
    "3,4,7": 0.4806862771511078,
    "3,5,6": 0.306965172290802,
    "3,5,7": 0.4186442792415619,
    "3,6,7": 0.3933261036872864,
    "4,5,6": 0.2779819667339325,
    "4,5,7": 0.3735346794128418,
    "4,6,7": 0.4358721673488617,
    "5,6,7": 0.39759570360183716,
    "0,1,2,3": 0.5391287803649902,
    "0,1,2,4": 0.4514841139316559,
    "0,1,2,5": 0.5306175351142883,
    "0,1,2,6": 0.4715331196784973,
    "0,1,2,7": 0.5449559092521667,
    "0,1,3,4": 0.4792841076850891,
    "0,1,3,5": 0.4506283402442932,
    "0,1,3,6": 0.4751693308353424,
    "0,1,3,7": 0.5999559760093689,
    "0,1,4,5": 0.44862356781959534,
    "0,1,4,6": 0.41488808393478394,
    "0,1,4,7": 0.49668020009994507,
    "0,1,5,6": 0.411327064037323,
    "0,1,5,7": 0.5838378071784973,
    "0,1,6,7": 0.5266402959823608,
    "0,2,3,4": 0.5275556445121765,
    "0,2,3,5": 0.5103310346603394,
    "0,2,3,6": 0.46874672174453735,
    "0,2,3,7": 0.5651644468307495,
    "0,2,4,5": 0.462629497051239,
    "0,2,4,6": 0.4317561089992523,
    "0,2,4,7": 0.6004685759544373,
    "0,2,5,6": 0.4234936833381653,
    "0,2,5,7": 0.570012629032135,
    "0,2,6,7": 0.5657053589820862,
    "0,3,4,5": 0.4385340213775635,
    "0,3,4,6": 0.45753616094589233,
    "0,3,4,7": 0.615918755531311,
    "0,3,5,6": 0.5010579228401184,
    "0,3,5,7": 0.5632880330085754,
    "0,3,6,7": 0.5214496850967407,
    "0,4,5,6": 0.4034976065158844,
    "0,4,5,7": 0.5529924631118774,
    "0,4,6,7": 0.541202187538147,
    "0,5,6,7": 0.5457126498222351,
    "1,2,3,4": 0.3638249933719635,
    "1,2,3,5": 0.32344692945480347,
    "1,2,3,6": 0.31109490990638733,
    "1,2,3,7": 0.3989434838294983,
    "1,2,4,5": 0.3735901117324829,
    "1,2,4,6": 0.32805460691452026,
    "1,2,4,7": 0.4806517958641052,
    "1,2,5,6": 0.29521429538726807,
    "1,2,5,7": 0.40005946159362793,
    "1,2,6,7": 0.41413745284080505,
    "1,3,4,5": 0.32607465982437134,
    "1,3,4,6": 0.3230056166648865,
    "1,3,4,7": 0.473789781332016,
    "1,3,5,6": 0.3030581474304199,
    "1,3,5,7": 0.4505974352359772,
    "1,3,6,7": 0.4673237204551697,
    "1,4,5,6": 0.27322378754615784,
    "1,4,5,7": 0.3562625050544739,
    "1,4,6,7": 0.39499157667160034,
    "1,5,6,7": 0.4055594801902771,
    "2,3,4,5": 0.355355441570282,
    "2,3,4,6": 0.41895681619644165,
    "2,3,4,7": 0.5498572587966919,
    "2,3,5,6": 0.2621954083442688,
    "2,3,5,7": 0.5183793902397156,
    "2,3,6,7": 0.43727126717567444,
    "2,4,5,6": 0.2942245602607727,
    "2,4,5,7": 0.4861166477203369,
    "2,4,6,7": 0.4386785626411438,
    "2,5,6,7": 0.42786264419555664,
    "3,4,5,6": 0.3530896306037903,
    "3,4,5,7": 0.4482734799385071,
    "3,4,6,7": 0.36485499143600464,
    "3,5,6,7": 0.3681391179561615,
    "4,5,6,7": 0.4248937964439392,
    "0,1,2,3,4": 0.470263808965683,
    "0,1,2,3,5": 0.49012771248817444,
    "0,1,2,3,6": 0.512822687625885,
    "0,1,2,3,7": 0.571520209312439,
    "0,1,2,4,5": 0.4589250087738037,
    "0,1,2,4,6": 0.4033353924751282,
    "0,1,2,4,7": 0.5254133939743042,
    "0,1,2,5,6": 0.4639415740966797,
    "0,1,2,5,7": 0.5489404797554016,
    "0,1,2,6,7": 0.5449503660202026,
    "0,1,3,4,5": 0.435619056224823,
    "0,1,3,4,6": 0.4280276298522949,
    "0,1,3,4,7": 0.5208276510238647,
    "0,1,3,5,6": 0.4479902386665344,
    "0,1,3,5,7": 0.6053177714347839,
    "0,1,3,6,7": 0.5562008619308472,
    "0,1,4,5,6": 0.3848174810409546,
    "0,1,4,5,7": 0.5411939024925232,
    "0,1,4,6,7": 0.495053768157959,
    "0,1,5,6,7": 0.49948811531066895,
    "0,2,3,4,5": 0.47136297821998596,
    "0,2,3,4,6": 0.4672064185142517,
    "0,2,3,4,7": 0.5984476208686829,
    "0,2,3,5,6": 0.4386301040649414,
    "0,2,3,5,7": 0.5991605520248413,
    "0,2,3,6,7": 0.5647281408309937,
    "0,2,4,5,6": 0.4724351465702057,
    "0,2,4,5,7": 0.5900475382804871,
    "0,2,4,6,7": 0.5318487882614136,
    "0,2,5,6,7": 0.5441581010818481,
    "0,3,4,5,6": 0.37074798345565796,
    "0,3,4,5,7": 0.5198315382003784,
    "0,3,4,6,7": 0.519924521446228,
    "0,3,5,6,7": 0.54710853099823,
    "0,4,5,6,7": 0.5173968076705933,
    "1,2,3,4,5": 0.2713295519351959,
    "1,2,3,4,6": 0.39972758293151855,
    "1,2,3,4,7": 0.43143945932388306,
    "1,2,3,5,6": 0.3742911219596863,
    "1,2,3,5,7": 0.40652546286582947,
    "1,2,3,6,7": 0.3693924844264984,
    "1,2,4,5,6": 0.3105480670928955,
    "1,2,4,5,7": 0.46320924162864685,
    "1,2,4,6,7": 0.40823307633399963,
    "1,2,5,6,7": 0.42238563299179077,
    "1,3,4,5,6": 0.275585800409317,
    "1,3,4,5,7": 0.365674763917923,
    "1,3,4,6,7": 0.3926076292991638,
    "1,3,5,6,7": 0.37511664628982544,
    "1,4,5,6,7": 0.33904892206192017,
    "2,3,4,5,6": 0.32591602206230164,
    "2,3,4,5,7": 0.45814982056617737,
    "2,3,4,6,7": 0.5233036875724792,
    "2,3,5,6,7": 0.45070570707321167,
    "2,4,5,6,7": 0.4106511175632477,
    "3,4,5,6,7": 0.44302526116371155,