{
  "object_name": "Game",
  "data_type": "game",
  "version": "1.4.2.dev29+g3d3c3a7e6.d20260421",
  "created_from": null,
  "description": null,
  "parameters": {},
  "timestamp": "2026-04-21T12:25:56.522978+00:00Z",
  "metadata": {
    "n_players": 8,
    "game_name": "Game_object",
    "normalization_value": 2.0434510707855225,
    "precompute_flag": false,
    "precomputed": true,
    "player_names": null
  },
  "data": {
    "Empty": 2.7744297981262207,
    "0": 2.670853853225708,
    "1": 2.4037792682647705,
    "2": 2.058462619781494,
    "3": 2.648699998855591,
    "4": 2.1824162006378174,
    "5": 2.300990104675293,
    "6": 2.293365001678467,
    "7": 2.9196510314941406,
    "0,1": 2.5137686729431152,
    "0,2": 2.618162155151367,
    "0,3": 2.764543056488037,
    "0,4": 1.8650823831558228,
    "0,5": 2.3558287620544434,
    "0,6": 2.418731689453125,
    "0,7": 2.3867976665496826,
    "1,2": 2.0049712657928467,
    "1,3": 2.443758487701416,
    "1,4": 2.9909024238586426,
    "1,5": 2.8201966285705566,
    "1,6": 2.5858542919158936,
    "1,7": 2.3617594242095947,
    "2,3": 3.033006191253662,
    "2,4": 2.117258071899414,
    "2,5": 2.027815103530884,
    "2,6": 2.241908073425293,
    "2,7": 2.2740392684936523,
    "3,4": 2.018810510635376,
    "3,5": 2.167407512664795,
    "3,6": 2.771878480911255,
    "3,7": 2.164954900741577,
    "4,5": 2.388596773147583,
    "4,6": 2.2614147663116455,
    "4,7": 3.1362693309783936,
    "5,6": 2.3774302005767822,
    "5,7": 2.414618968963623,
    "6,7": 2.476781129837036,
    "0,1,2": 2.5840578079223633,
    "0,1,3": 2.326242446899414,
    "0,1,4": 2.843782901763916,
    "0,1,5": 2.5996007919311523,
    "0,1,6": 2.4117064476013184,
    "0,1,7": 2.892005681991577,
    "0,2,3": 2.406531810760498,
    "0,2,4": 2.5105228424072266,
    "0,2,5": 2.3190181255340576,
    "0,2,6": 2.4713220596313477,
    "0,2,7": 2.566312789916992,
    "0,3,4": 2.1321442127227783,
    "0,3,5": 1.9435739517211914,
    "0,3,6": 2.341764211654663,
    "0,3,7": 2.1963984966278076,
    "0,4,5": 2.198042631149292,
    "0,4,6": 2.636460065841675,
    "0,4,7": 2.717909574508667,
    "0,5,6": 2.230681896209717,
    "0,5,7": 2.544142007827759,
    "0,6,7": 2.5908684730529785,
    "1,2,3": 2.2626357078552246,
    "1,2,4": 2.50927472114563,
    "1,2,5": 2.00697922706604,
    "1,2,6": 2.5813825130462646,
    "1,2,7": 2.6204895973205566,
    "1,3,4": 2.3598859310150146,
    "1,3,5": 2.5008797645568848,
    "1,3,6": 2.263744592666626,
    "1,3,7": 2.5360422134399414,
    "1,4,5": 2.535040855407715,
    "1,4,6": 2.479205846786499,
    "1,4,7": 2.753096580505371,
    "1,5,6": 2.719229221343994,
    "1,5,7": 2.3635730743408203,
    "1,6,7": 2.6201024055480957,
    "2,3,4": 2.270028591156006,
    "2,3,5": 2.294995069503784,
    "2,3,6": 2.3362762928009033,
    "2,3,7": 2.9276528358459473,
    "2,4,5": 2.276137590408325,
    "2,4,6": 2.4200074672698975,
    "2,4,7": 2.6872901916503906,
    "2,5,6": 2.3217549324035645,
    "2,5,7": 2.0618083477020264,
    "2,6,7": 2.506418466567993,
    "3,4,5": 2.4263949394226074,
    "3,4,6": 2.2525293827056885,
    "3,4,7": 2.153832197189331,
    "3,5,6": 2.196255922317505,
    "3,5,7": 2.760810136795044,
    "3,6,7": 2.4669647216796875,
    "4,5,6": 1.9976434707641602,
    "4,5,7": 2.0597681999206543,
    "4,6,7": 2.7899911403656006,
    "5,6,7": 2.634718656539917,
    "0,1,2,3": 2.6649703979492188,
    "0,1,2,4": 2.3419418334960938,
    "0,1,2,5": 2.4196083545684814,
    "0,1,2,6": 2.9941422939300537,
    "0,1,2,7": 2.6183135509490967,
    "0,1,3,4": 2.63019061088562,
    "0,1,3,5": 2.2258236408233643,
    "0,1,3,6": 2.2790167331695557,
    "0,1,3,7": 2.6425492763519287,
    "0,1,4,5": 2.602267026901245,
    "0,1,4,6": 2.5789318084716797,
    "0,1,4,7": 2.699800968170166,
    "0,1,5,6": 2.9614508152008057,
    "0,1,5,7": 2.472698450088501,
    "0,1,6,7": 2.652815580368042,
    "0,2,3,4": 2.692899227142334,
    "0,2,3,5": 2.2984530925750732,
    "0,2,3,6": 2.2285146713256836,
    "0,2,3,7": 2.4321341514587402,
    "0,2,4,5": 2.3862462043762207,
    "0,2,4,6": 2.7840590476989746,
    "0,2,4,7": 2.3800628185272217,
    "0,2,5,6": 2.2481112480163574,
    "0,2,5,7": 2.563239812850952,
    "0,2,6,7": 2.6956143379211426,
    "0,3,4,5": 1.9598309993743896,
    "0,3,4,6": 2.119124412536621,
    "0,3,4,7": 2.541161060333252,
    "0,3,5,6": 2.3371901512145996,
    "0,3,5,7": 2.17883038520813,
    "0,3,6,7": 2.631866455078125,
    "0,4,5,6": 2.44752836227417,
    "0,4,5,7": 2.3361446857452393,
    "0,4,6,7": 2.710817575454712,
    "0,5,6,7": 2.612427234649658,
    "1,2,3,4": 1.9981597661972046,
    "1,2,3,5": 2.5230164527893066,
    "1,2,3,6": 2.4918789863586426,
    "1,2,3,7": 2.563854217529297,
    "1,2,4,5": 2.4518349170684814,
    "1,2,4,6": 2.406759738922119,
    "1,2,4,7": 2.8889689445495605,
    "1,2,5,6": 2.3973476886749268,
    "1,2,5,7": 2.8516809940338135,
    "1,2,6,7": 2.8247437477111816,
    "1,3,4,5": 2.8367435932159424,
    "1,3,4,6": 2.398009777069092,
    "1,3,4,7": 3.0340678691864014,
    "1,3,5,6": 2.3100972175598145,
    "1,3,5,7": 2.7028090953826904,
    "1,3,6,7": 2.453906536102295,
    "1,4,5,6": 2.6571946144104004,
    "1,4,5,7": 2.43389892578125,
    "1,4,6,7": 2.868913412094116,
    "1,5,6,7": 2.8698153495788574,
    "2,3,4,5": 2.278815746307373,
    "2,3,4,6": 2.594064950942993,
    "2,3,4,7": 2.8699543476104736,
    "2,3,5,6": 2.1724865436553955,
    "2,3,5,7": 2.295172929763794,
    "2,3,6,7": 2.320798397064209,
    "2,4,5,6": 2.550823926925659,
    "2,4,5,7": 2.7315945625305176,
    "2,4,6,7": 2.2604594230651855,
    "2,5,6,7": 2.621262311935425,
    "3,4,5,6": 2.722092390060425,
    "3,4,5,7": 2.5731863975524902,
    "3,4,6,7": 2.555148124694824,
    "3,5,6,7": 2.4852116107940674,
    "4,5,6,7": 2.59065580368042,
    "0,1,2,3,4": 2.67094087600708,
    "0,1,2,3,5": 2.55938720703125,
    "0,1,2,3,6": 2.803520679473877,
    "0,1,2,3,7": 1.783172845840454,
    "0,1,2,4,5": 2.507298231124878,
    "0,1,2,4,6": 2.4640722274780273,
    "0,1,2,4,7": 2.445221185684204,
    "0,1,2,5,6": 2.501072883605957,
    "0,1,2,5,7": 2.609722375869751,
    "0,1,2,6,7": 2.6213796138763428,
    "0,1,3,4,5": 2.1886749267578125,
    "0,1,3,4,6": 2.432685375213623,
    "0,1,3,4,7": 2.516274929046631,
    "0,1,3,5,6": 2.741257667541504,
    "0,1,3,5,7": 2.3085336685180664,
    "0,1,3,6,7": 2.8462581634521484,
    "0,1,4,5,6": 2.7546534538269043,
    "0,1,4,5,7": 2.8215463161468506,
    "0,1,4,6,7": 2.720651149749756,
    "0,1,5,6,7": 2.673642635345459,
    "0,2,3,4,5": 2.231351375579834,
    "0,2,3,4,6": 2.644104480743408,
    "0,2,3,4,7": 2.7530298233032227,
    "0,2,3,5,6": 2.2022852897644043,
    "0,2,3,5,7": 2.399582624435425,
    "0,2,3,6,7": 2.5013489723205566,
    "0,2,4,5,6": 2.1551363468170166,
    "0,2,4,5,7": 2.2901387214660645,
    "0,2,4,6,7": 2.7843570709228516,
    "0,2,5,6,7": 2.5725793838500977,
    "0,3,4,5,6": 2.234957218170166,
    "0,3,4,5,7": 2.485905170440674,
    "0,3,4,6,7": 2.7964484691619873,
    "0,3,5,6,7": 2.532543420791626,
    "0,4,5,6,7": 2.5810065269470215,
    "1,2,3,4,5": 2.9223923683166504,
    "1,2,3,4,6": 3.2769103050231934,
    "1,2,3,4,7": 2.426082134246826,
    "1,2,3,5,6": 2.610893726348877,
    "1,2,3,5,7": 2.3180549144744873,
    "1,2,3,6,7": 2.9108810424804688,
    "1,2,4,5,6": 2.363349437713623,
    "1,2,4,5,7": 2.3954153060913086,
    "1,2,4,6,7": 2.6583781242370605,
    "1,2,5,6,7": 2.667567729949951,
    "1,3,4,5,6": 2.795186758041382,
    "1,3,4,5,7": 2.7256646156311035,
    "1,3,4,6,7": 2.6598191261291504,
    "1,3,5,6,7": 2.619229793548584,
    "1,4,5,6,7": 2.593818187713623,
    "2,3,4,5,6": 2.1745879650115967,
    "2,3,4,5,7": 2.467423677444458,
    "2,3,4,6,7": 2.531217098236084,
    "2,3,5,6,7": 2.5938117504119873,
    "2,4,5,6,7": 2.332756996154785,
    "3,4,5,6,7": 2.698458194732666,
    "0,1,2,3,4,5": 2.6611039638519287,
    "0,1,2,3,4,6": 2.975364923477173,
    "0,1,2,3,4,7": 2.446599006652832,
    "0,1,2,3,5,6": 2.667905807495117,