{
  "object_name": "Game",
  "data_type": "game",
  "version": "1.4.2.dev29+g3d3c3a7e6.d20260421",
  "created_from": null,
  "description": null,
  "parameters": {},
  "timestamp": "2026-04-21T12:25:56.718264+00:00Z",
  "metadata": {
    "n_players": 8,
    "game_name": "Game_object",
    "normalization_value": 2.0525677175,
    "precompute_flag": false,
    "precomputed": true,
    "player_names": null
  },
  "data": {
    "Empty": 2.5781202,
    "0": 2.2596401999999998,
    "1": 2.6723301999999998,
    "2": 2.4347102000000005,
    "3": 2.1142303,
    "4": 2.6106203,
    "5": 2.4315802,
    "6": 2.5439701999999995,
    "7": 2.4313402,
    "0,1": 2.5382401999999997,
    "0,2": 2.3995005000000003,
    "0,3": 2.4974702000000004,
    "0,4": 2.38194,
    "0,5": 2.5468900000000003,
    "0,6": 2.6171404999999996,
    "0,7": 2.5435205,
    "1,2": 2.4810402,
    "1,3": 2.7823607999999997,
    "1,4": 2.5395504,
    "1,5": 2.38824,
    "1,6": 2.6118101,
    "1,7": 2.2227301,
    "2,3": 2.4890801,
    "2,4": 2.36574,
    "2,5": 2.7034902,
    "2,6": 2.6863801999999994,
    "2,7": 2.5218305,
    "3,4": 2.0967303,
    "3,5": 2.0818001,
    "3,6": 2.5170201,
    "3,7": 2.2096504,
    "4,5": 2.5260902,
    "4,6": 2.5464301999999996,
    "4,7": 2.3083301,
    "5,6": 2.8264601000000003,
    "5,7": 2.22617,
    "6,7": 2.7888003000000006,
    "0,1,2": 2.6496806000000004,
    "0,1,3": 2.4413103000000005,
    "0,1,4": 2.8944404,
    "0,1,5": 2.7494802,
    "0,1,6": 2.8605206,
    "0,1,7": 2.7271401000000006,
    "0,2,3": 3.1181602,
    "0,2,4": 2.5903601000000003,
    "0,2,5": 2.5984303000000004,
    "0,2,6": 2.4589904000000002,
    "0,2,7": 2.7666808,
    "0,3,4": 2.4188701999999997,
    "0,3,5": 2.3622099999999997,
    "0,3,6": 2.9548604000000003,
    "0,3,7": 2.5563405,
    "0,4,5": 2.7735803,
    "0,4,6": 2.4946101,
    "0,4,7": 2.47727,
    "0,5,6": 2.53005,
    "0,5,7": 2.13919,
    "0,6,7": 2.5491301,
    "1,2,3": 2.1011300000000004,
    "1,2,4": 2.6308103999999997,
    "1,2,5": 2.46233,
    "1,2,6": 2.5424803,
    "1,2,7": 2.4754702,
    "1,3,4": 2.6686403000000003,
    "1,3,5": 2.5693001,
    "1,3,6": 2.5093003,
    "1,3,7": 2.4335505,
    "1,4,5": 3.0174208,
    "1,4,6": 2.6815202,
    "1,4,7": 2.5641507,
    "1,5,6": 2.67502,
    "1,5,7": 2.43668,
    "1,6,7": 2.8444905000000005,
    "2,3,4": 2.7116307,
    "2,3,5": 2.42601,
    "2,3,6": 2.5346702,
    "2,3,7": 2.7675802000000003,
    "2,4,5": 2.5484903,
    "2,4,6": 2.4980402,
    "2,4,7": 1.9289801,
    "2,5,6": 2.46988,
    "2,5,7": 2.39701,
    "2,6,7": 2.4640302999999997,
    "3,4,5": 2.48911,
    "3,4,6": 2.6094905,
    "3,4,7": 2.3542401,
    "3,5,6": 2.2284100000000002,
    "3,5,7": 2.45357,
    "3,6,7": 2.5588301,
    "4,5,6": 2.3594,
    "4,5,7": 2.5164602,
    "4,6,7": 2.5126,
    "5,6,7": 2.53835,
    "0,1,2,3": 2.8118505,
    "0,1,2,4": 2.6863004,
    "0,1,2,5": 2.7646501,
    "0,1,2,6": 2.7780002,
    "0,1,2,7": 2.51757,
    "0,1,3,4": 2.5397100000000004,
    "0,1,3,5": 2.8546001,
    "0,1,3,6": 2.6963101000000007,
    "0,1,3,7": 2.7835001000000004,
    "0,1,4,5": 2.67729,
    "0,1,4,6": 3.0358601,
    "0,1,4,7": 2.52172,
    "0,1,5,6": 2.7338,
    "0,1,5,7": 2.63411,
    "0,1,6,7": 2.7694602,
    "0,2,3,4": 2.5205699999999998,
    "0,2,3,5": 2.5390900000000003,
    "0,2,3,6": 2.5406601999999996,
    "0,2,3,7": 2.6759404,
    "0,2,4,5": 2.51429,
    "0,2,4,6": 2.5175301,
    "0,2,4,7": 2.0573799999999998,
    "0,2,5,6": 2.5887400000000005,
    "0,2,5,7": 2.6118,
    "0,2,6,7": 2.5525503,
    "0,3,4,5": 2.5494101,
    "0,3,4,6": 2.52636,
    "0,3,4,7": 2.6693702000000004,
    "0,3,5,6": 2.54101,
    "0,3,5,7": 2.3628101,
    "0,3,6,7": 2.8199203,
    "0,4,5,6": 2.58744,
    "0,4,5,7": 2.1919901,
    "0,4,6,7": 2.8198204999999996,
    "0,5,6,7": 2.7061800000000003,
    "1,2,3,4": 2.7522705999999997,
    "1,2,3,5": 2.8323099999999997,
    "1,2,3,6": 2.8776805999999997,
    "1,2,3,7": 2.4377905,
    "1,2,4,5": 2.4859701000000003,
    "1,2,4,6": 2.6475602,
    "1,2,4,7": 2.3763904,
    "1,2,5,6": 2.49904,
    "1,2,5,7": 2.68075,
    "1,2,6,7": 2.8296903,
    "1,3,4,5": 2.7410503,
    "1,3,4,6": 2.6863504,
    "1,3,4,7": 2.9047508,
    "1,3,5,6": 2.5749502,
    "1,3,5,7": 2.7765505999999998,
    "1,3,6,7": 2.7764507,
    "1,4,5,6": 2.4355599999999997,
    "1,4,5,7": 1.9990201000000003,
    "1,4,6,7": 2.5288701999999996,
    "1,5,6,7": 2.6294302,
    "2,3,4,5": 2.03188,
    "2,3,4,6": 2.44123,
    "2,3,4,7": 2.2594702,
    "2,3,5,6": 2.53251,
    "2,3,5,7": 2.1152501,
    "2,3,6,7": 2.9283608,
    "2,4,5,6": 2.2609600999999997,
    "2,4,5,7": 2.1743001000000004,
    "2,4,6,7": 2.7001402000000003,
    "2,5,6,7": 2.5937200000000002,
    "3,4,5,6": 2.56313,
    "3,4,5,7": 2.5930203999999994,
    "3,4,6,7": 2.8538405,
    "3,5,6,7": 2.0614,
    "4,5,6,7": 2.3421500000000006,
    "0,1,2,3,4": 2.7780902,
    "0,1,2,3,5": 2.9564399999999997,
    "0,1,2,3,6": 2.8622703999999994,
    "0,1,2,3,7": 2.6459004999999998,
    "0,1,2,4,5": 2.4244600000000003,
    "0,1,2,4,6": 2.7736400999999997,
    "0,1,2,4,7": 2.5960699999999997,
    "0,1,2,5,6": 2.6550800000000003,
    "0,1,2,5,7": 2.47268,
    "0,1,2,6,7": 2.9426501000000003,
    "0,1,3,4,5": 2.34025,
    "0,1,3,4,6": 2.5184302,
    "0,1,3,4,7": 2.6584301,
    "0,1,3,5,6": 2.56364,
    "0,1,3,5,7": 2.35651,
    "0,1,3,6,7": 2.9105801,
    "0,1,4,5,6": 2.57977,
    "0,1,4,5,7": 2.73804,
    "0,1,4,6,7": 2.69919,
    "0,1,5,6,7": 2.8341800000000004,
    "0,2,3,4,5": 2.5890099999999996,
    "0,2,3,4,6": 2.85212,
    "0,2,3,4,7": 2.4792702,
    "0,2,3,5,6": 2.75763,
    "0,2,3,5,7": 2.5003500000000005,
    "0,2,3,6,7": 2.9068804999999998,
    "0,2,4,5,6": 2.85,
    "0,2,4,5,7": 2.4398500000000003,
    "0,2,4,6,7": 2.8514103,
    "0,2,5,6,7": 2.6569499999999997,
    "0,3,4,5,6": 2.59284,
    "0,3,4,5,7": 2.3374,
    "0,3,4,6,7": 2.6537900999999997,
    "0,3,5,6,7": 2.81787,
    "0,4,5,6,7": 2.70211,
    "1,2,3,4,5": 2.8367101999999997,
    "1,2,3,4,6": 2.41416,
    "1,2,3,4,7": 2.27474,
    "1,2,3,5,6": 2.3575,
    "1,2,3,5,7": 2.2051201,
    "1,2,3,6,7": 2.9044105,
    "1,2,4,5,6": 2.10629,
    "1,2,4,5,7": 2.39063,
    "1,2,4,6,7": 2.8349804,
    "1,2,5,6,7": 2.5690599999999995,
    "1,3,4,5,6": 2.5970402,
    "1,3,4,5,7": 2.1281600999999997,
    "1,3,4,6,7": 2.7193603,
    "1,3,5,6,7": 2.6669400000000003,
    "1,4,5,6,7": 2.6494400000000002,
    "2,3,4,5,6": 2.7396401,
    "2,3,4,5,7": 2.6098500000000002,
    "2,3,4,6,7": 2.3827602000000003,
    "2,3,5,6,7": 2.44765,
    "2,4,5,6,7": 2.42639,
    "3,4,5,6,7": 2.5403301999999996,
    "0,1,2,3,4,5": 2.8173401,
    "0,1,2,3,4,6": 2.6886401,
    "0,1,2,3,4,7": 2.47028,
    "0,1,2,3,5,6": 2.6617,
    "0,1,2,3,5,7": 2.44799,
    "0,1,2,3,6,7": 2.8436301999999998,
    "0,1,2,4,5,6": 2.8294299999999994,
    "0,1,2,4,5,7": 2.4194400000000003,
    "0,1,2,4,6,7": 2.8271200999999992,
    "0,1,2,5,6,7": 2.88004,
    "0,1,3,4,5,6": 2.6116699999999997,
    "0,1,3,4,5,7": 2.73024,
    "0,1,3,4,6,7": 2.9855305000000003,
    "0,1,3,5,6,7": 2.86864,
    "0,1,4,5,6,7": 2.8675100000000002,
    "0,2,3,4,5,6": 2.56811,
    "0,2,3,4,5,7": 2.5407800000000003,
    "0,2,3,4,6,7": 2.6563799999999995,
    "0,2,3,5,6,7": 2.7224100000000004,
    "0,2,4,5,6,7": 2.5989299999999997,
    "0,3,4,5,6,7": 2.75915,
    "1,2,3,4,5,6": 2.6216,
    "1,2,3,4,5,7": 2.3743901,
    "1,2,3,4,6,7": 2.5415903,
    "1,2,3,5,6,7": 2.71808,
    "1,2,4,5,6,7": 2.6225701999999997,
    "1,3,4,5,6,7": 2.5775302,
    "2,3,4,5,6,7": 2.5992500000000005,
    "0,1,2,3,4,5,6": 2.5873599999999994,
    "0,1,2,3,4,5,7": 2.41261,
    "0,1,2,3,4,6,7": 2.9673603,
    "0,1,2,3,5,6,7": 2.8546500000000004,
    "0,1,2,4,5,6,7": 2.8169,
    "0,1,3,4,5,6,7": 2.82576,
    "0,2,3,4,5,6,7": 2.68108,
    "1,2,3,4,5,6,7": 2.5684299999999998,
    "0,1,2,3,4,5,6,7": 2.8169
  }
}
