{
  "object_name": "Game",
  "data_type": "game",
  "version": "1.4.2.dev29+g3d3c3a7e6.d20260421",
  "created_from": null,
  "description": null,
  "parameters": {},
  "timestamp": "2026-04-21T12:25:56.692689+00:00Z",
  "metadata": {
    "n_players": 8,
    "game_name": "Game_object",
    "normalization_value": -0.09941155463457108,
    "precompute_flag": false,
    "precomputed": true,
    "player_names": null
  },
  "data": {
    "Empty": -0.09941155463457108,
    "0": -0.23311994969844818,
    "1": -0.2015887349843979,
    "2": -0.1465165615081787,
    "3": -0.11666542291641235,
    "4": -0.1128518357872963,
    "5": -0.13495312631130219,
    "6": 0.5387547612190247,
    "7": -0.27350956201553345,
    "0,1": -0.29326000809669495,
    "0,2": -0.041142538189888,
    "0,3": -0.22617200016975403,
    "0,4": -0.20431700348854065,
    "0,5": -0.2663402557373047,
    "0,6": 0.38949453830718994,
    "0,7": -0.10514307767152786,
    "1,2": -0.09525426477193832,
    "1,3": -0.2011059820652008,
    "1,4": -0.2024572342634201,
    "1,5": -0.20066651701927185,
    "1,6": 0.537713348865509,
    "1,7": -0.22008763253688812,
    "2,3": -0.1771058291196823,
    "2,4": -0.1637425720691681,
    "2,5": -0.19466926157474518,
    "2,6": 0.5460885167121887,
    "2,7": -0.29175281524658203,
    "3,4": -0.1260787397623062,
    "3,5": -0.1383432298898697,
    "3,6": 0.5422208905220032,
    "3,7": -0.2541589140892029,
    "4,5": -0.1662934422492981,
    "4,6": 0.5811980962753296,
    "4,7": -0.262192040681839,
    "5,6": 0.42949235439300537,
    "5,7": -0.3013569712638855,
    "6,7": 0.41391611099243164,
    "0,1,2": -0.18865366280078888,
    "0,1,3": -0.29421553015708923,
    "0,1,4": -0.2639656066894531,
    "0,1,5": -0.287198007106781,
    "0,1,6": 0.12911714613437653,
    "0,1,7": -0.24179361760616302,
    "0,2,3": -0.07779385149478912,
    "0,2,4": -0.046663910150527954,
    "0,2,5": -0.09676048159599304,
    "0,2,6": 0.5441058874130249,
    "0,2,7": -0.2605621814727783,
    "0,3,4": -0.1932891458272934,
    "0,3,5": -0.2509191632270813,
    "0,3,6": 0.3670615553855896,
    "0,3,7": -0.10518215596675873,
    "0,4,5": -0.25079017877578735,
    "0,4,6": 0.42878633737564087,
    "0,4,7": -0.1398717761039734,
    "0,5,6": 0.30519533157348633,
    "0,5,7": -0.1958097517490387,
    "0,6,7": 0.11166466772556305,
    "1,2,3": -0.11636728793382645,
    "1,2,4": -0.10753774642944336,
    "1,2,5": -0.12167321145534515,
    "1,2,6": 0.5922325253486633,
    "1,2,7": -0.22515296936035156,
    "1,3,4": -0.19878116250038147,
    "1,3,5": -0.19565802812576294,
    "1,3,6": 0.5033544301986694,
    "1,3,7": -0.19098173081874847,
    "1,4,5": -0.21228362619876862,
    "1,4,6": 0.5044341087341309,
    "1,4,7": -0.20384541153907776,
    "1,5,6": 0.38969820737838745,
    "1,5,7": -0.2263282835483551,
    "1,6,7": 0.3684789538383484,
    "2,3,4": -0.2101026177406311,
    "2,3,5": -0.22561341524124146,
    "2,3,6": 0.5630456805229187,
    "2,3,7": -0.2864241898059845,
    "2,4,5": -0.22054457664489746,
    "2,4,6": 0.5975962281227112,
    "2,4,7": -0.2742164731025696,
    "2,5,6": 0.48237013816833496,
    "2,5,7": -0.29700303077697754,
    "2,6,7": 0.236466184258461,
    "3,4,5": -0.17625796794891357,
    "3,4,6": 0.5697841644287109,
    "3,4,7": -0.2532656192779541,
    "3,5,6": 0.43144887685775757,
    "3,5,7": -0.288211852312088,
    "3,6,7": 0.39823615550994873,
    "4,5,6": 0.4409008026123047,
    "4,5,7": -0.307913213968277,
    "4,6,7": 0.41339755058288574,
    "5,6,7": 0.29380202293395996,
    "0,1,2,3": -0.20634211599826813,
    "0,1,2,4": -0.18202629685401917,
    "0,1,2,5": -0.20656991004943848,
    "0,1,2,6": 0.43087834119796753,
    "0,1,2,7": -0.2136492282152176,
    "0,1,3,4": -0.2765046954154968,
    "0,1,3,5": -0.27222779393196106,
    "0,1,3,6": 0.09555448591709137,
    "0,1,3,7": -0.23391437530517578,
    "0,1,4,5": -0.2559066712856293,
    "0,1,4,6": 0.09455166757106781,
    "0,1,4,7": -0.2519524097442627,
    "0,1,5,6": 0.06695769727230072,
    "0,1,5,7": -0.2392897605895996,
    "0,1,6,7": 0.0755554586648941,
    "0,2,3,4": -0.0596475750207901,
    "0,2,3,5": -0.10629449784755707,
    "0,2,3,6": 0.5050352811813354,
    "0,2,3,7": -0.25404155254364014,
    "0,2,4,5": -0.0823666900396347,
    "0,2,4,6": 0.5129603147506714,
    "0,2,4,7": -0.24044416844844818,
    "0,2,5,6": 0.4494427442550659,
    "0,2,5,7": -0.2896460294723511,
    "0,2,6,7": 0.37106865644454956,
    "0,3,4,5": -0.23194974660873413,
    "0,3,4,6": 0.4114891290664673,
    "0,3,4,7": -0.13937342166900635,
    "0,3,5,6": 0.2872268557548523,
    "0,3,5,7": -0.19806218147277832,
    "0,3,6,7": 0.0971287339925766,
    "0,4,5,6": 0.35959935188293457,
    "0,4,5,7": -0.21693414449691772,
    "0,4,6,7": 0.11783607304096222,
    "0,5,6,7": 0.02553550899028778,
    "1,2,3,4": -0.13123828172683716,
    "1,2,3,5": -0.14272165298461914,
    "1,2,3,6": 0.5940227508544922,
    "1,2,3,7": -0.2441633939743042,
    "1,2,4,5": -0.15251095592975616,
    "1,2,4,6": 0.5797922015190125,
    "1,2,4,7": -0.2114516943693161,
    "1,2,5,6": 0.47124016284942627,
    "1,2,5,7": -0.24289576709270477,
    "1,2,6,7": 0.24747692048549652,
    "1,3,4,5": -0.19662654399871826,
    "1,3,4,6": 0.46166229248046875,
    "1,3,4,7": -0.18115265667438507,
    "1,3,5,6": 0.36582857370376587,
    "1,3,5,7": -0.1951591670513153,
    "1,3,6,7": 0.34274351596832275,
    "1,4,5,6": 0.35347509384155273,
    "1,4,5,7": -0.22658035159111023,
    "1,4,6,7": 0.3666837811470032,
    "1,5,6,7": 0.24520666897296906,
    "2,3,4,5": -0.2362952083349228,
    "2,3,4,6": 0.6114132404327393,
    "2,3,4,7": -0.28178489208221436,
    "2,3,5,6": 0.48831331729888916,
    "2,3,5,7": -0.29691821336746216,
    "2,3,6,7": 0.26035064458847046,
    "2,4,5,6": 0.5057177543640137,
    "2,4,5,7": -0.2908310890197754,
    "2,4,6,7": 0.254666805267334,
    "2,5,6,7": 0.17775164544582367,
    "3,4,5,6": 0.4230545163154602,
    "3,4,5,7": -0.2976897954940796,
    "3,4,6,7": 0.40171605348587036,
    "3,5,6,7": 0.29063522815704346,
    "4,5,6,7": 0.2911190390586853,
    "0,1,2,3,4": -0.19596384465694427,
    "0,1,2,3,5": -0.21805024147033691,
    "0,1,2,3,6": 0.4015423059463501,
    "0,1,2,3,7": -0.20099356770515442,
    "0,1,2,4,5": -0.19892887771129608,
    "0,1,2,4,6": 0.423015296459198,
    "0,1,2,4,7": -0.19205710291862488,
    "0,1,2,5,6": 0.3146131634712219,
    "0,1,2,5,7": -0.2501406669616699,
    "0,1,2,6,7": 0.26556718349456787,
    "0,1,3,4,5": -0.26482707262039185,
    "0,1,3,4,6": 0.07703222334384918,
    "0,1,3,4,7": -0.24762499332427979,
    "0,1,3,5,6": 0.036567673087120056,
    "0,1,3,5,7": -0.2321639358997345,
    "0,1,3,6,7": 0.08168767392635345,
    "0,1,4,5,6": 0.04071234166622162,
    "0,1,4,5,7": -0.2569798231124878,
    "0,1,4,6,7": 0.08172424137592316,
    "0,1,5,6,7": 0.026745781302452087,
    "0,2,3,4,5": -0.09329570829868317,
    "0,2,3,4,6": 0.4876052737236023,
    "0,2,3,4,7": -0.22902452945709229,
    "0,2,3,5,6": 0.4083213806152344,
    "0,2,3,5,7": -0.281219482421875,
    "0,2,3,6,7": 0.3387240767478943,
    "0,2,4,5,6": 0.4210096001625061,
    "0,2,4,5,7": -0.26944699883461,
    "0,2,4,6,7": 0.3485853672027588,
    "0,2,5,6,7": 0.29404395818710327,
    "0,3,4,5,6": 0.3374083638191223,
    "0,3,4,5,7": -0.21283018589019775,
    "0,3,4,6,7": 0.10173149406909943,
    "0,3,5,6,7": 0.030027642846107483,
    "0,4,5,6,7": 0.048587366938591,
    "1,2,3,4,5": -0.17385125160217285,
    "1,2,3,4,6": 0.5828784108161926,
    "1,2,3,4,7": -0.2195979356765747,
    "1,2,3,5,6": 0.46742522716522217,
    "1,2,3,5,7": -0.25173062086105347,
    "1,2,3,6,7": 0.26871830224990845,
    "1,2,4,5,6": 0.45005255937576294,
    "1,2,4,5,7": -0.2369348704814911,
    "1,2,4,6,7": 0.25719016790390015,
    "1,2,5,6,7": 0.16567479074001312,
    "1,3,4,5,6": 0.31893742084503174,
    "1,3,4,5,7": -0.20208740234375,
    "1,3,4,6,7": 0.34776198863983154,
    "1,3,5,6,7": 0.22828297317028046,
    "1,4,5,6,7": 0.25539034605026245,
    "2,3,4,5,6": 0.5120704770088196,