{
  "object_name": "Game",
  "data_type": "game",
  "version": "1.4.2.dev29+g3d3c3a7e6.d20260421",
  "created_from": null,
  "description": null,
  "parameters": {},
  "timestamp": "2026-04-21T12:25:56.647184+00:00Z",
  "metadata": {
    "n_players": 8,
    "game_name": "Game_object",
    "normalization_value": 0.24609795212745667,
    "precompute_flag": false,
    "precomputed": true,
    "player_names": null
  },
  "data": {
    "Empty": 0.22456440329551697,
    "0": 0.21519091725349426,
    "1": 0.16224583983421326,
    "2": 0.17768815159797668,
    "3": 0.22740216553211212,
    "4": 0.18949180841445923,
    "5": 0.22964899241924286,
    "6": -0.07569634914398193,
    "7": 0.717772364616394,
    "0,1": 0.21891877055168152,
    "0,2": 0.17439527809619904,
    "0,3": 0.248381108045578,
    "0,4": 0.1546965092420578,
    "0,5": 0.20994850993156433,
    "0,6": -0.04523035138845444,
    "0,7": 0.688379168510437,
    "1,2": 0.20560972392559052,
    "1,3": 0.10358084738254547,
    "1,4": 0.15399199724197388,
    "1,5": 0.17557330429553986,
    "1,6": -0.04094118997454643,
    "1,7": 0.5885224342346191,
    "2,3": 0.2267417162656784,
    "2,4": 0.22314748167991638,
    "2,5": 0.17926810681819916,
    "2,6": -0.033211808651685715,
    "2,7": 0.626865565776825,
    "3,4": 0.18967831134796143,
    "3,5": 0.20367340743541718,
    "3,6": 0.031225234270095825,
    "3,7": 0.736068606376648,
    "4,5": 0.21729245781898499,
    "4,6": -0.051284946501255035,
    "4,7": 0.42417532205581665,
    "5,6": -0.06365031749010086,
    "5,7": 0.44511276483535767,
    "6,7": 0.047910310328006744,
    "0,1,2": 0.14579418301582336,
    "0,1,3": 0.23273281753063202,
    "0,1,4": 0.19709031283855438,
    "0,1,5": 0.19090703129768372,
    "0,1,6": -0.04699493199586868,
    "0,1,7": 0.4400556683540344,
    "0,2,3": 0.24710527062416077,
    "0,2,4": 0.22814342379570007,
    "0,2,5": 0.2011469602584839,
    "0,2,6": -0.023827282711863518,
    "0,2,7": 0.8622583150863647,
    "0,3,4": 0.14181196689605713,
    "0,3,5": 0.22083954513072968,
    "0,3,6": -0.03541893884539604,
    "0,3,7": 0.7562327980995178,
    "0,4,5": 0.2026560753583908,
    "0,4,6": -0.014969070442020893,
    "0,4,7": 0.604386568069458,
    "0,5,6": -0.052773911505937576,
    "0,5,7": 0.6492325067520142,
    "0,6,7": -0.0016215487848967314,
    "1,2,3": 0.2001355141401291,
    "1,2,4": 0.1560039222240448,
    "1,2,5": 0.23620788753032684,
    "1,2,6": -0.01995435543358326,
    "1,2,7": 0.6592819094657898,
    "1,3,4": 0.14542120695114136,
    "1,3,5": 0.0919221043586731,
    "1,3,6": -0.05476322025060654,
    "1,3,7": 0.59212327003479,
    "1,4,5": 0.19367702305316925,
    "1,4,6": 0.009837818332016468,
    "1,4,7": 0.5410608053207397,
    "1,5,6": 0.007051619701087475,
    "1,5,7": 0.5130325555801392,
    "1,6,7": 0.02227325737476349,
    "2,3,4": 0.16127055883407593,
    "2,3,5": 0.19443289935588837,
    "2,3,6": -0.05391377955675125,
    "2,3,7": 0.4442041516304016,
    "2,4,5": 0.29689890146255493,
    "2,4,6": -0.00853352714329958,
    "2,4,7": 0.6158124208450317,
    "2,5,6": -0.028004318475723267,
    "2,5,7": 0.5427963733673096,
    "2,6,7": 0.02926533855497837,
    "3,4,5": 0.16889365017414093,
    "3,4,6": 0.003419463289901614,
    "3,4,7": 0.5124684572219849,
    "3,5,6": -0.04801769182085991,
    "3,5,7": 0.6651405096054077,
    "3,6,7": 0.026086658239364624,
    "4,5,6": 0.007932500913739204,
    "4,5,7": 0.5146849155426025,
    "4,6,7": 0.03205307200551033,
    "5,6,7": -0.02028593048453331,
    "0,1,2,3": 0.2786084711551666,
    "0,1,2,4": 0.19741611182689667,
    "0,1,2,5": 0.18258696794509888,
    "0,1,2,6": -0.017270633950829506,
    "0,1,2,7": 0.5378229022026062,
    "0,1,3,4": 0.226556658744812,
    "0,1,3,5": 0.18104979395866394,
    "0,1,3,6": -0.014727279543876648,
    "0,1,3,7": 0.6189214587211609,
    "0,1,4,5": 0.1765749454498291,
    "0,1,4,6": 0.010373522527515888,
    "0,1,4,7": 0.6165695786476135,
    "0,1,5,6": -0.022090665996074677,
    "0,1,5,7": 0.4398302137851715,
    "0,1,6,7": 0.03776825591921806,
    "0,2,3,4": 0.14980700612068176,
    "0,2,3,5": 0.2528119385242462,
    "0,2,3,6": -0.026871507987380028,
    "0,2,3,7": 0.47857341170310974,
    "0,2,4,5": 0.19322022795677185,
    "0,2,4,6": 0.014384245499968529,
    "0,2,4,7": 0.673351526260376,
    "0,2,5,6": -0.02374381013214588,
    "0,2,5,7": 0.563329815864563,
    "0,2,6,7": 0.048483043909072876,
    "0,3,4,5": 0.2473592460155487,
    "0,3,4,6": -0.0003354191721882671,
    "0,3,4,7": 0.6315579414367676,
    "0,3,5,6": 0.01603107899427414,
    "0,3,5,7": 0.7550069093704224,
    "0,3,6,7": 0.057852327823638916,
    "0,4,5,6": 0.027005787938833237,
    "0,4,5,7": 0.6928335428237915,
    "0,4,6,7": 0.0396752655506134,
    "0,5,6,7": 0.04506818577647209,
    "1,2,3,4": 0.11748403310775757,
    "1,2,3,5": 0.24880889058113098,
    "1,2,3,6": 0.02285364829003811,
    "1,2,3,7": 0.3813978135585785,
    "1,2,4,5": 0.25417569279670715,
    "1,2,4,6": 0.013282770290970802,
    "1,2,4,7": 0.5119413733482361,
    "1,2,5,6": -0.0016855060821399093,
    "1,2,5,7": 0.6205335259437561,
    "1,2,6,7": 0.041474200785160065,
    "1,3,4,5": 0.18704251945018768,
    "1,3,4,6": 0.034585319459438324,
    "1,3,4,7": 0.8243740797042847,
    "1,3,5,6": -0.05458464473485947,
    "1,3,5,7": 0.6786669492721558,
    "1,3,6,7": 0.010757935233414173,
    "1,4,5,6": 0.0013737439876422286,
    "1,4,5,7": 0.7512742280960083,
    "1,4,6,7": 0.04067002236843109,
    "1,5,6,7": 0.030267249792814255,
    "2,3,4,5": 0.15345047414302826,
    "2,3,4,6": 0.014776365831494331,
    "2,3,4,7": 0.6797050833702087,
    "2,3,5,6": 0.02302149310708046,
    "2,3,5,7": 0.6641519069671631,
    "2,3,6,7": 0.043407540768384933,
    "2,4,5,6": 0.020004810765385628,
    "2,4,5,7": 0.6917906403541565,
    "2,4,6,7": 0.031176496297121048,
    "2,5,6,7": 0.049395155161619186,
    "3,4,5,6": 0.01850251480937004,
    "3,4,5,7": 0.5660021901130676,
    "3,4,6,7": 0.03341396525502205,
    "3,5,6,7": 0.033893972635269165,
    "4,5,6,7": 0.04157150909304619,
    "0,1,2,3,4": 0.18616518378257751,
    "0,1,2,3,5": 0.1606004685163498,
    "0,1,2,3,6": 0.0028436824213713408,
    "0,1,2,3,7": 0.6690719723701477,
    "0,1,2,4,5": 0.16306741535663605,
    "0,1,2,4,6": 0.019898781552910805,
    "0,1,2,4,7": 0.6924837827682495,
    "0,1,2,5,6": -0.020286444574594498,
    "0,1,2,5,7": 0.7212539315223694,
    "0,1,2,6,7": 0.03663409873843193,
    "0,1,3,4,5": 0.174076646566391,
    "0,1,3,4,6": -0.022699614986777306,
    "0,1,3,4,7": 0.5096746683120728,
    "0,1,3,5,6": -0.014977340586483479,
    "0,1,3,5,7": 0.6770105957984924,
    "0,1,3,6,7": 0.04404306411743164,
    "0,1,4,5,6": 0.00501417089253664,
    "0,1,4,5,7": 0.6220449209213257,
    "0,1,4,6,7": 0.054181329905986786,
    "0,1,5,6,7": 0.03942341357469559,
    "0,2,3,4,5": 0.21286459267139435,
    "0,2,3,4,6": 0.0009702228126116097,
    "0,2,3,4,7": 0.5105805993080139,
    "0,2,3,5,6": -0.007541877683252096,
    "0,2,3,5,7": 0.7910742163658142,
    "0,2,3,6,7": 0.010265370830893517,
    "0,2,4,5,6": -0.0018272571032866836,
    "0,2,4,5,7": 0.5582437515258789,
    "0,2,4,6,7": 0.06310036778450012,
    "0,2,5,6,7": 0.028967183083295822,
    "0,3,4,5,6": 0.022608093917369843,
    "0,3,4,5,7": 0.5078129172325134,
    "0,3,4,6,7": 0.004587837960571051,
    "0,3,5,6,7": 0.07041177153587341,
    "0,4,5,6,7": 0.053551215678453445,
    "1,2,3,4,5": 0.16381485760211945,
    "1,2,3,4,6": -0.07282377779483795,
    "1,2,3,4,7": 0.5624170303344727,
    "1,2,3,5,6": 0.022810958325862885,
    "1,2,3,5,7": 0.6453562378883362,
    "1,2,3,6,7": 0.030461793765425682,
    "1,2,4,5,6": -0.04210726171731949,
    "1,2,4,5,7": 0.6905807256698608,
    "1,2,4,6,7": 0.049403537064790726,
    "1,2,5,6,7": 0.04987199977040291,
    "1,3,4,5,6": -0.060190599411726,
    "1,3,4,5,7": 0.6194155812263489,
    "1,3,4,6,7": 0.00029881150112487376,
    "1,3,5,6,7": 0.019794028252363205,
    "1,4,5,6,7": 0.03682973235845566,
    "2,3,4,5,6": -0.02550327219069004,