{
  "object_name": "Game",
  "data_type": "game",
  "version": "1.4.2.dev29+g3d3c3a7e6.d20260421",
  "created_from": null,
  "description": null,
  "parameters": {},
  "timestamp": "2026-04-21T12:25:56.323096+00:00Z",
  "metadata": {
    "n_players": 8,
    "game_name": "Game_object",
    "normalization_value": 2.056467975,
    "precompute_flag": false,
    "precomputed": true,
    "player_names": null
  },
  "data": {
    "Empty": 1.7457999999999998,
    "0": 1.6024,
    "1": 1.8352010000000003,
    "2": 1.5478,
    "3": 1.52,
    "4": 1.2617,
    "5": 1.4602,
    "6": 1.0146000000000002,
    "7": 1.9279010000000003,
    "0,1": 1.2812,
    "0,2": 1.9515,
    "0,3": 1.3923,
    "0,4": 1.5476,
    "0,5": 1.1601000000000001,
    "0,6": 0.7985999999999999,
    "0,7": 1.1032,
    "1,2": 2.3926010000000004,
    "1,3": 1.6686,
    "1,4": 1.8405,
    "1,5": 1.7263010000000005,
    "1,6": 1.4352,
    "1,7": 1.6695,
    "2,3": 1.3933,
    "2,4": 1.9031999999999996,
    "2,5": 1.4948000000000001,
    "2,6": 1.2917,
    "2,7": 1.6260000000000001,
    "3,4": 1.2351999999999999,
    "3,5": 1.2696,
    "3,6": 1.0142000000000002,
    "3,7": 1.1383,
    "4,5": 1.8129000000000002,
    "4,6": 1.1783000000000001,
    "4,7": 1.7216010000000004,
    "5,6": 1.4696000000000002,
    "5,7": 1.205,
    "6,7": 1.3982010000000002,
    "0,1,2": 1.4975,
    "0,1,3": 1.7582999999999998,
    "0,1,4": 1.2318,
    "0,1,5": 1.8832,
    "0,1,6": 0.8962000000000001,
    "0,1,7": 1.2935,
    "0,2,3": 1.2254999999999998,
    "0,2,4": 1.4266,
    "0,2,5": 1.7555,
    "0,2,6": 1.3232000000000002,
    "0,2,7": 1.4304000000000001,
    "0,3,4": 1.3446000000000002,
    "0,3,5": 1.8644000000000003,
    "0,3,6": 0.8272,
    "0,3,7": 1.9454,
    "0,4,5": 1.3079,
    "0,4,6": 1.1923,
    "0,4,7": 1.0250999999999997,
    "0,5,6": 1.1805,
    "0,5,7": 1.3075000000000003,
    "0,6,7": 0.9276000000000002,
    "1,2,3": 2.6985,
    "1,2,4": 2.0087,
    "1,2,5": 2.0538,
    "1,2,6": 2.0079000000000002,
    "1,2,7": 1.3655000000000004,
    "1,3,4": 1.4011,
    "1,3,5": 1.8278010000000002,
    "1,3,6": 1.3275,
    "1,3,7": 1.6611999999999998,
    "1,4,5": 1.5646999999999998,
    "1,4,6": 1.3491,
    "1,4,7": 1.9016000000000002,
    "1,5,6": 2.290401,
    "1,5,7": 2.0173,
    "1,6,7": 1.7437010000000002,
    "2,3,4": 1.3785000000000003,
    "2,3,5": 1.6032,
    "2,3,6": 1.4137,
    "2,3,7": 1.4212,
    "2,4,5": 1.4114,
    "2,4,6": 1.694501,
    "2,4,7": 2.2923,
    "2,5,6": 1.2087999999999999,
    "2,5,7": 1.4616,
    "2,6,7": 1.0355,
    "3,4,5": 1.9106,
    "3,4,6": 1.6156,
    "3,4,7": 1.3319,
    "3,5,6": 1.1209999999999998,
    "3,5,7": 1.2057,
    "3,6,7": 1.0223,
    "4,5,6": 1.4331,
    "4,5,7": 1.2645,
    "4,6,7": 0.7078,
    "5,6,7": 1.0524999999999998,
    "0,1,2,3": 1.4664,
    "0,1,2,4": 1.3476,
    "0,1,2,5": 1.6709,
    "0,1,2,6": 1.0444,
    "0,1,2,7": 1.7962,
    "0,1,3,4": 0.8827,
    "0,1,3,5": 1.3721,
    "0,1,3,6": 1.1764,
    "0,1,3,7": 1.4263,
    "0,1,4,5": 1.2647999999999997,
    "0,1,4,6": 1.0141,
    "0,1,4,7": 1.5172000000000003,
    "0,1,5,6": 1.1696000000000002,
    "0,1,5,7": 1.7389,
    "0,1,6,7": 0.8625,
    "0,2,3,4": 1.101,
    "0,2,3,5": 1.5731,
    "0,2,3,6": 1.1308000000000002,
    "0,2,3,7": 1.4838,
    "0,2,4,5": 1.9378000000000004,
    "0,2,4,6": 0.9225,
    "0,2,4,7": 1.7209999999999996,
    "0,2,5,6": 1.2360000000000002,
    "0,2,5,7": 1.8654000000000004,
    "0,2,6,7": 0.8272999999999999,
    "0,3,4,5": 1.4859,
    "0,3,4,6": 0.7964,
    "0,3,4,7": 1.6443999999999999,
    "0,3,5,6": 1.0139,
    "0,3,5,7": 0.8962,
    "0,3,6,7": 0.7262000000000001,
    "0,4,5,6": 0.8726,
    "0,4,5,7": 1.6893,
    "0,4,6,7": 0.7678,
    "0,5,6,7": 0.778,
    "1,2,3,4": 2.3515000000000006,
    "1,2,3,5": 2.3661,
    "1,2,3,6": 2.3099,
    "1,2,3,7": 2.3255000000000003,
    "1,2,4,5": 1.7853999999999999,
    "1,2,4,6": 2.0252000000000003,
    "1,2,4,7": 2.0389,
    "1,2,5,6": 2.4106,
    "1,2,5,7": 2.2217,
    "1,2,6,7": 2.2304000000000004,
    "1,3,4,5": 1.688501,
    "1,3,4,6": 2.1778,
    "1,3,4,7": 2.0711,
    "1,3,5,6": 1.6511000000000002,
    "1,3,5,7": 1.9402000000000001,
    "1,3,6,7": 1.5729,
    "1,4,5,6": 2.4368,
    "1,4,5,7": 1.5126,
    "1,4,6,7": 1.1068,
    "1,5,6,7": 1.8613,
    "2,3,4,5": 1.3017999999999998,
    "2,3,4,6": 1.0206,
    "2,3,4,7": 1.5672,
    "2,3,5,6": 1.1785999999999999,
    "2,3,5,7": 1.3672,
    "2,3,6,7": 0.7961000000000001,
    "2,4,5,6": 1.5426,
    "2,4,5,7": 1.5554000000000001,
    "2,4,6,7": 1.2647000000000002,
    "2,5,6,7": 1.4757,
    "3,4,5,6": 1.5448,
    "3,4,5,7": 1.3538999999999999,
    "3,4,6,7": 0.8351,
    "3,5,6,7": 1.3067,
    "4,5,6,7": 0.7861,
    "0,1,2,3,4": 1.4033,
    "0,1,2,3,5": 1.5623,
    "0,1,2,3,6": 0.9312000000000001,
    "0,1,2,3,7": 1.4117,
    "0,1,2,4,5": 1.5615,
    "0,1,2,4,6": 0.8683,
    "0,1,2,4,7": 1.2957,
    "0,1,2,5,6": 1.3158999999999998,
    "0,1,2,5,7": 1.8074999999999999,
    "0,1,2,6,7": 0.798,
    "0,1,3,4,5": 1.4554,
    "0,1,3,4,6": 1.0941999999999998,
    "0,1,3,4,7": 1.8524,
    "0,1,3,5,6": 1.1834,
    "0,1,3,5,7": 1.0752000000000002,
    "0,1,3,6,7": 0.751,
    "0,1,4,5,6": 1.3656000000000001,
    "0,1,4,5,7": 1.159,
    "0,1,4,6,7": 0.7724,
    "0,1,5,6,7": 0.8336,
    "0,2,3,4,5": 1.1696000000000002,
    "0,2,3,4,6": 0.8115,
    "0,2,3,4,7": 1.1159999999999999,
    "0,2,3,5,6": 1.1189,
    "0,2,3,5,7": 1.49,
    "0,2,3,6,7": 1.322701,
    "0,2,4,5,6": 1.1205,
    "0,2,4,5,7": 1.2269,
    "0,2,4,6,7": 0.8461000000000001,
    "0,2,5,6,7": 0.8374,
    "0,3,4,5,6": 1.1374,
    "0,3,4,5,7": 0.9355,
    "0,3,4,6,7": 0.7861,
    "0,3,5,6,7": 0.7784000000000001,
    "0,4,5,6,7": 0.8059,
    "1,2,3,4,5": 2.3318,
    "1,2,3,4,6": 1.9067999999999998,
    "1,2,3,4,7": 1.4837,
    "1,2,3,5,6": 3.2962000000000002,
    "1,2,3,5,7": 2.0747999999999998,
    "1,2,3,6,7": 2.0818000000000003,
    "1,2,4,5,6": 2.8662,
    "1,2,4,5,7": 2.3245999999999998,
    "1,2,4,6,7": 1.9408,
    "1,2,5,6,7": 1.9726,
    "1,3,4,5,6": 1.8681,
    "1,3,4,5,7": 2.1575999999999995,
    "1,3,4,6,7": 1.5946,
    "1,3,5,6,7": 1.3184,
    "1,4,5,6,7": 1.7017010000000004,
    "2,3,4,5,6": 1.2661010000000004,
    "2,3,4,5,7": 1.3724,
    "2,3,4,6,7": 0.959,
    "2,3,5,6,7": 0.8875,
    "2,4,5,6,7": 1.0948,
    "3,4,5,6,7": 0.9349000000000001,
    "0,1,2,3,4,5": 1.4264,
    "0,1,2,3,4,6": 1.1720000000000002,
    "0,1,2,3,4,7": 2.0309,
    "0,1,2,3,5,6": 1.2445,
    "0,1,2,3,5,7": 1.2471,
    "0,1,2,3,6,7": 0.8732999999999999,
    "0,1,2,4,5,6": 1.1941000000000002,
    "0,1,2,4,5,7": 2.1997,
    "0,1,2,4,6,7": 0.85,
    "0,1,2,5,6,7": 0.8296000000000001,
    "0,1,3,4,5,6": 1.5077000000000003,
    "0,1,3,4,5,7": 2.2153,
    "0,1,3,4,6,7": 0.7759,
    "0,1,3,5,6,7": 0.7285999999999999,
    "0,1,4,5,6,7": 0.7661,
    "0,2,3,4,5,6": 1.0825,
    "0,2,3,4,5,7": 2.2424,
    "0,2,3,4,6,7": 0.833,
    "0,2,3,5,6,7": 0.833,
    "0,2,4,5,6,7": 0.8399000000000001,
    "0,3,4,5,6,7": 0.8442999999999999,
    "1,2,3,4,5,6": 2.1361,
    "1,2,3,4,5,7": 1.9372999999999998,
    "1,2,3,4,6,7": 2.1519999999999997,
    "1,2,3,5,6,7": 2.1353,
    "1,2,4,5,6,7": 2.0101999999999998,
    "1,3,4,5,6,7": 1.8895,
    "2,3,4,5,6,7": 0.8126999999999999,
    "0,1,2,3,4,5,6": 1.1247,
    "0,1,2,3,4,5,7": 1.5425,
    "0,1,2,3,4,6,7": 0.833,
    "0,1,2,3,5,6,7": 0.833,
    "0,1,2,4,5,6,7": 0.833,
    "0,1,3,4,5,6,7": 0.7750999999999999,
    "0,2,3,4,5,6,7": 0.833,
    "1,2,3,4,5,6,7": 2.0545,
    "0,1,2,3,4,5,6,7": 0.833
  }
}
