{
  "object_name": "Game",
  "data_type": "game",
  "version": "1.4.2.dev29+g3d3c3a7e6.d20260421",
  "created_from": null,
  "description": null,
  "parameters": {},
  "timestamp": "2026-04-21T12:25:56.501714+00:00Z",
  "metadata": {
    "n_players": 8,
    "game_name": "Game_object",
    "normalization_value": 2.0434510707855225,
    "precompute_flag": false,
    "precomputed": true,
    "player_names": null
  },
  "data": {
    "Empty": 1.0337746143341064,
    "0": 0.9623129963874817,
    "1": 1.0227282047271729,
    "2": 0.862593948841095,
    "3": 0.9167565107345581,
    "4": 1.0631893873214722,
    "5": 0.781425416469574,
    "6": 0.7954405546188354,
    "7": 0.8181594610214233,
    "0,1": 1.0454941987991333,
    "0,2": 0.8869611024856567,
    "0,3": 0.8978557586669922,
    "0,4": 0.8306897878646851,
    "0,5": 0.7673550844192505,
    "0,6": 0.8392015695571899,
    "0,7": 1.2429816722869873,
    "1,2": 0.9905619621276855,
    "1,3": 0.9306024312973022,
    "1,4": 0.8088467717170715,
    "1,5": 0.8777858018875122,
    "1,6": 0.8522632718086243,
    "1,7": 0.8029991388320923,
    "2,3": 1.0364770889282227,
    "2,4": 0.9026762247085571,
    "2,5": 0.6795957684516907,
    "2,6": 0.6765110492706299,
    "2,7": 1.1903239488601685,
    "3,4": 0.9685144424438477,
    "3,5": 0.7436226606369019,
    "3,6": 0.8905024528503418,
    "3,7": 0.8394565582275391,
    "4,5": 0.8562113046646118,
    "4,6": 0.8395900726318359,
    "4,7": 0.8998939394950867,
    "5,6": 0.8285080790519714,
    "5,7": 0.7237033247947693,
    "6,7": 0.8341978788375854,
    "0,1,2": 0.8344385027885437,
    "0,1,3": 0.878557026386261,
    "0,1,4": 0.9207865595817566,
    "0,1,5": 0.7442111968994141,
    "0,1,6": 0.7851122617721558,
    "0,1,7": 0.9320670962333679,
    "0,2,3": 0.6837315559387207,
    "0,2,4": 0.8594806790351868,
    "0,2,5": 0.8107902407646179,
    "0,2,6": 0.770592451095581,
    "0,2,7": 1.201210379600525,
    "0,3,4": 1.1589075326919556,
    "0,3,5": 0.72066330909729,
    "0,3,6": 0.8020199537277222,
    "0,3,7": 0.7815577983856201,
    "0,4,5": 0.7183712720870972,
    "0,4,6": 1.1203980445861816,
    "0,4,7": 0.7737043499946594,
    "0,5,6": 0.6067466735839844,
    "0,5,7": 0.6673390865325928,
    "0,6,7": 0.7508140802383423,
    "1,2,3": 0.7692460417747498,
    "1,2,4": 0.9719770550727844,
    "1,2,5": 0.813137412071228,
    "1,2,6": 0.7685272693634033,
    "1,2,7": 1.0337350368499756,
    "1,3,4": 1.2232093811035156,
    "1,3,5": 0.8739932179450989,
    "1,3,6": 1.0983256101608276,
    "1,3,7": 0.8797101974487305,
    "1,4,5": 0.8075160980224609,
    "1,4,6": 1.050354242324829,
    "1,4,7": 1.2400295734405518,
    "1,5,6": 0.6351763010025024,
    "1,5,7": 0.7726758122444153,
    "1,6,7": 0.8225948214530945,
    "2,3,4": 0.7057659029960632,
    "2,3,5": 0.7566550374031067,
    "2,3,6": 0.8241053819656372,
    "2,3,7": 0.8489238023757935,
    "2,4,5": 0.6606244444847107,
    "2,4,6": 1.058640718460083,
    "2,4,7": 0.7310312986373901,
    "2,5,6": 0.6879338026046753,
    "2,5,7": 0.9340742826461792,
    "2,6,7": 0.7208914160728455,
    "3,4,5": 0.9901504516601562,
    "3,4,6": 0.734676718711853,
    "3,4,7": 0.8736118078231812,
    "3,5,6": 0.7255330085754395,
    "3,5,7": 0.7519160509109497,
    "3,6,7": 0.7662606835365295,
    "4,5,6": 0.8534272313117981,
    "4,5,7": 1.090636968612671,
    "4,6,7": 0.7994579076766968,
    "5,6,7": 0.5744807124137878,
    "0,1,2,3": 0.9609377980232239,
    "0,1,2,4": 0.9242939949035645,
    "0,1,2,5": 0.7543520927429199,
    "0,1,2,6": 0.9764350652694702,
    "0,1,2,7": 0.9063702821731567,
    "0,1,3,4": 0.8012644052505493,
    "0,1,3,5": 0.7752566337585449,
    "0,1,3,6": 0.9001500010490417,
    "0,1,3,7": 0.8244686126708984,
    "0,1,4,5": 0.7561216950416565,
    "0,1,4,6": 0.9206105470657349,
    "0,1,4,7": 0.8457250595092773,
    "0,1,5,6": 0.8159497380256653,
    "0,1,5,7": 0.663685142993927,
    "0,1,6,7": 0.802437961101532,
    "0,2,3,4": 1.1309068202972412,
    "0,2,3,5": 0.6977795362472534,
    "0,2,3,6": 0.8937979936599731,
    "0,2,3,7": 0.856682300567627,
    "0,2,4,5": 0.64198237657547,
    "0,2,4,6": 0.7397061586380005,
    "0,2,4,7": 0.7854873538017273,
    "0,2,5,6": 0.7004402279853821,
    "0,2,5,7": 0.6910039186477661,
    "0,2,6,7": 0.7571142315864563,
    "0,3,4,5": 0.8664528131484985,
    "0,3,4,6": 0.9437829852104187,
    "0,3,4,7": 0.7938641905784607,
    "0,3,5,6": 0.9269555807113647,
    "0,3,5,7": 0.9215675592422485,
    "0,3,6,7": 0.7409359216690063,
    "0,4,5,6": 0.6882646083831787,
    "0,4,5,7": 0.9917596578598022,
    "0,4,6,7": 0.7639173269271851,
    "0,5,6,7": 0.5665998458862305,
    "1,2,3,4": 0.8416555523872375,
    "1,2,3,5": 0.806311309337616,
    "1,2,3,6": 0.957771897315979,
    "1,2,3,7": 1.285146951675415,
    "1,2,4,5": 0.8885525465011597,
    "1,2,4,6": 0.8139989972114563,
    "1,2,4,7": 0.9797163009643555,
    "1,2,5,6": 0.7727372646331787,
    "1,2,5,7": 0.7248705625534058,
    "1,2,6,7": 0.689173698425293,
    "1,3,4,5": 0.8483125567436218,
    "1,3,4,6": 0.8787729144096375,
    "1,3,4,7": 0.8015971183776855,
    "1,3,5,6": 0.690769374370575,
    "1,3,5,7": 0.7397955656051636,
    "1,3,6,7": 0.7824172973632812,
    "1,4,5,6": 0.6792805790901184,
    "1,4,5,7": 0.9985529184341431,
    "1,4,6,7": 0.6723265647888184,
    "1,5,6,7": 0.6940982341766357,
    "2,3,4,5": 0.8870235681533813,
    "2,3,4,6": 0.8195363879203796,
    "2,3,4,7": 0.7796484231948853,
    "2,3,5,6": 0.6565557718276978,
    "2,3,5,7": 0.7822958827018738,
    "2,3,6,7": 0.7624918818473816,
    "2,4,5,6": 0.6421496868133545,
    "2,4,5,7": 0.903180718421936,
    "2,4,6,7": 0.7141744494438171,
    "2,5,6,7": 0.619377613067627,
    "3,4,5,6": 0.7111303210258484,
    "3,4,5,7": 0.854634165763855,
    "3,4,6,7": 0.6599705815315247,
    "3,5,6,7": 0.62216717004776,
    "4,5,6,7": 0.6587948799133301,
    "0,1,2,3,4": 1.0305640697479248,
    "0,1,2,3,5": 0.7288058996200562,
    "0,1,2,3,6": 0.9779812693595886,
    "0,1,2,3,7": 0.8256510496139526,
    "0,1,2,4,5": 0.7166369557380676,
    "0,1,2,4,6": 0.8618314862251282,
    "0,1,2,4,7": 1.0146998167037964,
    "0,1,2,5,6": 0.9373164176940918,
    "0,1,2,5,7": 0.7223872542381287,
    "0,1,2,6,7": 0.7349778413772583,
    "0,1,3,4,5": 0.7609850168228149,
    "0,1,3,4,6": 0.8669708967208862,
    "0,1,3,4,7": 0.8053906559944153,
    "0,1,3,5,6": 0.9101263880729675,
    "0,1,3,5,7": 0.872657299041748,
    "0,1,3,6,7": 0.6631944179534912,
    "0,1,4,5,6": 0.6905057430267334,
    "0,1,4,5,7": 0.7350894212722778,
    "0,1,4,6,7": 0.7442951202392578,
    "0,1,5,6,7": 0.6442728638648987,
    "0,2,3,4,5": 0.8859211802482605,
    "0,2,3,4,6": 0.7546767592430115,
    "0,2,3,4,7": 0.956628143787384,
    "0,2,3,5,6": 0.6868170499801636,
    "0,2,3,5,7": 0.6535705327987671,
    "0,2,3,6,7": 0.6839253902435303,
    "0,2,4,5,6": 0.9269076585769653,
    "0,2,4,5,7": 0.5712264180183411,
    "0,2,4,6,7": 0.6622318029403687,
    "0,2,5,6,7": 0.5890451669692993,
    "0,3,4,5,6": 0.9767959713935852,
    "0,3,4,5,7": 0.7556797862052917,
    "0,3,4,6,7": 0.7251065373420715,
    "0,3,5,6,7": 0.6144877672195435,
    "0,4,5,6,7": 0.6143102645874023,
    "1,2,3,4,5": 1.006166696548462,
    "1,2,3,4,6": 0.9929585456848145,
    "1,2,3,4,7": 0.8519030809402466,
    "1,2,3,5,6": 0.7962149381637573,
    "1,2,3,5,7": 0.6896677613258362,
    "1,2,3,6,7": 0.8332703709602356,
    "1,2,4,5,6": 0.7767001986503601,
    "1,2,4,5,7": 0.6833590269088745,
    "1,2,4,6,7": 0.7327501177787781,
    "1,2,5,6,7": 0.6438231468200684,
    "1,3,4,5,6": 0.62888503074646,
    "1,3,4,5,7": 0.7815053462982178,
    "1,3,4,6,7": 0.900007426738739,
    "1,3,5,6,7": 0.6624306440353394,
    "1,4,5,6,7": 0.6358224153518677,
    "2,3,4,5,6": 0.7433651089668274,
    "2,3,4,5,7": 0.7505755424499512,
    "2,3,4,6,7": 0.7339156270027161,
    "2,3,5,6,7": 0.689522385597229,
    "2,4,5,6,7": 0.561820387840271,
    "3,4,5,6,7": 0.6648165583610535,
    "0,1,2,3,4,5": 0.614643394947052,
    "0,1,2,3,4,6": 0.8164529800415039,