{
  "object_name": "Game",
  "data_type": "game",
  "version": "1.4.2.dev29+g3d3c3a7e6.d20260421",
  "created_from": null,
  "description": null,
  "parameters": {},
  "timestamp": "2026-04-21T12:25:56.737343+00:00Z",
  "metadata": {
    "n_players": 8,
    "game_name": "Game_object",
    "normalization_value": 2.0525677175,
    "precompute_flag": false,
    "precomputed": true,
    "player_names": null
  },
  "data": {
    "Empty": 1.50198,
    "0": 1.48101,
    "1": 1.39202,
    "2": 1.6488899999999997,
    "3": 1.4048200000000002,
    "4": 1.40752,
    "5": 1.46041,
    "6": 1.5068300000000001,
    "7": 1.14297,
    "0,1": 1.4337700000000002,
    "0,2": 1.42457,
    "0,3": 1.4397100000000003,
    "0,4": 1.25138,
    "0,5": 1.30254,
    "0,6": 1.6140900000000002,
    "0,7": 1.3873900000000001,
    "1,2": 1.4304400000000002,
    "1,3": 1.5038799999999997,
    "1,4": 1.52076,
    "1,5": 1.55594,
    "1,6": 1.6506999999999998,
    "1,7": 1.28389,
    "2,3": 1.48035,
    "2,4": 1.6354400000000002,
    "2,5": 1.56336,
    "2,6": 1.59048,
    "2,7": 1.56602,
    "3,4": 1.3442500000000002,
    "3,5": 1.5099300000000002,
    "3,6": 1.78338,
    "3,7": 1.4050799999999999,
    "4,5": 1.47384,
    "4,6": 1.7465699999999997,
    "4,7": 1.3312700000000002,
    "5,6": 1.8383100000000003,
    "5,7": 1.5150400000000002,
    "6,7": 1.709,
    "0,1,2": 1.51362,
    "0,1,3": 1.42714,
    "0,1,4": 1.33168,
    "0,1,5": 1.30125,
    "0,1,6": 1.6021900000000002,
    "0,1,7": 1.49803,
    "0,2,3": 1.37266,
    "0,2,4": 1.39414,
    "0,2,5": 1.42557,
    "0,2,6": 1.6600100999999998,
    "0,2,7": 1.42627,
    "0,3,4": 1.2629899999999998,
    "0,3,5": 1.3713600000000001,
    "0,3,6": 1.6472000000000002,
    "0,3,7": 1.30623,
    "0,4,5": 1.37453,
    "0,4,6": 1.61706,
    "0,4,7": 1.29249,
    "0,5,6": 1.5255,
    "0,5,7": 1.3555300000000001,
    "0,6,7": 1.9034600000000002,
    "1,2,3": 1.40464,
    "1,2,4": 1.56435,
    "1,2,5": 1.36077,
    "1,2,6": 1.78397,
    "1,2,7": 1.48133,
    "1,3,4": 1.3026399999999998,
    "1,3,5": 1.47152,
    "1,3,6": 1.67622,
    "1,3,7": 1.5295999999999998,
    "1,4,5": 1.26575,
    "1,4,6": 1.53026,
    "1,4,7": 1.4588199999999998,
    "1,5,6": 1.5540499999999997,
    "1,5,7": 1.42949,
    "1,6,7": 1.70375,
    "2,3,4": 1.2509700000000001,
    "2,3,5": 1.4691200000000002,
    "2,3,6": 1.6551300000000002,
    "2,3,7": 1.32593,
    "2,4,5": 1.4890700000000001,
    "2,4,6": 1.66596,
    "2,4,7": 1.3967,
    "2,5,6": 1.69405,
    "2,5,7": 1.48277,
    "2,6,7": 1.83292,
    "3,4,5": 1.51852,
    "3,4,6": 1.6873799999999999,
    "3,4,7": 1.28668,
    "3,5,6": 1.54836,
    "3,5,7": 1.48276,
    "3,6,7": 1.75713,
    "4,5,6": 1.4538699999999998,
    "4,5,7": 1.3840299999999999,
    "4,6,7": 1.76921,
    "5,6,7": 1.8890700000000002,
    "0,1,2,3": 1.3421999999999998,
    "0,1,2,4": 1.4311800000000001,
    "0,1,2,5": 1.48128,
    "0,1,2,6": 1.6788999999999998,
    "0,1,2,7": 1.27684,
    "0,1,3,4": 1.33478,
    "0,1,3,5": 1.26951,
    "0,1,3,6": 1.54063,
    "0,1,3,7": 1.27273,
    "0,1,4,5": 1.3219899999999998,
    "0,1,4,6": 1.5942399999999999,
    "0,1,4,7": 1.2532999999999999,
    "0,1,5,6": 1.5499300000000003,
    "0,1,5,7": 1.28484,
    "0,1,6,7": 1.75407,
    "0,2,3,4": 1.45045,
    "0,2,3,5": 1.3730399999999998,
    "0,2,3,6": 1.6015000999999998,
    "0,2,3,7": 1.2634599999999998,
    "0,2,4,5": 1.34147,
    "0,2,4,6": 1.6628101000000002,
    "0,2,4,7": 1.36404,
    "0,2,5,6": 1.80789,
    "0,2,5,7": 1.3686599999999998,
    "0,2,6,7": 1.88961,
    "0,3,4,5": 1.40248,
    "0,3,4,6": 1.8827200000000002,
    "0,3,4,7": 1.39303,
    "0,3,5,6": 1.7722799999999999,
    "0,3,5,7": 1.31539,
    "0,3,6,7": 1.8433199999999998,
    "0,4,5,6": 1.57631,
    "0,4,5,7": 1.4510999999999998,
    "0,4,6,7": 1.7953500000000002,
    "0,5,6,7": 1.7700100000000003,
    "1,2,3,4": 1.44866,
    "1,2,3,5": 1.38981,
    "1,2,3,6": 1.63764,
    "1,2,3,7": 1.42405,
    "1,2,4,5": 1.4778200000000001,
    "1,2,4,6": 1.8087,
    "1,2,4,7": 1.5297199999999997,
    "1,2,5,6": 1.5397800000000001,
    "1,2,5,7": 1.6695499999999999,
    "1,2,6,7": 1.76797,
    "1,3,4,5": 1.30441,
    "1,3,4,6": 1.5389,
    "1,3,4,7": 1.4950299999999999,
    "1,3,5,6": 1.54144,
    "1,3,5,7": 1.36389,
    "1,3,6,7": 1.7313800000000001,
    "1,4,5,6": 1.5407699999999998,
    "1,4,5,7": 1.48767,
    "1,4,6,7": 1.67679,
    "1,5,6,7": 1.8261800000000001,
    "2,3,4,5": 1.4861999999999997,
    "2,3,4,6": 1.6407700000000003,
    "2,3,4,7": 1.4429699999999999,
    "2,3,5,6": 1.65065,
    "2,3,5,7": 1.53521,
    "2,3,6,7": 1.7780999999999998,
    "2,4,5,6": 1.64915,
    "2,4,5,7": 1.6222699999999999,
    "2,4,6,7": 1.9861799999999998,
    "2,5,6,7": 1.97282,
    "3,4,5,6": 1.62093,
    "3,4,5,7": 1.4066199999999998,
    "3,4,6,7": 1.80336,
    "3,5,6,7": 1.82642,
    "4,5,6,7": 1.75089,
    "0,1,2,3,4": 1.3585600000000002,
    "0,1,2,3,5": 1.3658700000000001,
    "0,1,2,3,6": 1.6498899999999999,
    "0,1,2,3,7": 1.47457,
    "0,1,2,4,5": 1.37215,
    "0,1,2,4,6": 1.76927,
    "0,1,2,4,7": 1.30776,
    "0,1,2,5,6": 1.5743900000000002,
    "0,1,2,5,7": 1.45986,
    "0,1,2,6,7": 1.7508399999999997,
    "0,1,3,4,5": 1.32633,
    "0,1,3,4,6": 1.6192900000000001,
    "0,1,3,4,7": 1.1902700000000002,
    "0,1,3,5,6": 1.57548,
    "0,1,3,5,7": 1.49682,
    "0,1,3,6,7": 1.71492,
    "0,1,4,5,6": 1.6622500000000002,
    "0,1,4,5,7": 1.3507799999999999,
    "0,1,4,6,7": 1.7525600000000001,
    "0,1,5,6,7": 1.7399799999999999,
    "0,2,3,4,5": 1.44659,
    "0,2,3,4,6": 1.7668500000000003,
    "0,2,3,4,7": 1.5610300000000001,
    "0,2,3,5,6": 1.7629100000000002,
    "0,2,3,5,7": 1.3096400000000001,
    "0,2,3,6,7": 1.82578,
    "0,2,4,5,6": 1.6707699999999999,
    "0,2,4,5,7": 1.4453,
    "0,2,4,6,7": 1.94468,
    "0,2,5,6,7": 1.9347999999999999,
    "0,3,4,5,6": 1.7881299999999996,
    "0,3,4,5,7": 1.42321,
    "0,3,4,6,7": 1.8378800000000002,
    "0,3,5,6,7": 1.7895400000000001,
    "0,4,5,6,7": 1.75078,
    "1,2,3,4,5": 1.54088,
    "1,2,3,4,6": 1.6703800000000002,
    "1,2,3,4,7": 1.6226399999999999,
    "1,2,3,5,6": 1.49422,
    "1,2,3,5,7": 1.4466500000000002,
    "1,2,3,6,7": 1.9073900000000001,
    "1,2,4,5,6": 1.56496,
    "1,2,4,5,7": 1.54139,
    "1,2,4,6,7": 1.7149899999999998,
    "1,2,5,6,7": 1.7882999999999996,
    "1,3,4,5,6": 1.57959,
    "1,3,4,5,7": 1.41025,
    "1,3,4,6,7": 1.75109,
    "1,3,5,6,7": 1.76458,
    "1,4,5,6,7": 1.7346899999999998,
    "2,3,4,5,6": 1.7724199999999999,
    "2,3,4,5,7": 1.48358,
    "2,3,4,6,7": 1.8882199999999998,
    "2,3,5,6,7": 1.9537300000000002,
    "2,4,5,6,7": 1.90134,
    "3,4,5,6,7": 1.79895,
    "0,1,2,3,4,5": 1.5033299999999998,
    "0,1,2,3,4,6": 1.7232999999999996,
    "0,1,2,3,4,7": 1.4318799999999998,
    "0,1,2,3,5,6": 1.5324800000000003,
    "0,1,2,3,5,7": 1.3401199999999998,
    "0,1,2,3,6,7": 1.75529,
    "0,1,2,4,5,6": 1.61055,
    "0,1,2,4,5,7": 1.49527,
    "0,1,2,4,6,7": 1.8008,
    "0,1,2,5,6,7": 1.7802099999999998,
    "0,1,3,4,5,6": 1.58686,
    "0,1,3,4,5,7": 1.14087,
    "0,1,3,4,6,7": 1.78144,
    "0,1,3,5,6,7": 1.7648700000000002,
    "0,1,4,5,6,7": 1.73901,
    "0,2,3,4,5,6": 1.66715,
    "0,2,3,4,5,7": 1.3346399999999998,
    "0,2,3,4,6,7": 1.8470399999999998,
    "0,2,3,5,6,7": 1.8592799999999996,
    "0,2,4,5,6,7": 1.94617,
    "0,3,4,5,6,7": 1.8016999999999999,
    "1,2,3,4,5,6": 1.6396000000000002,
    "1,2,3,4,5,7": 1.47985,
    "1,2,3,4,6,7": 1.7185,
    "1,2,3,5,6,7": 1.81599,
    "1,2,4,5,6,7": 1.8183799999999999,
    "1,3,4,5,6,7": 1.73053,
    "2,3,4,5,6,7": 1.9391799999999997,
    "0,1,2,3,4,5,6": 1.5368499999999998,
    "0,1,2,3,4,5,7": 1.47583,
    "0,1,2,3,4,6,7": 1.79373,
    "0,1,2,3,5,6,7": 1.71142,
    "0,1,2,4,5,6,7": 1.7871400000000002,
    "0,1,3,4,5,6,7": 1.8056100000000004,
    "0,2,3,4,5,6,7": 1.9026599999999998,
    "1,2,3,4,5,6,7": 1.8016299999999998,
    "0,1,2,3,4,5,6,7": 1.8036
  }
}
