{
  "object_name": "Game",
  "data_type": "game",
  "version": "1.4.2.dev29+g3d3c3a7e6.d20260421",
  "created_from": null,
  "description": null,
  "parameters": {},
  "timestamp": "2026-04-21T12:25:56.630573+00:00Z",
  "metadata": {
    "n_players": 8,
    "game_name": "Game_object",
    "normalization_value": 0.24609795212745667,
    "precompute_flag": false,
    "precomputed": true,
    "player_names": null
  },
  "data": {
    "Empty": 0.41849979758262634,
    "0": 0.30497297644615173,
    "1": 0.3095633387565613,
    "2": 0.36065930128097534,
    "3": 0.33898377418518066,
    "4": 0.42126935720443726,
    "5": 0.4693428575992584,
    "6": 0.343378484249115,
    "7": 0.38388094305992126,
    "0,1": 0.2990807890892029,
    "0,2": 0.3973774313926697,
    "0,3": 0.3760252892971039,
    "0,4": 0.3570288121700287,
    "0,5": 0.3742744028568268,
    "0,6": 0.305625319480896,
    "0,7": 0.3401094377040863,
    "1,2": 0.42526087164878845,
    "1,3": 0.3764365315437317,
    "1,4": 0.39659205079078674,
    "1,5": 0.3246867060661316,
    "1,6": 0.31390732526779175,
    "1,7": 0.3269103467464447,
    "2,3": 0.4092656672000885,
    "2,4": 0.34805768728256226,
    "2,5": 0.3787985146045685,
    "2,6": 0.35544610023498535,
    "2,7": 0.4444492757320404,
    "3,4": 0.4602094292640686,
    "3,5": 0.4284869134426117,
    "3,6": 0.41706743836402893,
    "3,7": 0.44231048226356506,
    "4,5": 0.3790554106235504,
    "4,6": 0.4470578730106354,
    "4,7": 0.3731670677661896,
    "5,6": 0.3638013005256653,
    "5,7": 0.38161033391952515,
    "6,7": 0.37698450684547424,
    "0,1,2": 0.3640819191932678,
    "0,1,3": 0.3788420557975769,
    "0,1,4": 0.35742419958114624,
    "0,1,5": 0.34706756472587585,
    "0,1,6": 0.32146167755126953,
    "0,1,7": 0.3633924424648285,
    "0,2,3": 0.32597410678863525,
    "0,2,4": 0.3779360055923462,
    "0,2,5": 0.3287675976753235,
    "0,2,6": 0.4239479899406433,
    "0,2,7": 0.3679739236831665,
    "0,3,4": 0.3372841775417328,
    "0,3,5": 0.3238779604434967,
    "0,3,6": 0.4020260274410248,
    "0,3,7": 0.2892451882362366,
    "0,4,5": 0.3969425857067108,
    "0,4,6": 0.44868144392967224,
    "0,4,7": 0.3580988049507141,
    "0,5,6": 0.41324520111083984,
    "0,5,7": 0.45502176880836487,
    "0,6,7": 0.4244087338447571,
    "1,2,3": 0.3869231641292572,
    "1,2,4": 0.4103713035583496,
    "1,2,5": 0.40818071365356445,
    "1,2,6": 0.36875849962234497,
    "1,2,7": 0.2940366268157959,
    "1,3,4": 0.3162161111831665,
    "1,3,5": 0.313947468996048,
    "1,3,6": 0.39705321192741394,
    "1,3,7": 0.3802861273288727,
    "1,4,5": 0.36019647121429443,
    "1,4,6": 0.3770166337490082,
    "1,4,7": 0.42944270372390747,
    "1,5,6": 0.33063292503356934,
    "1,5,7": 0.3256402909755707,
    "1,6,7": 0.36392441391944885,
    "2,3,4": 0.3443382978439331,
    "2,3,5": 0.3545764982700348,
    "2,3,6": 0.4117487072944641,
    "2,3,7": 0.39598581194877625,
    "2,4,5": 0.43664488196372986,
    "2,4,6": 0.3319324254989624,
    "2,4,7": 0.4384543001651764,
    "2,5,6": 0.33406829833984375,
    "2,5,7": 0.3858720660209656,
    "2,6,7": 0.3889442980289459,
    "3,4,5": 0.41518035531044006,
    "3,4,6": 0.31546661257743835,
    "3,4,7": 0.3716543912887573,
    "3,5,6": 0.34121644496917725,
    "3,5,7": 0.3748003840446472,
    "3,6,7": 0.4513781666755676,
    "4,5,6": 0.40057817101478577,
    "4,5,7": 0.414091020822525,
    "4,6,7": 0.38818293809890747,
    "5,6,7": 0.3957943916320801,
    "0,1,2,3": 0.3688955008983612,
    "0,1,2,4": 0.39718103408813477,
    "0,1,2,5": 0.3911731541156769,
    "0,1,2,6": 0.3654586672782898,
    "0,1,2,7": 0.4301217198371887,
    "0,1,3,4": 0.3227069675922394,
    "0,1,3,5": 0.3531372547149658,
    "0,1,3,6": 0.29357287287712097,
    "0,1,3,7": 0.3205857276916504,
    "0,1,4,5": 0.3563965857028961,
    "0,1,4,6": 0.334312379360199,
    "0,1,4,7": 0.3185533881187439,
    "0,1,5,6": 0.3435785174369812,
    "0,1,5,7": 0.3383365273475647,
    "0,1,6,7": 0.3675571084022522,
    "0,2,3,4": 0.35674330592155457,
    "0,2,3,5": 0.3256548345088959,
    "0,2,3,6": 0.3090280592441559,
    "0,2,3,7": 0.3982164263725281,
    "0,2,4,5": 0.34400153160095215,
    "0,2,4,6": 0.3759925961494446,
    "0,2,4,7": 0.37958139181137085,
    "0,2,5,6": 0.30990728735923767,
    "0,2,5,7": 0.35185128450393677,
    "0,2,6,7": 0.36272087693214417,
    "0,3,4,5": 0.3755919933319092,
    "0,3,4,6": 0.36050328612327576,
    "0,3,4,7": 0.40480875968933105,
    "0,3,5,6": 0.3607882857322693,
    "0,3,5,7": 0.36579734086990356,
    "0,3,6,7": 0.35157886147499084,
    "0,4,5,6": 0.3978290259838104,
    "0,4,5,7": 0.40442973375320435,
    "0,4,6,7": 0.3914203941822052,
    "0,5,6,7": 0.38119441270828247,
    "1,2,3,4": 0.4046497344970703,
    "1,2,3,5": 0.395846426486969,
    "1,2,3,6": 0.3006257116794586,
    "1,2,3,7": 0.3838881552219391,
    "1,2,4,5": 0.3984164595603943,
    "1,2,4,6": 0.4057837128639221,
    "1,2,4,7": 0.4421035647392273,
    "1,2,5,6": 0.393405944108963,
    "1,2,5,7": 0.43237489461898804,
    "1,2,6,7": 0.3941501975059509,
    "1,3,4,5": 0.3627414107322693,
    "1,3,4,6": 0.4055692255496979,
    "1,3,4,7": 0.43560081720352173,
    "1,3,5,6": 0.32391583919525146,
    "1,3,5,7": 0.3639705777168274,
    "1,3,6,7": 0.43091529607772827,
    "1,4,5,6": 0.3241256773471832,
    "1,4,5,7": 0.31243377923965454,
    "1,4,6,7": 0.40864577889442444,
    "1,5,6,7": 0.37627074122428894,
    "2,3,4,5": 0.3810168504714966,
    "2,3,4,6": 0.3654756546020508,
    "2,3,4,7": 0.36553114652633667,
    "2,3,5,6": 0.3953157663345337,
    "2,3,5,7": 0.35357406735420227,
    "2,3,6,7": 0.4068787097930908,
    "2,4,5,6": 0.3971852958202362,
    "2,4,5,7": 0.36230069398880005,
    "2,4,6,7": 0.4104304909706116,
    "2,5,6,7": 0.3883703351020813,
    "3,4,5,6": 0.384290486574173,
    "3,4,5,7": 0.38907840847969055,
    "3,4,6,7": 0.41582340002059937,
    "3,5,6,7": 0.32061001658439636,
    "4,5,6,7": 0.39581117033958435,
    "0,1,2,3,4": 0.3719552755355835,
    "0,1,2,3,5": 0.2992900311946869,
    "0,1,2,3,6": 0.40987080335617065,
    "0,1,2,3,7": 0.2795804440975189,
    "0,1,2,4,5": 0.2810012698173523,
    "0,1,2,4,6": 0.3781883120536804,
    "0,1,2,4,7": 0.36626723408699036,
    "0,1,2,5,6": 0.32961979508399963,
    "0,1,2,5,7": 0.35309839248657227,
    "0,1,2,6,7": 0.34001344442367554,
    "0,1,3,4,5": 0.38435113430023193,
    "0,1,3,4,6": 0.37069466710090637,
    "0,1,3,4,7": 0.4237096905708313,
    "0,1,3,5,6": 0.3475123345851898,
    "0,1,3,5,7": 0.32857030630111694,
    "0,1,3,6,7": 0.3842069208621979,
    "0,1,4,5,6": 0.3464439809322357,
    "0,1,4,5,7": 0.3854956030845642,
    "0,1,4,6,7": 0.39979416131973267,
    "0,1,5,6,7": 0.3664694130420685,
    "0,2,3,4,5": 0.32772284746170044,
    "0,2,3,4,6": 0.32888805866241455,
    "0,2,3,4,7": 0.3817857801914215,
    "0,2,3,5,6": 0.34492215514183044,
    "0,2,3,5,7": 0.3514017164707184,
    "0,2,3,6,7": 0.3778299391269684,
    "0,2,4,5,6": 0.39267516136169434,
    "0,2,4,5,7": 0.3855866491794586,
    "0,2,4,6,7": 0.3797247111797333,
    "0,2,5,6,7": 0.3639216423034668,
    "0,3,4,5,6": 0.3422655165195465,
    "0,3,4,5,7": 0.4390109181404114,
    "0,3,4,6,7": 0.38013985753059387,
    "0,3,5,6,7": 0.3868470788002014,
    "0,4,5,6,7": 0.3862019181251526,
    "1,2,3,4,5": 0.35430842638015747,
    "1,2,3,4,6": 0.38468533754348755,
    "1,2,3,4,7": 0.34076187014579773,
    "1,2,3,5,6": 0.36682194471359253,
    "1,2,3,5,7": 0.34254440665245056,
    "1,2,3,6,7": 0.3977065682411194,
    "1,2,4,5,6": 0.49094367027282715,
    "1,2,4,5,7": 0.4683639407157898,
    "1,2,4,6,7": 0.4456252455711365,
    "1,2,5,6,7": 0.3895709216594696,
    "1,3,4,5,6": 0.31790274381637573,
    "1,3,4,5,7": 0.37412020564079285,
    "1,3,4,6,7": 0.4217774271965027,
    "1,3,5,6,7": 0.3607068657875061,
    "1,4,5,6,7": 0.37962770462036133,
    "2,3,4,5,6": 0.30306750535964966,
    "2,3,4,5,7": 0.39431458711624146,
    "2,3,4,6,7": 0.4192536473274231,
    "2,3,5,6,7": 0.3509947657585144,
    "2,4,5,6,7": 0.3373907208442688,