{
  "object_name": "Game",
  "data_type": "game",
  "version": "1.4.2.dev29+g3d3c3a7e6.d20260421",
  "created_from": null,
  "description": null,
  "parameters": {},
  "timestamp": "2026-04-21T12:25:56.776719+00:00Z",
  "metadata": {
    "n_players": 8,
    "game_name": "Game_object",
    "normalization_value": 0.9179999999999999,
    "precompute_flag": false,
    "precomputed": true,
    "player_names": null
  },
  "data": {
    "Empty": 0.9179999999999999,
    "0": 2.5075,
    "1": 1.0867,
    "2": 1.0091999999999999,
    "3": 0.9179999999999999,
    "4": 0.9982999999999999,
    "5": 0.9475,
    "6": 3.0996019999999995,
    "7": 0.9003,
    "0,1": 1.9690999999999999,
    "0,2": 2.1158,
    "0,3": 2.5271,
    "0,4": 2.5195,
    "0,5": 2.9813,
    "0,6": 3.0229999999999997,
    "0,7": 2.1372,
    "1,2": 1.0791,
    "1,3": 1.0867,
    "1,4": 1.0577,
    "1,5": 1.1631,
    "1,6": 3.0963009999999995,
    "1,7": 1.0088000000000001,
    "2,3": 1.0091999999999999,
    "2,4": 1.0894999999999997,
    "2,5": 0.9766999999999999,
    "2,6": 3.1684019999999995,
    "2,7": 1.0539,
    "3,4": 0.9982999999999999,
    "3,5": 0.9475,
    "3,6": 3.0996019999999995,
    "3,7": 0.9003,
    "4,5": 1.1212,
    "4,6": 2.8425019999999996,
    "4,7": 0.8982999999999999,
    "5,6": 3.216603,
    "5,7": 1.0166,
    "6,7": 1.3051,
    "0,1,2": 1.9690999999999999,
    "0,1,3": 1.8247,
    "0,1,4": 1.8844,
    "0,1,5": 2.3225000000000002,
    "0,1,6": 3.0149,
    "0,1,7": 1.8712,
    "0,2,3": 2.1353999999999997,
    "0,2,4": 2.1158,
    "0,2,5": 2.8933999999999997,
    "0,2,6": 2.5987,
    "0,2,7": 2.0613,
    "0,3,4": 2.5391,
    "0,3,5": 2.9813,
    "0,3,6": 3.0426,
    "0,3,7": 2.1393999999999997,
    "0,4,5": 3.1102999999999996,
    "0,4,6": 3.0229999999999997,
    "0,4,7": 2.1372,
    "0,5,6": 3.0385,
    "0,5,7": 2.4688999999999997,
    "0,6,7": 2.1693000000000002,
    "1,2,3": 1.0791,
    "1,2,4": 1.0791,
    "1,2,5": 1.1557,
    "1,2,6": 3.0464009999999995,
    "1,2,7": 1.1601000000000001,
    "1,3,4": 1.0577,
    "1,3,5": 1.1631,
    "1,3,6": 3.0963009999999995,
    "1,3,7": 1.0088000000000001,
    "1,4,5": 1.239,
    "1,4,6": 2.856301,
    "1,4,7": 1.0115,
    "1,5,6": 3.2713019999999995,
    "1,5,7": 1.1672,
    "1,6,7": 1.2119000000000002,
    "2,3,4": 1.0894999999999997,
    "2,3,5": 0.9766999999999999,
    "2,3,6": 3.1684019999999995,
    "2,3,7": 1.0539,
    "2,4,5": 1.2849,
    "2,4,6": 2.8166019999999996,
    "2,4,7": 1.0408,
    "2,5,6": 3.3952029999999995,
    "2,5,7": 1.0586,
    "2,6,7": 1.432,
    "3,4,5": 1.1212,
    "3,4,6": 2.8425019999999996,
    "3,4,7": 0.8982999999999999,
    "3,5,6": 3.216603,
    "3,5,7": 1.0166,
    "3,6,7": 1.2969,
    "4,5,6": 3.0980029999999994,
    "4,5,7": 1.0417999999999998,
    "4,6,7": 1.1499,
    "5,6,7": 1.3005,
    "0,1,2,3": 1.8641999999999999,
    "0,1,2,4": 1.8844,
    "0,1,2,5": 2.5483000000000002,
    "0,1,2,6": 2.8962999999999997,
    "0,1,2,7": 1.8712,
    "0,1,3,4": 1.7399999999999998,
    "0,1,3,5": 2.3225000000000002,
    "0,1,3,6": 2.9949000000000003,
    "0,1,3,7": 1.7289999999999999,
    "0,1,4,5": 2.412,
    "0,1,4,6": 2.9597,
    "0,1,4,7": 1.8212,
    "0,1,5,6": 2.703,
    "0,1,5,7": 1.6648000000000003,
    "0,1,6,7": 2.2615,
    "0,2,3,4": 2.1353999999999997,
    "0,2,3,5": 2.8933999999999997,
    "0,2,3,6": 2.6183,
    "0,2,3,7": 2.0635000000000003,
    "0,2,4,5": 2.9095999999999997,
    "0,2,4,6": 2.5987,
    "0,2,4,7": 2.0613,
    "0,2,5,6": 3.0384,
    "0,2,5,7": 2.2907,
    "0,2,6,7": 2.0780000000000003,
    "0,3,4,5": 3.1102999999999996,
    "0,3,4,6": 3.0426,
    "0,3,4,7": 2.1393999999999997,
    "0,3,5,6": 3.0385,
    "0,3,5,7": 2.4711,
    "0,3,6,7": 2.1693000000000002,
    "0,4,5,6": 3.3433,
    "0,4,5,7": 2.5210999999999997,
    "0,4,6,7": 2.1848,
    "0,5,6,7": 2.6853,
    "1,2,3,4": 1.0791,
    "1,2,3,5": 1.1557,
    "1,2,3,6": 3.0464009999999995,
    "1,2,3,7": 1.1601000000000001,
    "1,2,4,5": 1.2284000000000002,
    "1,2,4,6": 2.809001,
    "1,2,4,7": 1.1601000000000001,
    "1,2,5,6": 3.4000019999999993,
    "1,2,5,7": 1.3097,
    "1,2,6,7": 1.3717000000000001,
    "1,3,4,5": 1.239,
    "1,3,4,6": 2.856301,
    "1,3,4,7": 1.0115,
    "1,3,5,6": 3.2713019999999995,
    "1,3,5,7": 1.1672,
    "1,3,6,7": 1.2037,
    "1,4,5,6": 3.054902,
    "1,4,5,7": 1.1751999999999998,
    "1,4,6,7": 1.1747,
    "1,5,6,7": 1.3208000000000002,
    "2,3,4,5": 1.2849,
    "2,3,4,6": 2.8166019999999996,
    "2,3,4,7": 1.0408,
    "2,3,5,6": 3.3952029999999995,
    "2,3,5,7": 1.0586,
    "2,3,6,7": 1.432,
    "2,4,5,6": 3.3933029999999995,
    "2,4,5,7": 1.2543000000000002,
    "2,4,6,7": 1.2231999999999998,
    "2,5,6,7": 1.3304000000000002,
    "3,4,5,6": 3.0980029999999994,
    "3,4,5,7": 1.0417999999999998,
    "3,4,6,7": 1.1416999999999997,
    "3,5,6,7": 1.2923000000000002,
    "4,5,6,7": 1.3089,
    "0,1,2,3,4": 1.7795,
    "0,1,2,3,5": 2.5483000000000002,
    "0,1,2,3,6": 2.863,
    "0,1,2,3,7": 1.7685000000000002,
    "0,1,2,4,5": 2.8572010000000003,
    "0,1,2,4,6": 2.8411,
    "0,1,2,4,7": 1.8212,
    "0,1,2,5,6": 3.1690009999999997,
    "0,1,2,5,7": 1.9735000000000003,
    "0,1,2,6,7": 2.3686999999999996,
    "0,1,3,4,5": 2.412,
    "0,1,3,4,6": 2.9397,
    "0,1,3,4,7": 1.6789999999999998,
    "0,1,3,5,6": 2.703,
    "0,1,3,5,7": 1.6670000000000003,
    "0,1,3,6,7": 2.2414999999999994,
    "0,1,4,5,6": 2.8447999999999998,
    "0,1,4,5,7": 2.0738,
    "0,1,4,6,7": 2.3081000000000005,
    "0,1,5,6,7": 2.1474,
    "0,2,3,4,5": 2.9095999999999997,
    "0,2,3,4,6": 2.6183,
    "0,2,3,4,7": 2.0635000000000003,
    "0,2,3,5,6": 3.0384,
    "0,2,3,5,7": 2.2929,
    "0,2,3,6,7": 2.0780000000000003,
    "0,2,4,5,6": 3.3091,
    "0,2,4,5,7": 2.2541,
    "0,2,4,6,7": 2.0828,
    "0,2,5,6,7": 2.5674,
    "0,3,4,5,6": 3.3433,
    "0,3,4,5,7": 2.5233,
    "0,3,4,6,7": 2.1848,
    "0,3,5,6,7": 2.8145,
    "0,4,5,6,7": 2.7460999999999998,
    "1,2,3,4,5": 1.2284000000000002,
    "1,2,3,4,6": 2.809001,
    "1,2,3,4,7": 1.1601000000000001,
    "1,2,3,5,6": 3.4000019999999993,
    "1,2,3,5,7": 1.3097,
    "1,2,3,6,7": 1.3717000000000001,
    "1,2,4,5,6": 3.1626019999999997,
    "1,2,4,5,7": 1.314,
    "1,2,4,6,7": 1.3313000000000001,
    "1,2,5,6,7": 1.4146000000000003,
    "1,3,4,5,6": 3.054902,
    "1,3,4,5,7": 1.1751999999999998,
    "1,3,4,6,7": 1.1665,
    "1,3,5,6,7": 1.3126000000000002,
    "1,4,5,6,7": 1.3351000000000002,
    "2,3,4,5,6": 3.3933029999999995,
    "2,3,4,5,7": 1.2543000000000002,
    "2,3,4,6,7": 1.2231999999999998,
    "2,3,5,6,7": 1.3304000000000002,
    "2,4,5,6,7": 1.5063,
    "3,4,5,6,7": 1.3007,
    "0,1,2,3,4,5": 2.710001,
    "0,1,2,3,4,6": 2.8078,
    "0,1,2,3,4,7": 1.7185000000000001,
    "0,1,2,3,5,6": 3.1690009999999997,
    "0,1,2,3,5,7": 1.9757000000000002,
    "0,1,2,3,6,7": 2.3354,
    "0,1,2,4,5,6": 3.477702,
    "0,1,2,4,5,7": 2.803302,
    "0,1,2,4,6,7": 2.3502,
    "0,1,2,5,6,7": 2.9793019999999997,
    "0,1,3,4,5,6": 2.8447999999999998,
    "0,1,3,4,5,7": 2.076,
    "0,1,3,4,6,7": 2.2881,
    "0,1,3,5,6,7": 2.2765999999999997,
    "0,1,4,5,6,7": 2.5989999999999998,
    "0,2,3,4,5,6": 3.3091,
    "0,2,3,4,5,7": 2.2563,
    "0,2,3,4,6,7": 2.0828,
    "0,2,3,5,6,7": 2.5674,
    "0,2,4,5,6,7": 2.6217999999999995,
    "0,3,4,5,6,7": 2.8752999999999997,
    "1,2,3,4,5,6": 3.1626019999999997,
    "1,2,3,4,5,7": 1.314,
    "1,2,3,4,6,7": 1.3313000000000001,
    "1,2,3,5,6,7": 1.4146000000000003,
    "1,2,4,5,6,7": 1.3881000000000001,
    "1,3,4,5,6,7": 1.3269,
    "2,3,4,5,6,7": 1.5063,
    "0,1,2,3,4,5,6": 3.330502,
    "0,1,2,3,4,5,7": 2.6104010000000004,
    "0,1,2,3,4,6,7": 2.3169000000000004,
    "0,1,2,3,5,6,7": 2.9793019999999997,
    "0,1,2,4,5,6,7": 3.806703999999999,
    "0,1,3,4,5,6,7": 2.7282,
    "0,2,3,4,5,6,7": 2.6217999999999995,
    "1,2,3,4,5,6,7": 1.3881000000000001,
    "0,1,2,3,4,5,6,7": 3.6116029999999997
  }
}
