{
  "object_name": "Game",
  "data_type": "game",
  "version": "1.4.2.dev29+g3d3c3a7e6.d20260421",
  "created_from": null,
  "description": null,
  "parameters": {},
  "timestamp": "2026-04-21T12:25:56.615885+00:00Z",
  "metadata": {
    "n_players": 8,
    "game_name": "Game_object",
    "normalization_value": 0.24609795212745667,
    "precompute_flag": false,
    "precomputed": true,
    "player_names": null
  },
  "data": {
    "Empty": 0.2571379542350769,
    "0": 0.20468752086162567,
    "1": 0.19639238715171814,
    "2": 0.2868947386741638,
    "3": 0.1473328024148941,
    "4": 0.16942931711673737,
    "5": 0.26203563809394836,
    "6": 0.19461634755134583,
    "7": 0.20183423161506653,
    "0,1": 0.2366655319929123,
    "0,2": 0.2260090410709381,
    "0,3": 0.1990935355424881,
    "0,4": 0.20592693984508514,
    "0,5": 0.3180258274078369,
    "0,6": 0.19279086589813232,
    "0,7": 0.2088325023651123,
    "1,2": 0.2809620797634125,
    "1,3": 0.22792479395866394,
    "1,4": 0.11788766086101532,
    "1,5": 0.23047704994678497,
    "1,6": 0.18783079087734222,
    "1,7": 0.22828646004199982,
    "2,3": 0.21404170989990234,
    "2,4": 0.2934628427028656,
    "2,5": 0.26658135652542114,
    "2,6": 0.22186899185180664,
    "2,7": 0.18618527054786682,
    "3,4": 0.24149999022483826,
    "3,5": 0.23088499903678894,
    "3,6": 0.19037850201129913,
    "3,7": 0.20208528637886047,
    "4,5": 0.19691309332847595,
    "4,6": 0.15753069519996643,
    "4,7": 0.233468696475029,
    "5,6": 0.2147258073091507,
    "5,7": 0.24046310782432556,
    "6,7": 0.18841800093650818,
    "0,1,2": 0.23917965590953827,
    "0,1,3": 0.22877123951911926,
    "0,1,4": 0.23426684737205505,
    "0,1,5": 0.24903230369091034,
    "0,1,6": 0.183359757065773,
    "0,1,7": 0.25437337160110474,
    "0,2,3": 0.255837082862854,
    "0,2,4": 0.25499260425567627,
    "0,2,5": 0.23148992657661438,
    "0,2,6": 0.20626577734947205,
    "0,2,7": 0.22725999355316162,
    "0,3,4": 0.24459998309612274,
    "0,3,5": 0.2550906538963318,
    "0,3,6": 0.18404445052146912,
    "0,3,7": 0.19789911806583405,
    "0,4,5": 0.2369382679462433,
    "0,4,6": 0.20332551002502441,
    "0,4,7": 0.19083468616008759,
    "0,5,6": 0.19501034915447235,
    "0,5,7": 0.19304029643535614,
    "0,6,7": 0.184785857796669,
    "1,2,3": 0.3204922378063202,
    "1,2,4": 0.27151957154273987,
    "1,2,5": 0.2541014850139618,
    "1,2,6": 0.1997104287147522,
    "1,2,7": 0.21577009558677673,
    "1,3,4": 0.3120942711830139,
    "1,3,5": 0.22214773297309875,
    "1,3,6": 0.19485335052013397,
    "1,3,7": 0.18238843977451324,
    "1,4,5": 0.2634022831916809,
    "1,4,6": 0.20882201194763184,
    "1,4,7": 0.20783181488513947,
    "1,5,6": 0.1837768256664276,
    "1,5,7": 0.21220727264881134,
    "1,6,7": 0.17025378346443176,
    "2,3,4": 0.2446494996547699,
    "2,3,5": 0.22701171040534973,
    "2,3,6": 0.2054966241121292,
    "2,3,7": 0.22712048888206482,
    "2,4,5": 0.20459763705730438,
    "2,4,6": 0.17931118607521057,
    "2,4,7": 0.230645090341568,
    "2,5,6": 0.21205592155456543,
    "2,5,7": 0.2093052864074707,
    "2,6,7": 0.15308557450771332,
    "3,4,5": 0.28949275612831116,
    "3,4,6": 0.18489423394203186,
    "3,4,7": 0.17775461077690125,
    "3,5,6": 0.22403331100940704,
    "3,5,7": 0.26813626289367676,
    "3,6,7": 0.1951521337032318,
    "4,5,6": 0.18207980692386627,
    "4,5,7": 0.22817225754261017,
    "4,6,7": 0.17735105752944946,
    "5,6,7": 0.16830500960350037,
    "0,1,2,3": 0.27280139923095703,
    "0,1,2,4": 0.24778597056865692,
    "0,1,2,5": 0.286399245262146,
    "0,1,2,6": 0.1780281364917755,
    "0,1,2,7": 0.2247268408536911,
    "0,1,3,4": 0.2578004002571106,
    "0,1,3,5": 0.23972150683403015,
    "0,1,3,6": 0.17811229825019836,
    "0,1,3,7": 0.20665431022644043,
    "0,1,4,5": 0.2888529300689697,
    "0,1,4,6": 0.19805866479873657,
    "0,1,4,7": 0.22146275639533997,
    "0,1,5,6": 0.17288517951965332,
    "0,1,5,7": 0.23730012774467468,
    "0,1,6,7": 0.1960073560476303,
    "0,2,3,4": 0.23309656977653503,
    "0,2,3,5": 0.24142363667488098,
    "0,2,3,6": 0.1738562285900116,
    "0,2,3,7": 0.24561257660388947,
    "0,2,4,5": 0.25848397612571716,
    "0,2,4,6": 0.21374812722206116,
    "0,2,4,7": 0.21596798300743103,
    "0,2,5,6": 0.19481919705867767,
    "0,2,5,7": 0.29332080483436584,
    "0,2,6,7": 0.18121498823165894,
    "0,3,4,5": 0.25268226861953735,
    "0,3,4,6": 0.2047315090894699,
    "0,3,4,7": 0.20570790767669678,
    "0,3,5,6": 0.20798560976982117,
    "0,3,5,7": 0.19726136326789856,
    "0,3,6,7": 0.19905485212802887,
    "0,4,5,6": 0.16939571499824524,
    "0,4,5,7": 0.25295722484588623,
    "0,4,6,7": 0.14923615753650665,
    "0,5,6,7": 0.17157453298568726,
    "1,2,3,4": 0.31731438636779785,
    "1,2,3,5": 0.23440566658973694,
    "1,2,3,6": 0.19094409048557281,
    "1,2,3,7": 0.22735366225242615,
    "1,2,4,5": 0.2637554407119751,
    "1,2,4,6": 0.20462708175182343,
    "1,2,4,7": 0.25293904542922974,
    "1,2,5,6": 0.21993324160575867,
    "1,2,5,7": 0.26030248403549194,
    "1,2,6,7": 0.23668272793293,
    "1,3,4,5": 0.2682131230831146,
    "1,3,4,6": 0.18478801846504211,
    "1,3,4,7": 0.23324990272521973,
    "1,3,5,6": 0.2179267704486847,
    "1,3,5,7": 0.20904573798179626,
    "1,3,6,7": 0.20065930485725403,
    "1,4,5,6": 0.19318391382694244,
    "1,4,5,7": 0.2101062834262848,
    "1,4,6,7": 0.17384545505046844,
    "1,5,6,7": 0.1767176389694214,
    "2,3,4,5": 0.25432634353637695,
    "2,3,4,6": 0.2214016616344452,
    "2,3,4,7": 0.24219945073127747,
    "2,3,5,6": 0.2446363866329193,
    "2,3,5,7": 0.18218056857585907,
    "2,3,6,7": 0.15734520554542542,
    "2,4,5,6": 0.20934215188026428,
    "2,4,5,7": 0.19690050184726715,
    "2,4,6,7": 0.20712706446647644,
    "2,5,6,7": 0.19453345239162445,
    "3,4,5,6": 0.158186674118042,
    "3,4,5,7": 0.193956658244133,
    "3,4,6,7": 0.16453823447227478,
    "3,5,6,7": 0.1455777883529663,
    "4,5,6,7": 0.18125735223293304,
    "0,1,2,3,4": 0.2750049829483032,
    "0,1,2,3,5": 0.26157909631729126,
    "0,1,2,3,6": 0.21442559361457825,
    "0,1,2,3,7": 0.2455020248889923,
    "0,1,2,4,5": 0.3049721121788025,
    "0,1,2,4,6": 0.17915062606334686,
    "0,1,2,4,7": 0.21197406947612762,
    "0,1,2,5,6": 0.19576027989387512,
    "0,1,2,5,7": 0.26263532042503357,
    "0,1,2,6,7": 0.22400951385498047,
    "0,1,3,4,5": 0.24149294197559357,
    "0,1,3,4,6": 0.20879311859607697,
    "0,1,3,4,7": 0.2098401039838791,
    "0,1,3,5,6": 0.21267223358154297,
    "0,1,3,5,7": 0.21027913689613342,
    "0,1,3,6,7": 0.19369801878929138,
    "0,1,4,5,6": 0.19612102210521698,
    "0,1,4,5,7": 0.291103720664978,
    "0,1,4,6,7": 0.2053130865097046,
    "0,1,5,6,7": 0.19779765605926514,
    "0,2,3,4,5": 0.3138190805912018,
    "0,2,3,4,6": 0.20415160059928894,
    "0,2,3,4,7": 0.24522852897644043,
    "0,2,3,5,6": 0.20116464793682098,
    "0,2,3,5,7": 0.22265999019145966,
    "0,2,3,6,7": 0.19220256805419922,
    "0,2,4,5,6": 0.20162589848041534,
    "0,2,4,5,7": 0.2386290580034256,
    "0,2,4,6,7": 0.1982613354921341,
    "0,2,5,6,7": 0.1905960887670517,
    "0,3,4,5,6": 0.16816197335720062,
    "0,3,4,5,7": 0.1645306497812271,
    "0,3,4,6,7": 0.16169074177742004,
    "0,3,5,6,7": 0.13739272952079773,
    "0,4,5,6,7": 0.16580280661582947,
    "1,2,3,4,5": 0.27156177163124084,
    "1,2,3,4,6": 0.2034197747707367,
    "1,2,3,4,7": 0.2705996632575989,
    "1,2,3,5,6": 0.21162422001361847,
    "1,2,3,5,7": 0.2043171375989914,
    "1,2,3,6,7": 0.2037232369184494,
    "1,2,4,5,6": 0.23224878311157227,
    "1,2,4,5,7": 0.25756096839904785,
    "1,2,4,6,7": 0.18623080849647522,
    "1,2,5,6,7": 0.22056162357330322,
    "1,3,4,5,6": 0.2042444497346878,
    "1,3,4,5,7": 0.1857195645570755,
    "1,3,4,6,7": 0.16930672526359558,
    "1,3,5,6,7": 0.2467992752790451,
    "1,4,5,6,7": 0.18584713339805603,
    "2,3,4,5,6": 0.2153526097536087,
    "2,3,4,5,7": 0.27217966318130493,
    "2,3,4,6,7": 0.2002565860748291,
    "2,3,5,6,7": 0.19828882813453674,