{
  "object_name": "Game",
  "data_type": "game",
  "version": "1.4.2.dev29+g3d3c3a7e6.d20260421",
  "created_from": null,
  "description": null,
  "parameters": {},
  "timestamp": "2026-04-21T12:25:56.590842+00:00Z",
  "metadata": {
    "n_players": 8,
    "game_name": "Game_object",
    "normalization_value": 1.095975637435913,
    "precompute_flag": false,
    "precomputed": true,
    "player_names": null
  },
  "data": {
    "Empty": 1.095975637435913,
    "0": 0.7528707981109619,
    "1": 1.1488580703735352,
    "2": 1.1049015522003174,
    "3": 1.1229273080825806,
    "4": 1.1347999572753906,
    "5": 0.8689514398574829,
    "6": 4.377470016479492,
    "7": 0.12640145421028137,
    "0,1": 0.7702502012252808,
    "0,2": 0.733801007270813,
    "0,3": 1.275495171546936,
    "0,4": 0.7739883661270142,
    "0,5": 0.6839020252227783,
    "0,6": 4.907895088195801,
    "0,7": 0.41527900099754333,
    "1,2": 1.1599130630493164,
    "1,3": 1.1777098178863525,
    "1,4": 1.1876826286315918,
    "1,5": 0.9218339920043945,
    "1,6": 4.154442310333252,
    "1,7": 0.35761481523513794,
    "2,3": 1.1215544939041138,
    "2,4": 1.155427098274231,
    "2,5": 0.8521636724472046,
    "2,6": 4.037695407867432,
    "2,7": 0.13693872094154358,
    "3,4": 1.1033836603164673,
    "3,5": 0.9321698546409607,
    "3,6": 4.222403049468994,
    "3,7": 0.12038051337003708,
    "4,5": 0.9363511800765991,
    "4,6": 4.747454643249512,
    "4,7": 0.15744084119796753,
    "5,6": 4.280169486999512,
    "5,7": -0.008272376842796803,
    "6,7": 0.6727392077445984,
    "0,1,2": 0.767382025718689,
    "0,1,3": 1.7311705350875854,
    "0,1,4": 0.791367769241333,
    "0,1,5": 0.7012813091278076,
    "0,1,6": 4.192331790924072,
    "0,1,7": 0.5291658043861389,
    "0,2,3": 0.7614325881004333,
    "0,2,4": 0.7330440282821655,
    "0,2,5": 0.7185666561126709,
    "0,2,6": 4.272427082061768,
    "0,2,7": 0.4530884027481079,
    "0,3,4": 1.0718766450881958,
    "0,3,5": 1.0779838562011719,
    "0,3,6": 4.868745803833008,
    "0,3,7": 0.9414005875587463,
    "0,4,5": 0.7335948944091797,
    "0,4,6": 5.337608337402344,
    "0,4,7": 0.42861148715019226,
    "0,5,6": 4.511458873748779,
    "0,5,7": 0.34973251819610596,
    "0,6,7": 0.575350284576416,
    "1,2,3": 1.1362955570220947,
    "1,2,4": 1.21043860912323,
    "1,2,5": 0.9071751832962036,
    "1,2,6": 3.8372409343719482,
    "1,2,7": 0.4374626576900482,
    "1,3,4": 1.1581661701202393,
    "1,3,5": 0.9869523644447327,
    "1,3,6": 3.936236619949341,
    "1,3,7": 0.3659219741821289,
    "1,4,5": 0.9892337322235107,
    "1,4,6": 4.640822887420654,
    "1,4,7": 0.3913777768611908,
    "1,5,6": 4.05714225769043,
    "1,5,7": 0.20483143627643585,
    "1,6,7": 0.7745075821876526,
    "2,3,4": 1.1337182521820068,
    "2,3,5": 0.8703257441520691,
    "2,3,6": 3.905144453048706,
    "2,3,7": 0.1381499171257019,
    "2,4,5": 0.8727889060974121,
    "2,4,6": 4.4081711769104,
    "2,4,7": 0.16490058600902557,
    "2,5,6": 3.8714962005615234,
    "2,5,7": 0.13885080814361572,
    "2,6,7": 0.6325855255126953,
    "3,4,5": 0.9684380888938904,
    "3,4,6": 4.534018516540527,
    "3,4,7": 0.11926339566707611,
    "3,5,6": 4.18278694152832,
    "3,5,7": 0.021973272785544395,
    "3,6,7": 0.6097817420959473,
    "4,5,6": 4.650153636932373,
    "4,5,7": 0.05134234204888344,
    "4,6,7": 0.6953343749046326,
    "5,6,7": 0.7219773530960083,
    "0,1,2,3": 0.9387771487236023,
    "0,1,2,4": 0.7666250467300415,
    "0,1,2,5": 0.7576143741607666,
    "0,1,2,6": 3.5935091972351074,
    "0,1,2,7": 0.5251136422157288,
    "0,1,3,4": 1.5275518894195557,
    "0,1,3,5": 1.213958740234375,
    "0,1,3,6": 4.490937232971191,
    "0,1,3,7": 1.5325936079025269,
    "0,1,4,5": 0.7509742975234985,
    "0,1,4,6": 4.738439559936523,
    "0,1,4,7": 0.545221745967865,
    "0,1,5,6": 3.795895576477051,
    "0,1,5,7": 0.4455098509788513,
    "0,1,6,7": 0.5880283117294312,
    "0,2,3,4": 0.7275057435035706,
    "0,2,3,5": 0.7196415066719055,
    "0,2,3,6": 4.082522869110107,
    "0,2,3,7": 0.5199299454689026,
    "0,2,4,5": 0.6879096031188965,
    "0,2,4,6": 4.680263996124268,
    "0,2,4,7": 0.44097599387168884,
    "0,2,5,6": 4.119682788848877,
    "0,2,5,7": 0.42573070526123047,
    "0,2,6,7": 0.5294495224952698,
    "0,3,4,5": 0.9301767945289612,
    "0,3,4,6": 5.073723316192627,
    "0,3,4,7": 0.756208598613739,
    "0,3,5,6": 4.6334228515625,
    "0,3,5,7": 0.7473114132881165,
    "0,3,6,7": 1.1342154741287231,
    "0,4,5,6": 4.941170692443848,
    "0,4,5,7": 0.391640305519104,
    "0,4,6,7": 0.5763503313064575,
    "0,5,6,7": 0.6639522314071655,
    "1,2,3,4": 1.0915091037750244,
    "1,2,3,5": 0.8850666880607605,
    "1,2,3,6": 3.5993812084198,
    "1,2,3,7": 0.41083139181137085,
    "1,2,4,5": 0.9278005361557007,
    "1,2,4,6": 4.207716464996338,
    "1,2,4,7": 0.4681479036808014,
    "1,2,5,6": 3.671041965484619,
    "1,2,5,7": 0.4484275281429291,
    "1,2,6,7": 0.7550647258758545,
    "1,3,4,5": 1.0232208967208862,
    "1,3,4,6": 4.364248752593994,
    "1,3,4,7": 0.4109072685241699,
    "1,3,5,6": 3.896620988845825,
    "1,3,5,7": 0.2494051456451416,
    "1,3,6,7": 0.7610588073730469,
    "1,4,5,6": 4.543521404266357,
    "1,4,5,7": 0.267169713973999,
    "1,4,6,7": 0.788672149181366,
    "1,5,6,7": 0.8056361675262451,
    "2,3,4,5": 0.9684529900550842,
    "2,3,4,6": 4.237258434295654,
    "2,3,4,7": 0.1539614349603653,
    "2,3,5,6": 3.8050572872161865,
    "2,3,5,7": 0.14157098531723022,
    "2,3,6,7": 0.5601096749305725,
    "2,4,5,6": 4.183496475219727,
    "2,4,5,7": 0.1828143298625946,
    "2,4,6,7": 0.6607242822647095,
    "2,5,6,7": 0.775225043296814,
    "3,4,5,6": 4.500221252441406,
    "3,4,5,7": 0.07666808366775513,
    "3,4,6,7": 0.6002203822135925,
    "3,5,6,7": 0.621849000453949,
    "4,5,6,7": 0.7445725202560425,
    "0,1,2,3,4": 0.9048503041267395,
    "0,1,2,3,5": 0.9024527668952942,
    "0,1,2,3,6": 3.4468278884887695,
    "0,1,2,3,7": 0.7747288346290588,
    "0,1,2,4,5": 0.7269574403762817,
    "0,1,2,4,6": 4.001346588134766,
    "0,1,2,4,7": 0.5157248377799988,
    "0,1,2,5,6": 3.4675490856170654,
    "0,1,2,5,7": 0.5122755169868469,
    "0,1,2,6,7": 0.5340521335601807,
    "0,1,3,4,5": 1.0661519765853882,
    "0,1,3,4,6": 4.812310695648193,
    "0,1,3,4,7": 1.3935041427612305,
    "0,1,3,5,6": 3.9359145164489746,
    "0,1,3,5,7": 1.0006941556930542,
    "0,1,3,6,7": 1.5972949266433716,
    "0,1,4,5,6": 4.342005252838135,
    "0,1,4,5,7": 0.4901411533355713,
    "0,1,4,6,7": 0.5805977582931519,
    "0,1,5,6,7": 0.6585206985473633,
    "0,2,3,4,5": 0.7716785073280334,
    "0,2,3,4,6": 4.457190036773682,
    "0,2,3,4,7": 0.5008593201637268,
    "0,2,3,5,6": 3.924640417098999,
    "0,2,3,5,7": 0.466015487909317,
    "0,2,3,6,7": 0.6852319836616516,
    "0,2,4,5,6": 4.469044208526611,
    "0,2,4,5,7": 0.4296199381351471,
    "0,2,4,6,7": 0.5136259198188782,
    "0,2,5,6,7": 0.6646871566772461,
    "0,3,4,5,6": 4.844216823577881,
    "0,3,4,5,7": 0.6179311871528625,
    "0,3,4,6,7": 0.9366908669471741,
    "0,3,5,6,7": 1.0506006479263306,
    "0,4,5,6,7": 0.664952278137207,
    "1,2,3,4,5": 0.9262440800666809,
    "1,2,3,4,6": 3.874545097351074,
    "1,2,3,4,7": 0.41579535603523254,
    "1,2,3,5,6": 3.499293565750122,
    "1,2,3,5,7": 0.42330533266067505,
    "1,2,3,6,7": 0.6899271011352539,
    "1,2,4,5,6": 3.9830422401428223,
    "1,2,4,5,7": 0.4951144754886627,
    "1,2,4,6,7": 0.7747728824615479,
    "1,2,5,6,7": 0.9067570567131042,
    "1,3,4,5,6": 4.330451011657715,
    "1,3,4,5,7": 0.35020238161087036,
    "1,3,4,6,7": 0.7864457964897156,
    "1,3,5,6,7": 0.7550165057182312,
    "1,4,5,6,7": 0.8198007345199585,
    "2,3,4,5,6": 4.173141002655029,
    "2,3,4,5,7": 0.195881649851799,
    "2,3,4,6,7": 0.5760980844497681,
    "2,3,5,6,7": 0.6740052700042725,
    "2,4,5,6,7": 0.7907900214195251,
    "3,4,5,6,7": 0.618105947971344,
    "0,1,2,3,4,5": 0.9544897675514221,
    "0,1,2,3,4,6": 3.821495294570923,
    "0,1,2,3,4,7": 0.8017606139183044,