{
  "object_name": "Game",
  "data_type": "game",
  "version": "1.4.2.dev29+g3d3c3a7e6.d20260421",
  "created_from": null,
  "description": null,
  "parameters": {},
  "timestamp": "2026-04-21T12:25:56.550324+00:00Z",
  "metadata": {
    "n_players": 8,
    "game_name": "Game_object",
    "normalization_value": 2.0434510707855225,
    "precompute_flag": false,
    "precomputed": true,
    "player_names": null
  },
  "data": {
    "Empty": 2.656158208847046,
    "0": 2.3030548095703125,
    "1": 2.4568634033203125,
    "2": 2.8674027919769287,
    "3": 2.823744058609009,
    "4": 2.8081512451171875,
    "5": 2.5403056144714355,
    "6": 2.639049768447876,
    "7": 2.543447256088257,
    "0,1": 2.4484143257141113,
    "0,2": 2.2719082832336426,
    "0,3": 2.2927699089050293,
    "0,4": 2.6360068321228027,
    "0,5": 2.7579541206359863,
    "0,6": 2.5632784366607666,
    "0,7": 2.4563803672790527,
    "1,2": 2.694645643234253,
    "1,3": 2.594003200531006,
    "1,4": 2.441525459289551,
    "1,5": 2.0898871421813965,
    "1,6": 2.5891220569610596,
    "1,7": 2.6272435188293457,
    "2,3": 2.2925639152526855,
    "2,4": 2.737582206726074,
    "2,5": 2.457185745239258,
    "2,6": 2.4685561656951904,
    "2,7": 2.1257786750793457,
    "3,4": 2.279782772064209,
    "3,5": 2.4811129570007324,
    "3,6": 1.9418262243270874,
    "3,7": 2.140338182449341,
    "4,5": 2.3330254554748535,
    "4,6": 2.2328333854675293,
    "4,7": 2.6313059329986572,
    "5,6": 2.618906021118164,
    "5,7": 2.379173755645752,
    "6,7": 2.373633861541748,
    "0,1,2": 2.1957743167877197,
    "0,1,3": 2.366407871246338,
    "0,1,4": 2.194436550140381,
    "0,1,5": 2.537153720855713,
    "0,1,6": 2.244863986968994,
    "0,1,7": 2.3880789279937744,
    "0,2,3": 2.383296489715576,
    "0,2,4": 2.07045316696167,
    "0,2,5": 2.3479793071746826,
    "0,2,6": 2.574385166168213,
    "0,2,7": 2.3813071250915527,
    "0,3,4": 2.6584317684173584,
    "0,3,5": 2.4561867713928223,
    "0,3,6": 2.6455843448638916,
    "0,3,7": 2.400026798248291,
    "0,4,5": 2.66182541847229,
    "0,4,6": 2.709453582763672,
    "0,4,7": 2.367823600769043,
    "0,5,6": 2.3324427604675293,
    "0,5,7": 2.448869228363037,
    "0,6,7": 2.3223822116851807,
    "1,2,3": 2.539259672164917,
    "1,2,4": 2.2583811283111572,
    "1,2,5": 2.396669864654541,
    "1,2,6": 1.9697186946868896,
    "1,2,7": 2.4989638328552246,
    "1,3,4": 2.538144588470459,
    "1,3,5": 2.429610013961792,
    "1,3,6": 2.367948055267334,
    "1,3,7": 2.46933913230896,
    "1,4,5": 2.4718170166015625,
    "1,4,6": 2.341421604156494,
    "1,4,7": 2.4476423263549805,
    "1,5,6": 2.3795766830444336,
    "1,5,7": 2.500457763671875,
    "1,6,7": 2.1954073905944824,
    "2,3,4": 2.616206169128418,
    "2,3,5": 2.3274543285369873,
    "2,3,6": 2.4497363567352295,
    "2,3,7": 2.319753646850586,
    "2,4,5": 2.3316075801849365,
    "2,4,6": 2.153773784637451,
    "2,4,7": 2.5431008338928223,
    "2,5,6": 2.2731218338012695,
    "2,5,7": 2.371359348297119,
    "2,6,7": 2.1823270320892334,
    "3,4,5": 2.3004093170166016,
    "3,4,6": 2.6737635135650635,
    "3,4,7": 2.419250011444092,
    "3,5,6": 2.5663249492645264,
    "3,5,7": 2.508890390396118,
    "3,6,7": 2.011971950531006,
    "4,5,6": 2.7225916385650635,
    "4,5,7": 2.466813325881958,
    "4,6,7": 2.352722644805908,
    "5,6,7": 2.319047451019287,
    "0,1,2,3": 2.4306118488311768,
    "0,1,2,4": 2.266449451446533,
    "0,1,2,5": 2.3293280601501465,
    "0,1,2,6": 2.108218193054199,
    "0,1,2,7": 2.324740409851074,
    "0,1,3,4": 2.5287270545959473,
    "0,1,3,5": 2.5974292755126953,
    "0,1,3,6": 2.454284429550171,
    "0,1,3,7": 2.4771580696105957,
    "0,1,4,5": 2.5598604679107666,
    "0,1,4,6": 2.4775567054748535,
    "0,1,4,7": 2.6683313846588135,
    "0,1,5,6": 2.366346836090088,
    "0,1,5,7": 2.394782066345215,
    "0,1,6,7": 2.2922182083129883,
    "0,2,3,4": 2.669196605682373,
    "0,2,3,5": 2.569711685180664,
    "0,2,3,6": 2.730215072631836,
    "0,2,3,7": 2.2697067260742188,
    "0,2,4,5": 2.3227391242980957,
    "0,2,4,6": 2.5697402954101562,
    "0,2,4,7": 2.4443466663360596,
    "0,2,5,6": 2.3306262493133545,
    "0,2,5,7": 2.463613510131836,
    "0,2,6,7": 2.069648265838623,
    "0,3,4,5": 2.3670458793640137,
    "0,3,4,6": 2.6026101112365723,
    "0,3,4,7": 2.411726951599121,
    "0,3,5,6": 2.4108166694641113,
    "0,3,5,7": 2.418734073638916,
    "0,3,6,7": 2.229069948196411,
    "0,4,5,6": 2.282714366912842,
    "0,4,5,7": 2.4810280799865723,
    "0,4,6,7": 2.3028581142425537,
    "0,5,6,7": 2.225334405899048,
    "1,2,3,4": 2.58417010307312,
    "1,2,3,5": 2.1635637283325195,
    "1,2,3,6": 2.5596764087677,
    "1,2,3,7": 2.3303399085998535,
    "1,2,4,5": 2.3518474102020264,
    "1,2,4,6": 2.454948902130127,
    "1,2,4,7": 2.289597988128662,
    "1,2,5,6": 2.4558966159820557,
    "1,2,5,7": 2.5588347911834717,
    "1,2,6,7": 2.306713104248047,
    "1,3,4,5": 2.4828484058380127,
    "1,3,4,6": 2.2932333946228027,
    "1,3,4,7": 2.4103081226348877,
    "1,3,5,6": 2.620469331741333,
    "1,3,5,7": 2.685110569000244,
    "1,3,6,7": 2.1209511756896973,
    "1,4,5,6": 2.3488259315490723,
    "1,4,5,7": 2.5896408557891846,
    "1,4,6,7": 2.5230839252471924,
    "1,5,6,7": 2.2645931243896484,
    "2,3,4,5": 2.4018731117248535,
    "2,3,4,6": 2.280590295791626,
    "2,3,4,7": 2.513105869293213,
    "2,3,5,6": 2.369611978530884,
    "2,3,5,7": 2.3168692588806152,
    "2,3,6,7": 2.0224945545196533,
    "2,4,5,6": 2.718937635421753,
    "2,4,5,7": 2.43563175201416,
    "2,4,6,7": 2.420421838760376,
    "2,5,6,7": 2.2780070304870605,
    "3,4,5,6": 2.273146390914917,
    "3,4,5,7": 2.2669785022735596,
    "3,4,6,7": 2.2139716148376465,
    "3,5,6,7": 2.2208828926086426,
    "4,5,6,7": 2.2684714794158936,
    "0,1,2,3,4": 2.143582582473755,
    "0,1,2,3,5": 2.4593863487243652,
    "0,1,2,3,6": 2.4369139671325684,
    "0,1,2,3,7": 2.3836536407470703,
    "0,1,2,4,5": 2.3177053928375244,
    "0,1,2,4,6": 2.4792723655700684,
    "0,1,2,4,7": 2.499009847640991,
    "0,1,2,5,6": 2.3358511924743652,
    "0,1,2,5,7": 2.5119900703430176,
    "0,1,2,6,7": 2.328989267349243,
    "0,1,3,4,5": 2.619544506072998,
    "0,1,3,4,6": 2.4915008544921875,
    "0,1,3,4,7": 2.5279603004455566,
    "0,1,3,5,6": 2.2091596126556396,
    "0,1,3,5,7": 2.3721513748168945,
    "0,1,3,6,7": 2.3577466011047363,
    "0,1,4,5,6": 2.276702642440796,
    "0,1,4,5,7": 2.6640684604644775,
    "0,1,4,6,7": 2.261732578277588,
    "0,1,5,6,7": 2.273136854171753,
    "0,2,3,4,5": 2.3266761302948,
    "0,2,3,4,6": 2.711733341217041,
    "0,2,3,4,7": 2.3594489097595215,
    "0,2,3,5,6": 2.6975648403167725,
    "0,2,3,5,7": 2.25831937789917,
    "0,2,3,6,7": 2.212433099746704,
    "0,2,4,5,6": 2.250727653503418,
    "0,2,4,5,7": 2.4219133853912354,
    "0,2,4,6,7": 2.1994967460632324,
    "0,2,5,6,7": 2.247650384902954,
    "0,3,4,5,6": 2.8318700790405273,
    "0,3,4,5,7": 2.2988691329956055,
    "0,3,4,6,7": 2.4136128425598145,
    "0,3,5,6,7": 2.2674739360809326,
    "0,4,5,6,7": 2.3204338550567627,
    "1,2,3,4,5": 2.551180362701416,
    "1,2,3,4,6": 2.2343945503234863,
    "1,2,3,4,7": 2.3113856315612793,
    "1,2,3,5,6": 2.1306276321411133,
    "1,2,3,5,7": 2.386645793914795,
    "1,2,3,6,7": 2.042006254196167,
    "1,2,4,5,6": 2.6555862426757812,
    "1,2,4,5,7": 2.584296703338623,
    "1,2,4,6,7": 2.223998785018921,
    "1,2,5,6,7": 2.183377265930176,
    "1,3,4,5,6": 2.337246894836426,
    "1,3,4,5,7": 2.6050429344177246,
    "1,3,4,6,7": 2.3034496307373047,
    "1,3,5,6,7": 2.2371745109558105,
    "1,4,5,6,7": 2.1582229137420654,
    "2,3,4,5,6": 2.467857837677002,
    "2,3,4,5,7": 2.5042691230773926,
    "2,3,4,6,7": 2.218440055847168,
    "2,3,5,6,7": 2.1374218463897705,
    "2,4,5,6,7": 2.2348074913024902,
    "3,4,5,6,7": 2.1128344535827637,
    "0,1,2,3,4,5": 2.5745444297790527,
    "0,1,2,3,4,6": 2.190624713897705,
    "0,1,2,3,4,7": 2.379737377166748,
    "0,1,2,3,5,6": 2.383742332458496,