{
  "object_name": "Game",
  "data_type": "game",
  "version": "1.4.2.dev29+g3d3c3a7e6.d20260421",
  "created_from": null,
  "description": null,
  "parameters": {},
  "timestamp": "2026-04-21T12:25:56.575878+00:00Z",
  "metadata": {
    "n_players": 8,
    "game_name": "Game_object",
    "normalization_value": 1.095975637435913,
    "precompute_flag": false,
    "precomputed": true,
    "player_names": null
  },
  "data": {
    "Empty": 1.095975637435913,
    "0": 1.095975637435913,
    "1": 1.3550448417663574,
    "2": 0.944326639175415,
    "3": 1.044420838356018,
    "4": 1.108489751815796,
    "5": 1.0673301219940186,
    "6": 1.1963465213775635,
    "7": 3.3300137519836426,
    "0,1": 1.3550448417663574,
    "0,2": 0.944326639175415,
    "0,3": 1.044420838356018,
    "0,4": 1.108489751815796,
    "0,5": 1.0673301219940186,
    "0,6": 1.1963465213775635,
    "0,7": 3.3300137519836426,
    "1,2": 1.2803176641464233,
    "1,3": 1.303490161895752,
    "1,4": 1.3855820894241333,
    "1,5": 1.362494707107544,
    "1,6": 1.4279649257659912,
    "1,7": 3.4811501502990723,
    "2,3": 0.8781490325927734,
    "2,4": 0.9568408131599426,
    "2,5": 0.9325740337371826,
    "2,6": 1.0711485147476196,
    "2,7": 3.3118374347686768,
    "3,4": 1.0665160417556763,
    "3,5": 1.0421421527862549,
    "3,6": 1.1493548154830933,
    "3,7": 3.2419726848602295,
    "4,5": 1.0894250869750977,
    "4,6": 1.2212669849395752,
    "4,7": 3.3336181640625,
    "5,6": 1.1178419589996338,
    "5,7": 3.354916572570801,
    "6,7": 2.427755832672119,
    "0,1,2": 1.2803176641464233,
    "0,1,3": 1.303490161895752,
    "0,1,4": 1.3855820894241333,
    "0,1,5": 1.362494707107544,
    "0,1,6": 1.4279649257659912,
    "0,1,7": 3.4811501502990723,
    "0,2,3": 0.8781490325927734,
    "0,2,4": 0.9568408131599426,
    "0,2,5": 0.9325740337371826,
    "0,2,6": 1.0711485147476196,
    "0,2,7": 3.3118374347686768,
    "0,3,4": 1.0665160417556763,
    "0,3,5": 1.0421421527862549,
    "0,3,6": 1.1493548154830933,
    "0,3,7": 3.2419726848602295,
    "0,4,5": 1.0894250869750977,
    "0,4,6": 1.2212669849395752,
    "0,4,7": 3.3336181640625,
    "0,5,6": 1.1178419589996338,
    "0,5,7": 3.354916572570801,
    "0,6,7": 2.427755832672119,
    "1,2,3": 1.2307981252670288,
    "1,2,4": 1.3108549118041992,
    "1,2,5": 1.2625150680541992,
    "1,2,6": 1.3796883821487427,
    "1,2,7": 3.454012155532837,
    "1,3,4": 1.3436082601547241,
    "1,3,5": 1.3373069763183594,
    "1,3,6": 1.380973219871521,
    "1,3,7": 3.393109083175659,
    "1,4,5": 1.4026129245758057,
    "1,4,6": 1.4709084033966064,
    "1,4,7": 3.4695231914520264,
    "1,5,6": 1.3855557441711426,
    "1,5,7": 3.5421481132507324,
    "1,6,7": 2.588348150253296,
    "2,3,4": 0.9002441167831421,
    "2,3,5": 0.8927634358406067,
    "2,3,6": 1.0095336437225342,
    "2,3,7": 3.2091736793518066,
    "2,4,5": 0.9546692371368408,
    "2,4,6": 1.0960692167282104,
    "2,4,7": 3.315441846847534,
    "2,5,6": 1.0095367431640625,
    "2,5,7": 3.3236069679260254,
    "2,6,7": 2.3649330139160156,
    "3,4,5": 1.064237356185913,
    "3,4,6": 1.1838561296463013,
    "3,4,7": 3.245577096939087,
    "3,5,6": 1.0680670738220215,
    "3,5,7": 3.2668755054473877,
    "3,6,7": 2.339714765548706,
    "4,5,6": 1.1523432731628418,
    "4,5,7": 3.358520984649658,
    "4,6,7": 2.4313602447509766,
    "5,6,7": 2.6079518795013428,
    "0,1,2,3": 1.2307981252670288,
    "0,1,2,4": 1.3108549118041992,
    "0,1,2,5": 1.2625150680541992,
    "0,1,2,6": 1.3796883821487427,
    "0,1,2,7": 3.454012155532837,
    "0,1,3,4": 1.3436082601547241,
    "0,1,3,5": 1.3373069763183594,
    "0,1,3,6": 1.380973219871521,
    "0,1,3,7": 3.393109083175659,
    "0,1,4,5": 1.4026129245758057,
    "0,1,4,6": 1.4709084033966064,
    "0,1,4,7": 3.4695231914520264,
    "0,1,5,6": 1.3855557441711426,
    "0,1,5,7": 3.5421481132507324,
    "0,1,6,7": 2.588348150253296,
    "0,2,3,4": 0.9002441167831421,
    "0,2,3,5": 0.8927634358406067,
    "0,2,3,6": 1.0095336437225342,
    "0,2,3,7": 3.2091736793518066,
    "0,2,4,5": 0.9546692371368408,
    "0,2,4,6": 1.0960692167282104,
    "0,2,4,7": 3.315441846847534,
    "0,2,5,6": 1.0095367431640625,
    "0,2,5,7": 3.3236069679260254,
    "0,2,6,7": 2.3649330139160156,
    "0,3,4,5": 1.064237356185913,
    "0,3,4,6": 1.1838561296463013,
    "0,3,4,7": 3.245577096939087,
    "0,3,5,6": 1.0680670738220215,
    "0,3,5,7": 3.2668755054473877,
    "0,3,6,7": 2.339714765548706,
    "0,4,5,6": 1.1523432731628418,
    "0,4,5,7": 3.358520984649658,
    "0,4,6,7": 2.4313602447509766,
    "0,5,6,7": 2.6079518795013428,
    "1,2,3,4": 1.270916223526001,
    "1,2,3,5": 1.2393624782562256,
    "1,2,3,6": 1.3347318172454834,
    "1,2,3,7": 3.3680062294006348,
    "1,2,4,5": 1.302633285522461,
    "1,2,4,6": 1.422631859779358,
    "1,2,4,7": 3.442385196685791,
    "1,2,5,6": 1.3120267391204834,
    "1,2,5,7": 3.459731340408325,
    "1,2,6,7": 2.5640389919281006,
    "1,3,4,5": 1.377425193786621,
    "1,3,4,6": 1.4334975481033325,
    "1,3,4,7": 3.3814821243286133,
    "1,3,5,6": 1.3357808589935303,
    "1,3,5,7": 3.4541070461273193,
    "1,3,6,7": 2.500307083129883,
    "1,4,5,6": 1.438080072402954,
    "1,4,5,7": 3.5305211544036865,
    "1,4,6,7": 2.57672119140625,
    "1,5,6,7": 2.8046393394470215,
    "2,3,4,5": 0.9148584604263306,
    "2,3,4,6": 1.0440351963043213,
    "2,3,4,7": 3.212778091430664,
    "2,3,5,6": 0.945138692855835,
    "2,3,5,7": 3.2209432125091553,
    "2,3,6,7": 2.2622692584991455,
    "2,4,5,6": 1.0440385341644287,
    "2,4,5,7": 3.327211380004883,
    "2,4,6,7": 2.368537425994873,
    "2,5,6,7": 2.5319957733154297,
    "3,4,5,6": 1.1025683879852295,
    "3,4,5,7": 3.270479917526245,
    "3,4,6,7": 2.3433191776275635,
    "3,5,6,7": 2.5199108123779297,
    "4,5,6,7": 2.6115562915802,
    "0,1,2,3,4": 1.270916223526001,
    "0,1,2,3,5": 1.2393624782562256,
    "0,1,2,3,6": 1.3347318172454834,
    "0,1,2,3,7": 3.3680062294006348,
    "0,1,2,4,5": 1.302633285522461,
    "0,1,2,4,6": 1.422631859779358,
    "0,1,2,4,7": 3.442385196685791,
    "0,1,2,5,6": 1.3120267391204834,
    "0,1,2,5,7": 3.459731340408325,
    "0,1,2,6,7": 2.5640389919281006,
    "0,1,3,4,5": 1.377425193786621,
    "0,1,3,4,6": 1.4334975481033325,
    "0,1,3,4,7": 3.3814821243286133,
    "0,1,3,5,6": 1.3357808589935303,
    "0,1,3,5,7": 3.4541070461273193,
    "0,1,3,6,7": 2.500307083129883,
    "0,1,4,5,6": 1.438080072402954,
    "0,1,4,5,7": 3.5305211544036865,
    "0,1,4,6,7": 2.57672119140625,
    "0,1,5,6,7": 2.8046393394470215,
    "0,2,3,4,5": 0.9148584604263306,
    "0,2,3,4,6": 1.0440351963043213,
    "0,2,3,4,7": 3.212778091430664,
    "0,2,3,5,6": 0.945138692855835,
    "0,2,3,5,7": 3.2209432125091553,
    "0,2,3,6,7": 2.2622692584991455,
    "0,2,4,5,6": 1.0440385341644287,
    "0,2,4,5,7": 3.327211380004883,
    "0,2,4,6,7": 2.368537425994873,
    "0,2,5,6,7": 2.5319957733154297,
    "0,3,4,5,6": 1.1025683879852295,
    "0,3,4,5,7": 3.270479917526245,
    "0,3,4,6,7": 2.3433191776275635,
    "0,3,5,6,7": 2.5199108123779297,
    "0,4,5,6,7": 2.6115562915802,
    "1,2,3,4,5": 1.2794806957244873,
    "1,2,3,4,6": 1.387256145477295,
    "1,2,3,4,7": 3.356379270553589,
    "1,2,3,5,6": 1.264286994934082,
    "1,2,3,5,7": 3.373725414276123,
    "1,2,3,6,7": 2.4780330657958984,
    "1,2,4,5,6": 1.364551067352295,
    "1,2,4,5,7": 3.4481043815612793,
    "1,2,4,6,7": 2.5524120330810547,
    "1,2,5,6,7": 2.7250514030456543,
    "1,3,4,5,6": 1.3883051872253418,
    "1,3,4,5,7": 3.4424800872802734,
    "1,3,4,6,7": 2.488680124282837,
    "1,3,5,6,7": 2.7165982723236084,
    "1,4,5,6,7": 2.7930123805999756,
    "2,3,4,5,6": 0.9796401858329773,
    "2,3,4,5,7": 3.2245476245880127,
    "2,3,4,6,7": 2.265873670578003,
    "2,3,5,6,7": 2.4293320178985596,
    "2,4,5,6,7": 2.535600185394287,
    "3,4,5,6,7": 2.523515224456787,
    "0,1,2,3,4,5": 1.2794806957244873,
    "0,1,2,3,4,6": 1.387256145477295,
    "0,1,2,3,4,7": 3.356379270553589,
    "0,1,2,3,5,6": 1.264286994934082,