{
  "object_name": "Game",
  "data_type": "game",
  "version": "1.4.2.dev29+g3d3c3a7e6.d20260421",
  "created_from": null,
  "description": null,
  "parameters": {},
  "timestamp": "2026-04-21T12:25:56.533356+00:00Z",
  "metadata": {
    "n_players": 8,
    "game_name": "Game_object",
    "normalization_value": 2.0434510707855225,
    "precompute_flag": false,
    "precomputed": true,
    "player_names": null
  },
  "data": {
    "Empty": 3.072296619415283,
    "0": 2.48884916305542,
    "1": 2.7340309619903564,
    "2": 2.5552377700805664,
    "3": 2.2219159603118896,
    "4": 2.149446964263916,
    "5": 2.6195411682128906,
    "6": 2.194887638092041,
    "7": 2.2287869453430176,
    "0,1": 2.542990207672119,
    "0,2": 2.889971971511841,
    "0,3": 3.0376083850860596,
    "0,4": 2.488065719604492,
    "0,5": 2.493177890777588,
    "0,6": 2.2347006797790527,
    "0,7": 2.1590943336486816,
    "1,2": 2.7795345783233643,
    "1,3": 2.6867098808288574,
    "1,4": 3.016749858856201,
    "1,5": 2.819098949432373,
    "1,6": 2.259369373321533,
    "1,7": 1.869619607925415,
    "2,3": 2.9974026679992676,
    "2,4": 2.6860544681549072,
    "2,5": 2.3977558612823486,
    "2,6": 2.5022671222686768,
    "2,7": 2.5929176807403564,
    "3,4": 3.026240825653076,
    "3,5": 2.5163021087646484,
    "3,6": 2.593963146209717,
    "3,7": 2.5877785682678223,
    "4,5": 2.585664749145508,
    "4,6": 2.4314305782318115,
    "4,7": 2.836205244064331,
    "5,6": 2.387260913848877,
    "5,7": 2.5374984741210938,
    "6,7": 2.1245429515838623,
    "0,1,2": 2.4303646087646484,
    "0,1,3": 2.381554126739502,
    "0,1,4": 2.472634792327881,
    "0,1,5": 2.507293939590454,
    "0,1,6": 2.44624662399292,
    "0,1,7": 2.3070244789123535,
    "0,2,3": 2.555692434310913,
    "0,2,4": 2.5269060134887695,
    "0,2,5": 2.515223741531372,
    "0,2,6": 2.3971879482269287,
    "0,2,7": 2.6617507934570312,
    "0,3,4": 2.4529879093170166,
    "0,3,5": 2.3169987201690674,
    "0,3,6": 2.2311904430389404,
    "0,3,7": 2.240537166595459,
    "0,4,5": 2.41752290725708,
    "0,4,6": 2.2543044090270996,
    "0,4,7": 2.301095962524414,
    "0,5,6": 2.3402493000030518,
    "0,5,7": 2.646061420440674,
    "0,6,7": 2.1680731773376465,
    "1,2,3": 2.4025156497955322,
    "1,2,4": 2.67512845993042,
    "1,2,5": 2.8714334964752197,
    "1,2,6": 2.292501211166382,
    "1,2,7": 2.534670114517212,
    "1,3,4": 2.4546895027160645,
    "1,3,5": 2.506209373474121,
    "1,3,6": 2.632800817489624,
    "1,3,7": 2.386579751968384,
    "1,4,5": 2.3380978107452393,
    "1,4,6": 2.6744298934936523,
    "1,4,7": 2.428558826446533,
    "1,5,6": 2.34100341796875,
    "1,5,7": 2.4234633445739746,
    "1,6,7": 1.91886305809021,
    "2,3,4": 2.70054292678833,
    "2,3,5": 2.4499220848083496,
    "2,3,6": 2.5238640308380127,
    "2,3,7": 2.403475522994995,
    "2,4,5": 2.7037062644958496,
    "2,4,6": 2.4740147590637207,
    "2,4,7": 2.3999183177948,
    "2,5,6": 2.193643808364868,
    "2,5,7": 2.6160073280334473,
    "2,6,7": 2.135862350463867,
    "3,4,5": 2.8847110271453857,
    "3,4,6": 2.41495943069458,
    "3,4,7": 2.265808582305908,
    "3,5,6": 2.417224407196045,
    "3,5,7": 2.4526548385620117,
    "3,6,7": 2.3115954399108887,
    "4,5,6": 2.200054168701172,
    "4,5,7": 1.8577182292938232,
    "4,6,7": 2.2586991786956787,
    "5,6,7": 2.4699440002441406,
    "0,1,2,3": 2.444805860519409,
    "0,1,2,4": 2.5577926635742188,
    "0,1,2,5": 2.506490468978882,
    "0,1,2,6": 2.3510379791259766,
    "0,1,2,7": 2.3855650424957275,
    "0,1,3,4": 2.179401397705078,
    "0,1,3,5": 2.1878814697265625,
    "0,1,3,6": 2.257171630859375,
    "0,1,3,7": 2.358461618423462,
    "0,1,4,5": 2.328381061553955,
    "0,1,4,6": 2.4107840061187744,
    "0,1,4,7": 1.9346473217010498,
    "0,1,5,6": 2.176206111907959,
    "0,1,5,7": 2.0698955059051514,
    "0,1,6,7": 1.9326238632202148,
    "0,2,3,4": 2.852407693862915,
    "0,2,3,5": 2.626819372177124,
    "0,2,3,6": 2.2711181640625,
    "0,2,3,7": 2.496218681335449,
    "0,2,4,5": 2.210533380508423,
    "0,2,4,6": 2.437324047088623,
    "0,2,4,7": 2.258343458175659,
    "0,2,5,6": 2.121616840362549,
    "0,2,5,7": 2.0156638622283936,
    "0,2,6,7": 2.0114827156066895,
    "0,3,4,5": 2.54356050491333,
    "0,3,4,6": 2.281038284301758,
    "0,3,4,7": 2.3167436122894287,
    "0,3,5,6": 2.334357500076294,
    "0,3,5,7": 2.189009666442871,
    "0,3,6,7": 1.9110469818115234,
    "0,4,5,6": 2.147718906402588,
    "0,4,5,7": 2.719546318054199,
    "0,4,6,7": 2.0845837593078613,
    "0,5,6,7": 2.0190656185150146,
    "1,2,3,4": 2.882431745529175,
    "1,2,3,5": 2.4605538845062256,
    "1,2,3,6": 2.1976330280303955,
    "1,2,3,7": 2.549670934677124,
    "1,2,4,5": 2.7601318359375,
    "1,2,4,6": 2.38092303276062,
    "1,2,4,7": 2.6012775897979736,
    "1,2,5,6": 2.027003526687622,
    "1,2,5,7": 2.5394630432128906,
    "1,2,6,7": 2.0834457874298096,
    "1,3,4,5": 2.5205862522125244,
    "1,3,4,6": 2.5444159507751465,
    "1,3,4,7": 2.566265821456909,
    "1,3,5,6": 1.9629967212677002,
    "1,3,5,7": 2.1660783290863037,
    "1,3,6,7": 2.2218923568725586,
    "1,4,5,6": 2.5160231590270996,
    "1,4,5,7": 2.9744956493377686,
    "1,4,6,7": 2.0461254119873047,
    "1,5,6,7": 2.2484898567199707,
    "2,3,4,5": 2.804797410964966,
    "2,3,4,6": 2.357241153717041,
    "2,3,4,7": 2.1593966484069824,
    "2,3,5,6": 2.256256580352783,
    "2,3,5,7": 2.918078899383545,
    "2,3,6,7": 2.5188119411468506,
    "2,4,5,6": 2.166316509246826,
    "2,4,5,7": 2.7162692546844482,
    "2,4,6,7": 2.4374566078186035,
    "2,5,6,7": 2.2694973945617676,
    "3,4,5,6": 2.1496083736419678,
    "3,4,5,7": 2.61332631111145,
    "3,4,6,7": 2.0957088470458984,
    "3,5,6,7": 1.9124091863632202,
    "4,5,6,7": 2.085245132446289,
    "0,1,2,3,4": 2.652677059173584,
    "0,1,2,3,5": 2.636181592941284,
    "0,1,2,3,6": 2.3503479957580566,
    "0,1,2,3,7": 2.1414990425109863,
    "0,1,2,4,5": 2.581641435623169,
    "0,1,2,4,6": 2.1390528678894043,
    "0,1,2,4,7": 2.193899393081665,
    "0,1,2,5,6": 2.1888785362243652,
    "0,1,2,5,7": 2.39237642288208,
    "0,1,2,6,7": 1.8852876424789429,
    "0,1,3,4,5": 2.5332460403442383,
    "0,1,3,4,6": 2.4113779067993164,
    "0,1,3,4,7": 2.288501024246216,
    "0,1,3,5,6": 2.2527501583099365,
    "0,1,3,5,7": 2.434509038925171,
    "0,1,3,6,7": 1.9393680095672607,
    "0,1,4,5,6": 2.1342735290527344,
    "0,1,4,5,7": 2.291189670562744,
    "0,1,4,6,7": 1.98929762840271,
    "0,1,5,6,7": 1.9910303354263306,
    "0,2,3,4,5": 2.5589516162872314,
    "0,2,3,4,6": 2.272338390350342,
    "0,2,3,4,7": 2.7729485034942627,
    "0,2,3,5,6": 2.1465864181518555,
    "0,2,3,5,7": 2.2913055419921875,
    "0,2,3,6,7": 2.079075336456299,
    "0,2,4,5,6": 2.236701250076294,
    "0,2,4,5,7": 2.258453845977783,
    "0,2,4,6,7": 2.099163770675659,
    "0,2,5,6,7": 2.0412540435791016,
    "0,3,4,5,6": 2.120781898498535,
    "0,3,4,5,7": 2.5219814777374268,
    "0,3,4,6,7": 2.037230968475342,
    "0,3,5,6,7": 2.0583057403564453,
    "0,4,5,6,7": 2.1404895782470703,
    "1,2,3,4,5": 3.0093772411346436,
    "1,2,3,4,6": 2.574876308441162,
    "1,2,3,4,7": 2.545236349105835,
    "1,2,3,5,6": 2.225708484649658,
    "1,2,3,5,7": 2.6232848167419434,
    "1,2,3,6,7": 2.175403356552124,
    "1,2,4,5,6": 2.2637805938720703,
    "1,2,4,5,7": 3.0739922523498535,
    "1,2,4,6,7": 2.433459758758545,
    "1,2,5,6,7": 2.2008438110351562,
    "1,3,4,5,6": 2.389737606048584,
    "1,3,4,5,7": 2.522737979888916,
    "1,3,4,6,7": 2.4056918621063232,
    "1,3,5,6,7": 1.9473001956939697,
    "1,4,5,6,7": 2.2078664302825928,
    "2,3,4,5,6": 2.2607672214508057,
    "2,3,4,5,7": 2.168471336364746,
    "2,3,4,6,7": 2.312697410583496,
    "2,3,5,6,7": 2.0875015258789062,
    "2,4,5,6,7": 2.197925567626953,
    "3,4,5,6,7": 2.428776741027832,
    "0,1,2,3,4,5": 2.5974814891815186,
    "0,1,2,3,4,6": 2.225770950317383,
    "0,1,2,3,4,7": 2.459601879119873,
    "0,1,2,3,5,6": 2.049562454223633,
    "0,1,2,3,5,7": 2.2377922534942627,