{
  "object_name": "Game",
  "data_type": "game",
  "version": "1.4.2.dev29+g3d3c3a7e6.d20260421",
  "created_from": null,
  "description": null,
  "parameters": {},
  "timestamp": "2026-04-21T12:25:56.782947+00:00Z",
  "metadata": {
    "n_players": 8,
    "game_name": "Game_object",
    "normalization_value": 0.9179999999999999,
    "precompute_flag": false,
    "precomputed": true,
    "player_names": null
  },
  "data": {
    "Empty": 0.9179999999999999,
    "0": 3.8869,
    "1": 1.0782,
    "2": 1.0091999999999999,
    "3": 0.8907999999999999,
    "4": 0.9311999999999999,
    "5": 0.8696999999999999,
    "6": 1.3839000000000001,
    "7": 2.7738,
    "0,1": 3.3307,
    "0,2": 3.9680020000000007,
    "0,3": 3.4886000000000004,
    "0,4": 3.421201,
    "0,5": 3.755001,
    "0,6": 4.024801,
    "0,7": 4.044501,
    "1,2": 1.0706000000000002,
    "1,3": 0.9237,
    "1,4": 1.1394,
    "1,5": 0.9528000000000001,
    "1,6": 1.4077,
    "1,7": 2.5058000000000002,
    "2,3": 1.0361999999999998,
    "2,4": 0.9433999999999999,
    "2,5": 0.9964999999999999,
    "2,6": 1.4993999999999998,
    "2,7": 3.0140000000000002,
    "3,4": 0.8987,
    "3,5": 0.8452999999999999,
    "3,6": 1.3123,
    "3,7": 2.951,
    "4,5": 0.8829,
    "4,6": 1.3981999999999999,
    "4,7": 2.7319999999999998,
    "5,6": 1.3895000000000002,
    "5,7": 2.4539999999999997,
    "6,7": 1.9076999999999997,
    "0,1,2": 3.317101,
    "0,1,3": 3.1465000000000005,
    "0,1,4": 3.0447,
    "0,1,5": 3.7754019999999997,
    "0,1,6": 3.3137,
    "0,1,7": 3.8956000000000004,
    "0,2,3": 3.3329,
    "0,2,4": 3.7110020000000006,
    "0,2,5": 3.4651000000000005,
    "0,2,6": 3.8319010000000007,
    "0,2,7": 4.107702000000001,
    "0,3,4": 3.0498999999999996,
    "0,3,5": 3.749801,
    "0,3,6": 3.785502,
    "0,3,7": 3.5995999999999997,
    "0,4,5": 3.5245020000000005,
    "0,4,6": 3.5022010000000003,
    "0,4,7": 3.716902,
    "0,5,6": 3.8132020000000004,
    "0,5,7": 3.7589000000000006,
    "0,6,7": 4.276703,
    "1,2,3": 0.9933,
    "1,2,4": 1.1677000000000002,
    "1,2,5": 1.0005000000000002,
    "1,2,6": 1.4211,
    "1,2,7": 2.6638,
    "1,3,4": 0.9972000000000001,
    "1,3,5": 0.8602000000000001,
    "1,3,6": 1.2485000000000002,
    "1,3,7": 2.8566,
    "1,4,5": 1.0264,
    "1,4,6": 1.422,
    "1,4,7": 2.4962,
    "1,5,6": 1.3429,
    "1,5,7": 2.2924999999999995,
    "1,6,7": 1.8108,
    "2,3,4": 0.9639000000000001,
    "2,3,5": 0.9787000000000001,
    "2,3,6": 1.5364999999999998,
    "2,3,7": 3.1235,
    "2,4,5": 0.9337,
    "2,4,6": 1.4194999999999998,
    "2,4,7": 2.9997,
    "2,5,6": 1.4788000000000001,
    "2,5,7": 2.7232999999999996,
    "2,6,7": 2.3273,
    "3,4,5": 0.8396000000000001,
    "3,4,6": 1.3123,
    "3,4,7": 2.8965,
    "3,5,6": 1.3111000000000002,
    "3,5,7": 2.7393999999999994,
    "3,6,7": 2.1172999999999997,
    "4,5,6": 1.4038,
    "4,5,7": 2.4567999999999994,
    "4,6,7": 2.0278,
    "5,6,7": 1.9142999999999997,
    "0,1,2,3": 3.0664000000000002,
    "0,1,2,4": 3.1938000000000004,
    "0,1,2,5": 3.430901,
    "0,1,2,6": 3.2856009999999998,
    "0,1,2,7": 3.896201,
    "0,1,3,4": 2.9705000000000004,
    "0,1,3,5": 3.4936010000000004,
    "0,1,3,6": 3.1465000000000005,
    "0,1,3,7": 3.709801,
    "0,1,4,5": 3.184,
    "0,1,4,6": 2.9215,
    "0,1,4,7": 3.6306000000000003,
    "0,1,5,6": 3.751502,
    "0,1,5,7": 4.023701,
    "0,1,6,7": 3.7085999999999992,
    "0,2,3,4": 3.0936999999999997,
    "0,2,3,5": 3.439,
    "0,2,3,6": 3.2650010000000003,
    "0,2,3,7": 3.646,
    "0,2,4,5": 3.6178019999999997,
    "0,2,4,6": 3.4798999999999998,
    "0,2,4,7": 3.8803020000000004,
    "0,2,5,6": 3.3795,
    "0,2,5,7": 3.7369,
    "0,2,6,7": 4.2031030000000005,
    "0,3,4,5": 3.1754999999999995,
    "0,3,4,6": 3.216301,
    "0,3,4,7": 3.2959999999999994,
    "0,3,5,6": 4.046703,
    "0,3,5,7": 3.7120000000000006,
    "0,3,6,7": 4.032603,
    "0,4,5,6": 3.4201010000000003,
    "0,4,5,7": 3.682802,
    "0,4,6,7": 3.854103,
    "0,5,6,7": 3.988302,
    "1,2,3,4": 1.0684,
    "1,2,3,5": 0.8956000000000002,
    "1,2,3,6": 1.3628,
    "1,2,3,7": 3.0359,
    "1,2,4,5": 1.0728,
    "1,2,4,6": 1.4459,
    "1,2,4,7": 2.6893000000000002,
    "1,2,5,6": 1.408,
    "1,2,5,7": 2.5301999999999993,
    "1,2,6,7": 2.1396,
    "1,3,4,5": 0.9243,
    "1,3,4,6": 1.2485000000000002,
    "1,3,4,7": 2.831,
    "1,3,5,6": 1.2399,
    "1,3,5,7": 2.7509999999999994,
    "1,3,6,7": 2.1233,
    "1,4,5,6": 1.3572,
    "1,4,5,7": 2.2952999999999997,
    "1,4,6,7": 1.9220000000000002,
    "1,5,6,7": 1.7589999999999997,
    "2,3,4,5": 0.9038999999999999,
    "2,3,4,6": 1.4432,
    "2,3,4,7": 3.1004999999999994,
    "2,3,5,6": 1.5046000000000002,
    "2,3,5,7": 2.935999999999999,
    "2,3,6,7": 2.5629,
    "2,4,5,6": 1.4019,
    "2,4,5,7": 2.7535999999999996,
    "2,4,6,7": 2.3575999999999997,
    "2,5,6,7": 2.2937000000000003,
    "3,4,5,6": 1.3111000000000002,
    "3,4,5,7": 2.7078999999999995,
    "3,4,6,7": 2.2374,
    "3,5,6,7": 2.0846,
    "4,5,6,7": 2.0343999999999998,
    "0,1,2,3,4": 3.0314,
    "0,1,2,3,5": 3.1964,
    "0,1,2,3,6": 3.1076,
    "0,1,2,3,7": 3.708701,
    "0,1,2,4,5": 3.2028999999999996,
    "0,1,2,4,6": 3.0856000000000003,
    "0,1,2,4,7": 3.7016000000000004,
    "0,1,2,5,6": 3.5164010000000006,
    "0,1,2,5,7": 3.815701,
    "0,1,2,6,7": 3.7157009999999993,
    "0,1,3,4,5": 3.0769,
    "0,1,3,4,6": 2.9705000000000004,
    "0,1,3,4,7": 3.4184999999999994,
    "0,1,3,5,6": 3.4936010000000004,
    "0,1,3,5,7": 3.895301,
    "0,1,3,6,7": 3.6047,
    "0,1,4,5,6": 3.1791,
    "0,1,4,5,7": 3.5503,
    "0,1,4,6,7": 3.3675999999999995,
    "0,1,5,6,7": 3.973001,
    "0,2,3,4,5": 3.2474,
    "0,2,3,4,6": 2.8348999999999998,
    "0,2,3,4,7": 3.4092,
    "0,2,3,5,6": 3.3711009999999995,
    "0,2,3,5,7": 3.7865,
    "0,2,3,6,7": 3.7521019999999994,
    "0,2,4,5,6": 3.3695999999999997,
    "0,2,4,5,7": 3.7933019999999997,
    "0,2,4,6,7": 3.8807020000000003,
    "0,2,5,6,7": 3.8604010000000004,
    "0,3,4,5,6": 3.337001,
    "0,3,4,5,7": 3.3989999999999996,
    "0,3,4,6,7": 3.598502,
    "0,3,5,6,7": 4.1642030000000005,
    "0,4,5,6,7": 3.696502,
    "1,2,3,4,5": 0.9653,
    "1,2,3,4,6": 1.3494000000000002,
    "1,2,3,4,7": 3.0418000000000003,
    "1,2,3,5,6": 1.3372000000000002,
    "1,2,3,5,7": 2.9543999999999992,
    "1,2,3,6,7": 2.5950999999999995,
    "1,2,4,5,6": 1.408,
    "1,2,4,5,7": 2.5301999999999993,
    "1,2,4,6,7": 2.1418999999999997,
    "1,2,5,6,7": 2.1276999999999995,
    "1,3,4,5,6": 1.2399,
    "1,3,4,5,7": 2.7194999999999996,
    "1,3,4,6,7": 2.2386,
    "1,3,5,6,7": 2.0773,
    "1,4,5,6,7": 1.8790999999999998,
    "2,3,4,5,6": 1.4277000000000002,
    "2,3,4,5,7": 2.935999999999999,
    "2,3,4,6,7": 2.5629,
    "2,3,5,6,7": 2.5467999999999997,
    "2,4,5,6,7": 2.324,
    "3,4,5,6,7": 2.2047,
    "0,1,2,3,4,5": 3.0321000000000002,
    "0,1,2,3,4,6": 3.0343999999999998,
    "0,1,2,3,4,7": 3.4920999999999998,
    "0,1,2,3,5,6": 3.2997000000000005,
    "0,1,2,3,5,7": 3.747701,
    "0,1,2,3,6,7": 3.6338,
    "0,1,2,4,5,6": 3.3074000000000003,
    "0,1,2,4,5,7": 3.4748000000000006,
    "0,1,2,4,6,7": 3.4748999999999994,
    "0,1,2,5,6,7": 3.8013009999999996,
    "0,1,3,4,5,6": 3.072,
    "0,1,3,4,5,7": 3.4197,
    "0,1,3,4,6,7": 3.4363,
    "0,1,3,5,6,7": 3.8268,
    "0,1,4,5,6,7": 3.4443000000000006,
    "0,2,3,4,5,6": 2.9837,
    "0,2,3,4,5,7": 3.5403,
    "0,2,3,4,6,7": 3.3244009999999995,
    "0,2,3,5,6,7": 3.9118020000000002,
    "0,2,4,5,6,7": 3.7011010000000004,
    "0,3,4,5,6,7": 3.6627020000000003,
    "1,2,3,4,5,6": 1.3372000000000002,
    "1,2,3,4,5,7": 2.9543999999999992,
    "1,2,3,4,6,7": 2.5719,
    "1,2,3,5,6,7": 2.5472999999999995,
    "1,2,4,5,6,7": 2.1276999999999995,
    "1,3,4,5,6,7": 2.1974,
    "2,3,4,5,6,7": 2.5467999999999997,
    "0,1,2,3,4,5,6": 3.0923,
    "0,1,2,3,4,5,7": 3.3389,
    "0,1,2,3,4,6,7": 3.5019,
    "0,1,2,3,5,6,7": 3.7094,
    "0,1,2,4,5,6,7": 3.4051,
    "0,1,3,4,5,6,7": 3.3837,
    "0,2,3,4,5,6,7": 3.4167009999999998,