{
  "object_name": "Game",
  "data_type": "game",
  "version": "1.4.2.dev29+g3d3c3a7e6.d20260421",
  "created_from": null,
  "description": null,
  "parameters": {},
  "timestamp": "2026-04-21T12:25:56.622908+00:00Z",
  "metadata": {
    "n_players": 8,
    "game_name": "Game_object",
    "normalization_value": 0.24609795212745667,
    "precompute_flag": false,
    "precomputed": true,
    "player_names": null
  },
  "data": {
    "Empty": 0.2610417306423187,
    "0": 0.21981258690357208,
    "1": 0.2467317134141922,
    "2": 0.19211474061012268,
    "3": 0.13994868099689484,
    "4": 0.1740988790988922,
    "5": 0.22171778976917267,
    "6": 0.20762893557548523,
    "7": 0.1808311641216278,
    "0,1": 0.23453548550605774,
    "0,2": 0.24857059121131897,
    "0,3": 0.20832666754722595,
    "0,4": 0.2555665671825409,
    "0,5": 0.24004940688610077,
    "0,6": 0.2847427725791931,
    "0,7": 0.10536185652017593,
    "1,2": 0.21982832252979279,
    "1,3": 0.15405704081058502,
    "1,4": 0.24423091113567352,
    "1,5": 0.24297431111335754,
    "1,6": 0.18631619215011597,
    "1,7": 0.12671203911304474,
    "2,3": 0.2436126172542572,
    "2,4": 0.27437707781791687,
    "2,5": 0.2884190082550049,
    "2,6": 0.277483195066452,
    "2,7": 0.0908898264169693,
    "3,4": 0.2138664424419403,
    "3,5": 0.20379844307899475,
    "3,6": 0.003675471292808652,
    "3,7": 0.2006714791059494,
    "4,5": 0.20902840793132782,
    "4,6": 0.11797761917114258,
    "4,7": 0.12920205295085907,
    "5,6": 0.2050926387310028,
    "5,7": 0.06831781566143036,
    "6,7": -0.04469708353281021,
    "0,1,2": 0.21915633976459503,
    "0,1,3": 0.09614122658967972,
    "0,1,4": 0.288667231798172,
    "0,1,5": 0.15255500376224518,
    "0,1,6": 0.14285679161548615,
    "0,1,7": 0.19744405150413513,
    "0,2,3": 0.16344362497329712,
    "0,2,4": 0.2090083658695221,
    "0,2,5": 0.15415602922439575,
    "0,2,6": 0.1827063113451004,
    "0,2,7": 0.11452443897724152,
    "0,3,4": 0.15615317225456238,
    "0,3,5": 0.2658386826515198,
    "0,3,6": 0.21936769783496857,
    "0,3,7": 0.175419881939888,
    "0,4,5": 0.14649924635887146,
    "0,4,6": 0.14886130392551422,
    "0,4,7": 0.07411392778158188,
    "0,5,6": 0.17656210064888,
    "0,5,7": 0.24981030821800232,
    "0,6,7": -0.013388095423579216,
    "1,2,3": 0.20493213832378387,
    "1,2,4": 0.29104098677635193,
    "1,2,5": 0.17032599449157715,
    "1,2,6": 0.17718136310577393,
    "1,2,7": 0.18352822959423065,
    "1,3,4": 0.10146477073431015,
    "1,3,5": 0.09241576492786407,
    "1,3,6": 0.15546004474163055,
    "1,3,7": 0.1568029820919037,
    "1,4,5": 0.2576722502708435,
    "1,4,6": 0.08610017597675323,
    "1,4,7": 0.21875444054603577,
    "1,5,6": 0.15315786004066467,
    "1,5,7": 0.19697724282741547,
    "1,6,7": -0.03891589492559433,
    "2,3,4": 0.2837926745414734,
    "2,3,5": 0.187677800655365,
    "2,3,6": 0.2257431298494339,
    "2,3,7": 0.11243993043899536,
    "2,4,5": 0.14943242073059082,
    "2,4,6": 0.18889209628105164,
    "2,4,7": 0.18316952884197235,
    "2,5,6": 0.17997629940509796,
    "2,5,7": 0.18641799688339233,
    "2,6,7": 0.05454035848379135,
    "3,4,5": 0.2540149688720703,
    "3,4,6": 0.11444059759378433,
    "3,4,7": 0.0935785099864006,
    "3,5,6": 0.19642163813114166,
    "3,5,7": 0.1361134946346283,
    "3,6,7": 0.03644949197769165,
    "4,5,6": 0.12306992709636688,
    "4,5,7": 0.176579087972641,
    "4,6,7": 0.0051792338490486145,
    "5,6,7": 0.008347372524440289,
    "0,1,2,3": 0.24103137850761414,
    "0,1,2,4": 0.15911132097244263,
    "0,1,2,5": 0.1485430896282196,
    "0,1,2,6": 0.08851366490125656,
    "0,1,2,7": 0.19093769788742065,
    "0,1,3,4": 0.28097742795944214,
    "0,1,3,5": 0.10621575266122818,
    "0,1,3,6": 0.24493499100208282,
    "0,1,3,7": 0.07655179500579834,
    "0,1,4,5": 0.2765515446662903,
    "0,1,4,6": 0.09405006468296051,
    "0,1,4,7": 0.13010314106941223,
    "0,1,5,6": 0.11111317574977875,
    "0,1,5,7": 0.10300586372613907,
    "0,1,6,7": -0.017431700602173805,
    "0,2,3,4": 0.1640598475933075,
    "0,2,3,5": 0.16904456913471222,
    "0,2,3,6": 0.28939536213874817,
    "0,2,3,7": 0.18955209851264954,
    "0,2,4,5": 0.15696260333061218,
    "0,2,4,6": 0.06651405990123749,
    "0,2,4,7": 0.16847041249275208,
    "0,2,5,6": 0.2823152244091034,
    "0,2,5,7": 0.183607280254364,
    "0,2,6,7": 0.0028494535945355892,
    "0,3,4,5": 0.18270525336265564,
    "0,3,4,6": 0.08664367347955704,
    "0,3,4,7": 0.11059212684631348,
    "0,3,5,6": 0.10477988421916962,
    "0,3,5,7": 0.07689157128334045,
    "0,3,6,7": -0.0038232014048844576,
    "0,4,5,6": 0.2673516869544983,
    "0,4,5,7": 0.19398950040340424,
    "0,4,6,7": -0.015447835437953472,
    "0,5,6,7": 0.018797997385263443,
    "1,2,3,4": 0.13518187403678894,
    "1,2,3,5": 0.2722519040107727,
    "1,2,3,6": 0.12265898287296295,
    "1,2,3,7": 0.12173695862293243,
    "1,2,4,5": 0.24865874648094177,
    "1,2,4,6": 0.18082009255886078,
    "1,2,4,7": 0.07723750174045563,
    "1,2,5,6": 0.0886838361620903,
    "1,2,5,7": 0.19411347806453705,
    "1,2,6,7": 0.06819331645965576,
    "1,3,4,5": 0.16145840287208557,
    "1,3,4,6": 0.19388426840305328,
    "1,3,4,7": 0.1745574176311493,
    "1,3,5,6": 0.17840853333473206,
    "1,3,5,7": 0.1705377995967865,
    "1,3,6,7": 0.02901751920580864,
    "1,4,5,6": 0.28881338238716125,
    "1,4,5,7": 0.10145320743322372,
    "1,4,6,7": 0.010739202611148357,
    "1,5,6,7": 0.053537704050540924,
    "2,3,4,5": 0.26263171434402466,
    "2,3,4,6": 0.27086594700813293,
    "2,3,4,7": 0.17891369760036469,
    "2,3,5,6": 0.2849017083644867,
    "2,3,5,7": 0.16838935017585754,
    "2,3,6,7": 0.024951521307229996,
    "2,4,5,6": 0.2754034996032715,
    "2,4,5,7": 0.21500840783119202,
    "2,4,6,7": 0.00909153837710619,
    "2,5,6,7": 0.032469868659973145,
    "3,4,5,6": 0.09931902587413788,
    "3,4,5,7": 0.09625015407800674,
    "3,4,6,7": 0.023736819624900818,
    "3,5,6,7": 0.018188223242759705,
    "4,5,6,7": 0.0023841545917093754,
    "0,1,2,3,4": 0.2729222774505615,
    "0,1,2,3,5": 0.2626797556877136,
    "0,1,2,3,6": 0.16192913055419922,
    "0,1,2,3,7": 0.13901612162590027,
    "0,1,2,4,5": 0.2254454642534256,
    "0,1,2,4,6": 0.04284984618425369,
    "0,1,2,4,7": 0.19464504718780518,
    "0,1,2,5,6": 0.1826448142528534,
    "0,1,2,5,7": 0.24697990715503693,
    "0,1,2,6,7": 0.015799961984157562,
    "0,1,3,4,5": 0.14872398972511292,
    "0,1,3,4,6": 0.27029505372047424,
    "0,1,3,4,7": 0.20342740416526794,
    "0,1,3,5,6": 0.11557259410619736,
    "0,1,3,5,7": 0.23286619782447815,
    "0,1,3,6,7": -0.003197094891220331,
    "0,1,4,5,6": 0.27209553122520447,
    "0,1,4,5,7": 0.15248902142047882,
    "0,1,4,6,7": 0.01838558353483677,
    "0,1,5,6,7": 0.030307143926620483,
    "0,2,3,4,5": 0.25692591071128845,
    "0,2,3,4,6": 0.15714268386363983,
    "0,2,3,4,7": 0.18162396550178528,
    "0,2,3,5,6": 0.1775818020105362,
    "0,2,3,5,7": 0.29813921451568604,
    "0,2,3,6,7": 0.0022423998452723026,
    "0,2,4,5,6": 0.1958678960800171,
    "0,2,4,5,7": 0.11933915317058563,
    "0,2,4,6,7": 0.0044362666085362434,
    "0,2,5,6,7": 0.013815755024552345,
    "0,3,4,5,6": 0.1919245570898056,
    "0,3,4,5,7": 0.16055051982402802,
    "0,3,4,6,7": -0.0157165564596653,
    "0,3,5,6,7": -0.02601044252514839,
    "0,4,5,6,7": -0.00497631449252367,
    "1,2,3,4,5": 0.3611636161804199,
    "1,2,3,4,6": 0.07556881010532379,
    "1,2,3,4,7": 0.06258630007505417,
    "1,2,3,5,6": 0.2270178347826004,
    "1,2,3,5,7": 0.19886231422424316,
    "1,2,3,6,7": -0.003464189125224948,
    "1,2,4,5,6": 0.2898423671722412,
    "1,2,4,5,7": 0.14284062385559082,
    "1,2,4,6,7": 0.04878988862037659,
    "1,2,5,6,7": 0.03031756542623043,
    "1,3,4,5,6": 0.3418862819671631,
    "1,3,4,5,7": 0.1916092336177826,
    "1,3,4,6,7": -0.006417965982109308,
    "1,3,5,6,7": 0.0430702343583107,
    "1,4,5,6,7": 0.026738543063402176,
    "2,3,4,5,6": 0.21531789004802704,
    "2,3,4,5,7": 0.0732177272439003,