{
  "object_name": "Game",
  "data_type": "game",
  "version": "1.4.2.dev29+g3d3c3a7e6.d20260421",
  "created_from": null,
  "description": null,
  "parameters": {},
  "timestamp": "2026-04-21T12:25:56.315157+00:00Z",
  "metadata": {
    "n_players": 8,
    "game_name": "Game_object",
    "normalization_value": 2.056467975,
    "precompute_flag": false,
    "precomputed": true,
    "player_names": null
  },
  "data": {
    "Empty": 1.6973010000000002,
    "0": 1.262,
    "1": 1.2444,
    "2": 1.1404,
    "3": 1.0655000000000001,
    "4": 1.3695000000000002,
    "5": 1.2795,
    "6": 0.9167,
    "7": 1.542,
    "0,1": 0.8855999999999999,
    "0,2": 1.0046000000000002,
    "0,3": 1.0278,
    "0,4": 1.1356,
    "0,5": 1.1429,
    "0,6": 0.6675,
    "0,7": 1.3098,
    "1,2": 1.3462,
    "1,3": 1.3702999999999999,
    "1,4": 0.9853999999999999,
    "1,5": 1.0786000000000002,
    "1,6": 1.198001,
    "1,7": 1.2490999999999999,
    "2,3": 1.1764999999999999,
    "2,4": 1.3205,
    "2,5": 1.3038999999999998,
    "2,6": 0.9808999999999999,
    "2,7": 1.2964,
    "3,4": 1.1037000000000001,
    "3,5": 1.2015,
    "3,6": 0.8339000000000001,
    "3,7": 1.1366999999999998,
    "4,5": 1.0086,
    "4,6": 1.0613,
    "4,7": 1.2726000000000002,
    "5,6": 0.8109,
    "5,7": 1.1191,
    "6,7": 0.6592,
    "0,1,2": 0.9966000000000002,
    "0,1,3": 1.0572,
    "0,1,4": 1.2094,
    "0,1,5": 0.8459,
    "0,1,6": 0.8728,
    "0,1,7": 0.9806000000000001,
    "0,2,3": 1.6073,
    "0,2,4": 0.7889,
    "0,2,5": 1.0435,
    "0,2,6": 0.9509000000000001,
    "0,2,7": 1.088,
    "0,3,4": 0.8589,
    "0,3,5": 1.1334,
    "0,3,6": 0.9256,
    "0,3,7": 1.3087,
    "0,4,5": 1.1586,
    "0,4,6": 0.7369,
    "0,4,7": 1.4821,
    "0,5,6": 0.6035,
    "0,5,7": 1.3191,
    "0,6,7": 0.5316,
    "1,2,3": 0.9080999999999999,
    "1,2,4": 0.8202,
    "1,2,5": 1.1237000000000001,
    "1,2,6": 0.8745999999999998,
    "1,2,7": 1.1156000000000001,
    "1,3,4": 1.2996,
    "1,3,5": 1.1334000000000002,
    "1,3,6": 1.3294000000000001,
    "1,3,7": 0.9398,
    "1,4,5": 0.851,
    "1,4,6": 1.0367,
    "1,4,7": 1.2348999999999999,
    "1,5,6": 1.0251000000000001,
    "1,5,7": 0.9323,
    "1,6,7": 0.7607,
    "2,3,4": 1.4080999999999997,
    "2,3,5": 0.9353,
    "2,3,6": 1.0884,
    "2,3,7": 1.5661,
    "2,4,5": 1.2586,
    "2,4,6": 0.8493999999999999,
    "2,4,7": 1.131,
    "2,5,6": 0.8045,
    "2,5,7": 0.7464999999999999,
    "2,6,7": 0.7344,
    "3,4,5": 0.9575000000000001,
    "3,4,6": 0.8560000000000002,
    "3,4,7": 0.7427,
    "3,5,6": 0.7958,
    "3,5,7": 1.5024000000000002,
    "3,6,7": 0.7960999999999999,
    "4,5,6": 1.3395,
    "4,5,7": 0.9955,
    "4,6,7": 0.559,
    "5,6,7": 0.8331,
    "0,1,2,3": 1.1599,
    "0,1,2,4": 1.1173,
    "0,1,2,5": 0.9869999999999999,
    "0,1,2,6": 0.6853,
    "0,1,2,7": 0.7525000000000001,
    "0,1,3,4": 0.9509000000000001,
    "0,1,3,5": 0.9721,
    "0,1,3,6": 1.2762,
    "0,1,3,7": 1.6918,
    "0,1,4,5": 0.754,
    "0,1,4,6": 0.8480000000000001,
    "0,1,4,7": 1.2287,
    "0,1,5,6": 0.7221,
    "0,1,5,7": 0.7759,
    "0,1,6,7": 0.5221,
    "0,2,3,4": 1.0218000000000003,
    "0,2,3,5": 1.0128,
    "0,2,3,6": 0.6994,
    "0,2,3,7": 1.734,
    "0,2,4,5": 1.0829,
    "0,2,4,6": 0.6187000000000001,
    "0,2,4,7": 1.2021,
    "0,2,5,6": 0.8116,
    "0,2,5,7": 1.0081,
    "0,2,6,7": 0.6588999999999999,
    "0,3,4,5": 1.2010999999999998,
    "0,3,4,6": 0.5757,
    "0,3,4,7": 1.0189,
    "0,3,5,6": 0.5814999999999999,
    "0,3,5,7": 1.2119999999999997,
    "0,3,6,7": 0.47490000000000004,
    "0,4,5,6": 0.7077000000000001,
    "0,4,5,7": 1.6202999999999999,
    "0,4,6,7": 0.6365000000000001,
    "0,5,6,7": 0.4633,
    "1,2,3,4": 1.0767,
    "1,2,3,5": 1.2521999999999998,
    "1,2,3,6": 0.7313000000000001,
    "1,2,3,7": 0.9612,
    "1,2,4,5": 0.8129,
    "1,2,4,6": 0.8407,
    "1,2,4,7": 1.1254000000000002,
    "1,2,5,6": 0.7751,
    "1,2,5,7": 1.1855,
    "1,2,6,7": 0.7243999999999999,
    "1,3,4,5": 1.3155999999999999,
    "1,3,4,6": 0.9228999999999999,
    "1,3,4,7": 1.1768,
    "1,3,5,6": 0.6094999999999999,
    "1,3,5,7": 1.2505,
    "1,3,6,7": 0.7370000000000001,
    "1,4,5,6": 0.9591,
    "1,4,5,7": 0.7945,
    "1,4,6,7": 0.5687,
    "1,5,6,7": 0.7306,
    "2,3,4,5": 0.8380000000000001,
    "2,3,4,6": 0.9066999999999998,
    "2,3,4,7": 1.5214,
    "2,3,5,6": 0.7039,
    "2,3,5,7": 1.1839999999999997,
    "2,3,6,7": 0.6858,
    "2,4,5,6": 0.7591,
    "2,4,5,7": 1.5688,
    "2,4,6,7": 0.6427,
    "2,5,6,7": 0.7313,
    "3,4,5,6": 0.9043000000000001,
    "3,4,5,7": 0.7196,
    "3,4,6,7": 0.6342000000000001,
    "3,5,6,7": 0.6207,
    "4,5,6,7": 0.5831000000000001,
    "0,1,2,3,4": 0.9174,
    "0,1,2,3,5": 1.0361999999999998,
    "0,1,2,3,6": 0.7396999999999999,
    "0,1,2,3,7": 1.167,
    "0,1,2,4,5": 0.8631,
    "0,1,2,4,6": 0.7512999999999999,
    "0,1,2,4,7": 0.5837999999999999,
    "0,1,2,5,6": 0.734,
    "0,1,2,5,7": 1.5417999999999998,
    "0,1,2,6,7": 0.5984,
    "0,1,3,4,5": 0.9751999999999998,
    "0,1,3,4,6": 0.8106,
    "0,1,3,4,7": 1.3515,
    "0,1,3,5,6": 0.7794000000000001,
    "0,1,3,5,7": 1.6563999999999997,
    "0,1,3,6,7": 0.8615999999999999,
    "0,1,4,5,6": 0.9883,
    "0,1,4,5,7": 1.2338,
    "0,1,4,6,7": 0.5242000000000001,
    "0,1,5,6,7": 0.6324,
    "0,2,3,4,5": 1.0287000000000002,
    "0,2,3,4,6": 0.658,
    "0,2,3,4,7": 1.7797999999999998,
    "0,2,3,5,6": 0.6366999999999999,
    "0,2,3,5,7": 1.5055,
    "0,2,3,6,7": 0.47570000000000007,
    "0,2,4,5,6": 0.6441,
    "0,2,4,5,7": 1.1637,
    "0,2,4,6,7": 0.6398,
    "0,2,5,6,7": 0.5641999999999999,
    "0,3,4,5,6": 0.6401999999999999,
    "0,3,4,5,7": 1.0973000000000002,
    "0,3,4,6,7": 0.43900000000000006,
    "0,3,5,6,7": 0.4928,
    "0,4,5,6,7": 0.4133,
    "1,2,3,4,5": 1.4869,
    "1,2,3,4,6": 0.6489,
    "1,2,3,4,7": 1.3955,
    "1,2,3,5,6": 0.9114999999999999,
    "1,2,3,5,7": 1.5215,
    "1,2,3,6,7": 0.6119000000000001,
    "1,2,4,5,6": 0.8913,
    "1,2,4,5,7": 0.9083,
    "1,2,4,6,7": 0.8141,
    "1,2,5,6,7": 0.5999000000000001,
    "1,3,4,5,6": 0.9459,
    "1,3,4,5,7": 0.8296999999999999,
    "1,3,4,6,7": 0.7992,
    "1,3,5,6,7": 0.49169999999999997,
    "1,4,5,6,7": 0.7197,
    "2,3,4,5,6": 0.6524000000000001,
    "2,3,4,5,7": 1.2862,
    "2,3,4,6,7": 0.7261,
    "2,3,5,6,7": 0.9687000000000001,
    "2,4,5,6,7": 0.8674,
    "3,4,5,6,7": 0.48929999999999996,
    "0,1,2,3,4,5": 1.206,
    "0,1,2,3,4,6": 0.7222999999999999,
    "0,1,2,3,4,7": 1.4025,
    "0,1,2,3,5,6": 0.737,
    "0,1,2,3,5,7": 1.5462,
    "0,1,2,3,6,7": 0.5068,
    "0,1,2,4,5,6": 0.7496,
    "0,1,2,4,5,7": 1.3593,
    "0,1,2,4,6,7": 0.5754999999999999,
    "0,1,2,5,6,7": 0.5152,
    "0,1,3,4,5,6": 0.6843,
    "0,1,3,4,5,7": 1.6353000000000002,
    "0,1,3,4,6,7": 0.485,
    "0,1,3,5,6,7": 0.6685000000000001,
    "0,1,4,5,6,7": 0.5043,
    "0,2,3,4,5,6": 0.7253999999999999,
    "0,2,3,4,5,7": 1.6257999999999995,
    "0,2,3,4,6,7": 0.5356,
    "0,2,3,5,6,7": 0.45,
    "0,2,4,5,6,7": 0.5741999999999999,
    "0,3,4,5,6,7": 0.6267,
    "1,2,3,4,5,6": 0.5894999999999999,
    "1,2,3,4,5,7": 1.0375,
    "1,2,3,4,6,7": 0.6888,
    "1,2,3,5,6,7": 0.7127,
    "1,2,4,5,6,7": 0.7095,
    "1,3,4,5,6,7": 0.6309,
    "2,3,4,5,6,7": 0.6085,
    "0,1,2,3,4,5,6": 0.6584,
    "0,1,2,3,4,5,7": 1.9236999999999997,
    "0,1,2,3,4,6,7": 0.5045,
    "0,1,2,3,5,6,7": 0.45,
    "0,1,2,4,5,6,7": 0.4826,
    "0,1,3,4,5,6,7": 0.6117,
    "0,2,3,4,5,6,7": 0.45,
    "1,2,3,4,5,6,7": 0.49460000000000004,
    "0,1,2,3,4,5,6,7": 0.45
  }
}
