{
  "object_name": "Game",
  "data_type": "game",
  "version": "1.4.2.dev29+g3d3c3a7e6.d20260421",
  "created_from": null,
  "description": null,
  "parameters": {},
  "timestamp": "2026-04-21T12:25:56.605267+00:00Z",
  "metadata": {
    "n_players": 8,
    "game_name": "Game_object",
    "normalization_value": 0.24609795212745667,
    "precompute_flag": false,
    "precomputed": true,
    "player_names": null
  },
  "data": {
    "Empty": -0.028700750321149826,
    "0": -0.04296668618917465,
    "1": -0.14912095665931702,
    "2": -0.06809411942958832,
    "3": 0.1428060233592987,
    "4": -0.09961629658937454,
    "5": -0.06531485170125961,
    "6": -0.21304289996623993,
    "7": -0.002676373813301325,
    "0,1": -0.09659518301486969,
    "0,2": -0.08279594033956528,
    "0,3": -0.02523745223879814,
    "0,4": -0.06958663463592529,
    "0,5": -0.11689440906047821,
    "0,6": -0.25469765067100525,
    "0,7": -0.022533725947141647,
    "1,2": 0.01689964160323143,
    "1,3": -0.0834030881524086,
    "1,4": -0.09189971536397934,
    "1,5": -0.004443393554538488,
    "1,6": -0.23619480431079865,
    "1,7": -0.021129179745912552,
    "2,3": -0.06300009042024612,
    "2,4": -0.07040820270776749,
    "2,5": 0.013803678564727306,
    "2,6": -0.27431780099868774,
    "2,7": -0.10689149796962738,
    "3,4": -0.028311049565672874,
    "3,5": -0.11971674859523773,
    "3,6": -0.25994545221328735,
    "3,7": -0.03669782727956772,
    "4,5": -0.02068587951362133,
    "4,6": -0.28071415424346924,
    "4,7": 0.008479386568069458,
    "5,6": -0.26950734853744507,
    "5,7": -0.10034270584583282,
    "6,7": -0.2096950262784958,
    "0,1,2": -0.0410367026925087,
    "0,1,3": -0.05668560788035393,
    "0,1,4": -0.11853653192520142,
    "0,1,5": -0.09837557375431061,
    "0,1,6": -0.2353033721446991,
    "0,1,7": 0.06359325349330902,
    "0,2,3": -0.11484386026859283,
    "0,2,4": -0.20216742157936096,
    "0,2,5": -0.1853829175233841,
    "0,2,6": -0.25147545337677,
    "0,2,7": -0.13729402422904968,
    "0,3,4": -0.04265015944838524,
    "0,3,5": -0.12331060320138931,
    "0,3,6": -0.25356706976890564,
    "0,3,7": -0.007139779627323151,
    "0,4,5": -0.04049253463745117,
    "0,4,6": -0.22920267283916473,
    "0,4,7": -0.13636508584022522,
    "0,5,6": -0.2807118892669678,
    "0,5,7": -0.09807483851909637,
    "0,6,7": -0.2383844554424286,
    "1,2,3": 0.08718601614236832,
    "1,2,4": -0.1220741719007492,
    "1,2,5": -0.13193947076797485,
    "1,2,6": -0.2821141481399536,
    "1,2,7": -0.08482462167739868,
    "1,3,4": -0.07407014816999435,
    "1,3,5": -0.038271889090538025,
    "1,3,6": -0.2105458527803421,
    "1,3,7": 0.04576578736305237,
    "1,4,5": -0.15800394117832184,
    "1,4,6": -0.26256224513053894,
    "1,4,7": -0.027795691043138504,
    "1,5,6": -0.25214508175849915,
    "1,5,7": -0.126849964261055,
    "1,6,7": -0.22852368652820587,
    "2,3,4": -0.12623730301856995,
    "2,3,5": 0.03990216180682182,
    "2,3,6": -0.2603513300418854,
    "2,3,7": -0.06897273659706116,
    "2,4,5": -0.04465067386627197,
    "2,4,6": -0.20352156460285187,
    "2,4,7": -0.04256771132349968,
    "2,5,6": -0.29285508394241333,
    "2,5,7": -0.04095952957868576,
    "2,6,7": -0.23242869973182678,
    "3,4,5": -0.03811480849981308,
    "3,4,6": -0.2171461284160614,
    "3,4,7": -0.09182135760784149,
    "3,5,6": -0.28692683577537537,
    "3,5,7": -0.08678597956895828,
    "3,6,7": -0.21825630962848663,
    "4,5,6": -0.2803648114204407,
    "4,5,7": -0.043912194669246674,
    "4,6,7": -0.23448710143566132,
    "5,6,7": -0.26560717821121216,
    "0,1,2,3": -0.12162097543478012,
    "0,1,2,4": -0.046381063759326935,
    "0,1,2,5": -0.03188937157392502,
    "0,1,2,6": -0.23089949786663055,
    "0,1,2,7": -0.145237997174263,
    "0,1,3,4": -0.172489196062088,
    "0,1,3,5": -0.16005060076713562,
    "0,1,3,6": -0.2567107081413269,
    "0,1,3,7": -0.10912303626537323,
    "0,1,4,5": -0.1477644443511963,
    "0,1,4,6": -0.25307127833366394,
    "0,1,4,7": -0.05455002188682556,
    "0,1,5,6": -0.2516646683216095,
    "0,1,5,7": -0.08868099749088287,
    "0,1,6,7": -0.24382635951042175,
    "0,2,3,4": -0.00672836322337389,
    "0,2,3,5": -0.15274541079998016,
    "0,2,3,6": -0.20631349086761475,
    "0,2,3,7": -0.20424842834472656,
    "0,2,4,5": -0.08440301567316055,
    "0,2,4,6": -0.2722318768501282,
    "0,2,4,7": -0.05848423391580582,
    "0,2,5,6": -0.28426018357276917,
    "0,2,5,7": -0.08714497089385986,
    "0,2,6,7": -0.25224897265434265,
    "0,3,4,5": -0.06642372161149979,
    "0,3,4,6": -0.207468181848526,
    "0,3,4,7": -0.17466482520103455,
    "0,3,5,6": -0.23682205379009247,
    "0,3,5,7": -0.08490665256977081,
    "0,3,6,7": -0.23456494510173798,
    "0,4,5,6": -0.2671657204627991,
    "0,4,5,7": -0.12330464273691177,
    "0,4,6,7": -0.21458327770233154,
    "0,5,6,7": -0.2647205591201782,
    "1,2,3,4": -0.061486564576625824,
    "1,2,3,5": -0.17740227282047272,
    "1,2,3,6": -0.23818567395210266,
    "1,2,3,7": 0.043313950300216675,
    "1,2,4,5": -0.22263243794441223,
    "1,2,4,6": -0.2734808325767517,
    "1,2,4,7": -0.030724316835403442,
    "1,2,5,6": -0.2668808102607727,
    "1,2,5,7": 0.04937266185879707,
    "1,2,6,7": -0.25074440240859985,
    "1,3,4,5": -0.10881681740283966,
    "1,3,4,6": -0.20982277393341064,
    "1,3,4,7": -0.016093190759420395,
    "1,3,5,6": -0.26065459847450256,
    "1,3,5,7": 0.03469133377075195,
    "1,3,6,7": -0.21041207015514374,
    "1,4,5,6": -0.28921061754226685,
    "1,4,5,7": 0.062431227415800095,
    "1,4,6,7": -0.22624430060386658,
    "1,5,6,7": -0.26291555166244507,
    "2,3,4,5": -0.05770748853683472,
    "2,3,4,6": -0.264904260635376,
    "2,3,4,7": 0.014859390445053577,
    "2,3,5,6": -0.24035398662090302,
    "2,3,5,7": 0.045052822679281235,
    "2,3,6,7": -0.2446601390838623,
    "2,4,5,6": -0.26026931405067444,
    "2,4,5,7": 0.08231055736541748,
    "2,4,6,7": -0.26289454102516174,
    "2,5,6,7": -0.2685714066028595,
    "3,4,5,6": -0.2533408999443054,
    "3,4,5,7": -0.033247239887714386,
    "3,4,6,7": -0.22723710536956787,
    "3,5,6,7": -0.23548701405525208,
    "4,5,6,7": -0.25203943252563477,
    "0,1,2,3,4": -0.053875915706157684,
    "0,1,2,3,5": -0.16195614635944366,
    "0,1,2,3,6": -0.2568354606628418,
    "0,1,2,3,7": -0.1883610188961029,
    "0,1,2,4,5": -0.1590287685394287,
    "0,1,2,4,6": -0.26475802063941956,
    "0,1,2,4,7": -0.14277398586273193,
    "0,1,2,5,6": -0.26679062843322754,
    "0,1,2,5,7": -0.06797817349433899,
    "0,1,2,6,7": -0.2666378617286682,
    "0,1,3,4,5": -0.04301745817065239,
    "0,1,3,4,6": -0.25054171681404114,
    "0,1,3,4,7": -0.11007944494485855,
    "0,1,3,5,6": -0.2711540162563324,
    "0,1,3,5,7": -0.02869454026222229,
    "0,1,3,6,7": -0.2106744796037674,
    "0,1,4,5,6": -0.2889326214790344,
    "0,1,4,5,7": -0.13199028372764587,
    "0,1,4,6,7": -0.22676236927509308,
    "0,1,5,6,7": -0.25355154275894165,
    "0,2,3,4,5": -0.15961989760398865,
    "0,2,3,4,6": -0.2312328815460205,
    "0,2,3,4,7": -0.10116201639175415,
    "0,2,3,5,6": -0.27955764532089233,
    "0,2,3,5,7": -0.06315776705741882,
    "0,2,3,6,7": -0.25072312355041504,
    "0,2,4,5,6": -0.27168092131614685,
    "0,2,4,5,7": -0.1916320025920868,
    "0,2,4,6,7": -0.2527943253517151,
    "0,2,5,6,7": -0.2808080315589905,
    "0,3,4,5,6": -0.24490967392921448,
    "0,3,4,5,7": -0.11350429058074951,
    "0,3,4,6,7": -0.22674331068992615,
    "0,3,5,6,7": -0.2382092922925949,
    "0,4,5,6,7": -0.251077264547348,
    "1,2,3,4,5": -0.11927835643291473,
    "1,2,3,4,6": -0.28985166549682617,
    "1,2,3,4,7": -0.05101661756634712,
    "1,2,3,5,6": -0.2898677885532379,
    "1,2,3,5,7": -0.15277637541294098,
    "1,2,3,6,7": -0.24711331725120544,
    "1,2,4,5,6": -0.2945452332496643,
    "1,2,4,5,7": -0.1683407574892044,
    "1,2,4,6,7": -0.2590045928955078,
    "1,2,5,6,7": -0.2835139334201813,
    "1,3,4,5,6": -0.2488015592098236,
    "1,3,4,5,7": -0.023135125637054443,