{
  "object_name": "Game",
  "data_type": "game",
  "version": "1.4.2.dev29+g3d3c3a7e6.d20260421",
  "created_from": null,
  "description": null,
  "parameters": {},
  "timestamp": "2026-04-21T12:25:56.787265+00:00Z",
  "metadata": {
    "n_players": 8,
    "game_name": "Game_object",
    "normalization_value": 0.9179999999999999,
    "precompute_flag": false,
    "precomputed": true,
    "player_names": null
  },
  "data": {
    "Empty": 0.9179999999999999,
    "0": 0.7472000000000001,
    "1": 1.2903,
    "2": 1.0070999999999999,
    "3": 0.9243,
    "4": 0.9311999999999999,
    "5": 0.9690999999999999,
    "6": 0.9380000000000001,
    "7": 0.8951,
    "0,1": 0.7071,
    "0,2": 0.9370999999999998,
    "0,3": 0.8964000000000001,
    "0,4": 0.7729000000000001,
    "0,5": 0.7544000000000001,
    "0,6": 0.7447,
    "0,7": 0.7279000000000001,
    "1,2": 1.3919000000000001,
    "1,3": 1.3049000000000002,
    "1,4": 1.2954,
    "1,5": 1.1656000000000002,
    "1,6": 1.3099000000000003,
    "1,7": 1.2629,
    "2,3": 1.0134,
    "2,4": 0.9412999999999998,
    "2,5": 1.0563999999999998,
    "2,6": 1.0073,
    "2,7": 1.0074999999999998,
    "3,4": 0.9431999999999998,
    "3,5": 1.0002,
    "3,6": 0.9442999999999999,
    "3,7": 0.9014000000000001,
    "4,5": 0.9634,
    "4,6": 0.9442999999999999,
    "4,7": 0.9083,
    "5,6": 0.9694999999999998,
    "5,7": 0.9461999999999999,
    "6,7": 0.9151,
    "0,1,2": 0.9272999999999998,
    "0,1,3": 0.8563000000000001,
    "0,1,4": 0.7394000000000001,
    "0,1,5": 0.7325999999999999,
    "0,1,6": 0.7045999999999999,
    "0,1,7": 0.6818,
    "0,2,3": 0.9852999999999998,
    "0,2,4": 0.8929,
    "0,2,5": 0.9133999999999999,
    "0,2,6": 0.9226999999999999,
    "0,2,7": 0.9165999999999999,
    "0,3,4": 0.9076000000000001,
    "0,3,5": 0.8828999999999999,
    "0,3,6": 0.8939000000000001,
    "0,3,7": 0.9339000000000001,
    "0,4,5": 0.7632999999999999,
    "0,4,6": 0.7548,
    "0,4,7": 0.7565000000000002,
    "0,5,6": 0.7481,
    "0,5,7": 0.7433,
    "0,6,7": 0.7230000000000001,
    "1,2,3": 1.4064999999999999,
    "1,2,4": 1.3957,
    "1,2,5": 1.3906,
    "1,2,6": 1.3919000000000001,
    "1,2,7": 1.3897,
    "1,3,4": 1.31,
    "1,3,5": 1.2445,
    "1,3,6": 1.3245,
    "1,3,7": 1.2775,
    "1,4,5": 1.1638000000000002,
    "1,4,6": 1.3081,
    "1,4,7": 1.268,
    "1,5,6": 1.1656000000000002,
    "1,5,7": 1.139,
    "1,6,7": 1.2825000000000002,
    "2,3,4": 0.9511,
    "2,3,5": 1.0909999999999997,
    "2,3,6": 1.0135999999999998,
    "2,3,7": 1.0138,
    "2,4,5": 0.9785999999999998,
    "2,4,6": 0.9414999999999999,
    "2,4,7": 0.943,
    "2,5,6": 1.0566,
    "2,5,7": 1.0567999999999997,
    "2,6,7": 1.0076999999999998,
    "3,4,5": 1.0002,
    "3,4,6": 0.9562999999999999,
    "3,4,7": 0.9202999999999999,
    "3,5,6": 1.0006,
    "3,5,7": 0.9773,
    "3,6,7": 0.9214,
    "4,5,6": 0.9638,
    "4,5,7": 0.9404999999999999,
    "4,6,7": 0.9214,
    "5,6,7": 0.9465999999999999,
    "0,1,2,3": 0.9615999999999998,
    "0,1,2,4": 0.9217000000000001,
    "0,1,2,5": 0.8977999999999999,
    "0,1,2,6": 0.9128999999999998,
    "0,1,2,7": 0.9067999999999999,
    "0,1,3,4": 0.8741,
    "0,1,3,5": 0.8572,
    "0,1,3,6": 0.8538,
    "0,1,3,7": 0.8878,
    "0,1,4,5": 0.7487,
    "0,1,4,6": 0.7213,
    "0,1,4,7": 0.7170000000000001,
    "0,1,5,6": 0.7263,
    "0,1,5,7": 0.7155000000000001,
    "0,1,6,7": 0.6793,
    "0,2,3,4": 0.9136999999999998,
    "0,2,3,5": 0.9890999999999999,
    "0,2,3,6": 1.0089,
    "0,2,3,7": 1.0595999999999999,
    "0,2,4,5": 0.8654,
    "0,2,4,6": 0.9071,
    "0,2,4,7": 0.8599,
    "0,2,5,6": 0.9226999999999999,
    "0,2,5,7": 0.9132,
    "0,2,6,7": 0.9224999999999998,
    "0,3,4,5": 0.8897,
    "0,3,4,6": 0.8895000000000002,
    "0,3,4,7": 0.9451,
    "0,3,5,6": 0.8766,
    "0,3,5,7": 0.9232999999999999,
    "0,3,6,7": 0.929,
    "0,4,5,6": 0.7452,
    "0,4,5,7": 0.7533,
    "0,4,6,7": 0.7360000000000001,
    "0,5,6,7": 0.7346,
    "1,2,3,4": 1.4102999999999999,
    "1,2,3,5": 1.4335,
    "1,2,3,6": 1.4064999999999999,
    "1,2,3,7": 1.4042999999999999,
    "1,2,4,5": 1.3943999999999999,
    "1,2,4,6": 1.3957,
    "1,2,4,7": 1.3935,
    "1,2,5,6": 1.3906,
    "1,2,5,7": 1.3884,
    "1,2,6,7": 1.3897,
    "1,3,4,5": 1.2427000000000001,
    "1,3,4,6": 1.3227000000000002,
    "1,3,4,7": 1.2826,
    "1,3,5,6": 1.2445,
    "1,3,5,7": 1.2170999999999998,
    "1,3,6,7": 1.2971,
    "1,4,5,6": 1.1638000000000002,
    "1,4,5,7": 1.1372,
    "1,4,6,7": 1.2807,
    "1,5,6,7": 1.139,
    "2,3,4,5": 1.0167,
    "2,3,4,6": 0.9513,
    "2,3,4,7": 0.9514999999999999,
    "2,3,5,6": 1.0912,
    "2,3,5,7": 1.0914,
    "2,3,6,7": 1.0139999999999998,
    "2,4,5,6": 0.9787999999999999,
    "2,4,5,7": 0.9803,
    "2,4,6,7": 0.9431999999999998,
    "2,5,6,7": 1.0569999999999997,
    "3,4,5,6": 1.0006,
    "3,4,5,7": 0.9773,
    "3,4,6,7": 0.9334,
    "3,5,6,7": 0.9777000000000001,
    "4,5,6,7": 0.9408999999999998,
    "0,1,2,3,4": 0.9286,
    "0,1,2,3,5": 0.9653999999999998,
    "0,1,2,3,6": 0.9851999999999999,
    "0,1,2,3,7": 1.0358999999999998,
    "0,1,2,4,5": 0.8884000000000001,
    "0,1,2,4,6": 0.9074,
    "0,1,2,4,7": 0.8887,
    "0,1,2,5,6": 0.9128999999999998,
    "0,1,2,5,7": 0.8976,
    "0,1,2,6,7": 0.9126999999999998,
    "0,1,3,4,5": 0.8712,
    "0,1,3,4,6": 0.8560000000000001,
    "0,1,3,4,7": 0.9056000000000001,
    "0,1,3,5,6": 0.8508999999999999,
    "0,1,3,5,7": 0.8916000000000001,
    "0,1,3,6,7": 0.8853,
    "0,1,4,5,6": 0.7305999999999999,
    "0,1,4,5,7": 0.7327000000000001,
    "0,1,4,6,7": 0.6989,
    "0,1,5,6,7": 0.7092,
    "0,2,3,4,5": 0.9136999999999998,
    "0,2,3,4,6": 0.9568999999999999,
    "0,2,3,4,7": 1.0082,
    "0,2,3,5,6": 1.0089,
    "0,2,3,5,7": 1.0634,
    "0,2,3,6,7": 1.0832,
    "0,2,4,5,6": 0.9071,
    "0,2,4,5,7": 0.8526999999999999,
    "0,2,4,6,7": 0.8943999999999999,
    "0,2,5,6,7": 0.9224999999999998,
    "0,3,4,5,6": 0.8715999999999999,
    "0,3,4,5,7": 0.9301,
    "0,3,4,6,7": 0.9246000000000001,
    "0,3,5,6,7": 0.9145999999999999,
    "0,4,5,6,7": 0.7328000000000001,
    "1,2,3,4,5": 1.4373,
    "1,2,3,4,6": 1.4102999999999999,
    "1,2,3,4,7": 1.4081,
    "1,2,3,5,6": 1.4335,
    "1,2,3,5,7": 1.4312999999999998,
    "1,2,3,6,7": 1.4042999999999999,
    "1,2,4,5,6": 1.3943999999999999,
    "1,2,4,5,7": 1.3921999999999999,
    "1,2,4,6,7": 1.3935,
    "1,2,5,6,7": 1.3884,
    "1,3,4,5,6": 1.2427000000000001,
    "1,3,4,5,7": 1.2153,
    "1,3,4,6,7": 1.2953000000000001,
    "1,3,5,6,7": 1.2170999999999998,
    "1,4,5,6,7": 1.1372,
    "2,3,4,5,6": 1.0169,
    "2,3,4,5,7": 1.0171,
    "2,3,4,6,7": 0.9517,
    "2,3,5,6,7": 1.0916,
    "2,4,5,6,7": 0.9804999999999998,
    "3,4,5,6,7": 0.9777000000000001,
    "0,1,2,3,4,5": 0.9286,
    "0,1,2,3,4,6": 0.9433,
    "0,1,2,3,4,7": 1.0231,
    "0,1,2,3,5,6": 0.9851999999999999,
    "0,1,2,3,5,7": 1.0396999999999998,
    "0,1,2,3,6,7": 1.0594999999999999,
    "0,1,2,4,5,6": 0.9074,
    "0,1,2,4,5,7": 0.8756999999999999,
    "0,1,2,4,6,7": 0.8946999999999999,
    "0,1,2,5,6,7": 0.9126999999999998,
    "0,1,3,4,5,6": 0.8531000000000001,
    "0,1,3,4,5,7": 0.9056000000000001,
    "0,1,3,4,6,7": 0.8875000000000002,
    "0,1,3,5,6,7": 0.8853,
    "0,1,4,5,6,7": 0.7146,
    "0,2,3,4,5,6": 0.9568999999999999,
    "0,2,3,4,5,7": 1.0082,
    "0,2,3,4,6,7": 1.0514,
    "0,2,3,5,6,7": 1.0832,
    "0,2,4,5,6,7": 0.8943999999999999,
    "0,3,4,5,6,7": 0.9096,
    "1,2,3,4,5,6": 1.4373,
    "1,2,3,4,5,7": 1.4350999999999998,
    "1,2,3,4,6,7": 1.4081,
    "1,2,3,5,6,7": 1.4312999999999998,
    "1,2,4,5,6,7": 1.3921999999999999,
    "1,3,4,5,6,7": 1.2153,
    "2,3,4,5,6,7": 1.0173,
    "0,1,2,3,4,5,6": 0.9433,
    "0,1,2,3,4,5,7": 1.0231,
    "0,1,2,3,4,6,7": 1.0377999999999998,
    "0,1,2,3,5,6,7": 1.0594999999999999,
    "0,1,2,4,5,6,7": 0.8946999999999999,
    "0,1,3,4,5,6,7": 0.8875000000000002,
    "0,2,3,4,5,6,7": 1.0514,
    "1,2,3,4,5,6,7": 1.4350999999999998,
    "0,1,2,3,4,5,6,7": 1.0377999999999998
  }
}
