{
  "object_name": "Game",
  "data_type": "game",
  "version": "1.4.2.dev29+g3d3c3a7e6.d20260421",
  "created_from": null,
  "description": null,
  "parameters": {},
  "timestamp": "2026-04-21T12:25:56.719775+00:00Z",
  "metadata": {
    "n_players": 8,
    "game_name": "Game_object",
    "normalization_value": 2.0525677175,
    "precompute_flag": false,
    "precomputed": true,
    "player_names": null
  },
  "data": {
    "Empty": 2.7665505999999995,
    "0": 2.6906411,
    "1": 2.3578,
    "2": 2.0336600000000002,
    "3": 2.6703602999999996,
    "4": 2.1183003,
    "5": 2.1932300000000002,
    "6": 2.5764500999999997,
    "7": 3.2458114,
    "0,1": 2.1982,
    "0,2": 2.3994108,
    "0,3": 2.6187709000000003,
    "0,4": 1.85423,
    "0,5": 2.2508703,
    "0,6": 2.32549,
    "0,7": 2.3763408000000004,
    "1,2": 2.0349200000000005,
    "1,3": 2.6653007,
    "1,4": 2.7652901000000005,
    "1,5": 2.7583304999999996,
    "1,6": 2.5244605,
    "1,7": 2.4148001,
    "2,3": 2.9023106,
    "2,4": 2.1058602,
    "2,5": 2.02649,
    "2,6": 2.2416000000000005,
    "2,7": 2.1684401,
    "3,4": 1.9785600000000003,
    "3,5": 2.3089001,
    "3,6": 2.9103106,
    "3,7": 2.0970704000000002,
    "4,5": 2.48252,
    "4,6": 2.33105,
    "4,7": 3.1628306999999998,
    "5,6": 2.4542601,
    "5,7": 2.29429,
    "6,7": 2.3538800999999996,
    "0,1,2": 2.5560508000000004,
    "0,1,3": 2.3287401,
    "0,1,4": 2.6923502999999998,
    "0,1,5": 2.31602,
    "0,1,6": 2.2491001,
    "0,1,7": 2.6706902999999995,
    "0,2,3": 2.26846,
    "0,2,4": 2.4569102999999997,
    "0,2,5": 2.1227701,
    "0,2,6": 2.34574,
    "0,2,7": 2.5519708000000003,
    "0,3,4": 2.11268,
    "0,3,5": 1.9347801,
    "0,3,6": 2.28227,
    "0,3,7": 2.1610102000000007,
    "0,4,5": 1.95682,
    "0,4,6": 2.43767,
    "0,4,7": 2.4619701000000003,
    "0,5,6": 2.08356,
    "0,5,7": 2.0675099,
    "0,6,7": 2.24345,
    "1,2,3": 1.9622400999999996,
    "1,2,4": 2.3499208000000005,
    "1,2,5": 1.9873399999999997,
    "1,2,6": 2.5825903,
    "1,2,7": 2.6137102000000003,
    "1,3,4": 2.3387307,
    "1,3,5": 2.44755,
    "1,3,6": 2.3337706000000003,
    "1,3,7": 2.4240500000000003,
    "1,4,5": 2.5236602999999995,
    "1,4,6": 2.2695999999999996,
    "1,4,7": 2.9161307,
    "1,5,6": 2.7443303,
    "1,5,7": 2.2760301999999997,
    "1,6,7": 2.5416101,
    "2,3,4": 2.3628502,
    "2,3,5": 2.2567,
    "2,3,6": 2.3706103,
    "2,3,7": 2.8059211000000004,
    "2,4,5": 2.2244200000000003,
    "2,4,6": 2.5418200000000004,
    "2,4,7": 2.643211,
    "2,5,6": 2.33373,
    "2,5,7": 2.07332,
    "2,6,7": 2.48591,
    "3,4,5": 2.4492500999999995,
    "3,4,6": 2.5756500000000004,
    "3,4,7": 2.1814299999999998,
    "3,5,6": 2.3804301,
    "3,5,7": 2.43499,
    "3,6,7": 2.4852601,
    "4,5,6": 2.04634,
    "4,5,7": 2.0184500000000005,
    "4,6,7": 2.8046002000000003,
    "5,6,7": 2.6711803,
    "0,1,2,3": 2.4713202,
    "0,1,2,4": 2.1955302000000003,
    "0,1,2,5": 2.2433199999999998,
    "0,1,2,6": 2.6139099999999997,
    "0,1,2,7": 2.3964100999999998,
    "0,1,3,4": 2.5729409000000003,
    "0,1,3,5": 2.0377400000000003,
    "0,1,3,6": 2.06353,
    "0,1,3,7": 2.24283,
    "0,1,4,5": 2.3721001999999998,
    "0,1,4,6": 2.4922102,
    "0,1,4,7": 2.568751,
    "0,1,5,6": 2.5974,
    "0,1,5,7": 2.1012399999999998,
    "0,1,6,7": 2.301,
    "0,2,3,4": 2.58758,
    "0,2,3,5": 2.2193401,
    "0,2,3,6": 2.17565,
    "0,2,3,7": 2.3169902,
    "0,2,4,5": 2.35408,
    "0,2,4,6": 2.5042,
    "0,2,4,7": 2.3915003,
    "0,2,5,6": 2.08684,
    "0,2,5,7": 2.22021,
    "0,2,6,7": 2.4969800999999996,
    "0,3,4,5": 1.9687999999999999,
    "0,3,4,6": 2.09689,
    "0,3,4,7": 2.5082501000000006,
    "0,3,5,6": 2.16448,
    "0,3,5,7": 2.0598101,
    "0,3,6,7": 2.31955,
    "0,4,5,6": 2.27883,
    "0,4,5,7": 2.1461,
    "0,4,6,7": 2.6735902000000005,
    "0,5,6,7": 2.12742,
    "1,2,3,4": 2.0975505,
    "1,2,3,5": 2.3554000999999998,
    "1,2,3,6": 2.6281001,
    "1,2,3,7": 2.6840507000000002,
    "1,2,4,5": 2.5144801,
    "1,2,4,6": 2.3611501,
    "1,2,4,7": 2.5867705,
    "1,2,5,6": 2.19589,
    "1,2,5,7": 2.6252903,
    "1,2,6,7": 2.6079802,
    "1,3,4,5": 2.6973104,
    "1,3,4,6": 2.6061900999999996,
    "1,3,4,7": 3.0897112,
    "1,3,5,6": 2.07902,
    "1,3,5,7": 2.4551502,
    "1,3,6,7": 2.1889003000000007,
    "1,4,5,6": 2.4614100000000003,
    "1,4,5,7": 2.2881601,
    "1,4,6,7": 2.8978502999999995,
    "1,5,6,7": 2.5967301,
    "2,3,4,5": 2.3432901,
    "2,3,4,6": 2.7094300999999996,
    "2,3,4,7": 2.7547010000000003,
    "2,3,5,6": 2.2384101000000003,
    "2,3,5,7": 2.1369501,
    "2,3,6,7": 2.3564201000000002,
    "2,4,5,6": 2.4959900999999998,
    "2,4,5,7": 2.5046999999999997,
    "2,4,6,7": 2.2315899999999997,
    "2,5,6,7": 2.40091,
    "3,4,5,6": 2.7795099999999997,
    "3,4,5,7": 2.5166501,
    "3,4,6,7": 2.5604002,
    "3,5,6,7": 2.28863,
    "4,5,6,7": 2.3474199999999996,
    "0,1,2,3,4": 2.42889,
    "0,1,2,3,5": 2.38516,
    "0,1,2,3,6": 2.53968,
    "0,1,2,3,7": 1.9554501000000002,
    "0,1,2,4,5": 2.25713,
    "0,1,2,4,6": 2.01068,
    "0,1,2,4,7": 2.3838002,
    "0,1,2,5,6": 2.15778,
    "0,1,2,5,7": 2.23179,
    "0,1,2,6,7": 2.13768,
    "0,1,3,4,5": 2.0822601,
    "0,1,3,4,6": 2.26477,
    "0,1,3,4,7": 2.4118702999999995,
    "0,1,3,5,6": 2.36869,
    "0,1,3,5,7": 1.9883198999999998,
    "0,1,3,6,7": 2.38613,
    "0,1,4,5,6": 2.4918000000000005,
    "0,1,4,5,7": 2.2481299,
    "0,1,4,6,7": 2.2793299999999994,
    "0,1,5,6,7": 2.15665,
    "0,2,3,4,5": 2.24686,
    "0,2,3,4,6": 2.4830901,
    "0,2,3,4,7": 2.6584105,
    "0,2,3,5,6": 2.1076799999999998,
    "0,2,3,5,7": 2.05883,
    "0,2,3,6,7": 2.11969,
    "0,2,4,5,6": 2.14481,
    "0,2,4,5,7": 2.1222000000000003,
    "0,2,4,6,7": 2.5862900000000004,
    "0,2,5,6,7": 2.1347899999999997,
    "0,3,4,5,6": 2.14716,
    "0,3,4,5,7": 1.98389,
    "0,3,4,6,7": 2.6067805,
    "0,3,5,6,7": 2.09932,
    "0,4,5,6,7": 2.1688400000000003,
    "1,2,3,4,5": 2.7082101,
    "1,2,3,4,6": 3.2965207000000007,
    "1,2,3,4,7": 2.3259105,
    "1,2,3,5,6": 2.5566901,
    "1,2,3,5,7": 2.0871299999999993,
    "1,2,3,6,7": 2.7346505,
    "1,2,4,5,6": 2.1705601,
    "1,2,4,5,7": 2.1247,
    "1,2,4,6,7": 2.7106801999999997,
    "1,2,5,6,7": 2.27917,
    "1,3,4,5,6": 2.6805299999999996,
    "1,3,4,5,7": 2.3096001,
    "1,3,4,6,7": 2.5596802,
    "1,3,5,6,7": 2.3684202,
    "1,4,5,6,7": 2.3453102,
    "2,3,4,5,6": 2.1454,
    "2,3,4,5,7": 2.4132299999999995,
    "2,3,4,6,7": 2.4491202000000003,
    "2,3,5,6,7": 2.4900601000000004,
    "2,4,5,6,7": 2.3255401,
    "3,4,5,6,7": 2.5884001999999997,
    "0,1,2,3,4,5": 2.4735401,
    "0,1,2,3,4,6": 2.6469500000000004,
    "0,1,2,3,4,7": 2.1121600000000003,
    "0,1,2,3,5,6": 2.3537,
    "0,1,2,3,5,7": 2.02558,
    "0,1,2,3,6,7": 2.5390704000000004,
    "0,1,2,4,5,6": 2.1409099999999994,
    "0,1,2,4,5,7": 2.23355,
    "0,1,2,4,6,7": 2.2288799999999993,
    "0,1,2,5,6,7": 2.2148,
    "0,1,3,4,5,6": 2.16366,
    "0,1,3,4,5,7": 1.9889,
    "0,1,3,4,6,7": 2.5821102,
    "0,1,3,5,6,7": 2.0501499,
    "0,1,4,5,6,7": 2.1523698999999996,
    "0,2,3,4,5,6": 2.14698,
    "0,2,3,4,5,7": 1.9108800000000001,
    "0,2,3,4,6,7": 2.30747,
    "0,2,3,5,6,7": 2.09493,
    "0,2,4,5,6,7": 2.13078,
    "0,3,4,5,6,7": 2.0803399999999996,
    "1,2,3,4,5,6": 2.47952,
    "1,2,3,4,5,7": 2.0525700999999996,
    "1,2,3,4,6,7": 2.7408002999999996,
    "1,2,3,5,6,7": 2.6103302999999998,
    "1,2,4,5,6,7": 2.5992402,
    "1,3,4,5,6,7": 2.4042901000000003,
    "2,3,4,5,6,7": 2.3897000000000004,
    "0,1,2,3,4,5,6": 2.3627799999999994,
    "0,1,2,3,4,5,7": 2.13761,
    "0,1,2,3,4,6,7": 2.12704,
    "0,1,2,3,5,6,7": 2.15062,
    "0,1,2,4,5,6,7": 2.2087,
    "0,1,3,4,5,6,7": 2.1577100000000002,
    "0,2,3,4,5,6,7": 1.9769400000000001,
    "1,2,3,4,5,6,7": 2.4956101000000004,
    "0,1,2,3,4,5,6,7": 2.1711
  }
}
