{
  "object_name": "Game",
  "data_type": "game",
  "version": "1.4.2.dev29+g3d3c3a7e6.d20260421",
  "created_from": null,
  "description": null,
  "parameters": {},
  "timestamp": "2026-04-21T12:25:56.684358+00:00Z",
  "metadata": {
    "n_players": 8,
    "game_name": "Game_object",
    "normalization_value": -0.09941155463457108,
    "precompute_flag": false,
    "precomputed": true,
    "player_names": null
  },
  "data": {
    "Empty": -0.09941155463457108,
    "0": 0.31732434034347534,
    "1": -0.02762119472026825,
    "2": 0.13403643667697906,
    "3": -0.10062099993228912,
    "4": -0.046607211232185364,
    "5": -0.12992915511131287,
    "6": 0.04477708041667938,
    "7": 0.619346022605896,
    "0,1": 0.37435758113861084,
    "0,2": 0.28303879499435425,
    "0,3": 0.22809673845767975,
    "0,4": 0.30943602323532104,
    "0,5": 0.29763203859329224,
    "0,6": 0.19132600724697113,
    "0,7": 0.8167411088943481,
    "1,2": 0.15427543222904205,
    "1,3": 0.014003321528434753,
    "1,4": 0.017975106835365295,
    "1,5": -0.07031910121440887,
    "1,6": 0.18061275780200958,
    "1,7": 0.6753435134887695,
    "2,3": 0.18461017310619354,
    "2,4": 0.06483124196529388,
    "2,5": 0.098750039935112,
    "2,6": 0.14891956746578217,
    "2,7": 0.7125962376594543,
    "3,4": -0.007108420133590698,
    "3,5": -0.11023088544607162,
    "3,6": 0.06740586459636688,
    "3,7": 0.5623684525489807,
    "4,5": -0.04943162202835083,
    "4,6": 0.14377079904079437,
    "4,7": 0.5737476944923401,
    "5,6": -0.005101487040519714,
    "5,7": 0.563297688961029,
    "6,7": 0.315266489982605,
    "0,1,2": 0.3715425133705139,
    "0,1,3": 0.34050440788269043,
    "0,1,4": 0.36285603046417236,
    "0,1,5": 0.37190234661102295,
    "0,1,6": 0.23958192765712738,
    "0,1,7": 0.8185632228851318,
    "0,2,3": 0.2744649052619934,
    "0,2,4": 0.33122527599334717,
    "0,2,5": 0.29022395610809326,
    "0,2,6": 0.3510396480560303,
    "0,2,7": 0.8215442895889282,
    "0,3,4": 0.23629425466060638,
    "0,3,5": 0.2112608104944229,
    "0,3,6": 0.22659189999103546,
    "0,3,7": 0.785753607749939,
    "0,4,5": 0.29223501682281494,
    "0,4,6": 0.17470873892307281,
    "0,4,7": 0.7923775911331177,
    "0,5,6": 0.139700248837471,
    "0,5,7": 0.8004270792007446,
    "0,6,7": 0.5514003038406372,
    "1,2,3": 0.20139773190021515,
    "1,2,4": 0.10337834060192108,
    "1,2,5": 0.08053930103778839,
    "1,2,6": 0.2523769736289978,
    "1,2,7": 0.8239893913269043,
    "1,3,4": 0.05524428188800812,
    "1,3,5": -0.033929020166397095,
    "1,3,6": 0.1918933242559433,
    "1,3,7": 0.6786329746246338,
    "1,4,5": -0.0040416717529296875,
    "1,4,6": 0.17768587172031403,
    "1,4,7": 0.6272377967834473,
    "1,5,6": 0.13014887273311615,
    "1,5,7": 0.6498036980628967,
    "1,6,7": 0.27093297243118286,
    "2,3,4": 0.14409084618091583,
    "2,3,5": 0.13326190412044525,
    "2,3,6": 0.17877398431301117,
    "2,3,7": 0.6857519745826721,
    "2,4,5": 0.05417276918888092,
    "2,4,6": 0.19673989713191986,
    "2,4,7": 0.7010875344276428,
    "2,5,6": 0.10054902732372284,
    "2,5,7": 0.6717588305473328,
    "2,6,7": 0.41643059253692627,
    "3,4,5": -0.027510449290275574,
    "3,4,6": 0.1523139625787735,
    "3,4,7": 0.5302570462226868,
    "3,5,6": 0.02620185911655426,
    "3,5,7": 0.49976110458374023,
    "3,6,7": 0.3010997176170349,
    "4,5,6": 0.09799288213253021,
    "4,5,7": 0.5182473063468933,
    "4,6,7": 0.3348779082298279,
    "5,6,7": 0.25754350423812866,
    "0,1,2,3": 0.3522007465362549,
    "0,1,2,4": 0.3743355870246887,
    "0,1,2,5": 0.3667036294937134,
    "0,1,2,6": 0.35534995794296265,
    "0,1,2,7": 0.8494404554367065,
    "0,1,3,4": 0.3524564504623413,
    "0,1,3,5": 0.3430787920951843,
    "0,1,3,6": 0.2565056085586548,
    "0,1,3,7": 0.7835993766784668,
    "0,1,4,5": 0.36921048164367676,
    "0,1,4,6": 0.210101917386055,
    "0,1,4,7": 0.8484030961990356,
    "0,1,5,6": 0.19934909045696259,
    "0,1,5,7": 0.8013795614242554,
    "0,1,6,7": 0.5222647786140442,
    "0,2,3,4": 0.3326520323753357,
    "0,2,3,5": 0.2921607494354248,
    "0,2,3,6": 0.42370522022247314,
    "0,2,3,7": 0.8177659511566162,
    "0,2,4,5": 0.34599727392196655,
    "0,2,4,6": 0.318426251411438,
    "0,2,4,7": 0.830787181854248,
    "0,2,5,6": 0.30661678314208984,
    "0,2,5,7": 0.799166202545166,
    "0,2,6,7": 0.5833668112754822,
    "0,3,4,5": 0.2507178783416748,
    "0,3,4,6": 0.23290859162807465,
    "0,3,4,7": 0.7600419521331787,
    "0,3,5,6": 0.17464332282543182,
    "0,3,5,7": 0.780368983745575,
    "0,3,6,7": 0.5175390839576721,
    "0,4,5,6": 0.11338551342487335,
    "0,4,5,7": 0.7863725423812866,
    "0,4,6,7": 0.5386468172073364,
    "0,5,6,7": 0.5198123455047607,
    "1,2,3,4": 0.17611734569072723,
    "1,2,3,5": 0.1267016977071762,
    "1,2,3,6": 0.29974275827407837,
    "1,2,3,7": 0.8489671945571899,
    "1,2,4,5": 0.04451747238636017,
    "1,2,4,6": 0.23920579254627228,
    "1,2,4,7": 0.855480432510376,
    "1,2,5,6": 0.20389245450496674,
    "1,2,5,7": 0.8173136711120605,
    "1,2,6,7": 0.3619064688682556,
    "1,3,4,5": 0.014132693409919739,
    "1,3,4,6": 0.19955946505069733,
    "1,3,4,7": 0.6430685520172119,
    "1,3,5,6": 0.12790904939174652,
    "1,3,5,7": 0.6452087163925171,
    "1,3,6,7": 0.2839648127555847,
    "1,4,5,6": 0.13444210588932037,
    "1,4,5,7": 0.6071430444717407,
    "1,4,6,7": 0.29827409982681274,
    "1,5,6,7": 0.2504424452781677,
    "2,3,4,5": 0.09742628037929535,
    "2,3,4,6": 0.24712802469730377,
    "2,3,4,7": 0.7600194215774536,
    "2,3,5,6": 0.11043567955493927,
    "2,3,5,7": 0.664526104927063,
    "2,3,6,7": 0.4504302144050598,
    "2,4,5,6": 0.15851153433322906,
    "2,4,5,7": 0.7081946134567261,
    "2,4,6,7": 0.4125376343727112,
    "2,5,6,7": 0.3894052505493164,
    "3,4,5,6": 0.10372142493724823,
    "3,4,5,7": 0.4825953245162964,
    "3,4,6,7": 0.3194464445114136,
    "3,5,6,7": 0.24075950682163239,
    "4,5,6,7": 0.27400875091552734,
    "0,1,2,3,4": 0.3596188426017761,
    "0,1,2,3,5": 0.3468616008758545,
    "0,1,2,3,6": 0.368579626083374,
    "0,1,2,3,7": 0.8449115753173828,
    "0,1,2,4,5": 0.37173992395401,
    "0,1,2,4,6": 0.2969439625740051,
    "0,1,2,4,7": 0.8216646909713745,
    "0,1,2,5,6": 0.30873942375183105,
    "0,1,2,5,7": 0.8282740116119385,
    "0,1,2,6,7": 0.5613353252410889,
    "0,1,3,4,5": 0.3776608109474182,
    "0,1,3,4,6": 0.2222038060426712,
    "0,1,3,4,7": 0.7950443029403687,
    "0,1,3,5,6": 0.21675507724285126,
    "0,1,3,5,7": 0.767078697681427,
    "0,1,3,6,7": 0.5194065570831299,
    "0,1,4,5,6": 0.17476533353328705,
    "0,1,4,5,7": 0.8305962085723877,
    "0,1,4,6,7": 0.44861990213394165,
    "0,1,5,6,7": 0.4895845055580139,
    "0,2,3,4,5": 0.32708263397216797,
    "0,2,3,4,6": 0.40390247106552124,
    "0,2,3,4,7": 0.8064680099487305,
    "0,2,3,5,6": 0.3806629180908203,
    "0,2,3,5,7": 0.786178469657898,
    "0,2,3,6,7": 0.5682591795921326,
    "0,2,4,5,6": 0.27700841426849365,
    "0,2,4,5,7": 0.8057926893234253,
    "0,2,4,6,7": 0.5893071889877319,
    "0,2,5,6,7": 0.5540909767150879,
    "0,3,4,5,6": 0.17107249796390533,
    "0,3,4,5,7": 0.7530997395515442,
    "0,3,4,6,7": 0.5383606553077698,
    "0,3,5,6,7": 0.5127987265586853,
    "0,4,5,6,7": 0.5049396753311157,
    "1,2,3,4,5": 0.10245026648044586,
    "1,2,3,4,6": 0.2768781781196594,
    "1,2,3,4,7": 0.8815573453903198,
    "1,2,3,5,6": 0.23207144439220428,
    "1,2,3,5,7": 0.8452500104904175,
    "1,2,3,6,7": 0.3598744869232178,
    "1,2,4,5,6": 0.19159381091594696,
    "1,2,4,5,7": 0.8444534540176392,
    "1,2,4,6,7": 0.3266441226005554,
    "1,2,5,6,7": 0.3106074929237366,
    "1,3,4,5,6": 0.14151988923549652,
    "1,3,4,5,7": 0.6371206641197205,
    "1,3,4,6,7": 0.3105042576789856,
    "1,3,5,6,7": 0.2531425356864929,
    "1,4,5,6,7": 0.2541905641555786,
    "2,3,4,5,6": 0.19873224198818207,
    "2,3,4,5,7": 0.7549996376037598,
    "2,3,4,6,7": 0.4596555233001709,
    "2,3,5,6,7": 0.41636645793914795,