{
  "object_name": "Game",
  "data_type": "game",
  "version": "1.4.2.dev29+g3d3c3a7e6.d20260421",
  "created_from": null,
  "description": null,
  "parameters": {},
  "timestamp": "2026-04-21T12:25:56.696922+00:00Z",
  "metadata": {
    "n_players": 8,
    "game_name": "Game_object",
    "normalization_value": -0.09941155463457108,
    "precompute_flag": false,
    "precomputed": true,
    "player_names": null
  },
  "data": {
    "Empty": -0.09941155463457108,
    "0": -0.10435578972101212,
    "1": -0.09345583617687225,
    "2": -0.05863335728645325,
    "3": -0.11324925720691681,
    "4": -0.11787933111190796,
    "5": -0.0889679342508316,
    "6": -0.12669703364372253,
    "7": 1.0703414678573608,
    "0,1": -0.09805254638195038,
    "0,2": -0.05956654250621796,
    "0,3": -0.11408619582653046,
    "0,4": -0.11876966804265976,
    "0,5": -0.09161554276943207,
    "0,6": -0.12977789342403412,
    "0,7": 1.0735483169555664,
    "1,2": -0.05099579691886902,
    "1,3": -0.10673467814922333,
    "1,4": -0.11145885288715363,
    "1,5": -0.08295632898807526,
    "1,6": -0.12710092961788177,
    "1,7": 1.071844220161438,
    "2,3": -0.05685146152973175,
    "2,4": -0.06643164157867432,
    "2,5": -0.043329790234565735,
    "2,6": -0.1025983989238739,
    "2,7": 1.0876613855361938,
    "3,4": -0.1258508414030075,
    "3,5": -0.10233137011528015,
    "3,6": -0.11813896894454956,
    "3,7": 1.0588030815124512,
    "4,5": -0.10446147620677948,
    "4,6": -0.13018661737442017,
    "4,7": 1.0926513671875,
    "5,6": -0.117548868060112,
    "5,7": 1.0831303596496582,
    "6,7": -0.0034837275743484497,
    "0,1,2": -0.051928967237472534,
    "0,1,3": -0.1081637442111969,
    "0,1,4": -0.11236049234867096,
    "0,1,5": -0.08499465882778168,
    "0,1,6": -0.13048507273197174,
    "0,1,7": 1.0753108263015747,
    "0,2,3": -0.056268781423568726,
    "0,2,4": -0.0665825605392456,
    "0,2,5": -0.04357899725437164,
    "0,2,6": -0.10784021019935608,
    "0,2,7": 1.0891060829162598,
    "0,3,4": -0.12517282366752625,
    "0,3,5": -0.10360760241746902,
    "0,3,6": -0.12121979892253876,
    "0,3,7": 1.0626025199890137,
    "0,4,5": -0.10539613664150238,
    "0,4,6": -0.1350146234035492,
    "0,4,7": 1.0964739322662354,
    "0,5,6": -0.12062980234622955,
    "0,5,7": 1.0856162309646606,
    "0,6,7": -0.0063326358795166016,
    "1,2,3": -0.049096718430519104,
    "1,2,4": -0.05965730547904968,
    "1,2,5": -0.035345375537872314,
    "1,2,6": -0.09871010482311249,
    "1,2,7": 1.0902248620986938,
    "1,3,4": -0.12002517282962799,
    "1,3,5": -0.09545619785785675,
    "1,3,6": -0.11884598433971405,
    "1,3,7": 1.0605370998382568,
    "1,4,5": -0.09906948357820511,
    "1,4,6": -0.1280883252620697,
    "1,4,7": 1.09437894821167,
    "1,5,6": -0.11696358025074005,
    "1,5,7": 1.084633231163025,
    "1,6,7": -0.0024508386850357056,
    "2,3,4": -0.06720247864723206,
    "2,3,5": -0.046954602003097534,
    "2,3,6": -0.09365829825401306,
    "2,3,7": 1.0825034379959106,
    "2,4,5": -0.052287518978118896,
    "2,4,6": -0.09648087620735168,
    "2,4,7": 1.115627408027649,
    "2,5,6": -0.09107720851898193,
    "2,5,7": 1.0997449159622192,
    "2,6,7": 0.030099958181381226,
    "3,4,5": -0.11613475531339645,
    "3,4,6": -0.12671342492103577,
    "3,4,7": 1.0817757844924927,
    "3,5,6": -0.10899073630571365,
    "3,5,7": 1.0716835260391235,
    "3,6,7": 0.004284262657165527,
    "4,5,6": -0.11964142322540283,
    "4,5,7": 1.1055428981781006,
    "4,6,7": -0.0038525909185409546,
    "5,6,7": 0.010516688227653503,
    "0,1,2,3": -0.04851411283016205,
    "0,1,2,4": -0.06168942153453827,
    "0,1,2,5": -0.035518139600753784,
    "0,1,2,6": -0.10424450039863586,
    "0,1,2,7": 1.0916696786880493,
    "0,1,3,4": -0.11967657506465912,
    "0,1,3,5": -0.09701880812644958,
    "0,1,3,6": -0.12192685902118683,
    "0,1,3,7": 1.0643362998962402,
    "0,1,4,5": -0.09997664391994476,
    "0,1,4,6": -0.1329163908958435,
    "0,1,4,7": 1.0987857580184937,
    "0,1,5,6": -0.12133688479661942,
    "0,1,5,7": 1.087378978729248,
    "0,1,6,7": -0.005299851298332214,
    "0,2,3,4": -0.06603074073791504,
    "0,2,3,5": -0.045815542340278625,
    "0,2,3,6": -0.09917571395635605,
    "0,2,3,7": 1.0838041305541992,
    "0,2,4,5": -0.05301883816719055,
    "0,2,4,6": -0.10206282883882523,
    "0,2,4,7": 1.1170721054077148,
    "0,2,5,6": -0.09661164879798889,
    "0,2,5,7": 1.1012078523635864,
    "0,2,6,7": 0.027967795729637146,
    "0,3,4,5": -0.11543754488229752,
    "0,3,4,6": -0.1315414309501648,
    "0,3,4,7": 1.0855662822723389,
    "0,3,5,6": -0.11207164078950882,
    "0,3,5,7": 1.075482964515686,
    "0,3,6,7": 0.001385509967803955,
    "0,4,5,6": -0.12446950376033783,
    "0,4,5,7": 1.1093332767486572,
    "0,4,6,7": -0.006701663136482239,
    "0,5,6,7": 0.00766754150390625,
    "1,2,3,4": -0.0606839656829834,
    "1,2,3,5": -0.03918476402759552,
    "1,2,3,6": -0.08976998925209045,
    "1,2,3,7": 1.0849229097366333,
    "1,2,4,5": -0.045166611671447754,
    "1,2,4,6": -0.09246855974197388,
    "1,2,4,7": 1.118190884590149,
    "1,2,5,6": -0.08718886971473694,
    "1,2,5,7": 1.1022602319717407,
    "1,2,6,7": 0.0313885360956192,
    "1,3,4,5": -0.11043847352266312,
    "1,3,4,6": -0.1246151328086853,
    "1,3,4,7": 1.083503246307373,
    "1,3,5,6": -0.10969778150320053,
    "1,3,5,7": 1.0734175443649292,
    "1,3,6,7": 0.005384296178817749,
    "1,4,5,6": -0.11754331737756729,
    "1,4,5,7": 1.107270359992981,
    "1,4,6,7": -0.0028197169303894043,
    "1,5,6,7": 0.01154954731464386,
    "2,3,4,5": -0.05685952305793762,
    "2,3,4,6": -0.08944027125835419,
    "2,3,4,7": 1.1103253364562988,
    "2,3,5,6": -0.08213712275028229,
    "2,3,5,7": 1.0946927070617676,
    "2,3,6,7": 0.04039962589740753,
    "2,4,5,6": -0.08501093089580536,
    "2,4,5,7": 1.127729058265686,
    "2,4,6,7": 0.032077327370643616,
    "2,5,6,7": 0.04415760934352875,
    "3,4,5,6": -0.11616826057434082,
    "3,4,5,7": 1.0946673154830933,
    "3,4,6,7": 0.004173934459686279,
    "3,5,6,7": 0.01837114989757538,
    "4,5,6,7": 0.01014779508113861,
    "0,1,2,3,4": -0.06014816462993622,
    "0,1,2,3,5": -0.03787454962730408,
    "0,1,2,3,6": -0.0953044593334198,
    "0,1,2,3,7": 1.0863677263259888,
    "0,1,2,4,5": -0.047055140137672424,
    "0,1,2,4,6": -0.09805038571357727,
    "0,1,2,4,7": 1.1196357011795044,
    "0,1,2,5,6": -0.09272341430187225,
    "0,1,2,5,7": 1.103771448135376,
    "0,1,2,6,7": 0.029256492853164673,
    "0,1,3,4,5": -0.10980255156755447,
    "0,1,3,4,6": -0.12944328784942627,
    "0,1,3,4,7": 1.0872937440872192,
    "0,1,3,5,6": -0.1127786934375763,
    "0,1,3,5,7": 1.0772169828414917,
    "0,1,3,6,7": 0.0024857372045516968,
    "0,1,4,5,6": -0.12237135320901871,
    "0,1,4,5,7": 1.111588954925537,
    "0,1,4,6,7": -0.005603805184364319,
    "0,1,5,6,7": 0.008700624108314514,
    "0,2,3,4,5": -0.055381566286087036,
    "0,2,3,4,6": -0.09497224539518356,
    "0,2,3,4,7": 1.1117702722549438,
    "0,2,3,5,6": -0.08767159283161163,
    "0,2,3,5,7": 1.0959059000015259,
    "0,2,3,6,7": 0.03791932761669159,
    "0,2,4,5,6": -0.09059280157089233,
    "0,2,4,5,7": 1.1291738748550415,
    "0,2,4,6,7": 0.029597148299217224,
    "0,2,5,6,7": 0.04204393923282623,
    "0,3,4,5,6": -0.12099629640579224,
    "0,3,4,5,7": 1.09845769405365,
    "0,3,4,6,7": 0.0016634464263916016,
    "0,3,5,6,7": 0.01547248661518097,
    "0,4,5,6,7": 0.007298752665519714,
    "1,2,3,4,5": -0.05027616024017334,
    "1,2,3,4,6": -0.08532227575778961,
    "1,2,3,4,7": 1.112889051437378,
    "1,2,3,5,6": -0.0782487690448761,
    "1,2,3,5,7": 1.0970245599746704,
    "1,2,3,6,7": 0.041658684611320496,
    "1,2,4,5,6": -0.08099840581417084,
    "1,2,4,5,7": 1.1302926540374756,
    "1,2,4,6,7": 0.03333635628223419,
    "1,2,5,6,7": 0.04537738859653473,
    "1,3,4,5,6": -0.11394543200731277,
    "1,3,4,5,7": 1.0963945388793945,
    "1,3,4,6,7": 0.00520692765712738,
    "1,3,5,6,7": 0.019471392035484314,