{
  "object_name": "Game",
  "data_type": "game",
  "version": "1.4.2.dev29+g3d3c3a7e6.d20260421",
  "created_from": null,
  "description": null,
  "parameters": {},
  "timestamp": "2026-04-21T12:25:56.801666+00:00Z",
  "metadata": {
    "n_players": 8,
    "game_name": "Game_object",
    "normalization_value": 0.9179999999999999,
    "precompute_flag": false,
    "precomputed": true,
    "player_names": null
  },
  "data": {
    "Empty": 0.9179999999999999,
    "0": 0.666,
    "1": 0.9179999999999999,
    "2": 1.8277,
    "3": 0.9043999999999999,
    "4": 0.9311999999999999,
    "5": 0.8696999999999999,
    "6": 1.1400000000000001,
    "7": 1.9555,
    "0,1": 0.666,
    "0,2": 0.6399,
    "0,3": 0.6735,
    "0,4": 0.6639999999999999,
    "0,5": 0.656,
    "0,6": 0.9550000000000001,
    "0,7": 1.4998,
    "1,2": 1.8277,
    "1,3": 0.9043999999999999,
    "1,4": 0.9311999999999999,
    "1,5": 0.8696999999999999,
    "1,6": 1.1400000000000001,
    "1,7": 1.9555,
    "2,3": 2.0092,
    "2,4": 1.9447000000000003,
    "2,5": 1.3714,
    "2,6": 1.2208999999999999,
    "2,7": 1.9929999999999999,
    "3,4": 0.9107,
    "3,5": 0.8561,
    "3,6": 1.1326,
    "3,7": 1.9612000000000003,
    "4,5": 0.8829,
    "4,6": 1.1469,
    "4,7": 1.9910000000000003,
    "5,6": 1.1327,
    "5,7": 1.5909,
    "6,7": 1.3345999999999998,
    "0,1,2": 0.6399,
    "0,1,3": 0.6735,
    "0,1,4": 0.6639999999999999,
    "0,1,5": 0.656,
    "0,1,6": 0.9550000000000001,
    "0,1,7": 1.4998,
    "0,2,3": 0.6466000000000001,
    "0,2,4": 0.6152,
    "0,2,5": 0.5859,
    "0,2,6": 1.0071999999999999,
    "0,2,7": 1.4346,
    "0,3,4": 0.67,
    "0,3,5": 0.656,
    "0,3,6": 0.9550000000000001,
    "0,3,7": 1.5219,
    "0,4,5": 0.6717000000000001,
    "0,4,6": 0.9032,
    "0,4,7": 1.5569,
    "0,5,6": 0.9639000000000001,
    "0,5,7": 1.5031000000000003,
    "0,6,7": 0.9570000000000001,
    "1,2,3": 2.0092,
    "1,2,4": 1.9447000000000003,
    "1,2,5": 1.3325999999999998,
    "1,2,6": 1.2208999999999999,
    "1,2,7": 1.9929999999999999,
    "1,3,4": 0.9107,
    "1,3,5": 0.8561,
    "1,3,6": 1.1326,
    "1,3,7": 1.9612000000000003,
    "1,4,5": 0.8829,
    "1,4,6": 1.1469,
    "1,4,7": 1.9910000000000003,
    "1,5,6": 1.1327,
    "1,5,7": 1.5909,
    "1,6,7": 1.3197999999999999,
    "2,3,4": 2.1139,
    "2,3,5": 1.3579999999999999,
    "2,3,6": 1.1518000000000002,
    "2,3,7": 2.1457,
    "2,4,5": 1.3862999999999999,
    "2,4,6": 1.2277999999999998,
    "2,4,7": 2.1031,
    "2,5,6": 1.2512,
    "2,5,7": 1.5269,
    "2,6,7": 1.3657999999999997,
    "3,4,5": 0.8624,
    "3,4,6": 1.1326,
    "3,4,7": 1.9967000000000001,
    "3,5,6": 1.1253,
    "3,5,7": 1.5971999999999997,
    "3,6,7": 1.3146,
    "4,5,6": 1.1396000000000002,
    "4,5,7": 1.6225999999999998,
    "4,6,7": 1.4452,
    "5,6,7": 1.26,
    "0,1,2,3": 0.6466000000000001,
    "0,1,2,4": 0.621,
    "0,1,2,5": 0.5859,
    "0,1,2,6": 1.0071999999999999,
    "0,1,2,7": 1.4346,
    "0,1,3,4": 0.67,
    "0,1,3,5": 0.656,
    "0,1,3,6": 0.9550000000000001,
    "0,1,3,7": 1.5219,
    "0,1,4,5": 0.6717000000000001,
    "0,1,4,6": 0.9032,
    "0,1,4,7": 1.5569,
    "0,1,5,6": 0.9639000000000001,
    "0,1,5,7": 1.5031000000000003,
    "0,1,6,7": 0.9570000000000001,
    "0,2,3,4": 0.6204,
    "0,2,3,5": 0.5859,
    "0,2,3,6": 1.0071999999999999,
    "0,2,3,7": 1.4567,
    "0,2,4,5": 0.5564,
    "0,2,4,6": 0.9829999999999999,
    "0,2,4,7": 1.4917,
    "0,2,5,6": 0.9791000000000001,
    "0,2,5,7": 1.3998000000000002,
    "0,2,6,7": 0.7146000000000001,
    "0,3,4,5": 0.6717000000000001,
    "0,3,4,6": 0.9032,
    "0,3,4,7": 1.5773,
    "0,3,5,6": 0.9639000000000001,
    "0,3,5,7": 1.4834000000000003,
    "0,3,6,7": 0.9118999999999999,
    "0,4,5,6": 0.9619000000000002,
    "0,4,5,7": 1.5585,
    "0,4,6,7": 0.9923,
    "0,5,6,7": 0.9004,
    "1,2,3,4": 2.1139,
    "1,2,3,5": 1.3192,
    "1,2,3,6": 1.1518000000000002,
    "1,2,3,7": 2.1457,
    "1,2,4,5": 1.3475,
    "1,2,4,6": 1.2277999999999998,
    "1,2,4,7": 2.1031,
    "1,2,5,6": 1.2512,
    "1,2,5,7": 1.4880999999999998,
    "1,2,6,7": 1.3657999999999997,
    "1,3,4,5": 0.8624,
    "1,3,4,6": 1.1326,
    "1,3,4,7": 1.9967000000000001,
    "1,3,5,6": 1.1253,
    "1,3,5,7": 1.5971999999999997,
    "1,3,6,7": 1.2997999999999998,
    "1,4,5,6": 1.1396000000000002,
    "1,4,5,7": 1.6225999999999998,
    "1,4,6,7": 1.4452,
    "1,5,6,7": 1.2368000000000001,
    "2,3,4,5": 1.366,
    "2,3,4,6": 1.1526,
    "2,3,4,7": 2.2504,
    "2,3,5,6": 1.1963000000000001,
    "2,3,5,7": 1.5332,
    "2,3,6,7": 1.3244999999999998,
    "2,4,5,6": 1.3059,
    "2,4,5,7": 1.5367,
    "2,4,6,7": 1.3657999999999997,
    "2,5,6,7": 1.3364,
    "3,4,5,6": 1.1253,
    "3,4,5,7": 1.6237,
    "3,4,6,7": 1.4252,
    "3,5,6,7": 1.2548,
    "4,5,6,7": 1.4362,
    "0,1,2,3,4": 0.6262,
    "0,1,2,3,5": 0.5859,
    "0,1,2,3,6": 1.0071999999999999,
    "0,1,2,3,7": 1.4567,
    "0,1,2,4,5": 0.5564,
    "0,1,2,4,6": 0.9887999999999998,
    "0,1,2,4,7": 1.4917,
    "0,1,2,5,6": 0.9791000000000001,
    "0,1,2,5,7": 1.3998000000000002,
    "0,1,2,6,7": 0.7146000000000001,
    "0,1,3,4,5": 0.6717000000000001,
    "0,1,3,4,6": 0.9032,
    "0,1,3,4,7": 1.5773,
    "0,1,3,5,6": 0.9639000000000001,
    "0,1,3,5,7": 1.4834000000000003,
    "0,1,3,6,7": 0.9118999999999999,
    "0,1,4,5,6": 0.9619000000000002,
    "0,1,4,5,7": 1.5585,
    "0,1,4,6,7": 0.9923,
    "0,1,5,6,7": 0.9004,
    "0,2,3,4,5": 0.5564,
    "0,2,3,4,6": 0.9829999999999999,
    "0,2,3,4,7": 1.5120999999999998,
    "0,2,3,5,6": 0.9791000000000001,
    "0,2,3,5,7": 1.3746000000000003,
    "0,2,3,6,7": 0.7141000000000001,
    "0,2,4,5,6": 0.9643,
    "0,2,4,5,7": 1.4552,
    "0,2,4,6,7": 0.7002,
    "0,2,5,6,7": 0.6654000000000001,
    "0,3,4,5,6": 0.9619000000000002,
    "0,3,4,5,7": 1.5388000000000002,
    "0,3,4,6,7": 0.9528000000000001,
    "0,3,5,6,7": 0.834,
    "0,4,5,6,7": 0.9320999999999998,
    "1,2,3,4,5": 1.3272,
    "1,2,3,4,6": 1.1526,
    "1,2,3,4,7": 2.2504,
    "1,2,3,5,6": 1.1963000000000001,
    "1,2,3,5,7": 1.4944,
    "1,2,3,6,7": 1.3244999999999998,
    "1,2,4,5,6": 1.3059,
    "1,2,4,5,7": 1.4979,
    "1,2,4,6,7": 1.3657999999999997,
    "1,2,5,6,7": 1.3364,
    "1,3,4,5,6": 1.1253,
    "1,3,4,5,7": 1.6237,
    "1,3,4,6,7": 1.4252,
    "1,3,5,6,7": 1.2237,
    "1,4,5,6,7": 1.4362,
    "2,3,4,5,6": 1.2449,
    "2,3,4,5,7": 1.5378000000000003,
    "2,3,4,6,7": 1.3244999999999998,
    "2,3,5,6,7": 1.3041,
    "2,4,5,6,7": 1.4236,
    "3,4,5,6,7": 1.4255,
    "0,1,2,3,4,5": 0.5564,
    "0,1,2,3,4,6": 0.9887999999999998,
    "0,1,2,3,4,7": 1.5120999999999998,
    "0,1,2,3,5,6": 0.9791000000000001,
    "0,1,2,3,5,7": 1.3746000000000003,
    "0,1,2,3,6,7": 0.7141000000000001,
    "0,1,2,4,5,6": 0.9643,
    "0,1,2,4,5,7": 1.4552,
    "0,1,2,4,6,7": 0.7002,
    "0,1,2,5,6,7": 0.6712,
    "0,1,3,4,5,6": 0.9619000000000002,
    "0,1,3,4,5,7": 1.5388000000000002,
    "0,1,3,4,6,7": 0.9528000000000001,
    "0,1,3,5,6,7": 0.834,
    "0,1,4,5,6,7": 0.9320999999999998,
    "0,2,3,4,5,6": 0.9643,
    "0,2,3,4,5,7": 1.4300000000000002,
    "0,2,3,4,6,7": 0.7039000000000001,
    "0,2,3,5,6,7": 0.6569,
    "0,2,4,5,6,7": 0.6444,
    "0,3,4,5,6,7": 0.8713,
    "1,2,3,4,5,6": 1.2449,
    "1,2,3,4,5,7": 1.499,
    "1,2,3,4,6,7": 1.3244999999999998,
    "1,2,3,5,6,7": 1.3041,
    "1,2,4,5,6,7": 1.4236,
    "1,3,4,5,6,7": 1.4255,
    "2,3,4,5,6,7": 1.3858000000000001,
    "0,1,2,3,4,5,6": 0.9643,
    "0,1,2,3,4,5,7": 1.4300000000000002,
    "0,1,2,3,4,6,7": 0.7039000000000001,
    "0,1,2,3,5,6,7": 0.6627000000000001,
    "0,1,2,4,5,6,7": 0.6532,
    "0,1,3,4,5,6,7": 0.8713,
    "0,2,3,4,5,6,7": 0.6401,
    "1,2,3,4,5,6,7": 1.3858000000000001,
    "0,1,2,3,4,5,6,7": 0.6489
  }
}
