{
  "object_name": "Game",
  "data_type": "game",
  "version": "1.4.2.dev29+g3d3c3a7e6.d20260421",
  "created_from": null,
  "description": null,
  "parameters": {},
  "timestamp": "2026-04-21T12:25:56.659193+00:00Z",
  "metadata": {
    "n_players": 8,
    "game_name": "Game_object",
    "normalization_value": -0.09941155463457108,
    "precompute_flag": false,
    "precomputed": true,
    "player_names": null
  },
  "data": {
    "Empty": -0.09941155463457108,
    "0": -0.2358277291059494,
    "1": -0.13942670822143555,
    "2": -0.14617566764354706,
    "3": -0.10185018926858902,
    "4": -0.10880790650844574,
    "5": -0.13402509689331055,
    "6": -0.03212326765060425,
    "7": -0.0780966579914093,
    "0,1": -0.25373575091362,
    "0,2": -0.22114184498786926,
    "0,3": -0.18832789361476898,
    "0,4": -0.22869732975959778,
    "0,5": -0.26755455136299133,
    "0,6": -0.1788386106491089,
    "0,7": -0.18922507762908936,
    "1,2": -0.18502314388751984,
    "1,3": -0.1637541800737381,
    "1,4": -0.15112480521202087,
    "1,5": -0.16697640717029572,
    "1,6": -0.06884467601776123,
    "1,7": -0.11125748604536057,
    "2,3": -0.1961483359336853,
    "2,4": -0.15813806653022766,
    "2,5": -0.21493034064769745,
    "2,6": -0.15691998600959778,
    "2,7": -0.15198372304439545,
    "3,4": -0.10704444348812103,
    "3,5": -0.11107154935598373,
    "3,6": 0.00470443069934845,
    "3,7": -0.07590499520301819,
    "4,5": -0.15024881064891815,
    "4,6": -0.04239411652088165,
    "4,7": -0.0836976170539856,
    "5,6": -0.10383434593677521,
    "5,7": -0.15207108855247498,
    "6,7": -0.06104050576686859,
    "0,1,2": -0.234336718916893,
    "0,1,3": -0.20992471277713776,
    "0,1,4": -0.2452339082956314,
    "0,1,5": -0.2765633463859558,
    "0,1,6": -0.19661769270896912,
    "0,1,7": -0.22006189823150635,
    "0,2,3": -0.21327349543571472,
    "0,2,4": -0.21886736154556274,
    "0,2,5": -0.27643057703971863,
    "0,2,6": -0.22770734131336212,
    "0,2,7": -0.2264333814382553,
    "0,3,4": -0.1848887801170349,
    "0,3,5": -0.2162456214427948,
    "0,3,6": -0.111798495054245,
    "0,3,7": -0.16078336536884308,
    "0,4,5": -0.26274657249450684,
    "0,4,6": -0.17882438004016876,
    "0,4,7": -0.18848401308059692,
    "0,5,6": -0.2422671765089035,
    "0,5,7": -0.24469515681266785,
    "0,6,7": -0.10131099820137024,
    "1,2,3": -0.2509936988353729,
    "1,2,4": -0.1960102915763855,
    "1,2,5": -0.24373862147331238,
    "1,2,6": -0.20319966971874237,
    "1,2,7": -0.1866014301776886,
    "1,3,4": -0.1679789125919342,
    "1,3,5": -0.15362684428691864,
    "1,3,6": -0.013584420084953308,
    "1,3,7": -0.11793462187051773,
    "1,4,5": -0.18271443247795105,
    "1,4,6": -0.07200464606285095,
    "1,4,7": -0.11818648129701614,
    "1,5,6": -0.12051080167293549,
    "1,5,7": -0.16920068860054016,
    "1,6,7": -0.10103225708007812,
    "2,3,4": -0.21164892613887787,
    "2,3,5": -0.23475998640060425,
    "2,3,6": -0.15521155297756195,
    "2,3,7": -0.20411358773708344,
    "2,4,5": -0.22397592663764954,
    "2,4,6": -0.16330423951148987,
    "2,4,7": -0.16416992247104645,
    "2,5,6": -0.2537025511264801,
    "2,5,7": -0.2157837599515915,
    "2,6,7": -0.1173320934176445,
    "3,4,5": -0.11804048717021942,
    "3,4,6": 0.0008250772953033447,
    "3,4,7": -0.08236740529537201,
    "3,5,6": -0.05431905388832092,
    "3,5,7": -0.13680285215377808,
    "3,6,7": -0.031921952962875366,
    "4,5,6": -0.11480674147605896,
    "4,5,7": -0.15863369405269623,
    "4,6,7": -0.06394997239112854,
    "5,6,7": -0.10795842111110687,
    "0,1,2,3": -0.2418484091758728,
    "0,1,2,4": -0.22937171161174774,
    "0,1,2,5": -0.3016764223575592,
    "0,1,2,6": -0.24588483572006226,
    "0,1,2,7": -0.23319518566131592,
    "0,1,3,4": -0.20337162911891937,
    "0,1,3,5": -0.22641178965568542,
    "0,1,3,6": -0.13379208743572235,
    "0,1,3,7": -0.17873065173625946,
    "0,1,4,5": -0.2702603340148926,
    "0,1,4,6": -0.19477252662181854,
    "0,1,4,7": -0.21398445963859558,
    "0,1,5,6": -0.2578503489494324,
    "0,1,5,7": -0.26653677225112915,
    "0,1,6,7": -0.13281503319740295,
    "0,2,3,4": -0.2129049003124237,
    "0,2,3,5": -0.284723162651062,
    "0,2,3,6": -0.24063752591609955,
    "0,2,3,7": -0.2108917534351349,
    "0,2,4,5": -0.27714818716049194,
    "0,2,4,6": -0.22191232442855835,
    "0,2,4,7": -0.21625836193561554,
    "0,2,5,6": -0.32083913683891296,
    "0,2,5,7": -0.2848489582538605,
    "0,2,6,7": -0.19760093092918396,
    "0,3,4,5": -0.21128828823566437,
    "0,3,4,6": -0.1177932620048523,
    "0,3,4,7": -0.16689610481262207,
    "0,3,5,6": -0.19308550655841827,
    "0,3,5,7": -0.22107604146003723,
    "0,3,6,7": -0.05881650745868683,
    "0,4,5,6": -0.24214859306812286,
    "0,4,5,7": -0.2418515682220459,
    "0,4,6,7": -0.09974037855863571,
    "0,5,6,7": -0.19554439187049866,
    "1,2,3,4": -0.26606661081314087,
    "1,2,3,5": -0.26248618960380554,
    "1,2,3,6": -0.21853549778461456,
    "1,2,3,7": -0.2416636198759079,
    "1,2,4,5": -0.2597755789756775,
    "1,2,4,6": -0.20915067195892334,
    "1,2,4,7": -0.20138651132583618,
    "1,2,5,6": -0.28773123025894165,
    "1,2,5,7": -0.23552200198173523,
    "1,2,6,7": -0.14050933718681335,
    "1,3,4,5": -0.16500791907310486,
    "1,3,4,6": -0.017438799142837524,
    "1,3,4,7": -0.1302337944507599,
    "1,3,5,6": -0.06496991217136383,
    "1,3,5,7": -0.16763557493686676,
    "1,3,6,7": -0.05271540582180023,
    "1,4,5,6": -0.1304660439491272,
    "1,4,5,7": -0.17654934525489807,
    "1,4,6,7": -0.10509580373764038,
    "1,5,6,7": -0.13584911823272705,
    "2,3,4,5": -0.24136535823345184,
    "2,3,4,6": -0.16380581259727478,
    "2,3,4,7": -0.2097717672586441,
    "2,3,5,6": -0.2519892454147339,
    "2,3,5,7": -0.29025641083717346,
    "2,3,6,7": -0.14442279934883118,
    "2,4,5,6": -0.26511555910110474,
    "2,4,5,7": -0.22542254626750946,
    "2,4,6,7": -0.12481693178415298,
    "2,5,6,7": -0.20950232446193695,
    "3,4,5,6": -0.060888394713401794,
    "3,4,5,7": -0.14579135179519653,
    "3,4,6,7": -0.03587917983531952,
    "3,5,6,7": -0.08945806324481964,
    "4,5,6,7": -0.11361817270517349,
    "0,1,2,3,4": -0.23833853006362915,
    "0,1,2,3,5": -0.30436238646507263,
    "0,1,2,3,6": -0.2540338635444641,
    "0,1,2,3,7": -0.21209567785263062,
    "0,1,2,4,5": -0.30244383215904236,
    "0,1,2,4,6": -0.2434549778699875,
    "0,1,2,4,7": -0.2222823202610016,
    "0,1,2,5,6": -0.33117932081222534,
    "0,1,2,5,7": -0.29638364911079407,
    "0,1,2,6,7": -0.21004916727542877,
    "0,1,3,4,5": -0.22178241610527039,
    "0,1,3,4,6": -0.13776451349258423,
    "0,1,3,4,7": -0.18405134975910187,
    "0,1,3,5,6": -0.20486214756965637,
    "0,1,3,5,7": -0.22994263470172882,
    "0,1,3,6,7": -0.08687788248062134,
    "0,1,4,5,6": -0.2569236159324646,
    "0,1,4,5,7": -0.2638692855834961,
    "0,1,4,6,7": -0.13343307375907898,
    "0,1,5,6,7": -0.20867031812667847,
    "0,2,3,4,5": -0.2799679636955261,
    "0,2,3,4,6": -0.2349993735551834,
    "0,2,3,4,7": -0.20415276288986206,
    "0,2,3,5,6": -0.29597997665405273,
    "0,2,3,5,7": -0.2743866443634033,
    "0,2,3,6,7": -0.1968156099319458,
    "0,2,4,5,6": -0.32113081216812134,
    "0,2,4,5,7": -0.2814505100250244,
    "0,2,4,6,7": -0.18941304087638855,
    "0,2,5,6,7": -0.31078892946243286,
    "0,3,4,5,6": -0.1964409202337265,
    "0,3,4,5,7": -0.2210095077753067,
    "0,3,4,6,7": -0.058870211243629456,
    "0,3,5,6,7": -0.16000854969024658,
    "0,4,5,6,7": -0.19484049081802368,
    "1,2,3,4,5": -0.2704809606075287,
    "1,2,3,4,6": -0.2250872105360031,
    "1,2,3,4,7": -0.247118279337883,
    "1,2,3,5,6": -0.276141494512558,
    "1,2,3,5,7": -0.30336281657218933,
    "1,2,3,6,7": -0.18135330080986023,
    "1,2,4,5,6": -0.2993517816066742,
    "1,2,4,5,7": -0.24656197428703308,
    "1,2,4,6,7": -0.14690500497817993,
    "1,2,5,6,7": -0.22965195775032043,
    "1,3,4,5,6": -0.07043664157390594,
    "1,3,4,5,7": -0.18062758445739746,