{
  "object_name": "Game",
  "data_type": "game",
  "version": "1.4.2.dev29+g3d3c3a7e6.d20260421",
  "created_from": null,
  "description": null,
  "parameters": {},
  "timestamp": "2026-04-21T12:25:56.756489+00:00Z",
  "metadata": {
    "n_players": 8,
    "game_name": "Game_object",
    "normalization_value": 0.9179999999999999,
    "precompute_flag": false,
    "precomputed": true,
    "player_names": null
  },
  "data": {
    "Empty": 0.9179999999999999,
    "0": 2.9724,
    "1": 0.9206,
    "2": 1.8277,
    "3": 0.8907999999999999,
    "4": 0.9311999999999999,
    "5": 0.8696999999999999,
    "6": 3.0996019999999995,
    "7": 0.9334,
    "0,1": 2.9402,
    "0,2": 2.9848000000000003,
    "0,3": 2.4707,
    "0,4": 2.9227,
    "0,5": 2.0697,
    "0,6": 3.2041999999999993,
    "0,7": 2.9416,
    "1,2": 1.8483999999999998,
    "1,3": 0.901,
    "1,4": 0.9200000000000002,
    "1,5": 0.9093,
    "1,6": 3.096402,
    "1,7": 0.9319999999999998,
    "2,3": 1.533,
    "2,4": 1.9447000000000003,
    "2,5": 1.3597,
    "2,6": 2.964101,
    "2,7": 1.6403999999999996,
    "3,4": 0.8987,
    "3,5": 0.8450000000000001,
    "3,6": 3.153602,
    "3,7": 0.8787999999999998,
    "4,5": 0.8829,
    "4,6": 3.0996019999999995,
    "4,7": 0.9795999999999999,
    "5,6": 2.2619999999999996,
    "5,7": 0.857,
    "6,7": 2.0505,
    "0,1,2": 2.9111000000000002,
    "0,1,3": 2.7911,
    "0,1,4": 2.8584,
    "0,1,5": 2.0955,
    "0,1,6": 3.1867,
    "0,1,7": 2.9096,
    "0,2,3": 2.4919,
    "0,2,4": 2.903,
    "0,2,5": 2.0697,
    "0,2,6": 3.2165999999999997,
    "0,2,7": 2.9678000000000004,
    "0,3,4": 2.3042000000000002,
    "0,3,5": 1.9462,
    "0,3,6": 2.6142000000000003,
    "0,3,7": 2.5767,
    "0,4,5": 2.2136,
    "0,4,6": 3.106,
    "0,4,7": 2.8515,
    "0,5,6": 2.3494,
    "0,5,7": 2.1035,
    "0,6,7": 2.9029,
    "1,2,3": 1.5532000000000001,
    "1,2,4": 1.8826,
    "1,2,5": 1.3327,
    "1,2,6": 2.9714009999999997,
    "1,2,7": 1.6524999999999999,
    "1,3,4": 0.9071000000000001,
    "1,3,5": 0.8987,
    "1,3,6": 3.0818019999999997,
    "1,3,7": 0.8752999999999999,
    "1,4,5": 0.9105000000000001,
    "1,4,6": 3.096402,
    "1,4,7": 0.9633999999999998,
    "1,5,6": 2.2449,
    "1,5,7": 0.9071,
    "1,6,7": 2.0783,
    "2,3,4": 1.6588,
    "2,3,5": 1.2289,
    "2,3,6": 2.5774010000000005,
    "2,3,7": 1.6346,
    "2,4,5": 1.4397,
    "2,4,6": 3.1234019999999996,
    "2,4,7": 1.7535,
    "2,5,6": 2.2647000000000004,
    "2,5,7": 1.3502,
    "2,6,7": 2.2047999999999996,
    "3,4,5": 0.8568000000000001,
    "3,4,6": 3.153602,
    "3,4,7": 0.9225999999999999,
    "3,5,6": 2.2744999999999997,
    "3,5,7": 0.8331,
    "3,6,7": 2.2087,
    "4,5,6": 2.2777999999999996,
    "4,5,7": 0.9032,
    "4,6,7": 2.0372999999999997,
    "5,6,7": 1.8049,
    "0,1,2,3": 2.6149999999999998,
    "0,1,2,4": 2.7972,
    "0,1,2,5": 2.0562,
    "0,1,2,6": 3.1576,
    "0,1,2,7": 2.8943000000000003,
    "0,1,3,4": 2.5964,
    "0,1,3,5": 2.1498,
    "0,1,3,6": 2.9742999999999995,
    "0,1,3,7": 2.7683999999999997,
    "0,1,4,5": 2.2073,
    "0,1,4,6": 3.0564,
    "0,1,4,7": 2.7874000000000003,
    "0,1,5,6": 2.3592,
    "0,1,5,7": 2.1374,
    "0,1,6,7": 2.9067000000000003,
    "0,2,3,4": 2.3231,
    "0,2,3,5": 1.9803000000000002,
    "0,2,3,6": 2.6353999999999997,
    "0,2,3,7": 2.5421,
    "0,2,4,5": 2.2136,
    "0,2,4,6": 3.0863,
    "0,2,4,7": 2.8318,
    "0,2,5,6": 2.3494,
    "0,2,5,7": 2.1035,
    "0,2,6,7": 2.9291,
    "0,3,4,5": 1.9147000000000003,
    "0,3,4,6": 2.4477,
    "0,3,4,7": 2.5259,
    "0,3,5,6": 2.2470000000000003,
    "0,3,5,7": 2.0966,
    "0,3,6,7": 2.5741,
    "0,4,5,6": 2.4837,
    "0,4,5,7": 2.383901,
    "0,4,6,7": 2.6945,
    "0,5,6,7": 2.3547,
    "1,2,3,4": 1.6677,
    "1,2,3,5": 1.2397000000000002,
    "1,2,3,6": 2.586901,
    "1,2,3,7": 1.6393,
    "1,2,4,5": 1.4686000000000001,
    "1,2,4,6": 3.130702,
    "1,2,4,7": 1.7637999999999998,
    "1,2,5,6": 2.1789,
    "1,2,5,7": 1.3635,
    "1,2,6,7": 2.2120999999999995,
    "1,3,4,5": 0.9105000000000001,
    "1,3,4,6": 3.0818019999999997,
    "1,3,4,7": 0.9173,
    "1,3,5,6": 2.2253,
    "1,3,5,7": 0.8864000000000001,
    "1,3,6,7": 2.1679,
    "1,4,5,6": 2.2592,
    "1,4,5,7": 0.9403,
    "1,4,6,7": 2.0651,
    "1,5,6,7": 1.8173000000000001,
    "2,3,4,5": 1.2952,
    "2,3,4,6": 2.667001,
    "2,3,4,7": 1.6629,
    "2,3,5,6": 1.923,
    "2,3,5,7": 1.2194,
    "2,3,6,7": 2.2577000000000003,
    "2,4,5,6": 2.0942,
    "2,4,5,7": 1.4302000000000001,
    "2,4,6,7": 2.1065999999999994,
    "2,5,6,7": 1.8584,
    "3,4,5,6": 2.3091999999999997,
    "3,4,5,7": 0.8769,
    "3,4,6,7": 2.1994,
    "3,5,6,7": 1.8584,
    "4,5,6,7": 1.8379999999999999,
    "0,1,2,3,4": 2.418,
    "0,1,2,3,5": 1.9888000000000001,
    "0,1,2,3,6": 2.7982,
    "0,1,2,3,7": 2.6184000000000003,
    "0,1,2,4,5": 2.168,
    "0,1,2,4,6": 2.9951999999999996,
    "0,1,2,4,7": 2.7262,
    "0,1,2,5,6": 2.3198999999999996,
    "0,1,2,5,7": 2.0980999999999996,
    "0,1,2,6,7": 2.8914,
    "0,1,3,4,5": 2.1185,
    "0,1,3,4,6": 2.7399,
    "0,1,3,4,7": 2.6894,
    "0,1,3,5,6": 2.4506000000000006,
    "0,1,3,5,7": 2.2194000000000003,
    "0,1,3,6,7": 2.8055,
    "0,1,4,5,6": 2.4614,
    "0,1,4,5,7": 2.385701,
    "0,1,4,6,7": 2.6662,
    "0,1,5,6,7": 2.3726,
    "0,2,3,4,5": 1.9346,
    "0,2,3,4,6": 2.4665999999999997,
    "0,2,3,4,7": 2.4629,
    "0,2,3,5,6": 2.2811,
    "0,2,3,5,7": 2.0488,
    "0,2,3,6,7": 2.5395000000000003,
    "0,2,4,5,6": 2.4837,
    "0,2,4,5,7": 2.383901,
    "0,2,4,6,7": 2.6748000000000003,
    "0,2,5,6,7": 2.3547,
    "0,3,4,5,6": 2.2079,
    "0,3,4,5,7": 2.3174010000000003,
    "0,3,4,6,7": 2.5046,
    "0,3,5,6,7": 2.4189000000000003,
    "0,4,5,6,7": 2.552501,
    "1,2,3,4,5": 1.306,
    "1,2,3,4,6": 2.667001,
    "1,2,3,4,7": 1.6910999999999998,
    "1,2,3,5,6": 1.9178000000000002,
    "1,2,3,5,7": 1.2337000000000002,
    "1,2,3,6,7": 2.2577000000000003,
    "1,2,4,5,6": 2.0643000000000002,
    "1,2,4,5,7": 1.4686000000000001,
    "1,2,4,6,7": 2.1127999999999996,
    "1,2,5,6,7": 1.8105,
    "1,3,4,5,6": 2.26,
    "1,3,4,5,7": 0.9301999999999999,
    "1,3,4,6,7": 2.1586,
    "1,3,5,6,7": 1.8402,
    "1,4,5,6,7": 1.8504,
    "2,3,4,5,6": 1.9342,
    "2,3,4,5,7": 1.2856999999999998,
    "2,3,4,6,7": 2.2081,
    "2,3,5,6,7": 1.6976,
    "2,4,5,6,7": 1.7608000000000001,
    "3,4,5,6,7": 1.8783999999999998,
    "0,1,2,3,4,5": 1.9433000000000002,
    "0,1,2,3,4,6": 2.5615,
    "0,1,2,3,4,7": 2.5110000000000006,
    "0,1,2,3,5,6": 2.2896000000000005,
    "0,1,2,3,5,7": 2.0584000000000002,
    "0,1,2,3,6,7": 2.6555,
    "0,1,2,4,5,6": 2.4221,
    "0,1,2,4,5,7": 2.3464009999999997,
    "0,1,2,4,6,7": 2.605,
    "0,1,2,5,6,7": 2.3333,
    "0,1,3,4,5,6": 2.4116999999999997,
    "0,1,3,4,5,7": 2.4402010000000005,
    "0,1,3,4,6,7": 2.6681000000000004,
    "0,1,3,5,6,7": 2.5416999999999996,
    "0,1,4,5,6,7": 2.5411010000000003,
    "0,2,3,4,5,6": 2.2278,
    "0,2,3,4,5,7": 2.2554010000000004,
    "0,2,3,4,6,7": 2.4415999999999998,
    "0,2,3,5,6,7": 2.3711,
    "0,2,4,5,6,7": 2.552501,
    "0,3,4,5,6,7": 2.6316010000000003,
    "1,2,3,4,5,6": 1.9289999999999998,
    "1,2,3,4,5,7": 1.3,
    "1,2,3,4,6,7": 2.2334,
    "1,2,3,5,6,7": 1.6924,
    "1,2,4,5,6,7": 1.738,
    "1,3,4,5,6,7": 1.8602,
    "2,3,4,5,6,7": 1.6746000000000003,
    "0,1,2,3,4,5,6": 2.2365000000000004,
    "0,1,2,3,4,5,7": 2.2650010000000003,
    "0,1,2,3,4,6,7": 2.4897000000000005,
    "0,1,2,3,5,6,7": 2.3807,
    "0,1,2,4,5,6,7": 2.501801,
    "0,1,3,4,5,6,7": 2.7544009999999997,
    "0,2,3,4,5,6,7": 2.5696009999999996,
    "1,2,3,4,5,6,7": 1.6694,
    "0,1,2,3,4,5,6,7": 2.5792010000000003
  }
}
