{
  "object_name": "Game",
  "data_type": "game",
  "version": "1.4.2.dev29+g3d3c3a7e6.d20260421",
  "created_from": null,
  "description": null,
  "parameters": {},
  "timestamp": "2026-04-21T12:25:56.618701+00:00Z",
  "metadata": {
    "n_players": 8,
    "game_name": "Game_object",
    "normalization_value": 0.24609795212745667,
    "precompute_flag": false,
    "precomputed": true,
    "player_names": null
  },
  "data": {
    "Empty": 0.34412744641304016,
    "0": 0.28658390045166016,
    "1": 0.33431535959243774,
    "2": 0.3575001657009125,
    "3": 0.2861849367618561,
    "4": 0.4258562922477722,
    "5": 0.27077561616897583,
    "6": 0.30069324374198914,
    "7": 0.3608524203300476,
    "0,1": 0.39206212759017944,
    "0,2": 0.193533256649971,
    "0,3": 0.3004179000854492,
    "0,4": 0.3437972664833069,
    "0,5": 0.2754581570625305,
    "0,6": 0.26679739356040955,
    "0,7": 0.37327614426612854,
    "1,2": 0.28044652938842773,
    "1,3": 0.2614578604698181,
    "1,4": 0.2860930562019348,
    "1,5": 0.314441055059433,
    "1,6": 0.19818398356437683,
    "1,7": 0.4522674083709717,
    "2,3": 0.32904118299484253,
    "2,4": 0.3841184377670288,
    "2,5": 0.30223241448402405,
    "2,6": 0.3192909359931946,
    "2,7": 0.26414400339126587,
    "3,4": 0.3436598479747772,
    "3,5": 0.3181367814540863,
    "3,6": 0.3803636431694031,
    "3,7": 0.3213328719139099,
    "4,5": 0.4266245365142822,
    "4,6": 0.36728543043136597,
    "4,7": 0.2699369490146637,
    "5,6": 0.27499398589134216,
    "5,7": 0.4727267622947693,
    "6,7": 0.3660869002342224,
    "0,1,2": 0.3318907916545868,
    "0,1,3": 0.27302515506744385,
    "0,1,4": 0.3715716004371643,
    "0,1,5": 0.31533485651016235,
    "0,1,6": 0.15842923521995544,
    "0,1,7": 0.413543701171875,
    "0,2,3": 0.4057035446166992,
    "0,2,4": 0.3589160740375519,
    "0,2,5": 0.3109174370765686,
    "0,2,6": 0.35189729928970337,
    "0,2,7": 0.42792266607284546,
    "0,3,4": 0.2926851212978363,
    "0,3,5": 0.3364081382751465,
    "0,3,6": 0.4202401638031006,
    "0,3,7": 0.46977171301841736,
    "0,4,5": 0.3395724892616272,
    "0,4,6": 0.1881905347108841,
    "0,4,7": 0.45972052216529846,
    "0,5,6": 0.23766174912452698,
    "0,5,7": 0.4149157404899597,
    "0,6,7": 0.36721330881118774,
    "1,2,3": 0.320949912071228,
    "1,2,4": 0.19716748595237732,
    "1,2,5": 0.3549060821533203,
    "1,2,6": 0.37150388956069946,
    "1,2,7": 0.3328208327293396,
    "1,3,4": 0.35605037212371826,
    "1,3,5": 0.32855939865112305,
    "1,3,6": 0.3850403428077698,
    "1,3,7": 0.43483132123947144,
    "1,4,5": 0.33660078048706055,
    "1,4,6": 0.2416081428527832,
    "1,4,7": 0.3073413074016571,
    "1,5,6": 0.20348408818244934,
    "1,5,7": 0.382026731967926,
    "1,6,7": 0.36368805170059204,
    "2,3,4": 0.3852389454841614,
    "2,3,5": 0.373565673828125,
    "2,3,6": 0.29249143600463867,
    "2,3,7": 0.5809080004692078,
    "2,4,5": 0.3165050446987152,
    "2,4,6": 0.25136521458625793,
    "2,4,7": 0.36272209882736206,
    "2,5,6": 0.40472906827926636,
    "2,5,7": 0.2870422601699829,
    "2,6,7": 0.37398192286491394,
    "3,4,5": 0.3561323881149292,
    "3,4,6": 0.2566094994544983,
    "3,4,7": 0.3967544436454773,
    "3,5,6": 0.26834923028945923,
    "3,5,7": 0.32935383915901184,
    "3,6,7": 0.36656123399734497,
    "4,5,6": 0.2701975405216217,
    "4,5,7": 0.32992759346961975,
    "4,6,7": 0.3842087388038635,
    "5,6,7": 0.31991973519325256,
    "0,1,2,3": 0.2977660894393921,
    "0,1,2,4": 0.37446779012680054,
    "0,1,2,5": 0.26369398832321167,
    "0,1,2,6": 0.3273843824863434,
    "0,1,2,7": 0.3769150376319885,
    "0,1,3,4": 0.34788525104522705,
    "0,1,3,5": 0.33880433440208435,
    "0,1,3,6": 0.3396731913089752,
    "0,1,3,7": 0.3891579508781433,
    "0,1,4,5": 0.2941625714302063,
    "0,1,4,6": 0.3854123651981354,
    "0,1,4,7": 0.4390840530395508,
    "0,1,5,6": 0.32505330443382263,
    "0,1,5,7": 0.44036102294921875,
    "0,1,6,7": 0.3978220522403717,
    "0,2,3,4": 0.3230357766151428,
    "0,2,3,5": 0.3150097131729126,
    "0,2,3,6": 0.2738099694252014,
    "0,2,3,7": 0.3188146948814392,
    "0,2,4,5": 0.329128623008728,
    "0,2,4,6": 0.2826024889945984,
    "0,2,4,7": 0.35697415471076965,
    "0,2,5,6": 0.25895053148269653,
    "0,2,5,7": 0.4155449867248535,
    "0,2,6,7": 0.3866714835166931,
    "0,3,4,5": 0.385751873254776,
    "0,3,4,6": 0.16854122281074524,
    "0,3,4,7": 0.4441905617713928,
    "0,3,5,6": 0.30640870332717896,
    "0,3,5,7": 0.39167067408561707,
    "0,3,6,7": 0.36519163846969604,
    "0,4,5,6": 0.32539430260658264,
    "0,4,5,7": 0.3734416365623474,
    "0,4,6,7": 0.3692968189716339,
    "0,5,6,7": 0.38230186700820923,
    "1,2,3,4": 0.27556660771369934,
    "1,2,3,5": 0.34878212213516235,
    "1,2,3,6": 0.30868005752563477,
    "1,2,3,7": 0.2856926918029785,
    "1,2,4,5": 0.3454764485359192,
    "1,2,4,6": -0.03867785632610321,
    "1,2,4,7": 0.2532554268836975,
    "1,2,5,6": 0.3218798339366913,
    "1,2,5,7": 0.42108845710754395,
    "1,2,6,7": 0.3925117254257202,
    "1,3,4,5": 0.31275659799575806,
    "1,3,4,6": 0.21625296771526337,
    "1,3,4,7": 0.4339842200279236,
    "1,3,5,6": 0.3047031760215759,
    "1,3,5,7": 0.3703034818172455,
    "1,3,6,7": 0.3389591872692108,
    "1,4,5,6": 0.26145654916763306,
    "1,4,5,7": 0.38902100920677185,
    "1,4,6,7": 0.3453776240348816,
    "1,5,6,7": 0.36795496940612793,
    "2,3,4,5": 0.36567065119743347,
    "2,3,4,6": 0.37823382019996643,
    "2,3,4,7": 0.4859786927700043,
    "2,3,5,6": 0.2444111406803131,
    "2,3,5,7": 0.5330200791358948,
    "2,3,6,7": 0.3937787413597107,
    "2,4,5,6": 0.3698897957801819,
    "2,4,5,7": 0.43395501375198364,
    "2,4,6,7": 0.33141231536865234,
    "2,5,6,7": 0.362715482711792,
    "3,4,5,6": 0.18642394244670868,
    "3,4,5,7": 0.4893213212490082,
    "3,4,6,7": 0.340792715549469,
    "3,5,6,7": 0.37974900007247925,
    "4,5,6,7": 0.3598460555076599,
    "0,1,2,3,4": 0.3226904571056366,
    "0,1,2,3,5": 0.39348629117012024,
    "0,1,2,3,6": 0.21327491104602814,
    "0,1,2,3,7": 0.3815065026283264,
    "0,1,2,4,5": 0.361989825963974,
    "0,1,2,4,6": 0.20254702866077423,
    "0,1,2,4,7": 0.39721885323524475,
    "0,1,2,5,6": 0.26900455355644226,
    "0,1,2,5,7": 0.35564082860946655,
    "0,1,2,6,7": 0.3769734501838684,
    "0,1,3,4,5": 0.3260188102722168,
    "0,1,3,4,6": 0.3701842427253723,
    "0,1,3,4,7": 0.39799490571022034,
    "0,1,3,5,6": 0.4185543954372406,
    "0,1,3,5,7": 0.41385024785995483,
    "0,1,3,6,7": 0.39803263545036316,
    "0,1,4,5,6": 0.3673127293586731,
    "0,1,4,5,7": 0.34210437536239624,
    "0,1,4,6,7": 0.3495069742202759,
    "0,1,5,6,7": 0.390742689371109,
    "0,2,3,4,5": 0.3328930735588074,
    "0,2,3,4,6": 0.2679218649864197,
    "0,2,3,4,7": 0.40644580125808716,
    "0,2,3,5,6": 0.2929481267929077,
    "0,2,3,5,7": 0.4265476167201996,
    "0,2,3,6,7": 0.38697731494903564,
    "0,2,4,5,6": 0.3875570297241211,
    "0,2,4,5,7": 0.3814195692539215,
    "0,2,4,6,7": 0.35429245233535767,
    "0,2,5,6,7": 0.3804810047149658,
    "0,3,4,5,6": 0.268592894077301,
    "0,3,4,5,7": 0.3474319875240326,
    "0,3,4,6,7": 0.3684993386268616,
    "0,3,5,6,7": 0.3884788751602173,
    "0,4,5,6,7": 0.3747071921825409,
    "1,2,3,4,5": 0.2472655326128006,
    "1,2,3,4,6": 0.11439712345600128,
    "1,2,3,4,7": 0.28527507185935974,
    "1,2,3,5,6": 0.267198383808136,
    "1,2,3,5,7": 0.264905720949173,
    "1,2,3,6,7": 0.3760545253753662,
    "1,2,4,5,6": 0.29427969455718994,
    "1,2,4,5,7": 0.3589863181114197,
    "1,2,4,6,7": 0.35794466733932495,
    "1,2,5,6,7": 0.35242578387260437,
    "1,3,4,5,6": 0.33411771059036255,
    "1,3,4,5,7": 0.34968477487564087,
    "1,3,4,6,7": 0.3912753462791443,
    "1,3,5,6,7": 0.3711353540420532,
    "1,4,5,6,7": 0.33393117785453796,
    "2,3,4,5,6": 0.3906913697719574,
    "2,3,4,5,7": 0.3392570912837982,
    "2,3,4,6,7": 0.3450585603713989,
    "2,3,5,6,7": 0.31982192397117615,
    "2,4,5,6,7": 0.3368411660194397,