{
  "object_name": "Game",
  "data_type": "game",
  "version": "1.4.2.dev29+g3d3c3a7e6.d20260421",
  "created_from": null,
  "description": null,
  "parameters": {},
  "timestamp": "2026-04-21T12:25:56.339631+00:00Z",
  "metadata": {
    "n_players": 8,
    "game_name": "Game_object",
    "normalization_value": 2.056467975,
    "precompute_flag": false,
    "precomputed": true,
    "player_names": null
  },
  "data": {
    "Empty": 2.8013,
    "0": 2.1952,
    "1": 2.726601,
    "2": 3.1002009999999998,
    "3": 2.9816000000000003,
    "4": 2.6510999999999996,
    "5": 2.2474,
    "6": 2.947601,
    "7": 2.670501,
    "0,1": 2.258,
    "0,2": 2.0448,
    "0,3": 2.0452000000000004,
    "0,4": 2.6124,
    "0,5": 2.7636,
    "0,6": 2.6167999999999996,
    "0,7": 2.2908999999999997,
    "1,2": 2.9528,
    "1,3": 3.0629,
    "1,4": 2.3897999999999997,
    "1,5": 2.5587999999999997,
    "1,6": 2.8922009999999996,
    "1,7": 2.8669000000000002,
    "2,3": 2.6170999999999998,
    "2,4": 3.0048009999999996,
    "2,5": 2.669501,
    "2,6": 2.6815,
    "2,7": 2.4752,
    "3,4": 2.2961,
    "3,5": 2.6283009999999996,
    "3,6": 2.1535,
    "3,7": 1.8537,
    "4,5": 2.4461,
    "4,6": 2.4512,
    "4,7": 2.7633009999999993,
    "5,6": 2.724501,
    "5,7": 2.0708,
    "6,7": 2.511,
    "0,1,2": 2.087,
    "0,1,3": 3.0496000000000003,
    "0,1,4": 2.2102,
    "0,1,5": 2.5588,
    "0,1,6": 2.2497,
    "0,1,7": 2.1774,
    "0,2,3": 2.2238,
    "0,2,4": 2.0152,
    "0,2,5": 2.4600999999999997,
    "0,2,6": 2.3994999999999997,
    "0,2,7": 2.4456999999999995,
    "0,3,4": 2.3556,
    "0,3,5": 2.2468999999999992,
    "0,3,6": 2.6744999999999997,
    "0,3,7": 2.2641,
    "0,4,5": 2.4372,
    "0,4,6": 3.0035999999999996,
    "0,4,7": 2.2405999999999997,
    "0,5,6": 2.0972999999999997,
    "0,5,7": 2.2672999999999996,
    "0,6,7": 2.1339,
    "1,2,3": 2.9972,
    "1,2,4": 2.3767000000000005,
    "1,2,5": 2.5276,
    "1,2,6": 2.1089999999999995,
    "1,2,7": 2.775001,
    "1,3,4": 2.3810000000000002,
    "1,3,5": 2.7013000000000003,
    "1,3,6": 2.6538,
    "1,3,7": 2.778,
    "1,4,5": 2.2853,
    "1,4,6": 2.3089000000000004,
    "1,4,7": 2.6687,
    "1,5,6": 2.5693,
    "1,5,7": 2.3848000000000003,
    "1,6,7": 2.5198000000000005,
    "2,3,4": 2.4331,
    "2,3,5": 2.4746,
    "2,3,6": 2.5756,
    "2,3,7": 2.2106,
    "2,4,5": 2.5870999999999995,
    "2,4,6": 2.3080000000000003,
    "2,4,7": 2.5948,
    "2,5,6": 2.5228,
    "2,5,7": 2.3814,
    "2,6,7": 2.3256,
    "3,4,5": 2.341,
    "3,4,6": 2.9176,
    "3,4,7": 2.6908000000000003,
    "3,5,6": 2.3170999999999995,
    "3,5,7": 2.3263000000000003,
    "3,6,7": 2.1331,
    "4,5,6": 2.6339999999999995,
    "4,5,7": 2.5857,
    "4,6,7": 2.5504,
    "5,6,7": 2.2213,
    "0,1,2,3": 2.852,
    "0,1,2,4": 2.2495000000000003,
    "0,1,2,5": 2.7494,
    "0,1,2,6": 2.0398,
    "0,1,2,7": 2.1250000000000004,
    "0,1,3,4": 2.5337999999999994,
    "0,1,3,5": 2.4233999999999996,
    "0,1,3,6": 2.4082,
    "0,1,3,7": 2.6436,
    "0,1,4,5": 2.5416999999999996,
    "0,1,4,6": 2.4008,
    "0,1,4,7": 2.1189,
    "0,1,5,6": 2.2876999999999996,
    "0,1,5,7": 2.2538,
    "0,1,6,7": 2.1353999999999997,
    "0,2,3,4": 2.5313,
    "0,2,3,5": 2.5715,
    "0,2,3,6": 2.6529,
    "0,2,3,7": 2.1899,
    "0,2,4,5": 2.4457999999999998,
    "0,2,4,6": 2.2689999999999997,
    "0,2,4,7": 2.4924000000000004,
    "0,2,5,6": 2.2915,
    "0,2,5,7": 2.6249000000000002,
    "0,2,6,7": 2.1305,
    "0,3,4,5": 2.4956,
    "0,3,4,6": 2.5907,
    "0,3,4,7": 2.2808,
    "0,3,5,6": 2.4894,
    "0,3,5,7": 2.5848000000000004,
    "0,3,6,7": 2.1904999999999997,
    "0,4,5,6": 2.1863,
    "0,4,5,7": 2.2655000000000003,
    "0,4,6,7": 1.9676000000000002,
    "0,5,6,7": 2.1490999999999993,
    "1,2,3,4": 2.7798,
    "1,2,3,5": 2.5241,
    "1,2,3,6": 2.8697000000000004,
    "1,2,3,7": 2.5804,
    "1,2,4,5": 2.4015,
    "1,2,4,6": 2.5389,
    "1,2,4,7": 2.5425,
    "1,2,5,6": 2.3440000000000003,
    "1,2,5,7": 2.3581999999999996,
    "1,2,6,7": 2.4677,
    "1,3,4,5": 2.4688000000000003,
    "1,3,4,6": 2.3263,
    "1,3,4,7": 2.7666999999999993,
    "1,3,5,6": 2.5083,
    "1,3,5,7": 2.5473999999999997,
    "1,3,6,7": 2.5864000000000003,
    "1,4,5,6": 2.5341,
    "1,4,5,7": 2.3865000000000003,
    "1,4,6,7": 2.546801,
    "1,5,6,7": 2.1940999999999997,
    "2,3,4,5": 2.4482,
    "2,3,4,6": 2.2538,
    "2,3,4,7": 2.7671,
    "2,3,5,6": 2.4518999999999997,
    "2,3,5,7": 2.1563000000000003,
    "2,3,6,7": 2.0456000000000003,
    "2,4,5,6": 2.5790999999999995,
    "2,4,5,7": 2.3767,
    "2,4,6,7": 2.4204,
    "2,5,6,7": 2.3084,
    "3,4,5,6": 2.2184,
    "3,4,5,7": 2.1473,
    "3,4,6,7": 2.5823,
    "3,5,6,7": 2.252,
    "4,5,6,7": 2.2476,
    "0,1,2,3,4": 2.1409000000000002,
    "0,1,2,3,5": 2.8635,
    "0,1,2,3,6": 2.4690999999999996,
    "0,1,2,3,7": 2.6740000000000004,
    "0,1,2,4,5": 2.5242999999999998,
    "0,1,2,4,6": 2.3232,
    "0,1,2,4,7": 2.4234999999999998,
    "0,1,2,5,6": 2.18,
    "0,1,2,5,7": 2.3014999999999994,
    "0,1,2,6,7": 2.3099,
    "0,1,3,4,5": 2.5409999999999995,
    "0,1,3,4,6": 2.4547999999999996,
    "0,1,3,4,7": 2.279,
    "0,1,3,5,6": 2.6941,
    "0,1,3,5,7": 2.2520999999999995,
    "0,1,3,6,7": 2.5915,
    "0,1,4,5,6": 2.4592,
    "0,1,4,5,7": 2.1675999999999993,
    "0,1,4,6,7": 2.4778999999999995,
    "0,1,5,6,7": 1.9980999999999995,
    "0,2,3,4,5": 2.3579999999999997,
    "0,2,3,4,6": 2.6136000000000004,
    "0,2,3,4,7": 2.4729,
    "0,2,3,5,6": 2.8102,
    "0,2,3,5,7": 2.680301,
    "0,2,3,6,7": 2.4440999999999997,
    "0,2,4,5,6": 2.2338999999999998,
    "0,2,4,5,7": 2.2693,
    "0,2,4,6,7": 2.6374,
    "0,2,5,6,7": 2.1957999999999998,
    "0,3,4,5,6": 2.7622,
    "0,3,4,5,7": 2.3583,
    "0,3,4,6,7": 2.2792,
    "0,3,5,6,7": 2.1978000000000004,
    "0,4,5,6,7": 2.0154000000000005,
    "1,2,3,4,5": 2.8047,
    "1,2,3,4,6": 2.5527999999999995,
    "1,2,3,4,7": 2.5502999999999996,
    "1,2,3,5,6": 2.1875999999999998,
    "1,2,3,5,7": 2.7495000000000003,
    "1,2,3,6,7": 1.975,
    "1,2,4,5,6": 2.7002,
    "1,2,4,5,7": 2.7776,
    "1,2,4,6,7": 2.5530999999999997,
    "1,2,5,6,7": 2.2318000000000002,
    "1,3,4,5,6": 2.59,
    "1,3,4,5,7": 2.651,
    "1,3,4,6,7": 2.6369,
    "1,3,5,6,7": 2.2389,
    "1,4,5,6,7": 2.1537999999999995,
    "2,3,4,5,6": 2.3937999999999997,
    "2,3,4,5,7": 2.5008,
    "2,3,4,6,7": 2.4718,
    "2,3,5,6,7": 2.2131999999999996,
    "2,4,5,6,7": 2.3268000000000004,
    "3,4,5,6,7": 2.2994999999999997,
    "0,1,2,3,4,5": 2.4031,
    "0,1,2,3,4,6": 2.2979,
    "0,1,2,3,4,7": 2.3289,
    "0,1,2,3,5,6": 2.5078000000000005,
    "0,1,2,3,5,7": 2.4178000000000006,
    "0,1,2,3,6,7": 2.5751999999999997,
    "0,1,2,4,5,6": 2.5523,
    "0,1,2,4,5,7": 2.0099999999999993,
    "0,1,2,4,6,7": 2.2944999999999998,
    "0,1,2,5,6,7": 2.0195,
    "0,1,3,4,5,6": 2.5273000000000003,
    "0,1,3,4,5,7": 2.0099999999999993,
    "0,1,3,4,6,7": 2.2512999999999996,
    "0,1,3,5,6,7": 2.2323999999999997,
    "0,1,4,5,6,7": 2.0099999999999993,
    "0,2,3,4,5,6": 2.6524,
    "0,2,3,4,5,7": 2.4478999999999997,
    "0,2,3,4,6,7": 2.2655,
    "0,2,3,5,6,7": 2.1121000000000003,
    "0,2,4,5,6,7": 2.1353,
    "0,3,4,5,6,7": 2.1526000000000005,
    "1,2,3,4,5,6": 2.4109,
    "1,2,3,4,5,7": 2.4162,
    "1,2,3,4,6,7": 2.5917000000000003,
    "1,2,3,5,6,7": 2.4642000000000004,
    "1,2,4,5,6,7": 2.3648,
    "1,3,4,5,6,7": 2.2211,
    "2,3,4,5,6,7": 2.314,
    "0,1,2,3,4,5,6": 2.5773,
    "0,1,2,3,4,5,7": 2.0099999999999993,
    "0,1,2,3,4,6,7": 2.3393,
    "0,1,2,3,5,6,7": 2.2789,
    "0,1,2,4,5,6,7": 2.0099999999999993,
    "0,1,3,4,5,6,7": 2.0099999999999993,
    "0,2,3,4,5,6,7": 2.1326,
    "1,2,3,4,5,6,7": 2.3832,
    "0,1,2,3,4,5,6,7": 2.0099999999999993
  }
}
