{
  "object_name": "Game",
  "data_type": "game",
  "version": "1.4.2.dev29+g3d3c3a7e6.d20260421",
  "created_from": null,
  "description": null,
  "parameters": {},
  "timestamp": "2026-04-21T12:25:56.592304+00:00Z",
  "metadata": {
    "n_players": 8,
    "game_name": "Game_object",
    "normalization_value": 1.095975637435913,
    "precompute_flag": false,
    "precomputed": true,
    "player_names": null
  },
  "data": {
    "Empty": 1.095975637435913,
    "0": 0.7192192077636719,
    "1": 1.130842685699463,
    "2": 1.0078840255737305,
    "3": 1.1066639423370361,
    "4": 1.108489751815796,
    "5": 0.8689514398574829,
    "6": 3.7070531845092773,
    "7": 0.986135721206665,
    "0,1": 0.6680306196212769,
    "0,2": 1.3117133378982544,
    "0,3": 0.7317901849746704,
    "0,4": 0.7317336201667786,
    "0,5": 0.6619335412979126,
    "0,6": 3.4754581451416016,
    "0,7": 0.6117546558380127,
    "1,2": 1.1604763269424438,
    "1,3": 1.141530990600586,
    "1,4": 1.1613799333572388,
    "1,5": 0.9296621084213257,
    "1,6": 3.9794576168060303,
    "1,7": 1.024485468864441,
    "2,3": 0.9741922616958618,
    "2,4": 1.0172221660614014,
    "2,5": 0.9216808080673218,
    "2,6": 3.1294491291046143,
    "2,7": 0.8393069505691528,
    "3,4": 1.119178056716919,
    "3,5": 0.8653407096862793,
    "3,6": 3.4943478107452393,
    "3,7": 1.0064908266067505,
    "4,5": 0.8637565970420837,
    "4,6": 3.7291486263275146,
    "4,7": 0.998650074005127,
    "5,6": 3.3952198028564453,
    "5,7": 0.7684712409973145,
    "6,7": 2.311367988586426,
    "0,1,2": 1.2585655450820923,
    "0,1,3": 0.6806017160415649,
    "0,1,4": 0.6985679268836975,
    "0,1,5": 0.636588454246521,
    "0,1,6": 3.61126708984375,
    "0,1,7": 0.5744941234588623,
    "0,2,3": 1.3445734977722168,
    "0,2,4": 1.3116950988769531,
    "0,2,5": 0.9781239032745361,
    "0,2,6": 3.388153314590454,
    "0,2,7": 1.1768765449523926,
    "0,3,4": 0.7443045973777771,
    "0,3,5": 0.6472679376602173,
    "0,3,6": 3.2806923389434814,
    "0,3,7": 0.6339921951293945,
    "0,4,5": 0.6567388772964478,
    "0,4,6": 3.497553586959839,
    "0,4,7": 0.6242690682411194,
    "0,5,6": 3.2214229106903076,
    "0,5,7": 0.5638285875320435,
    "0,6,7": 2.0883655548095703,
    "1,2,3": 1.250986099243164,
    "1,2,4": 1.1795790195465088,
    "1,2,5": 1.0510402917861938,
    "1,2,6": 3.2757670879364014,
    "1,2,7": 1.1111027002334595,
    "1,3,4": 1.1720682382583618,
    "1,3,5": 0.9260513782501221,
    "1,3,6": 3.766752243041992,
    "1,3,7": 1.0448403358459473,
    "1,4,5": 0.94249027967453,
    "1,4,6": 4.019576072692871,
    "1,4,7": 1.0550227165222168,
    "1,5,6": 3.652177572250366,
    "1,5,7": 0.7913733720779419,
    "1,6,7": 2.353330135345459,
    "2,3,4": 0.9835304021835327,
    "2,3,5": 0.8389327526092529,
    "2,3,6": 2.901146411895752,
    "2,3,7": 0.9063025712966919,
    "2,4,5": 0.8955137729644775,
    "2,4,6": 3.1483681201934814,
    "2,4,7": 0.8486449718475342,
    "2,5,6": 3.1136183738708496,
    "2,5,7": 0.7474855184555054,
    "2,6,7": 1.999493956565857,
    "3,4,5": 0.8601459860801697,
    "3,4,6": 3.5164432525634766,
    "3,4,7": 1.0190050601959229,
    "3,5,6": 3.168215274810791,
    "3,5,7": 0.7745270729064941,
    "3,6,7": 2.3156659603118896,
    "4,5,6": 3.399606227874756,
    "4,5,7": 0.7632765769958496,
    "4,6,7": 2.333463430404663,
    "5,6,7": 1.9428061246871948,
    "0,1,2,3": 1.3626251220703125,
    "0,1,2,4": 1.2683119773864746,
    "0,1,2,5": 0.9017429351806641,
    "0,1,2,6": 3.3287312984466553,
    "0,1,2,7": 1.2429317235946655,
    "0,1,3,4": 0.711138904094696,
    "0,1,3,5": 0.6219228506088257,
    "0,1,3,6": 3.41650128364563,
    "0,1,3,7": 0.5967317819595337,
    "0,1,4,5": 0.6494166851043701,
    "0,1,4,6": 3.6513853073120117,
    "0,1,4,7": 0.6050314903259277,
    "0,1,5,6": 3.341785430908203,
    "0,1,5,7": 0.5111207962036133,
    "0,1,6,7": 1.9546303749084473,
    "0,2,3,4": 1.3445552587509155,
    "0,2,3,5": 0.9844274520874023,
    "0,2,3,6": 3.242459297180176,
    "0,2,3,7": 1.3104236125946045,
    "0,2,4,5": 0.9426007866859436,
    "0,2,4,6": 3.3977160453796387,
    "0,2,4,7": 1.1768583059310913,
    "0,2,5,6": 3.0611376762390137,
    "0,2,5,7": 0.8394762277603149,
    "0,2,6,7": 2.1435577869415283,
    "0,3,4,5": 0.6420732736587524,
    "0,3,4,6": 3.3027877807617188,
    "0,3,4,7": 0.6465066075325012,
    "0,3,5,6": 2.999420642852783,
    "0,3,5,7": 0.5588295459747314,
    "0,3,6,7": 2.110603094100952,
    "0,4,5,6": 3.225809335708618,
    "0,4,5,7": 0.5586338639259338,
    "0,4,6,7": 2.1104605197906494,
    "0,5,6,7": 1.7776018381118774,
    "1,2,3,4": 1.270088791847229,
    "1,2,3,5": 1.0924935340881348,
    "1,2,3,6": 3.171665668487549,
    "1,2,3,7": 1.2322652339935303,
    "1,2,4,5": 1.0346381664276123,
    "1,2,4,6": 3.304450750350952,
    "1,2,4,7": 1.1302053928375244,
    "1,2,5,6": 3.1237454414367676,
    "1,2,5,7": 0.9547570943832397,
    "1,2,6,7": 2.2009387016296387,
    "1,3,4,5": 0.9388796091079712,
    "1,3,4,6": 3.806870460510254,
    "1,3,4,7": 1.0753775835037231,
    "1,3,5,6": 3.425173044204712,
    "1,3,5,7": 0.7974293231964111,
    "1,3,6,7": 2.357628107070923,
    "1,4,5,6": 3.674586772918701,
    "1,4,5,7": 0.804201602935791,
    "1,4,6,7": 2.3934485912323,
    "1,5,6,7": 1.928030252456665,
    "2,3,4,5": 0.8127657175064087,
    "2,3,4,6": 2.920065402984619,
    "2,3,4,7": 0.9156404137611389,
    "2,3,5,6": 2.836258888244629,
    "2,3,5,7": 0.765424370765686,
    "2,3,6,7": 2.0207459926605225,
    "2,4,5,6": 3.0970325469970703,
    "2,4,5,7": 0.7213186621665955,
    "2,4,6,7": 2.0184128284454346,
    "2,5,6,7": 1.9210858345031738,
    "3,4,5,6": 3.1726016998291016,
    "3,4,5,7": 0.7693324685096741,
    "3,4,6,7": 2.337761402130127,
    "3,5,6,7": 1.9328051805496216,
    "4,5,6,7": 1.9471923112869263,
    "0,1,2,3,4": 1.3723715543746948,
    "0,1,2,3,5": 0.9792459011077881,
    "0,1,2,3,6": 3.254236936569214,
    "0,1,2,3,7": 1.3776440620422363,
    "0,1,2,4,5": 0.8759844899177551,
    "0,1,2,4,6": 3.3480587005615234,
    "0,1,2,4,7": 1.2526781558990479,
    "0,1,2,5,6": 2.865525007247925,
    "0,1,2,5,7": 0.8410075902938843,
    "0,1,2,6,7": 2.1392624378204346,
    "0,1,3,4,5": 0.6347510814666748,
    "0,1,3,4,6": 3.4566195011138916,
    "0,1,3,4,7": 0.6272690296173096,
    "0,1,3,5,6": 3.1197829246520996,
    "0,1,3,5,7": 0.5061216354370117,
    "0,1,3,6,7": 1.9768677949905396,
    "0,1,4,5,6": 3.364194631576538,
    "0,1,4,5,7": 0.5239488482475281,
    "0,1,4,6,7": 1.9947484731674194,
    "0,1,5,6,7": 1.587129831314087,
    "0,2,3,4,5": 0.9489043354988098,
    "0,2,3,4,6": 3.2520220279693604,
    "0,2,3,4,7": 1.3104053735733032,
    "0,2,3,5,6": 2.8888866901397705,
    "0,2,3,5,7": 0.9464666843414307,
    "0,2,3,6,7": 2.2474186420440674,
    "0,2,4,5,6": 3.0351955890655518,
    "0,2,4,5,7": 0.8039531111717224,
    "0,2,4,6,7": 2.153120517730713,
    "0,2,5,6,7": 1.812734603881836,
    "0,3,4,5,6": 3.0038070678710938,
    "0,3,4,5,7": 0.5536348223686218,
    "0,3,4,6,7": 2.1326980590820312,
    "0,3,5,6,7": 1.7726026773452759,
    "0,4,5,6,7": 1.7819879055023193,
    "1,2,3,4,5": 1.0760914087295532,
    "1,2,3,4,6": 3.2003493309020996,
    "1,2,3,4,7": 1.2513679265975952,
    "1,2,3,5,6": 2.9705872535705566,
    "1,2,3,5,7": 1.0268632173538208,
    "1,2,3,6,7": 2.276357889175415,
    "1,2,4,5,6": 3.116924285888672,
    "1,2,4,5,7": 0.9383549690246582,
    "1,2,4,6,7": 2.2296223640441895,
    "1,2,5,6,7": 1.9450483322143555,
    "1,3,4,5,6": 3.447582244873047,
    "1,3,4,5,7": 0.8102574944496155,
    "1,3,4,6,7": 2.3977465629577637,
    "1,3,5,6,7": 1.9180291891098022,
    "1,4,5,6,7": 1.9504393339157104,
    "2,3,4,5,6": 2.8196730613708496,
    "2,3,4,5,7": 0.7392575144767761,
    "2,3,4,6,7": 2.0396649837493896,
    "2,3,5,6,7": 1.89328134059906,
    "2,4,5,6,7": 1.9044996500015259,
    "3,4,5,6,7": 1.937191128730774,
    "0,1,2,3,4,5": 0.9534874558448792,
    "0,1,2,3,4,6": 3.273564338684082,
    "0,1,2,3,4,7": 1.3873904943466187,