{
  "object_name": "Game",
  "data_type": "game",
  "version": "1.4.2.dev29+g3d3c3a7e6.d20260421",
  "created_from": null,
  "description": null,
  "parameters": {},
  "timestamp": "2026-04-21T12:25:56.548026+00:00Z",
  "metadata": {
    "n_players": 8,
    "game_name": "Game_object",
    "normalization_value": 2.0434510707855225,
    "precompute_flag": false,
    "precomputed": true,
    "player_names": null
  },
  "data": {
    "Empty": 1.9643646478652954,
    "0": 1.819692611694336,
    "1": 1.9638888835906982,
    "2": 1.6348587274551392,
    "3": 1.497998833656311,
    "4": 1.454965353012085,
    "5": 2.0383925437927246,
    "6": 1.2711989879608154,
    "7": 2.2125587463378906,
    "0,1": 1.2185512781143188,
    "0,2": 1.809350609779358,
    "0,3": 1.823270559310913,
    "0,4": 1.4429081678390503,
    "0,5": 1.519615888595581,
    "0,6": 1.0115114450454712,
    "0,7": 2.1901586055755615,
    "1,2": 1.6711839437484741,
    "1,3": 1.6787261962890625,
    "1,4": 1.5526866912841797,
    "1,5": 2.072685480117798,
    "1,6": 0.9886940717697144,
    "1,7": 2.1299378871917725,
    "2,3": 1.4830634593963623,
    "2,4": 1.5196070671081543,
    "2,5": 2.0677011013031006,
    "2,6": 1.0794048309326172,
    "2,7": 2.080378770828247,
    "3,4": 1.6132503747940063,
    "3,5": 1.5345556735992432,
    "3,6": 1.1545724868774414,
    "3,7": 2.474508762359619,
    "4,5": 1.4737812280654907,
    "4,6": 1.0461595058441162,
    "4,7": 2.0039703845977783,
    "5,6": 1.136570930480957,
    "5,7": 2.186324119567871,
    "6,7": 1.1587806940078735,
    "0,1,2": 1.8929929733276367,
    "0,1,3": 2.029794216156006,
    "0,1,4": 2.022793769836426,
    "0,1,5": 1.8502871990203857,
    "0,1,6": 1.0302698612213135,
    "0,1,7": 2.2092950344085693,
    "0,2,3": 1.5856157541275024,
    "0,2,4": 1.8580026626586914,
    "0,2,5": 1.6762635707855225,
    "0,2,6": 1.0952414274215698,
    "0,2,7": 2.2881336212158203,
    "0,3,4": 1.4016554355621338,
    "0,3,5": 1.751380205154419,
    "0,3,6": 1.04779052734375,
    "0,3,7": 1.9494869709014893,
    "0,4,5": 1.952662706375122,
    "0,4,6": 0.9884957075119019,
    "0,4,7": 2.0418825149536133,
    "0,5,6": 1.0842887163162231,
    "0,5,7": 1.8975746631622314,
    "0,6,7": 1.1114610433578491,
    "1,2,3": 1.9899098873138428,
    "1,2,4": 2.123030424118042,
    "1,2,5": 1.1956048011779785,
    "1,2,6": 1.1820595264434814,
    "1,2,7": 2.3244481086730957,
    "1,3,4": 1.5058271884918213,
    "1,3,5": 1.7081773281097412,
    "1,3,6": 1.0526801347732544,
    "1,3,7": 2.137688159942627,
    "1,4,5": 1.5155404806137085,
    "1,4,6": 1.373334527015686,
    "1,4,7": 2.0310661792755127,
    "1,5,6": 1.0443247556686401,
    "1,5,7": 1.7759406566619873,
    "1,6,7": 1.4556505680084229,
    "2,3,4": 1.779079794883728,
    "2,3,5": 1.8773972988128662,
    "2,3,6": 1.0927566289901733,
    "2,3,7": 2.5332934856414795,
    "2,4,5": 2.007909059524536,
    "2,4,6": 1.2842998504638672,
    "2,4,7": 2.3388636112213135,
    "2,5,6": 1.3075119256973267,
    "2,5,7": 2.413646697998047,
    "2,6,7": 1.4527347087860107,
    "3,4,5": 1.7708027362823486,
    "3,4,6": 1.3408104181289673,
    "3,4,7": 1.6009223461151123,
    "3,5,6": 1.026296854019165,
    "3,5,7": 2.5463480949401855,
    "3,6,7": 1.287631869316101,
    "4,5,6": 1.369462490081787,
    "4,5,7": 2.006218194961548,
    "4,6,7": 1.2734026908874512,
    "5,6,7": 1.190464973449707,
    "0,1,2,3": 1.6330926418304443,
    "0,1,2,4": 1.5619226694107056,
    "0,1,2,5": 1.6505959033966064,
    "0,1,2,6": 1.1342663764953613,
    "0,1,2,7": 1.7866977453231812,
    "0,1,3,4": 1.6249030828475952,
    "0,1,3,5": 1.7548553943634033,
    "0,1,3,6": 1.0118377208709717,
    "0,1,3,7": 2.0185794830322266,
    "0,1,4,5": 1.5560169219970703,
    "0,1,4,6": 1.0344865322113037,
    "0,1,4,7": 2.290820360183716,
    "0,1,5,6": 0.9828823208808899,
    "0,1,5,7": 2.079129219055176,
    "0,1,6,7": 1.1049201488494873,
    "0,2,3,4": 1.4873855113983154,
    "0,2,3,5": 1.5854454040527344,
    "0,2,3,6": 1.0670932531356812,
    "0,2,3,7": 2.3732235431671143,
    "0,2,4,5": 1.756765365600586,
    "0,2,4,6": 1.0129339694976807,
    "0,2,4,7": 1.9593108892440796,
    "0,2,5,6": 1.04070246219635,
    "0,2,5,7": 1.9336951971054077,
    "0,2,6,7": 1.1885703802108765,
    "0,3,4,5": 1.6065618991851807,
    "0,3,4,6": 0.9678027033805847,
    "0,3,4,7": 1.745957612991333,
    "0,3,5,6": 1.0165942907333374,
    "0,3,5,7": 2.077833890914917,
    "0,3,6,7": 1.10731840133667,
    "0,4,5,6": 1.0177417993545532,
    "0,4,5,7": 2.326868772506714,
    "0,4,6,7": 1.0819027423858643,
    "0,5,6,7": 1.1202162504196167,
    "1,2,3,4": 1.5262858867645264,
    "1,2,3,5": 1.6993423700332642,
    "1,2,3,6": 1.0138554573059082,
    "1,2,3,7": 1.5903993844985962,
    "1,2,4,5": 1.7637107372283936,
    "1,2,4,6": 1.2360572814941406,
    "1,2,4,7": 2.426896572113037,
    "1,2,5,6": 1.215765118598938,
    "1,2,5,7": 2.3877601623535156,
    "1,2,6,7": 1.3730067014694214,
    "1,3,4,5": 1.4810001850128174,
    "1,3,4,6": 1.1147711277008057,
    "1,3,4,7": 2.1899452209472656,
    "1,3,5,6": 1.0901471376419067,
    "1,3,5,7": 1.937319040298462,
    "1,3,6,7": 1.143268346786499,
    "1,4,5,6": 1.193892240524292,
    "1,4,5,7": 2.201937198638916,
    "1,4,6,7": 1.1339861154556274,
    "1,5,6,7": 1.2137620449066162,
    "2,3,4,5": 1.5156652927398682,
    "2,3,4,6": 1.076606035232544,
    "2,3,4,7": 2.3539233207702637,
    "2,3,5,6": 1.0458256006240845,
    "2,3,5,7": 2.015209913253784,
    "2,3,6,7": 1.44399094581604,
    "2,4,5,6": 1.1406669616699219,
    "2,4,5,7": 2.0768580436706543,
    "2,4,6,7": 1.2734085321426392,
    "2,5,6,7": 1.4253337383270264,
    "3,4,5,6": 1.3078944683074951,
    "3,4,5,7": 1.4446550607681274,
    "3,4,6,7": 1.474980115890503,
    "3,5,6,7": 1.1733039617538452,
    "4,5,6,7": 1.2302436828613281,
    "0,1,2,3,4": 1.580298662185669,
    "0,1,2,3,5": 1.7878822088241577,
    "0,1,2,3,6": 0.9937006831169128,
    "0,1,2,3,7": 2.1970317363739014,
    "0,1,2,4,5": 1.376328468322754,
    "0,1,2,4,6": 1.0572389364242554,
    "0,1,2,4,7": 2.063828229904175,
    "0,1,2,5,6": 0.9779895544052124,
    "0,1,2,5,7": 2.192534923553467,
    "0,1,2,6,7": 1.064522624015808,
    "0,1,3,4,5": 1.365339756011963,
    "0,1,3,4,6": 0.9658197164535522,
    "0,1,3,4,7": 1.9083961248397827,
    "0,1,3,5,6": 0.9891759753227234,
    "0,1,3,5,7": 1.7645000219345093,
    "0,1,3,6,7": 1.0529298782348633,
    "0,1,4,5,6": 1.0420291423797607,
    "0,1,4,5,7": 1.8346402645111084,
    "0,1,4,6,7": 1.005968689918518,
    "0,1,5,6,7": 0.9644967317581177,
    "0,2,3,4,5": 1.7412935495376587,
    "0,2,3,4,6": 1.0136321783065796,
    "0,2,3,4,7": 2.0610060691833496,
    "0,2,3,5,6": 0.969298243522644,
    "0,2,3,5,7": 1.8555107116699219,
    "0,2,3,6,7": 1.140203833580017,
    "0,2,4,5,6": 1.0311075448989868,
    "0,2,4,5,7": 1.5536396503448486,
    "0,2,4,6,7": 1.1371185779571533,
    "0,2,5,6,7": 1.1352838277816772,
    "0,3,4,5,6": 1.0532231330871582,
    "0,3,4,5,7": 2.11531400680542,
    "0,3,4,6,7": 1.0994683504104614,
    "0,3,5,6,7": 1.175534963607788,
    "0,4,5,6,7": 1.0424197912216187,
    "1,2,3,4,5": 1.8027970790863037,
    "1,2,3,4,6": 1.345815896987915,
    "1,2,3,4,7": 1.932529091835022,
    "1,2,3,5,6": 1.0291210412979126,
    "1,2,3,5,7": 2.298682928085327,
    "1,2,3,6,7": 1.4920499324798584,
    "1,2,4,5,6": 1.184428334236145,
    "1,2,4,5,7": 2.1304612159729004,
    "1,2,4,6,7": 1.1187275648117065,
    "1,2,5,6,7": 1.4501112699508667,
    "1,3,4,5,6": 1.1230475902557373,
    "1,3,4,5,7": 1.7377277612686157,
    "1,3,4,6,7": 0.9968268275260925,
    "1,3,5,6,7": 1.1840559244155884,
    "1,4,5,6,7": 1.1464983224868774,
    "2,3,4,5,6": 1.0860538482666016,
    "2,3,4,5,7": 2.096952438354492,
    "2,3,4,6,7": 1.2791197299957275,
    "2,3,5,6,7": 1.3777512311935425,
    "2,4,5,6,7": 1.319491982460022,
    "3,4,5,6,7": 1.3004710674285889,
    "0,1,2,3,4,5": 1.6117414236068726,
    "0,1,2,3,4,6": 1.0136950016021729,
    "0,1,2,3,4,7": 2.4014785289764404,