{
  "object_name": "Game",
  "data_type": "game",
  "version": "1.4.2.dev29+g3d3c3a7e6.d20260421",
  "created_from": null,
  "description": null,
  "parameters": {},
  "timestamp": "2026-04-21T12:25:56.609834+00:00Z",
  "metadata": {
    "n_players": 8,
    "game_name": "Game_object",
    "normalization_value": 0.24609795212745667,
    "precompute_flag": false,
    "precomputed": true,
    "player_names": null
  },
  "data": {
    "Empty": 0.3745884895324707,
    "0": 0.27682358026504517,
    "1": 0.23335404694080353,
    "2": 0.35306695103645325,
    "3": 0.22497358918190002,
    "4": 0.3314240872859955,
    "5": 0.3658807873725891,
    "6": 0.27449703216552734,
    "7": 0.1031559482216835,
    "0,1": 0.3212088644504547,
    "0,2": 0.337534636259079,
    "0,3": 0.2345113307237625,
    "0,4": 0.26082825660705566,
    "0,5": 0.26439857482910156,
    "0,6": 0.2316669523715973,
    "0,7": 0.04403505474328995,
    "1,2": 0.3546011447906494,
    "1,3": 0.17347323894500732,
    "1,4": 0.3388743996620178,
    "1,5": 0.3471766710281372,
    "1,6": 0.26903533935546875,
    "1,7": 0.07956846058368683,
    "2,3": 0.3701859712600708,
    "2,4": 0.30262818932533264,
    "2,5": 0.3503233790397644,
    "2,6": 0.3757997751235962,
    "2,7": 0.20590052008628845,
    "3,4": 0.26768189668655396,
    "3,5": 0.31820228695869446,
    "3,6": 0.21137604117393494,
    "3,7": 0.023671532049775124,
    "4,5": 0.34766143560409546,
    "4,6": 0.3522656559944153,
    "4,7": 0.13979384303092957,
    "5,6": 0.24623508751392365,
    "5,7": 0.021505016833543777,
    "6,7": 0.09246803820133209,
    "0,1,2": 0.3871912658214569,
    "0,1,3": 0.29601866006851196,
    "0,1,4": 0.2890923023223877,
    "0,1,5": 0.3278472423553467,
    "0,1,6": 0.25610610842704773,
    "0,1,7": 0.13134634494781494,
    "0,2,3": 0.3899371325969696,
    "0,2,4": 0.3343345820903778,
    "0,2,5": 0.4270266890525818,
    "0,2,6": 0.2931444048881531,
    "0,2,7": 0.19456656277179718,
    "0,3,4": 0.41394227743148804,
    "0,3,5": 0.23153647780418396,
    "0,3,6": 0.30311688780784607,
    "0,3,7": 0.05629878118634224,
    "0,4,5": 0.35621771216392517,
    "0,4,6": 0.3032258152961731,
    "0,4,7": 0.11445309221744537,
    "0,5,6": 0.2679930627346039,
    "0,5,7": 0.06854023039340973,
    "0,6,7": 0.06038832664489746,
    "1,2,3": 0.33149561285972595,
    "1,2,4": 0.3713144063949585,
    "1,2,5": 0.3451099693775177,
    "1,2,6": 0.4126645624637604,
    "1,2,7": 0.1600814163684845,
    "1,3,4": 0.3890305161476135,
    "1,3,5": 0.29430851340293884,
    "1,3,6": 0.07181467115879059,
    "1,3,7": 0.06375958770513535,
    "1,4,5": 0.22560004889965057,
    "1,4,6": 0.24178895354270935,
    "1,4,7": 0.1480395793914795,
    "1,5,6": 0.35734206438064575,
    "1,5,7": 0.13243743777275085,
    "1,6,7": 0.05515231564640999,
    "2,3,4": 0.2468048632144928,
    "2,3,5": 0.3181326985359192,
    "2,3,6": 0.2720545530319214,
    "2,3,7": 0.25134310126304626,
    "2,4,5": 0.36753028631210327,
    "2,4,6": 0.36651772260665894,
    "2,4,7": 0.1661357581615448,
    "2,5,6": 0.3702908158302307,
    "2,5,7": 0.18817776441574097,
    "2,6,7": 0.16482378542423248,
    "3,4,5": 0.3053649067878723,
    "3,4,6": 0.40282464027404785,
    "3,4,7": 0.20484738051891327,
    "3,5,6": 0.2816869616508484,
    "3,5,7": 0.26813042163848877,
    "3,6,7": 0.057618726044893265,
    "4,5,6": 0.24407434463500977,
    "4,5,7": 0.12702982127666473,
    "4,6,7": 0.11808110773563385,
    "5,6,7": 0.10584117472171783,
    "0,1,2,3": 0.28906652331352234,
    "0,1,2,4": 0.2677786946296692,
    "0,1,2,5": 0.3231450915336609,
    "0,1,2,6": 0.3919089436531067,
    "0,1,2,7": 0.2164379060268402,
    "0,1,3,4": 0.2740303575992584,
    "0,1,3,5": 0.4320012629032135,
    "0,1,3,6": 0.31854626536369324,
    "0,1,3,7": 0.11793869733810425,
    "0,1,4,5": 0.3184627592563629,
    "0,1,4,6": 0.33198022842407227,
    "0,1,4,7": 0.10484590381383896,
    "0,1,5,6": 0.2802974283695221,
    "0,1,5,7": 0.04723408818244934,
    "0,1,6,7": 0.01678195223212242,
    "0,2,3,4": 0.3645242154598236,
    "0,2,3,5": 0.41215911507606506,
    "0,2,3,6": 0.35772353410720825,
    "0,2,3,7": 0.19839803874492645,
    "0,2,4,5": 0.379808247089386,
    "0,2,4,6": 0.35837990045547485,
    "0,2,4,7": 0.18913677334785461,
    "0,2,5,6": 0.382632315158844,
    "0,2,5,7": 0.12533053755760193,
    "0,2,6,7": 0.2110234498977661,
    "0,3,4,5": 0.30847835540771484,
    "0,3,4,6": 0.2925955355167389,
    "0,3,4,7": 0.1509193480014801,
    "0,3,5,6": 0.32374003529548645,
    "0,3,5,7": 0.17045430839061737,
    "0,3,6,7": 0.08825677633285522,
    "0,4,5,6": 0.32393065094947815,
    "0,4,5,7": 0.1523257941007614,
    "0,4,6,7": 0.12190264463424683,
    "0,5,6,7": 0.10737575590610504,
    "1,2,3,4": 0.3466702401638031,
    "1,2,3,5": 0.29584836959838867,
    "1,2,3,6": 0.36871522665023804,
    "1,2,3,7": 0.18749460577964783,
    "1,2,4,5": 0.3917795717716217,
    "1,2,4,6": 0.2496701031923294,
    "1,2,4,7": 0.18436077237129211,
    "1,2,5,6": 0.4233088493347168,
    "1,2,5,7": 0.19502338767051697,
    "1,2,6,7": 0.22129659354686737,
    "1,3,4,5": 0.33154061436653137,
    "1,3,4,6": 0.33255913853645325,
    "1,3,4,7": 0.13412019610404968,
    "1,3,5,6": 0.2639524042606354,
    "1,3,5,7": 0.09111490845680237,
    "1,3,6,7": 0.04583139345049858,
    "1,4,5,6": 0.3506149351596832,
    "1,4,5,7": 0.1808699369430542,
    "1,4,6,7": 0.15575626492500305,
    "1,5,6,7": 0.09006224572658539,
    "2,3,4,5": 0.3500080406665802,
    "2,3,4,6": 0.35099318623542786,
    "2,3,4,7": 0.1540772020816803,
    "2,3,5,6": 0.4071848392486572,
    "2,3,5,7": 0.2297620326280594,
    "2,3,6,7": 0.17611899971961975,
    "2,4,5,6": 0.41402536630630493,
    "2,4,5,7": 0.2290186882019043,
    "2,4,6,7": 0.21319428086280823,
    "2,5,6,7": 0.22670230269432068,
    "3,4,5,6": 0.37802234292030334,
    "3,4,5,7": 0.12919285893440247,
    "3,4,6,7": 0.16304895281791687,
    "3,5,6,7": 0.08779492229223251,
    "4,5,6,7": 0.24506239593029022,
    "0,1,2,3,4": 0.32872989773750305,
    "0,1,2,3,5": 0.33129411935806274,
    "0,1,2,3,6": 0.3131422698497772,
    "0,1,2,3,7": 0.12763208150863647,
    "0,1,2,4,5": 0.3908551335334778,
    "0,1,2,4,6": 0.3548199534416199,
    "0,1,2,4,7": 0.2168079912662506,
    "0,1,2,5,6": 0.3287789821624756,
    "0,1,2,5,7": 0.2801039218902588,
    "0,1,2,6,7": 0.2217370569705963,
    "0,1,3,4,5": 0.3156374990940094,
    "0,1,3,4,6": 0.27695709466934204,
    "0,1,3,4,7": 0.17069688439369202,
    "0,1,3,5,6": 0.30687934160232544,
    "0,1,3,5,7": 0.07165378332138062,
    "0,1,3,6,7": 0.05063249543309212,
    "0,1,4,5,6": 0.3163362145423889,
    "0,1,4,5,7": 0.11971937119960785,
    "0,1,4,6,7": 0.12506362795829773,
    "0,1,5,6,7": 0.09922430664300919,
    "0,2,3,4,5": 0.4511927664279938,
    "0,2,3,4,6": 0.3534901738166809,
    "0,2,3,4,7": 0.16960059106349945,
    "0,2,3,5,6": 0.36275655031204224,
    "0,2,3,5,7": 0.1899995356798172,
    "0,2,3,6,7": 0.12214796245098114,
    "0,2,4,5,6": 0.3817298114299774,
    "0,2,4,5,7": 0.2512458860874176,
    "0,2,4,6,7": 0.18303653597831726,
    "0,2,5,6,7": 0.16885529458522797,
    "0,3,4,5,6": 0.24778354167938232,
    "0,3,4,5,7": 0.17683489620685577,
    "0,3,4,6,7": 0.13889333605766296,
    "0,3,5,6,7": 0.09544746577739716,
    "0,4,5,6,7": 0.18246714770793915,
    "1,2,3,4,5": 0.3153960108757019,
    "1,2,3,4,6": 0.3145061135292053,
    "1,2,3,4,7": 0.23415501415729523,
    "1,2,3,5,6": 0.30886349081993103,
    "1,2,3,5,7": 0.1324206292629242,
    "1,2,3,6,7": 0.1860421597957611,
    "1,2,4,5,6": 0.3659024238586426,
    "1,2,4,5,7": 0.2582932710647583,
    "1,2,4,6,7": 0.19994166493415833,
    "1,2,5,6,7": 0.22900311648845673,
    "1,3,4,5,6": 0.41669121384620667,
    "1,3,4,5,7": 0.14978258311748505,
    "1,3,4,6,7": 0.08127529919147491,
    "1,3,5,6,7": 0.1422366201877594,
    "1,4,5,6,7": 0.14488595724105835,
    "2,3,4,5,6": 0.43421998620033264,
    "2,3,4,5,7": 0.2909228801727295,
    "2,3,4,6,7": 0.19113744795322418,
    "2,3,5,6,7": 0.11628808081150055,