{
  "object_name": "Game",
  "data_type": "game",
  "version": "1.4.2.dev29+g3d3c3a7e6.d20260421",
  "created_from": null,
  "description": null,
  "parameters": {},
  "timestamp": "2026-04-21T12:25:56.766722+00:00Z",
  "metadata": {
    "n_players": 8,
    "game_name": "Game_object",
    "normalization_value": 0.9179999999999999,
    "precompute_flag": false,
    "precomputed": true,
    "player_names": null
  },
  "data": {
    "Empty": 0.9179999999999999,
    "0": 0.8211999999999999,
    "1": 1.0356999999999998,
    "2": 1.0088,
    "3": 0.9179999999999999,
    "4": 0.9179999999999999,
    "5": 0.8804000000000001,
    "6": 1.2347000000000001,
    "7": 2.4228,
    "0,1": 0.818,
    "0,2": 0.8716999999999999,
    "0,3": 0.8211999999999999,
    "0,4": 0.8248,
    "0,5": 0.8071999999999999,
    "0,6": 0.8800999999999999,
    "0,7": 2.3937,
    "1,2": 1.0456999999999999,
    "1,3": 1.0356999999999998,
    "1,4": 1.0392,
    "1,5": 0.9356,
    "1,6": 1.3644,
    "1,7": 2.2663,
    "2,3": 1.0088,
    "2,4": 1.0088,
    "2,5": 1.0151999999999999,
    "2,6": 1.3281,
    "2,7": 2.4589,
    "3,4": 0.9179999999999999,
    "3,5": 0.8804000000000001,
    "3,6": 1.2347000000000001,
    "3,7": 2.4228,
    "4,5": 0.8804000000000001,
    "4,6": 1.2347000000000001,
    "4,7": 2.419,
    "5,6": 1.2347000000000001,
    "5,7": 2.4037,
    "6,7": 0.9549,
    "0,1,2": 0.8574999999999999,
    "0,1,3": 0.818,
    "0,1,4": 0.8215,
    "0,1,5": 0.7847000000000001,
    "0,1,6": 0.9117999999999998,
    "0,1,7": 2.4028,
    "0,2,3": 0.8716999999999999,
    "0,2,4": 0.8753,
    "0,2,5": 0.8619,
    "0,2,6": 0.9802,
    "0,2,7": 2.501,
    "0,3,4": 0.8248,
    "0,3,5": 0.8071999999999999,
    "0,3,6": 0.8800999999999999,
    "0,3,7": 2.3937,
    "0,4,5": 0.8107999999999999,
    "0,4,6": 0.8840999999999999,
    "0,4,7": 2.2718,
    "0,5,6": 0.8800999999999999,
    "0,5,7": 2.3746,
    "0,6,7": 0.8751000000000001,
    "1,2,3": 1.0456999999999999,
    "1,2,4": 1.0492,
    "1,2,5": 0.9897999999999998,
    "1,2,6": 1.3730999999999998,
    "1,2,7": 2.3024,
    "1,3,4": 1.0392,
    "1,3,5": 0.9356,
    "1,3,6": 1.3644,
    "1,3,7": 2.2663,
    "1,4,5": 0.9356,
    "1,4,6": 1.3644,
    "1,4,7": 2.2657000000000003,
    "1,5,6": 1.3793,
    "1,5,7": 2.3182,
    "1,6,7": 1.172,
    "2,3,4": 1.0088,
    "2,3,5": 1.0151999999999999,
    "2,3,6": 1.3281,
    "2,3,7": 2.4589,
    "2,4,5": 1.0151999999999999,
    "2,4,6": 1.3281,
    "2,4,7": 2.4551,
    "2,5,6": 1.3281,
    "2,5,7": 2.4398,
    "2,6,7": 0.9960999999999999,
    "3,4,5": 0.8804000000000001,
    "3,4,6": 1.2347000000000001,
    "3,4,7": 2.419,
    "3,5,6": 1.2347000000000001,
    "3,5,7": 2.4037,
    "3,6,7": 0.9549,
    "4,5,6": 1.2347000000000001,
    "4,5,7": 2.4031000000000002,
    "4,6,7": 1.1393,
    "5,6,7": 0.9568999999999999,
    "0,1,2,3": 0.8574999999999999,
    "0,1,2,4": 0.861,
    "0,1,2,5": 0.8283999999999999,
    "0,1,2,6": 1.019,
    "0,1,2,7": 2.5101,
    "0,1,3,4": 0.8215,
    "0,1,3,5": 0.7847000000000001,
    "0,1,3,6": 0.9117999999999998,
    "0,1,3,7": 2.4028,
    "0,1,4,5": 0.7847000000000001,
    "0,1,4,6": 0.8946999999999999,
    "0,1,4,7": 2.311,
    "0,1,5,6": 0.9274999999999999,
    "0,1,5,7": 2.4730999999999996,
    "0,1,6,7": 1.0788999999999997,
    "0,2,3,4": 0.8753,
    "0,2,3,5": 0.8619,
    "0,2,3,6": 0.9802,
    "0,2,3,7": 2.501,
    "0,2,4,5": 0.8655000000000002,
    "0,2,4,6": 0.9929,
    "0,2,4,7": 2.3949000000000003,
    "0,2,5,6": 0.9843999999999999,
    "0,2,5,7": 2.4819,
    "0,2,6,7": 0.9249,
    "0,3,4,5": 0.8107999999999999,
    "0,3,4,6": 0.8840999999999999,
    "0,3,4,7": 2.2718,
    "0,3,5,6": 0.8800999999999999,
    "0,3,5,7": 2.3746,
    "0,3,6,7": 0.8751000000000001,
    "0,4,5,6": 0.8840999999999999,
    "0,4,5,7": 2.2692,
    "0,4,6,7": 0.8842000000000001,
    "0,5,6,7": 0.9115000000000002,
    "1,2,3,4": 1.0492,
    "1,2,3,5": 0.9897999999999998,
    "1,2,3,6": 1.3730999999999998,
    "1,2,3,7": 2.3024,
    "1,2,4,5": 0.9897999999999998,
    "1,2,4,6": 1.3730999999999998,
    "1,2,4,7": 2.3018,
    "1,2,5,6": 1.388,
    "1,2,5,7": 2.3543,
    "1,2,6,7": 1.2064999999999997,
    "1,3,4,5": 0.9356,
    "1,3,4,6": 1.3644,
    "1,3,4,7": 2.2657000000000003,
    "1,3,5,6": 1.3793,
    "1,3,5,7": 2.3182,
    "1,3,6,7": 1.172,
    "1,4,5,6": 1.3793,
    "1,4,5,7": 2.3176,
    "1,4,6,7": 1.2152999999999998,
    "1,5,6,7": 1.1911999999999998,
    "2,3,4,5": 1.0151999999999999,
    "2,3,4,6": 1.3281,
    "2,3,4,7": 2.4551,
    "2,3,5,6": 1.3281,
    "2,3,5,7": 2.4398,
    "2,3,6,7": 0.9960999999999999,
    "2,4,5,6": 1.3281,
    "2,4,5,7": 2.4392,
    "2,4,6,7": 1.1804999999999999,
    "2,5,6,7": 0.9980999999999998,
    "3,4,5,6": 1.2347000000000001,
    "3,4,5,7": 2.4031000000000002,
    "3,4,6,7": 1.1393,
    "3,5,6,7": 0.9568999999999999,
    "4,5,6,7": 1.1412999999999998,
    "0,1,2,3,4": 0.861,
    "0,1,2,3,5": 0.8283999999999999,
    "0,1,2,3,6": 1.019,
    "0,1,2,3,7": 2.5101,
    "0,1,2,4,5": 0.8283999999999999,
    "0,1,2,4,6": 1.0106000000000002,
    "0,1,2,4,7": 2.4341,
    "0,1,2,5,6": 1.0389000000000002,
    "0,1,2,5,7": 2.5804,
    "0,1,2,6,7": 1.1421999999999997,
    "0,1,3,4,5": 0.7847000000000001,
    "0,1,3,4,6": 0.8946999999999999,
    "0,1,3,4,7": 2.311,
    "0,1,3,5,6": 0.9274999999999999,
    "0,1,3,5,7": 2.4730999999999996,
    "0,1,3,6,7": 1.0788999999999997,
    "0,1,4,5,6": 0.9103999999999999,
    "0,1,4,5,7": 2.3813,
    "0,1,4,6,7": 1.0788999999999997,
    "0,1,5,6,7": 1.0866,
    "0,2,3,4,5": 0.8655000000000002,
    "0,2,3,4,6": 0.9929,
    "0,2,3,4,7": 2.3949000000000003,
    "0,2,3,5,6": 0.9843999999999999,
    "0,2,3,5,7": 2.4819,
    "0,2,3,6,7": 0.9249,
    "0,2,4,5,6": 0.9971,
    "0,2,4,5,7": 2.3923,
    "0,2,4,6,7": 0.9339999999999999,
    "0,2,5,6,7": 0.8608,
    "0,3,4,5,6": 0.8840999999999999,
    "0,3,4,5,7": 2.2692,
    "0,3,4,6,7": 0.8842000000000001,
    "0,3,5,6,7": 0.9115000000000002,
    "0,4,5,6,7": 0.9206000000000001,
    "1,2,3,4,5": 0.9897999999999998,
    "1,2,3,4,6": 1.3730999999999998,
    "1,2,3,4,7": 2.3018,
    "1,2,3,5,6": 1.388,
    "1,2,3,5,7": 2.3543,
    "1,2,3,6,7": 1.2064999999999997,
    "1,2,4,5,6": 1.388,
    "1,2,4,5,7": 2.3537,
    "1,2,4,6,7": 1.2195999999999998,
    "1,2,5,6,7": 1.2256999999999998,
    "1,3,4,5,6": 1.3793,
    "1,3,4,5,7": 2.3176,
    "1,3,4,6,7": 1.2152999999999998,
    "1,3,5,6,7": 1.1911999999999998,
    "1,4,5,6,7": 1.2345,
    "2,3,4,5,6": 1.3281,
    "2,3,4,5,7": 2.4392,
    "2,3,4,6,7": 1.1804999999999999,
    "2,3,5,6,7": 0.9980999999999998,
    "2,4,5,6,7": 1.1824999999999997,
    "3,4,5,6,7": 1.1412999999999998,
    "0,1,2,3,4,5": 0.8283999999999999,
    "0,1,2,3,4,6": 1.0106000000000002,
    "0,1,2,3,4,7": 2.4341,
    "0,1,2,3,5,6": 1.0389000000000002,
    "0,1,2,3,5,7": 2.5804,
    "0,1,2,3,6,7": 1.1421999999999997,
    "0,1,2,4,5,6": 1.0305000000000002,
    "0,1,2,4,5,7": 2.5044,
    "0,1,2,4,6,7": 1.1119999999999997,
    "0,1,2,5,6,7": 1.0817,
    "0,1,3,4,5,6": 0.9103999999999999,
    "0,1,3,4,5,7": 2.3813,
    "0,1,3,4,6,7": 1.0788999999999997,
    "0,1,3,5,6,7": 1.0866,
    "0,1,4,5,6,7": 1.0866,
    "0,2,3,4,5,6": 0.9971,
    "0,2,3,4,5,7": 2.3923,
    "0,2,3,4,6,7": 0.9339999999999999,
    "0,2,3,5,6,7": 0.8608,
    "0,2,4,5,6,7": 0.8699,
    "0,3,4,5,6,7": 0.9206000000000001,
    "1,2,3,4,5,6": 1.388,
    "1,2,3,4,5,7": 2.3537,
    "1,2,3,4,6,7": 1.2195999999999998,
    "1,2,3,5,6,7": 1.2256999999999998,
    "1,2,4,5,6,7": 1.2388,
    "1,3,4,5,6,7": 1.2345,
    "2,3,4,5,6,7": 1.1824999999999997,
    "0,1,2,3,4,5,6": 1.0305000000000002,
    "0,1,2,3,4,5,7": 2.5044,
    "0,1,2,3,4,6,7": 1.1119999999999997,
    "0,1,2,3,5,6,7": 1.0817,
    "0,1,2,4,5,6,7": 1.0515,
    "0,1,3,4,5,6,7": 1.0866,
    "0,2,3,4,5,6,7": 0.8699,
    "1,2,3,4,5,6,7": 1.2388,
    "0,1,2,3,4,5,6,7": 1.0515
  }
}
