{
  "object_name": "Game",
  "data_type": "game",
  "version": "1.4.2.dev29+g3d3c3a7e6.d20260421",
  "created_from": null,
  "description": null,
  "parameters": {},
  "timestamp": "2026-04-21T12:25:56.276976+00:00Z",
  "metadata": {
    "n_players": 8,
    "game_name": "Game_object",
    "normalization_value": 2.056467975,
    "precompute_flag": false,
    "precomputed": true,
    "player_names": null
  },
  "data": {
    "Empty": 0.9158,
    "0": 0.7411,
    "1": 0.9487000000000002,
    "2": 0.6214000000000001,
    "3": 0.9216000000000001,
    "4": 1.1023,
    "5": 1.2155,
    "6": 0.648,
    "7": 1.2197,
    "0,1": 1.4484000000000001,
    "0,2": 0.9102,
    "0,3": 1.2429999999999999,
    "0,4": 0.8084,
    "0,5": 0.7573000000000001,
    "0,6": 0.5172,
    "0,7": 1.2313,
    "1,2": 1.0529,
    "1,3": 1.1572,
    "1,4": 1.0096,
    "1,5": 0.9630000000000001,
    "1,6": 0.6756,
    "1,7": 0.9563,
    "2,3": 1.1894999999999998,
    "2,4": 0.8988999999999999,
    "2,5": 1.2322000000000002,
    "2,6": 1.0796000000000001,
    "2,7": 1.4327999999999999,
    "3,4": 1.0775000000000001,
    "3,5": 0.9927000000000001,
    "3,6": 0.765,
    "3,7": 1.2635,
    "4,5": 1.1991999999999998,
    "4,6": 0.9293000000000001,
    "4,7": 1.4991,
    "5,6": 0.6912,
    "5,7": 1.4321000000000002,
    "6,7": 0.7987000000000001,
    "0,1,2": 1.1377000000000002,
    "0,1,3": 0.8134,
    "0,1,4": 1.0583,
    "0,1,5": 1.1649999999999998,
    "0,1,6": 0.4848,
    "0,1,7": 1.538,
    "0,2,3": 1.0314999999999999,
    "0,2,4": 1.1629999999999998,
    "0,2,5": 0.7579,
    "0,2,6": 0.7056,
    "0,2,7": 1.5466,
    "0,3,4": 1.2096,
    "0,3,5": 0.9366,
    "0,3,6": 0.5700999999999999,
    "0,3,7": 1.6578,
    "0,4,5": 1.129,
    "0,4,6": 0.534,
    "0,4,7": 1.063,
    "0,5,6": 0.48579999999999995,
    "0,5,7": 1.333,
    "0,6,7": 0.5229999999999999,
    "1,2,3": 1.3184,
    "1,2,4": 1.2196,
    "1,2,5": 1.0172,
    "1,2,6": 0.9305,
    "1,2,7": 1.1723000000000001,
    "1,3,4": 1.2569000000000001,
    "1,3,5": 0.9294,
    "1,3,6": 0.8452999999999999,
    "1,3,7": 1.5321,
    "1,4,5": 0.9481000000000002,
    "1,4,6": 0.7182999999999999,
    "1,4,7": 1.2988,
    "1,5,6": 0.8203000000000001,
    "1,5,7": 1.0365,
    "1,6,7": 0.7348,
    "2,3,4": 1.0323,
    "2,3,5": 1.4800999999999997,
    "2,3,6": 0.9639999999999999,
    "2,3,7": 1.5110000000000001,
    "2,4,5": 1.3974,
    "2,4,6": 0.8206000000000001,
    "2,4,7": 1.2584000000000002,
    "2,5,6": 1.0856999999999999,
    "2,5,7": 2.0528999999999997,
    "2,6,7": 0.8329000000000001,
    "3,4,5": 0.9767999999999999,
    "3,4,6": 0.9629000000000001,
    "3,4,7": 1.2413,
    "3,5,6": 0.7152000000000001,
    "3,5,7": 1.4408,
    "3,6,7": 0.7626000000000001,
    "4,5,6": 1.2124000000000001,
    "4,5,7": 1.1457000000000002,
    "4,6,7": 0.8554,
    "5,6,7": 1.0002,
    "0,1,2,3": 0.9685,
    "0,1,2,4": 1.0162,
    "0,1,2,5": 0.7252,
    "0,1,2,6": 0.5079,
    "0,1,2,7": 1.3989,
    "0,1,3,4": 1.1314,
    "0,1,3,5": 1.0138,
    "0,1,3,6": 0.6327,
    "0,1,3,7": 1.624,
    "0,1,4,5": 1.1319000000000001,
    "0,1,4,6": 0.46690000000000004,
    "0,1,4,7": 1.1244,
    "0,1,5,6": 0.6220999999999999,
    "0,1,5,7": 1.8461999999999996,
    "0,1,6,7": 0.48840000000000006,
    "0,2,3,4": 0.7338000000000001,
    "0,2,3,5": 0.9732000000000001,
    "0,2,3,6": 0.5796000000000001,
    "0,2,3,7": 1.4236,
    "0,2,4,5": 1.0355,
    "0,2,4,6": 0.4509,
    "0,2,4,7": 2.0115999999999996,
    "0,2,5,6": 0.47319999999999995,
    "0,2,5,7": 1.3625,
    "0,2,6,7": 0.48349999999999993,
    "0,3,4,5": 0.8687000000000001,
    "0,3,4,6": 0.5172000000000001,
    "0,3,4,7": 1.4492,
    "0,3,5,6": 0.6988,
    "0,3,5,7": 1.7017,
    "0,3,6,7": 0.5245,
    "0,4,5,6": 0.545,
    "0,4,5,7": 1.3456,
    "0,4,6,7": 0.5243,
    "0,5,6,7": 0.5015,
    "1,2,3,4": 1.0325,
    "1,2,3,5": 1.1094000000000002,
    "1,2,3,6": 0.7026,
    "1,2,3,7": 0.6691,
    "1,2,4,5": 1.2568,
    "1,2,4,6": 0.8131999999999999,
    "1,2,4,7": 0.9170999999999999,
    "1,2,5,6": 0.7951,
    "1,2,5,7": 1.3325,
    "1,2,6,7": 0.6321999999999999,
    "1,3,4,5": 1.032,
    "1,3,4,6": 0.7630000000000001,
    "1,3,4,7": 1.3113,
    "1,3,5,6": 1.0376999999999998,
    "1,3,5,7": 1.1624999999999999,
    "1,3,6,7": 0.961,
    "1,4,5,6": 0.6088,
    "1,4,5,7": 0.7791,
    "1,4,6,7": 0.5723,
    "1,5,6,7": 0.507,
    "2,3,4,5": 1.3171,
    "2,3,4,6": 0.8174000000000001,
    "2,3,4,7": 1.4948000000000001,
    "2,3,5,6": 1.0562,
    "2,3,5,7": 1.0877,
    "2,3,6,7": 1.0003,
    "2,4,5,6": 1.1116,
    "2,4,5,7": 1.5321,
    "2,4,6,7": 0.6395000000000001,
    "2,5,6,7": 0.9184999999999999,
    "3,4,5,6": 0.7951,
    "3,4,5,7": 1.4534,
    "3,4,6,7": 0.6279000000000001,
    "3,5,6,7": 0.6453,
    "4,5,6,7": 0.9201,
    "0,1,2,3,4": 0.9056000000000001,
    "0,1,2,3,5": 0.807,
    "0,1,2,3,6": 0.5814000000000001,
    "0,1,2,3,7": 1.6332,
    "0,1,2,4,5": 0.7464,
    "0,1,2,4,6": 0.5279,
    "0,1,2,4,7": 0.907,
    "0,1,2,5,6": 0.8744,
    "0,1,2,5,7": 2.1525,
    "0,1,2,6,7": 0.4657,
    "0,1,3,4,5": 0.8677999999999999,
    "0,1,3,4,6": 0.499,
    "0,1,3,4,7": 1.8068000000000002,
    "0,1,3,5,6": 0.6466,
    "0,1,3,5,7": 1.5577,
    "0,1,3,6,7": 0.4953,
    "0,1,4,5,6": 0.47569999999999996,
    "0,1,4,5,7": 1.5725000000000002,
    "0,1,4,6,7": 0.483,
    "0,1,5,6,7": 0.47800000000000004,
    "0,2,3,4,5": 0.701,
    "0,2,3,4,6": 0.48719999999999997,
    "0,2,3,4,7": 1.6885,
    "0,2,3,5,6": 0.6489,
    "0,2,3,5,7": 1.5927,
    "0,2,3,6,7": 0.5118000000000001,
    "0,2,4,5,6": 1.0774,
    "0,2,4,5,7": 1.5988000000000002,
    "0,2,4,6,7": 0.4706,
    "0,2,5,6,7": 0.4598,
    "0,3,4,5,6": 0.5128,
    "0,3,4,5,7": 2.0677999999999996,
    "0,3,4,6,7": 0.5149,
    "0,3,5,6,7": 0.5432,
    "0,4,5,6,7": 0.471,
    "1,2,3,4,5": 0.9000999999999999,
    "1,2,3,4,6": 1.2833999999999999,
    "1,2,3,4,7": 1.2448000000000001,
    "1,2,3,5,6": 0.9404999999999999,
    "1,2,3,5,7": 1.4022999999999999,
    "1,2,3,6,7": 0.9392000000000001,
    "1,2,4,5,6": 1.1622000000000001,
    "1,2,4,5,7": 1.3789,
    "1,2,4,6,7": 0.7032,
    "1,2,5,6,7": 0.9730000000000001,
    "1,3,4,5,6": 0.8834,
    "1,3,4,5,7": 1.2936999999999999,
    "1,3,4,6,7": 0.6964,
    "1,3,5,6,7": 0.9865999999999999,
    "1,4,5,6,7": 1.5661,
    "2,3,4,5,6": 1.0809,
    "2,3,4,5,7": 1.1276,
    "2,3,4,6,7": 1.0017,
    "2,3,5,6,7": 1.133,
    "2,4,5,6,7": 0.7679999999999999,
    "3,4,5,6,7": 1.0716,
    "0,1,2,3,4,5": 0.8362,
    "0,1,2,3,4,6": 0.6874,
    "0,1,2,3,4,7": 1.6448,
    "0,1,2,3,5,6": 0.5334,
    "0,1,2,3,5,7": 1.4312,
    "0,1,2,3,6,7": 0.5213,
    "0,1,2,4,5,6": 0.7371000000000001,
    "0,1,2,4,5,7": 1.5049000000000001,
    "0,1,2,4,6,7": 0.46159999999999995,
    "0,1,2,5,6,7": 0.4708,
    "0,1,3,4,5,6": 0.5098,
    "0,1,3,4,5,7": 1.6639,
    "0,1,3,4,6,7": 0.5029,
    "0,1,3,5,6,7": 0.4962000000000001,
    "0,1,4,5,6,7": 0.46230000000000004,
    "0,2,3,4,5,6": 0.4800000000000001,
    "0,2,3,4,5,7": 1.6200999999999997,
    "0,2,3,4,6,7": 0.48180000000000006,
    "0,2,3,5,6,7": 0.5006999999999999,
    "0,2,4,5,6,7": 0.4664,
    "0,3,4,5,6,7": 0.5192,
    "1,2,3,4,5,6": 1.5276,
    "1,2,3,4,5,7": 1.057,
    "1,2,3,4,6,7": 0.7531000000000001,
    "1,2,3,5,6,7": 0.8054,
    "1,2,4,5,6,7": 0.7543,
    "1,3,4,5,6,7": 0.6466000000000001,
    "2,3,4,5,6,7": 0.916,
    "0,1,2,3,4,5,6": 0.8912000000000001,
    "0,1,2,3,4,5,7": 1.5184000000000002,
    "0,1,2,3,4,6,7": 0.48369999999999996,
    "0,1,2,3,5,6,7": 0.5214000000000001,
    "0,1,2,4,5,6,7": 0.4585,
    "0,1,3,4,5,6,7": 0.4822,
    "0,2,3,4,5,6,7": 0.4800000000000001,
    "1,2,3,4,5,6,7": 0.9754999999999999,
    "0,1,2,3,4,5,6,7": 0.4800000000000001
  }
}
