{
  "object_name": "Game",
  "data_type": "game",
  "version": "1.4.2.dev29+g3d3c3a7e6.d20260421",
  "created_from": null,
  "description": null,
  "parameters": {},
  "timestamp": "2026-04-21T12:25:56.574193+00:00Z",
  "metadata": {
    "n_players": 8,
    "game_name": "Game_object",
    "normalization_value": 1.095975637435913,
    "precompute_flag": false,
    "precomputed": true,
    "player_names": null
  },
  "data": {
    "Empty": 1.095975637435913,
    "0": 1.0181454420089722,
    "1": 1.0988590717315674,
    "2": 1.1049015522003174,
    "3": 1.1175391674041748,
    "4": 1.108489751815796,
    "5": 1.7313566207885742,
    "6": 1.2393134832382202,
    "7": 2.6822102069854736,
    "0,1": 1.0210288763046265,
    "0,2": 1.1495956182479858,
    "0,3": 1.0397089719772339,
    "0,4": 1.0306596755981445,
    "0,5": 1.5198228359222412,
    "0,6": 1.1614834070205688,
    "0,7": 2.630398750305176,
    "1,2": 1.1099140644073486,
    "1,3": 1.120422601699829,
    "1,4": 1.099836826324463,
    "1,5": 1.72475266456604,
    "1,6": 1.2421969175338745,
    "1,7": 2.693777561187744,
    "2,3": 1.126465082168579,
    "2,4": 1.126772165298462,
    "2,5": 1.5383801460266113,
    "2,6": 1.2482396364212036,
    "2,7": 2.563624382019043,
    "3,4": 1.1300532817840576,
    "3,5": 1.8044443130493164,
    "3,6": 1.260877013206482,
    "3,7": 2.7037739753723145,
    "4,5": 1.763841152191162,
    "4,6": 1.2518278360366821,
    "4,7": 2.247685194015503,
    "5,6": 1.8647375106811523,
    "5,7": 3.6379342079162598,
    "6,7": 2.217437744140625,
    "0,1,2": 1.1546080112457275,
    "0,1,3": 1.0425924062728882,
    "0,1,4": 1.0220067501068115,
    "0,1,5": 1.5338184833526611,
    "0,1,6": 1.1643668413162231,
    "0,1,7": 2.6419661045074463,
    "0,2,3": 1.1711591482162476,
    "0,2,4": 1.1714661121368408,
    "0,2,5": 1.401245355606079,
    "0,2,6": 1.2929335832595825,
    "0,2,7": 2.6095948219299316,
    "0,3,4": 1.0522232055664062,
    "0,3,5": 1.5929105281829834,
    "0,3,6": 1.1830469369888306,
    "0,3,7": 2.6519625186920166,
    "0,4,5": 1.552306890487671,
    "0,4,6": 1.1739976406097412,
    "0,4,7": 2.195873737335205,
    "0,5,6": 1.6532032489776611,
    "0,5,7": 3.452418565750122,
    "0,6,7": 2.1656267642974854,
    "1,2,3": 1.1314775943756104,
    "1,2,4": 1.1202480792999268,
    "1,2,5": 1.520690679550171,
    "1,2,6": 1.2532519102096558,
    "1,2,7": 2.5773208141326904,
    "1,3,4": 1.1214003562927246,
    "1,3,5": 1.823331594467163,
    "1,3,6": 1.2637604475021362,
    "1,3,7": 2.715341329574585,
    "1,4,5": 1.7457005977630615,
    "1,4,6": 1.2431749105453491,
    "1,4,7": 2.247715950012207,
    "1,5,6": 1.8581335544586182,
    "1,5,7": 3.6313300132751465,
    "1,6,7": 2.2290050983428955,
    "2,3,4": 1.1483356952667236,
    "2,3,5": 1.6114678382873535,
    "2,3,6": 1.2698031663894653,
    "2,3,7": 2.585188150405884,
    "2,4,5": 1.5802206993103027,
    "2,4,6": 1.270110011100769,
    "2,4,7": 2.138455629348755,
    "2,5,6": 1.671760082244873,
    "2,5,7": 3.2339162826538086,
    "2,6,7": 2.163269519805908,
    "3,4,5": 1.8369288444519043,
    "3,4,6": 1.2733913660049438,
    "3,4,7": 2.2692489624023438,
    "3,5,6": 1.9378252029418945,
    "3,5,7": 3.711022138595581,
    "3,6,7": 2.239001512527466,
    "4,5,6": 1.8972218036651611,
    "4,5,7": 3.2137980461120605,
    "4,6,7": 2.2395331859588623,
    "5,6,7": 3.173161745071411,
    "0,1,2,3": 1.1761715412139893,
    "0,1,2,4": 1.1649421453475952,
    "0,1,2,5": 1.3835554122924805,
    "0,1,2,6": 1.2979459762573242,
    "0,1,2,7": 2.623291254043579,
    "0,1,3,4": 1.0435702800750732,
    "0,1,3,5": 1.6323974132537842,
    "0,1,3,6": 1.1859303712844849,
    "0,1,3,7": 2.663529872894287,
    "0,1,4,5": 1.5547661781311035,
    "0,1,4,6": 1.1653447151184082,
    "0,1,4,7": 2.1959047317504883,
    "0,1,5,6": 1.667198896408081,
    "0,1,5,7": 3.466414213180542,
    "0,1,6,7": 2.177194118499756,
    "0,2,3,4": 1.1930296421051025,
    "0,2,3,5": 1.4743330478668213,
    "0,2,3,6": 1.3144971132278442,
    "0,2,3,7": 2.6311585903167725,
    "0,2,4,5": 1.4430854320526123,
    "0,2,4,6": 1.3148040771484375,
    "0,2,4,7": 2.1844260692596436,
    "0,2,5,6": 1.53462553024292,
    "0,2,5,7": 3.0980570316314697,
    "0,2,6,7": 2.209239959716797,
    "0,3,4,5": 1.625394582748413,
    "0,3,4,6": 1.195561170578003,
    "0,3,4,7": 2.217437505722046,
    "0,3,5,6": 1.7262909412384033,
    "0,3,5,7": 3.5255064964294434,
    "0,3,6,7": 2.187190532684326,
    "0,4,5,6": 1.6856873035430908,
    "0,4,5,7": 3.028282403945923,
    "0,4,6,7": 2.1877217292785645,
    "0,5,6,7": 2.9876461029052734,
    "1,2,3,4": 1.1418116092681885,
    "1,2,3,5": 1.619269609451294,
    "1,2,3,6": 1.2748154401779175,
    "1,2,3,7": 2.5988845825195312,
    "1,2,4,5": 1.550994634628296,
    "1,2,4,6": 1.263586163520813,
    "1,2,4,7": 2.140615463256836,
    "1,2,5,6": 1.6540706157684326,
    "1,2,5,7": 3.216226577758789,
    "1,2,6,7": 2.1769659519195557,
    "1,3,4,5": 1.8442795276641846,
    "1,3,4,6": 1.2647384405136108,
    "1,3,4,7": 2.269279718399048,
    "1,3,5,6": 1.9567129611968994,
    "1,3,5,7": 3.7299091815948486,
    "1,3,6,7": 2.2505688667297363,
    "1,4,5,6": 1.8790812492370605,
    "1,4,5,7": 3.195657253265381,
    "1,4,6,7": 2.2395639419555664,
    "1,5,6,7": 3.166557550430298,
    "2,3,4,5": 1.653308391571045,
    "2,3,4,6": 1.2916735410690308,
    "2,3,4,7": 2.1600193977355957,
    "2,3,5,6": 1.7448477745056152,
    "2,3,5,7": 3.30700421333313,
    "2,3,6,7": 2.184833288192749,
    "2,4,5,6": 1.7136006355285645,
    "2,4,5,7": 2.819136381149292,
    "2,4,6,7": 2.194721221923828,
    "2,5,6,7": 2.833561420440674,
    "3,4,5,6": 1.9703094959259033,
    "3,4,5,7": 3.286885976791382,
    "3,4,6,7": 2.261096954345703,
    "3,5,6,7": 3.2462496757507324,
    "4,5,6,7": 3.20564603805542,
    "0,1,2,3,4": 1.186505675315857,
    "0,1,2,3,5": 1.4821343421936035,
    "0,1,2,3,6": 1.319509506225586,
    "0,1,2,3,7": 2.64485502243042,
    "0,1,2,4,5": 1.4138593673706055,
    "0,1,2,4,6": 1.308280110359192,
    "0,1,2,4,7": 2.1865856647491455,
    "0,1,2,5,6": 1.5169358253479004,
    "0,1,2,5,7": 3.08036732673645,
    "0,1,2,6,7": 2.2229363918304443,
    "0,1,3,4,5": 1.6533451080322266,
    "0,1,3,4,6": 1.18690824508667,
    "0,1,3,4,7": 2.217468500137329,
    "0,1,3,5,6": 1.765777826309204,
    "0,1,3,5,7": 3.564993381500244,
    "0,1,3,6,7": 2.1987578868865967,
    "0,1,4,5,6": 1.6881465911865234,
    "0,1,4,5,7": 3.0307414531707764,
    "0,1,4,6,7": 2.1877524852752686,
    "0,1,5,6,7": 3.0016417503356934,
    "0,2,3,4,5": 1.5161731243133545,
    "0,2,3,4,6": 1.3363676071166992,
    "0,2,3,4,7": 2.2059898376464844,
    "0,2,3,5,6": 1.607713222503662,
    "0,2,3,5,7": 3.171144962310791,
    "0,2,3,6,7": 2.2308037281036377,
    "0,2,4,5,6": 1.5764658451080322,
    "0,2,4,5,7": 2.683277130126953,
    "0,2,4,6,7": 2.240691661834717,
    "0,2,5,6,7": 2.697702169418335,
    "0,3,4,5,6": 1.758774995803833,
    "0,3,4,5,7": 3.101370334625244,
    "0,3,4,6,7": 2.2092854976654053,
    "0,3,5,6,7": 3.0607340335845947,
    "0,4,5,6,7": 3.0201303958892822,
    "1,2,3,4,5": 1.649573564529419,
    "1,2,3,4,6": 1.2851496934890747,
    "1,2,3,4,7": 2.1621792316436768,
    "1,2,3,5,6": 1.7526495456695557,
    "1,2,3,5,7": 3.314805746078491,
    "1,2,3,6,7": 2.1985297203063965,
    "1,2,4,5,6": 1.6843745708465576,
    "1,2,4,5,7": 2.789910078048706,
    "1,2,4,6,7": 2.196881055831909,
    "1,2,5,6,7": 2.8158717155456543,
    "1,3,4,5,6": 1.9776601791381836,
    "1,3,4,5,7": 3.294236421585083,
    "1,3,4,6,7": 2.2611277103424072,
    "1,3,5,6,7": 3.26513671875,
    "1,4,5,6,7": 3.1875052452087402,
    "2,3,4,5,6": 1.7866883277893066,
    "2,3,4,5,7": 2.8922243118286133,
    "2,3,4,6,7": 2.216284990310669,
    "2,3,5,6,7": 2.906649351119995,
    "2,4,5,6,7": 2.8754019737243652,
    "3,4,5,6,7": 3.278733968734741,
    "0,1,2,3,4,5": 1.5124382972717285,
    "0,1,2,3,4,6": 1.3298436403274536,
    "0,1,2,3,4,7": 2.2081494331359863,
    "0,1,2,3,5,6": 1.6155147552490234,