{
  "object_name": "Game",
  "data_type": "game",
  "version": "1.4.2.dev29+g3d3c3a7e6.d20260421",
  "created_from": null,
  "description": null,
  "parameters": {},
  "timestamp": "2026-04-21T12:25:56.711483+00:00Z",
  "metadata": {
    "n_players": 8,
    "game_name": "Game_object",
    "normalization_value": 2.0525677175,
    "precompute_flag": false,
    "precomputed": true,
    "player_names": null
  },
  "data": {
    "Empty": 2.5384103999999996,
    "0": 3.0717407000000003,
    "1": 3.1271724,
    "2": 3.3085216,
    "3": 2.4365601000000003,
    "4": 2.8076005,
    "5": 3.7421628999999994,
    "6": 3.0501011,
    "7": 2.8293317,
    "0,1": 3.0854807,
    "0,2": 3.0745306,
    "0,3": 2.8819603000000003,
    "0,4": 3.0669107,
    "0,5": 3.636151699999999,
    "0,6": 3.0671005,
    "0,7": 3.0808006,
    "1,2": 2.5611315000000006,
    "1,3": 2.6461102999999997,
    "1,4": 3.1455514,
    "1,5": 3.8815236000000004,
    "1,6": 3.3974117,
    "1,7": 2.8094513,
    "2,3": 3.0448904000000003,
    "2,4": 3.1244919,
    "2,5": 4.0084735,
    "2,6": 3.0935307999999995,
    "2,7": 2.7436403,
    "3,4": 2.6448205000000002,
    "3,5": 3.6299526999999996,
    "3,6": 2.8630908,
    "3,7": 2.4565605,
    "4,5": 3.2764314999999997,
    "4,6": 3.0669711000000004,
    "4,7": 3.2891523,
    "5,6": 3.5407314999999997,
    "5,7": 3.5087629,
    "6,7": 3.7238926000000006,
    "0,1,2": 2.9254103999999996,
    "0,1,3": 3.2692812000000004,
    "0,1,4": 3.1252707,
    "0,1,5": 3.6802921000000004,
    "0,1,6": 3.0155209999999997,
    "0,1,7": 2.8936705000000003,
    "0,2,3": 3.0374410000000003,
    "0,2,4": 3.1694308,
    "0,2,5": 3.7650025000000005,
    "0,2,6": 3.1636009,
    "0,2,7": 3.0072514000000004,
    "0,3,4": 3.1866705,
    "0,3,5": 3.5139821000000007,
    "0,3,6": 2.9768410000000003,
    "0,3,7": 2.5455905999999997,
    "0,4,5": 3.1663601,
    "0,4,6": 2.8023502999999996,
    "0,4,7": 3.1304507999999998,
    "0,5,6": 3.6500920999999997,
    "0,5,7": 3.8449326,
    "0,6,7": 3.2698009,
    "1,2,3": 2.9826105,
    "1,2,4": 3.6137919000000003,
    "1,2,5": 3.4340922,
    "1,2,6": 3.3833019999999996,
    "1,2,7": 2.5969211000000003,
    "1,3,4": 2.5389405,
    "1,3,5": 3.3520225000000003,
    "1,3,6": 3.2812916000000003,
    "1,3,7": 2.9558909,
    "1,4,5": 3.4309527,
    "1,4,6": 2.9337809,
    "1,4,7": 2.7113306,
    "1,5,6": 3.5408824,
    "1,5,7": 3.551273400000001,
    "1,6,7": 3.3963918,
    "2,3,4": 2.6665906,
    "2,3,5": 3.4511224000000005,
    "2,3,6": 3.1958911999999997,
    "2,3,7": 2.3028205,
    "2,4,5": 3.6429327999999996,
    "2,4,6": 3.0234712,
    "2,4,7": 2.9677608999999996,
    "2,5,6": 3.5453821000000003,
    "2,5,7": 3.2016811000000005,
    "2,6,7": 2.8437703,
    "3,4,5": 3.6525017999999996,
    "3,4,6": 3.0423807,
    "3,4,7": 2.8623511999999995,
    "3,5,6": 3.4430520000000002,
    "3,5,7": 3.6963323000000003,
    "3,6,7": 3.007711,
    "4,5,6": 3.2500413999999997,
    "4,5,7": 3.5717225999999997,
    "4,6,7": 2.9639905,
    "5,6,7": 3.5294121999999994,
    "0,1,2,3": 2.4649904000000005,
    "0,1,2,4": 3.104851,
    "0,1,2,5": 3.8516028999999996,
    "0,1,2,6": 3.0658011000000003,
    "0,1,2,7": 3.1396916,
    "0,1,3,4": 3.2662308,
    "0,1,3,5": 3.9152834999999997,
    "0,1,3,6": 3.0903009999999997,
    "0,1,3,7": 2.8443611,
    "0,1,4,5": 3.3947319,
    "0,1,4,6": 3.0410806,
    "0,1,4,7": 2.9016206,
    "0,1,5,6": 3.6448918999999997,
    "0,1,5,7": 3.6774724999999995,
    "0,1,6,7": 3.5389721,
    "0,2,3,4": 3.0614504,
    "0,2,3,5": 3.6485312999999997,
    "0,2,3,6": 2.8761802000000003,
    "0,2,3,7": 2.6466904,
    "0,2,4,5": 3.1910107000000005,
    "0,2,4,6": 2.8651604,
    "0,2,4,7": 2.8149008,
    "0,2,5,6": 3.6649713999999998,
    "0,2,5,7": 3.8678917999999998,
    "0,2,6,7": 3.0447908999999997,
    "0,3,4,5": 3.1606004,
    "0,3,4,6": 2.8742305999999997,
    "0,3,4,7": 3.0742705,
    "0,3,5,6": 3.6842515,
    "0,3,5,7": 3.7947821000000004,
    "0,3,6,7": 3.3261211000000004,
    "0,4,5,6": 3.1163806000000003,
    "0,4,5,7": 3.213711,
    "0,4,6,7": 3.0395706000000002,
    "0,5,6,7": 3.567051,
    "1,2,3,4": 2.45239,
    "1,2,3,5": 3.2102722,
    "1,2,3,6": 2.9853505999999994,
    "1,2,3,7": 2.5895601,
    "1,2,4,5": 3.7663731,
    "1,2,4,6": 3.024581,
    "1,2,4,7": 2.5846603000000004,
    "1,2,5,6": 3.567081999999999,
    "1,2,5,7": 3.6527924999999994,
    "1,2,6,7": 2.9772510999999997,
    "1,3,4,5": 3.8383828,
    "1,3,4,6": 3.0293604000000003,
    "1,3,4,7": 3.2358306999999997,
    "1,3,5,6": 3.6318925999999996,
    "1,3,5,7": 3.7556833000000003,
    "1,3,6,7": 3.0414107,
    "1,4,5,6": 3.6742625999999996,
    "1,4,5,7": 3.7468531,
    "1,4,6,7": 3.0194811,
    "1,5,6,7": 3.6769226,
    "2,3,4,5": 3.4978215999999995,
    "2,3,4,6": 3.0846106000000004,
    "2,3,4,7": 3.1026811,
    "2,3,5,6": 3.5668918999999994,
    "2,3,5,7": 3.1838316,
    "2,3,6,7": 2.7696405,
    "2,4,5,6": 3.8201528000000002,
    "2,4,5,7": 3.6641120999999996,
    "2,4,6,7": 2.8998502999999998,
    "2,5,6,7": 3.4486413999999996,
    "3,4,5,6": 3.5147221,
    "3,4,5,7": 3.3180416999999998,
    "3,4,6,7": 3.1741112,
    "3,5,6,7": 3.3121411000000003,
    "4,5,6,7": 3.3916711,
    "0,1,2,3,4": 3.1203908999999994,
    "0,1,2,3,5": 4.0148638000000005,
    "0,1,2,3,6": 3.1370413000000004,
    "0,1,2,3,7": 2.7991706,
    "0,1,2,4,5": 3.2965512999999995,
    "0,1,2,4,6": 3.1811408,
    "0,1,2,4,7": 3.1269508000000004,
    "0,1,2,5,6": 3.6861117,
    "0,1,2,5,7": 3.7851019999999997,
    "0,1,2,6,7": 3.2547209,
    "0,1,3,4,5": 3.4053616999999994,
    "0,1,3,4,6": 3.0683806000000002,
    "0,1,3,4,7": 3.0995508000000003,
    "0,1,3,5,6": 3.7990828999999997,
    "0,1,3,5,7": 3.6803825999999993,
    "0,1,3,6,7": 3.2460707999999996,
    "0,1,4,5,6": 3.2007711,
    "0,1,4,5,7": 3.3022915,
    "0,1,4,6,7": 3.2024809,
    "0,1,5,6,7": 3.7196423000000003,
    "0,2,3,4,5": 3.2613106000000003,
    "0,2,3,4,6": 3.0007308,
    "0,2,3,4,7": 2.7693604,
    "0,2,3,5,6": 3.7323716000000005,
    "0,2,3,5,7": 3.5306514,
    "0,2,3,6,7": 3.0552509999999997,
    "0,2,4,5,6": 3.2461407,
    "0,2,4,5,7": 3.3516208,
    "0,2,4,6,7": 3.1409509,
    "0,2,5,6,7": 3.683491,
    "0,3,4,5,6": 3.1723205,
    "0,3,4,5,7": 3.1157402,
    "0,3,4,6,7": 3.1834909,
    "0,3,5,6,7": 3.7582619999999998,
    "0,4,5,6,7": 3.0654304,
    "1,2,3,4,5": 3.7446421,
    "1,2,3,4,6": 3.0095309,
    "1,2,3,4,7": 2.4351706999999996,
    "1,2,3,5,6": 3.6165525999999995,
    "1,2,3,5,7": 3.9686332,
    "1,2,3,6,7": 2.9211605,
    "1,2,4,5,6": 3.609482,
    "1,2,4,5,7": 3.6686023,
    "1,2,4,6,7": 3.2812311999999997,
    "1,2,5,6,7": 3.7298020999999997,
    "1,3,4,5,6": 3.4006910999999995,
    "1,3,4,5,7": 3.5389724,
    "1,3,4,6,7": 2.9345204000000003,
    "1,3,5,6,7": 3.4300517999999998,
    "1,4,5,6,7": 3.278431200000001,
    "2,3,4,5,6": 4.0468736,
    "2,3,4,5,7": 3.5090726999999995,
    "2,3,4,6,7": 3.1820013,
    "2,3,5,6,7": 3.7069621999999995,
    "2,4,5,6,7": 3.3174208999999997,
    "3,4,5,6,7": 3.6448524,
    "0,1,2,3,4,5": 3.3479114,
    "0,1,2,3,4,6": 2.9914306,
    "0,1,2,3,4,7": 2.9084706000000002,
    "0,1,2,3,5,6": 3.7809223000000003,
    "0,1,2,3,5,7": 3.8990328999999995,
    "0,1,2,3,6,7": 2.9821809000000004,
    "0,1,2,4,5,6": 3.2829907999999994,
    "0,1,2,4,5,7": 3.3615513999999997,
    "0,1,2,4,6,7": 3.2978908999999996,
    "0,1,2,5,6,7": 3.7717219,
    "0,1,3,4,5,6": 3.2225911000000003,
    "0,1,3,4,5,7": 3.2357113999999996,
    "0,1,3,4,6,7": 2.9527906,
    "0,1,3,5,6,7": 3.6695326,
    "0,1,4,5,6,7": 3.1672708,
    "0,2,3,4,5,6": 3.2714406000000005,
    "0,2,3,4,5,7": 3.2473605999999995,
    "0,2,3,4,6,7": 3.2417510000000007,
    "0,2,3,5,6,7": 3.6192715,
    "0,2,4,5,6,7": 3.1963502999999998,
    "0,3,4,5,6,7": 3.1006302999999997,
    "1,2,3,4,5,6": 3.6813225000000003,
    "1,2,3,4,5,7": 3.5675821999999995,
    "1,2,3,4,6,7": 2.8783306,
    "1,2,3,5,6,7": 3.4313616000000002,
    "1,2,4,5,6,7": 3.238141,
    "1,3,4,5,6,7": 3.4116513999999993,
    "2,3,4,5,6,7": 3.1395805999999995,