{
  "object_name": "Game",
  "data_type": "game",
  "version": "1.4.2.dev29+g3d3c3a7e6.d20260421",
  "created_from": null,
  "description": null,
  "parameters": {},
  "timestamp": "2026-04-21T12:25:56.740122+00:00Z",
  "metadata": {
    "n_players": 8,
    "game_name": "Game_object",
    "normalization_value": 2.0525677175,
    "precompute_flag": false,
    "precomputed": true,
    "player_names": null
  },
  "data": {
    "Empty": 2.8182513,
    "0": 4.0719221999999995,
    "1": 3.0819609999999997,
    "2": 2.6568606,
    "3": 2.6342811,
    "4": 2.8793311000000004,
    "5": 2.446181,
    "6": 3.0562517,
    "7": 2.8422713,
    "0,1": 4.0596026,
    "0,2": 4.065811200000001,
    "0,3": 4.248363,
    "0,4": 3.8578611,
    "0,5": 3.8511112000000005,
    "0,6": 3.986762099999999,
    "0,7": 4.2675030000000005,
    "1,2": 2.6656908,
    "1,3": 3.1200122,
    "1,4": 2.6149809,
    "1,5": 2.7079703999999998,
    "1,6": 2.7643707999999996,
    "1,7": 2.2196,
    "2,3": 2.9793107,
    "2,4": 3.0631212000000003,
    "2,5": 3.6020128999999996,
    "2,6": 3.1964921,
    "2,7": 2.8386518,
    "3,4": 2.9468515,
    "3,5": 2.5171002000000002,
    "3,6": 2.5843811,
    "3,7": 2.906772,
    "4,5": 2.537971,
    "4,6": 2.4414900999999998,
    "4,7": 2.5176702000000004,
    "5,6": 2.5747401000000005,
    "5,7": 2.4785401,
    "6,7": 2.5507500999999997,
    "0,1,2": 3.7432105,
    "0,1,3": 3.9973212000000005,
    "0,1,4": 4.1218216,
    "0,1,5": 3.904531,
    "0,1,6": 3.7962711000000007,
    "0,1,7": 3.9530518,
    "0,2,3": 4.0107412,
    "0,2,4": 3.9914709999999998,
    "0,2,5": 4.0188315999999995,
    "0,2,6": 4.012762,
    "0,2,7": 4.049291299999999,
    "0,3,4": 4.0734911,
    "0,3,5": 3.8504306999999995,
    "0,3,6": 4.0945022,
    "0,3,7": 4.1054518,
    "0,4,5": 3.8872712,
    "0,4,6": 4.132071999999999,
    "0,4,7": 4.171702999999999,
    "0,5,6": 3.987261599999999,
    "0,5,7": 3.9471418000000007,
    "0,6,7": 4.053862,
    "1,2,3": 2.7062517,
    "1,2,4": 2.9190709000000004,
    "1,2,5": 2.8969411000000003,
    "1,2,6": 2.9330203000000004,
    "1,2,7": 3.3520513999999997,
    "1,3,4": 2.7196311,
    "1,3,5": 2.3137203,
    "1,3,6": 2.9999313,
    "1,3,7": 2.7985708000000002,
    "1,4,5": 2.8535204,
    "1,4,6": 2.9673803,
    "1,4,7": 2.9028310999999998,
    "1,5,6": 2.8094111,
    "1,5,7": 2.3965808,
    "1,6,7": 2.41402,
    "2,3,4": 3.2557913999999997,
    "2,3,5": 3.0570315999999997,
    "2,3,6": 3.2257919,
    "2,3,7": 3.1804425000000003,
    "2,4,5": 3.3858521999999995,
    "2,4,6": 2.8807804999999997,
    "2,4,7": 3.1847614,
    "2,5,6": 3.0351916,
    "2,5,7": 3.1985126,
    "2,6,7": 3.1948318,
    "3,4,5": 3.2328713999999996,
    "3,4,6": 3.3495817000000003,
    "3,4,7": 2.8138811,
    "3,5,6": 3.0333616999999995,
    "3,5,7": 2.4551904,
    "3,6,7": 2.9910005,
    "4,5,6": 3.2630621999999994,
    "4,5,7": 2.2295503000000005,
    "4,6,7": 2.7341002,
    "5,6,7": 2.7231908999999996,
    "0,1,2,3": 3.8871707,
    "0,1,2,4": 3.9923911000000003,
    "0,1,2,5": 3.9945412000000005,
    "0,1,2,6": 3.9848308,
    "0,1,2,7": 4.086532,
    "0,1,3,4": 4.0529815,
    "0,1,3,5": 3.9312409,
    "0,1,3,6": 4.2158123,
    "0,1,3,7": 3.9403715,
    "0,1,4,5": 3.9321607999999997,
    "0,1,4,6": 4.0969615,
    "0,1,4,7": 4.2077525,
    "0,1,5,6": 3.8209609999999996,
    "0,1,5,7": 3.9949310999999996,
    "0,1,6,7": 4.043101399999999,
    "0,2,3,4": 4.3202728,
    "0,2,3,5": 3.9604111999999994,
    "0,2,3,6": 4.113522,
    "0,2,3,7": 4.230932300000001,
    "0,2,4,5": 3.8513307999999995,
    "0,2,4,6": 3.9039305,
    "0,2,4,7": 4.1524315000000005,
    "0,2,5,6": 3.7717914,
    "0,2,5,7": 4.020120899999999,
    "0,2,6,7": 4.262852700000001,
    "0,3,4,5": 4.054461899999999,
    "0,3,4,6": 4.1741819,
    "0,3,4,7": 4.345432799999999,
    "0,3,5,6": 4.002541,
    "0,3,5,7": 4.010271,
    "0,3,6,7": 4.1808418000000005,
    "0,4,5,6": 4.0419317999999995,
    "0,4,5,7": 4.1807419999999995,
    "0,4,6,7": 4.2556118,
    "0,5,6,7": 4.1335614,
    "1,2,3,4": 2.6712405,
    "1,2,3,5": 2.9635305,
    "1,2,3,6": 3.3171516,
    "1,2,3,7": 2.3464103999999995,
    "1,2,4,5": 2.3357203,
    "1,2,4,6": 2.6560403,
    "1,2,4,7": 2.4725608,
    "1,2,5,6": 2.7779309999999997,
    "1,2,5,7": 2.8040114,
    "1,2,6,7": 3.2797821,
    "1,3,4,5": 3.0758112,
    "1,3,4,6": 2.6616102000000006,
    "1,3,4,7": 2.8911016,
    "1,3,5,6": 2.6301205,
    "1,3,5,7": 2.5853509000000003,
    "1,3,6,7": 3.3632828000000003,
    "1,4,5,6": 2.4161603,
    "1,4,5,7": 2.6125906,
    "1,4,6,7": 3.1072111,
    "1,5,6,7": 2.6668604,
    "2,3,4,5": 2.5939312,
    "2,3,4,6": 3.1502516,
    "2,3,4,7": 3.2957924,
    "2,3,5,6": 2.7775219,
    "2,3,5,7": 3.1698626,
    "2,3,6,7": 3.2992517,
    "2,4,5,6": 3.0340310999999995,
    "2,4,5,7": 2.991142,
    "2,4,6,7": 3.3110215,
    "2,5,6,7": 2.8116104999999996,
    "3,4,5,6": 2.7188200999999994,
    "3,4,5,7": 2.9795412000000003,
    "3,4,6,7": 2.7965104,
    "3,5,6,7": 2.5957407000000003,
    "4,5,6,7": 2.7492110999999997,
    "0,1,2,3,4": 4.057941100000001,
    "0,1,2,3,5": 3.9378409,
    "0,1,2,3,6": 4.0147507,
    "0,1,2,3,7": 4.1490609,
    "0,1,2,4,5": 4.1654613,
    "0,1,2,4,6": 3.968711,
    "0,1,2,4,7": 4.1330306000000006,
    "0,1,2,5,6": 3.7905805,
    "0,1,2,5,7": 4.0618015,
    "0,1,2,6,7": 4.116600700000001,
    "0,1,3,4,5": 4.0977008999999995,
    "0,1,3,4,6": 4.123810799999999,
    "0,1,3,4,7": 4.3589023,
    "0,1,3,5,6": 4.0405411,
    "0,1,3,5,7": 3.9310509,
    "0,1,3,6,7": 4.224221999999999,
    "0,1,4,5,6": 4.026551100000001,
    "0,1,4,5,7": 4.2477219999999996,
    "0,1,4,6,7": 4.2452012,
    "0,1,5,6,7": 4.0140908,
    "0,2,3,4,5": 3.9696109,
    "0,2,3,4,6": 4.0484010999999995,
    "0,2,3,4,7": 4.3206423,
    "0,2,3,5,6": 4.0651213,
    "0,2,3,5,7": 3.9379807999999996,
    "0,2,3,6,7": 4.2876024,
    "0,2,4,5,6": 3.9554008000000005,
    "0,2,4,5,7": 4.003451199999999,
    "0,2,4,6,7": 4.2586711,
    "0,2,5,6,7": 4.1118114,
    "0,3,4,5,6": 4.2340219,
    "0,3,4,5,7": 4.1388513,
    "0,3,4,6,7": 4.4194832,
    "0,3,5,6,7": 4.1092504000000005,
    "0,4,5,6,7": 4.206241199999999,
    "1,2,3,4,5": 3.0151510999999998,
    "1,2,3,4,6": 3.676003,
    "1,2,3,4,7": 2.8831713,
    "1,2,3,5,6": 2.4730309999999998,
    "1,2,3,5,7": 2.7190507,
    "1,2,3,6,7": 2.9434107000000003,
    "1,2,4,5,6": 2.8973115,
    "1,2,4,5,7": 2.8814513,
    "1,2,4,6,7": 3.0376512,
    "1,2,5,6,7": 3.1876813999999998,
    "1,3,4,5,6": 3.2168709,
    "1,3,4,5,7": 2.930221,
    "1,3,4,6,7": 2.5393401,
    "1,3,5,6,7": 3.0753920999999997,
    "1,4,5,6,7": 2.9889108,
    "2,3,4,5,6": 2.8291012999999996,
    "2,3,4,5,7": 2.43485,
    "2,3,4,6,7": 3.2195609000000003,
    "2,3,5,6,7": 3.5194532,
    "2,4,5,6,7": 3.2666028000000003,
    "3,4,5,6,7": 2.8236511999999996,
    "0,1,2,3,4,5": 3.9470005,
    "0,1,2,3,4,6": 4.1911613,
    "0,1,2,3,4,7": 4.092010499999999,
    "0,1,2,3,5,6": 4.047231000000001,
    "0,1,2,3,5,7": 3.9875306999999998,
    "0,1,2,3,6,7": 4.0553602,
    "0,1,2,4,5,6": 3.9118503999999996,
    "0,1,2,4,5,7": 3.9892806999999997,
    "0,1,2,4,6,7": 4.140960699999999,
    "0,1,2,5,6,7": 4.0619406,
    "0,1,3,4,5,6": 4.1130609,
    "0,1,3,4,5,7": 4.123310899999999,
    "0,1,3,4,6,7": 4.366721499999999,
    "0,1,3,5,6,7": 4.1559002,
    "0,1,4,5,6,7": 4.137700799999999,
    "0,2,3,4,5,6": 3.9163805,
    "0,2,3,4,5,7": 4.1888911,
    "0,2,3,4,6,7": 4.3293615,
    "0,2,3,5,6,7": 4.1332004,
    "0,2,4,5,6,7": 4.184310699999999,
    "0,3,4,5,6,7": 4.259741200000001,
    "1,2,3,4,5,6": 3.0327713,
    "1,2,3,4,5,7": 3.2317015999999996,
    "1,2,3,4,6,7": 3.0448318,
    "1,2,3,5,6,7": 2.7209102,
    "1,2,4,5,6,7": 3.0355319999999995,
    "1,3,4,5,6,7": 2.4861601,
    "2,3,4,5,6,7": 3.1971014999999996,
    "0,1,2,3,4,5,6": 4.087870699999999,
    "0,1,2,3,4,5,7": 4.1110606999999995,
    "0,1,2,3,4,6,7": 4.2691504,
    "0,1,2,3,5,6,7": 4.092790000000001,
    "0,1,2,4,5,6,7": 4.1809601,
    "0,1,3,4,5,6,7": 4.3016007,
    "0,2,3,4,5,6,7": 4.2176302,
    "1,2,3,4,5,6,7": 3.0935917,