{
  "object_name": "Game",
  "data_type": "game",
  "version": "1.4.2.dev29+g3d3c3a7e6.d20260421",
  "created_from": null,
  "description": null,
  "parameters": {},
  "timestamp": "2026-04-21T12:25:56.749344+00:00Z",
  "metadata": {
    "n_players": 8,
    "game_name": "Game_object",
    "normalization_value": 2.0525677175,
    "precompute_flag": false,
    "precomputed": true,
    "player_names": null
  },
  "data": {
    "Empty": 1.3942299999999999,
    "0": 1.13404,
    "1": 1.6894202999999997,
    "2": 1.4554101000000002,
    "3": 1.18285,
    "4": 1.8191904,
    "5": 1.5616600000000003,
    "6": 1.3884103,
    "7": 1.4908403000000001,
    "0,1": 1.3433800999999999,
    "0,2": 1.2187401,
    "0,3": 1.18503,
    "0,4": 1.4077203,
    "0,5": 1.1465201,
    "0,6": 1.0144600000000001,
    "0,7": 1.56973,
    "1,2": 1.4007399999999999,
    "1,3": 1.29294,
    "1,4": 1.47642,
    "1,5": 1.25329,
    "1,6": 1.6942103,
    "1,7": 1.34766,
    "2,3": 1.38432,
    "2,4": 1.5719801999999998,
    "2,5": 1.3074999999999999,
    "2,6": 1.7279003,
    "2,7": 1.49199,
    "3,4": 1.5650802000000001,
    "3,5": 1.31636,
    "3,6": 1.5938605999999997,
    "3,7": 1.5534500999999998,
    "4,5": 1.2521299999999997,
    "4,6": 1.8083601999999999,
    "4,7": 1.8282604,
    "5,6": 1.19248,
    "5,7": 1.50295,
    "6,7": 1.5935703,
    "0,1,2": 1.2866001,
    "0,1,3": 1.6036301000000002,
    "0,1,4": 1.6179200999999999,
    "0,1,5": 1.3333599999999999,
    "0,1,6": 1.21444,
    "0,1,7": 1.4738900000000001,
    "0,2,3": 1.4954602000000001,
    "0,2,4": 1.2321700999999998,
    "0,2,5": 1.3208701,
    "0,2,6": 1.2321700000000002,
    "0,2,7": 1.41617,
    "0,3,4": 1.12628,
    "0,3,5": 1.1919,
    "0,3,6": 1.1908999999999998,
    "0,3,7": 1.27817,
    "0,4,5": 0.9693999999999999,
    "0,4,6": 1.2982501000000002,
    "0,4,7": 1.6352999999999998,
    "0,5,6": 1.04679,
    "0,5,7": 1.4387,
    "0,6,7": 1.29967,
    "1,2,3": 1.63339,
    "1,2,4": 1.4747001000000002,
    "1,2,5": 1.4562599999999999,
    "1,2,6": 1.6653101,
    "1,2,7": 1.9424502000000001,
    "1,3,4": 1.5440804,
    "1,3,5": 1.2716001000000001,
    "1,3,6": 1.8299703999999999,
    "1,3,7": 1.29529,
    "1,4,5": 1.3384902000000003,
    "1,4,6": 1.5772602999999998,
    "1,4,7": 1.5587,
    "1,5,6": 1.38409,
    "1,5,7": 1.47881,
    "1,6,7": 1.4790200000000002,
    "2,3,4": 1.6519302999999996,
    "2,3,5": 1.3156101,
    "2,3,6": 1.5880603000000002,
    "2,3,7": 1.8887501999999998,
    "2,4,5": 1.4957900999999998,
    "2,4,6": 1.6235002,
    "2,4,7": 1.9736307,
    "2,5,6": 1.6513000999999998,
    "2,5,7": 1.5717199000000002,
    "2,6,7": 1.6574499999999996,
    "3,4,5": 1.4353700000000003,
    "3,4,6": 1.6327003000000002,
    "3,4,7": 1.72635,
    "3,5,6": 1.0929699999999998,
    "3,5,7": 1.70267,
    "3,6,7": 1.5885700999999999,
    "4,5,6": 1.5066002,
    "4,5,7": 1.6313100999999999,
    "4,6,7": 1.7022701999999998,
    "5,6,7": 1.3281800000000001,
    "0,1,2,3": 1.3622200000000002,
    "0,1,2,4": 1.3202402999999998,
    "0,1,2,5": 1.23441,
    "0,1,2,6": 1.33127,
    "0,1,2,7": 1.55538,
    "0,1,3,4": 1.1479099,
    "0,1,3,5": 1.1385900000000002,
    "0,1,3,6": 1.2593400000000001,
    "0,1,3,7": 1.4542099999999998,
    "0,1,4,5": 1.1984100000000002,
    "0,1,4,6": 1.6111801,
    "0,1,4,7": 1.5421103,
    "0,1,5,6": 1.2543701,
    "0,1,5,7": 1.6690701000000001,
    "0,1,6,7": 1.35325,
    "0,2,3,4": 1.2831902999999998,
    "0,2,3,5": 1.2866301,
    "0,2,3,6": 1.4077501000000001,
    "0,2,3,7": 1.5801001,
    "0,2,4,5": 1.2661203,
    "0,2,4,6": 1.3313806,
    "0,2,4,7": 1.5999203,
    "0,2,5,6": 1.3190199999999999,
    "0,2,5,7": 1.4063401,
    "0,2,6,7": 1.6761001,
    "0,3,4,5": 1.32118,
    "0,3,4,6": 1.18095,
    "0,3,4,7": 1.6742503,
    "0,3,5,6": 1.14316,
    "0,3,5,7": 1.3496102,
    "0,3,6,7": 1.3655502,
    "0,4,5,6": 0.9951599999999999,
    "0,4,5,7": 1.1017700000000001,
    "0,4,6,7": 1.23844,
    "0,5,6,7": 1.2415002000000002,
    "1,2,3,4": 1.3385401,
    "1,2,3,5": 1.76954,
    "1,2,3,6": 1.65312,
    "1,2,3,7": 1.6736902,
    "1,2,4,5": 1.58392,
    "1,2,4,6": 1.9410305,
    "1,2,4,7": 1.6916204000000001,
    "1,2,5,6": 1.5580899999999998,
    "1,2,5,7": 1.79628,
    "1,2,6,7": 1.71756,
    "1,3,4,5": 1.6166201,
    "1,3,4,6": 1.7960804,
    "1,3,4,7": 1.8981702999999996,
    "1,3,5,6": 1.5155801,
    "1,3,5,7": 1.3252101,
    "1,3,6,7": 1.5696801,
    "1,4,5,6": 1.7810704000000002,
    "1,4,5,7": 1.4755600000000002,
    "1,4,6,7": 1.8435504999999999,
    "1,5,6,7": 1.4690701000000002,
    "2,3,4,5": 1.39522,
    "2,3,4,6": 1.6976804,
    "2,3,4,7": 2.0812604,
    "2,3,5,6": 1.6605601999999997,
    "2,3,5,7": 1.4072898999999999,
    "2,3,6,7": 1.75092,
    "2,4,5,6": 1.6488602,
    "2,4,5,7": 1.6683400999999995,
    "2,4,6,7": 1.7451804,
    "2,5,6,7": 1.73829,
    "3,4,5,6": 1.3457603,
    "3,4,5,7": 1.5783803000000003,
    "3,4,6,7": 1.9849703999999995,
    "3,5,6,7": 1.36867,
    "4,5,6,7": 1.4644201000000001,
    "0,1,2,3,4": 1.3455501,
    "0,1,2,3,5": 1.28558,
    "0,1,2,3,6": 1.5798801999999998,
    "0,1,2,3,7": 1.48326,
    "0,1,2,4,5": 1.27228,
    "0,1,2,4,6": 1.7791007999999997,
    "0,1,2,4,7": 1.5814702999999999,
    "0,1,2,5,6": 1.16037,
    "0,1,2,5,7": 1.44537,
    "0,1,2,6,7": 1.5960002,
    "0,1,3,4,5": 1.08295,
    "0,1,3,4,6": 1.28079,
    "0,1,3,4,7": 1.43325,
    "0,1,3,5,6": 1.27319,
    "0,1,3,5,7": 1.3447099999999998,
    "0,1,3,6,7": 1.5302502,
    "0,1,4,5,6": 1.1458500000000003,
    "0,1,4,5,7": 1.33235,
    "0,1,4,6,7": 1.4564800000000002,
    "0,1,5,6,7": 1.2875,
    "0,2,3,4,5": 1.2874201,
    "0,2,3,4,6": 1.2175502999999996,
    "0,2,3,4,7": 1.5842304,
    "0,2,3,5,6": 1.1820300000000001,
    "0,2,3,5,7": 1.4988099999999998,
    "0,2,3,6,7": 1.7946402999999997,
    "0,2,4,5,6": 1.1406299999999998,
    "0,2,4,5,7": 1.5695701,
    "0,2,4,6,7": 1.7052307,
    "0,2,5,6,7": 1.4420800999999996,
    "0,3,4,5,6": 1.08721,
    "0,3,4,5,7": 1.3538101,
    "0,3,4,6,7": 1.1468600000000002,
    "0,3,5,6,7": 1.22134,
    "0,4,5,6,7": 1.15328,
    "1,2,3,4,5": 1.3400599999999998,
    "1,2,3,4,6": 1.9122605999999998,
    "1,2,3,4,7": 1.7704103,
    "1,2,3,5,6": 1.28623,
    "1,2,3,5,7": 1.55548,
    "1,2,3,6,7": 2.0649301999999996,
    "1,2,4,5,6": 1.8530503,
    "1,2,4,5,7": 1.7450499999999998,
    "1,2,4,6,7": 1.9817707000000002,
    "1,2,5,6,7": 1.8204,
    "1,3,4,5,6": 1.5233601,
    "1,3,4,5,7": 1.57138,
    "1,3,4,6,7": 1.7913804,
    "1,3,5,6,7": 1.4003801,
    "1,4,5,6,7": 1.5267000000000002,
    "2,3,4,5,6": 1.36584,
    "2,3,4,5,7": 1.8086900999999997,
    "2,3,4,6,7": 1.9277706000000001,
    "2,3,5,6,7": 1.5340098999999998,
    "2,4,5,6,7": 1.4388400000000001,
    "3,4,5,6,7": 1.3227799999999998,
    "0,1,2,3,4,5": 1.22176,
    "0,1,2,3,4,6": 1.5669205000000002,
    "0,1,2,3,4,7": 1.6429801999999998,
    "0,1,2,3,5,6": 1.2327599999999999,
    "0,1,2,3,5,7": 1.4290500000000002,
    "0,1,2,3,6,7": 1.5859101,
    "0,1,2,4,5,6": 1.1955099999999999,
    "0,1,2,4,5,7": 1.48288,
    "0,1,2,4,6,7": 1.6301706,
    "0,1,2,5,6,7": 1.38904,
    "0,1,3,4,5,6": 1.2326400000000002,
    "0,1,3,4,5,7": 1.3906200000000002,
    "0,1,3,4,6,7": 1.3686399999999999,
    "0,1,3,5,6,7": 1.29679,
    "0,1,4,5,6,7": 1.2743201000000002,
    "0,2,3,4,5,6": 1.1659500999999999,
    "0,2,3,4,5,7": 1.4789603999999998,
    "0,2,3,4,6,7": 1.4645005,
    "0,2,3,5,6,7": 1.4040300000000001,
    "0,2,4,5,6,7": 1.24695,
    "0,3,4,5,6,7": 1.1559,
    "1,2,3,4,5,6": 1.57561,
    "1,2,3,4,5,7": 1.82842,
    "1,2,3,4,6,7": 2.0644606,
    "1,2,3,5,6,7": 1.6228099999999999,
    "1,2,4,5,6,7": 1.6228200000000002,
    "1,3,4,5,6,7": 1.71248,
    "2,3,4,5,6,7": 1.4564401999999999,
    "0,1,2,3,4,5,6": 1.23045,
    "0,1,2,3,4,5,7": 1.6014400000000002,
    "0,1,2,3,4,6,7": 1.6905106,
    "0,1,2,3,5,6,7": 1.4139199999999998,
    "0,1,2,4,5,6,7": 1.3496299999999999,
    "0,1,3,4,5,6,7": 1.3078300000000003,
    "0,2,3,4,5,6,7": 1.2221401,
    "1,2,3,4,5,6,7": 1.57235,
    "0,1,2,3,4,5,6,7": 1.3567
  }
}
