{
  "object_name": "Game",
  "data_type": "game",
  "version": "1.4.2.dev29+g3d3c3a7e6.d20260421",
  "created_from": null,
  "description": null,
  "parameters": {},
  "timestamp": "2026-04-21T12:25:56.531156+00:00Z",
  "metadata": {
    "n_players": 8,
    "game_name": "Game_object",
    "normalization_value": 2.0434510707855225,
    "precompute_flag": false,
    "precomputed": true,
    "player_names": null
  },
  "data": {
    "Empty": 2.4141385555267334,
    "0": 3.2999069690704346,
    "1": 2.559631824493408,
    "2": 2.1224563121795654,
    "3": 2.017024278640747,
    "4": 2.7386281490325928,
    "5": 2.8770174980163574,
    "6": 2.2212812900543213,
    "7": 3.0381577014923096,
    "0,1": 3.1037166118621826,
    "0,2": 3.306917190551758,
    "0,3": 3.25885272026062,
    "0,4": 3.2251105308532715,
    "0,5": 3.3186240196228027,
    "0,6": 3.043804407119751,
    "0,7": 3.8160133361816406,
    "1,2": 2.1768555641174316,
    "1,3": 2.7183234691619873,
    "1,4": 2.9904487133026123,
    "1,5": 1.9954168796539307,
    "1,6": 1.8389642238616943,
    "1,7": 3.0241756439208984,
    "2,3": 2.600564479827881,
    "2,4": 2.5573575496673584,
    "2,5": 3.3055782318115234,
    "2,6": 2.553758144378662,
    "2,7": 3.1790292263031006,
    "3,4": 3.3947982788085938,
    "3,5": 2.974012851715088,
    "3,6": 2.5887067317962646,
    "3,7": 3.0013742446899414,
    "4,5": 2.8481807708740234,
    "4,6": 2.18660306930542,
    "4,7": 3.1633591651916504,
    "5,6": 2.1523327827453613,
    "5,7": 2.9693820476531982,
    "6,7": 2.9590234756469727,
    "0,1,2": 3.2439770698547363,
    "0,1,3": 2.912376880645752,
    "0,1,4": 2.8503429889678955,
    "0,1,5": 3.4109044075012207,
    "0,1,6": 2.834120512008667,
    "0,1,7": 3.576773166656494,
    "0,2,3": 3.3153388500213623,
    "0,2,4": 3.3499436378479004,
    "0,2,5": 3.1413605213165283,
    "0,2,6": 2.948798179626465,
    "0,2,7": 3.7647690773010254,
    "0,3,4": 3.3248729705810547,
    "0,3,5": 3.0200796127319336,
    "0,3,6": 3.0224945545196533,
    "0,3,7": 3.746187686920166,
    "0,4,5": 3.2197155952453613,
    "0,4,6": 2.6894288063049316,
    "0,4,7": 3.662233352661133,
    "0,5,6": 2.82719087600708,
    "0,5,7": 3.2684245109558105,
    "0,6,7": 3.6634674072265625,
    "1,2,3": 2.5512232780456543,
    "1,2,4": 2.687952756881714,
    "1,2,5": 2.445403575897217,
    "1,2,6": 2.21283221244812,
    "1,2,7": 2.9915738105773926,
    "1,3,4": 2.7833142280578613,
    "1,3,5": 2.322077989578247,
    "1,3,6": 2.2180466651916504,
    "1,3,7": 3.029080629348755,
    "1,4,5": 2.1569457054138184,
    "1,4,6": 2.2193846702575684,
    "1,4,7": 3.2510266304016113,
    "1,5,6": 2.07914400100708,
    "1,5,7": 3.1414990425109863,
    "1,6,7": 2.835461139678955,
    "2,3,4": 2.866635799407959,
    "2,3,5": 3.107225179672241,
    "2,3,6": 2.303349256515503,
    "2,3,7": 3.198763132095337,
    "2,4,5": 2.9210023880004883,
    "2,4,6": 2.410273551940918,
    "2,4,7": 3.123973846435547,
    "2,5,6": 2.346163272857666,
    "2,5,7": 3.4358410835266113,
    "2,6,7": 2.916541814804077,
    "3,4,5": 2.6094017028808594,
    "3,4,6": 2.2058377265930176,
    "3,4,7": 3.2249984741210938,
    "3,5,6": 2.2758469581604004,
    "3,5,7": 3.3131847381591797,
    "3,6,7": 3.136782646179199,
    "4,5,6": 2.187455415725708,
    "4,5,7": 3.1318702697753906,
    "4,6,7": 2.868612766265869,
    "5,6,7": 2.700960397720337,
    "0,1,2,3": 3.181288003921509,
    "0,1,2,4": 3.0187129974365234,
    "0,1,2,5": 3.1080312728881836,
    "0,1,2,6": 2.92759370803833,
    "0,1,2,7": 3.67396879196167,
    "0,1,3,4": 2.930283308029175,
    "0,1,3,5": 3.081469774246216,
    "0,1,3,6": 2.7583210468292236,
    "0,1,3,7": 3.4345755577087402,
    "0,1,4,5": 2.991795063018799,
    "0,1,4,6": 2.864279270172119,
    "0,1,4,7": 3.3349411487579346,
    "0,1,5,6": 2.656611919403076,
    "0,1,5,7": 3.660646915435791,
    "0,1,6,7": 3.4713892936706543,
    "0,2,3,4": 2.9145381450653076,
    "0,2,3,5": 3.0156195163726807,
    "0,2,3,6": 3.0166525840759277,
    "0,2,3,7": 3.7319271564483643,
    "0,2,4,5": 3.2266173362731934,
    "0,2,4,6": 3.0177969932556152,
    "0,2,4,7": 3.7936058044433594,
    "0,2,5,6": 2.9257798194885254,
    "0,2,5,7": 3.5167300701141357,
    "0,2,6,7": 3.706923723220825,
    "0,3,4,5": 2.9436593055725098,
    "0,3,4,6": 2.747858762741089,
    "0,3,4,7": 3.729583263397217,
    "0,3,5,6": 2.730567693710327,
    "0,3,5,7": 3.451472043991089,
    "0,3,6,7": 3.438021421432495,
    "0,4,5,6": 2.7162697315216064,
    "0,4,5,7": 3.4873924255371094,
    "0,4,6,7": 3.293161392211914,
    "0,5,6,7": 3.5342025756835938,
    "1,2,3,4": 2.5191798210144043,
    "1,2,3,5": 2.582533597946167,
    "1,2,3,6": 2.438183307647705,
    "1,2,3,7": 3.2825233936309814,
    "1,2,4,5": 2.4318792819976807,
    "1,2,4,6": 2.1918272972106934,
    "1,2,4,7": 3.1735615730285645,
    "1,2,5,6": 2.0666074752807617,
    "1,2,5,7": 3.1122148036956787,
    "1,2,6,7": 3.1260032653808594,
    "1,3,4,5": 2.685133457183838,
    "1,3,4,6": 2.09061598777771,
    "1,3,4,7": 3.062255382537842,
    "1,3,5,6": 2.083718776702881,
    "1,3,5,7": 3.139213800430298,
    "1,3,6,7": 2.8576438426971436,
    "1,4,5,6": 2.3250250816345215,
    "1,4,5,7": 3.010127305984497,
    "1,4,6,7": 3.1972546577453613,
    "1,5,6,7": 2.7079577445983887,
    "2,3,4,5": 2.8866353034973145,
    "2,3,4,6": 2.5091748237609863,
    "2,3,4,7": 3.416640520095825,
    "2,3,5,6": 2.20631742477417,
    "2,3,5,7": 3.2999680042266846,
    "2,3,6,7": 2.8999860286712646,
    "2,4,5,6": 2.0234508514404297,
    "2,4,5,7": 3.055952787399292,
    "2,4,6,7": 2.956418514251709,
    "2,5,6,7": 3.0508358478546143,
    "3,4,5,6": 1.9046318531036377,
    "3,4,5,7": 3.6185226440429688,
    "3,4,6,7": 2.8791911602020264,
    "3,5,6,7": 2.9525368213653564,
    "4,5,6,7": 2.7257461547851562,
    "0,1,2,3,4": 3.012766122817993,
    "0,1,2,3,5": 3.0783560276031494,
    "0,1,2,3,6": 2.959761381149292,
    "0,1,2,3,7": 3.4325547218322754,
    "0,1,2,4,5": 3.144623279571533,
    "0,1,2,4,6": 2.834397315979004,
    "0,1,2,4,7": 3.675980806350708,
    "0,1,2,5,6": 2.732980251312256,
    "0,1,2,5,7": 3.607703447341919,
    "0,1,2,6,7": 3.3684744834899902,
    "0,1,3,4,5": 2.730299234390259,
    "0,1,3,4,6": 2.817359685897827,
    "0,1,3,4,7": 3.4656624794006348,
    "0,1,3,5,6": 2.58866548538208,
    "0,1,3,5,7": 3.4811108112335205,
    "0,1,3,6,7": 3.3175854682922363,
    "0,1,4,5,6": 2.6890792846679688,
    "0,1,4,5,7": 3.4315857887268066,
    "0,1,4,6,7": 3.3489928245544434,
    "0,1,5,6,7": 3.173560380935669,
    "0,2,3,4,5": 2.954838275909424,
    "0,2,3,4,6": 2.822227954864502,
    "0,2,3,4,7": 3.693535327911377,
    "0,2,3,5,6": 2.9725844860076904,
    "0,2,3,5,7": 3.8777740001678467,
    "0,2,3,6,7": 3.4777672290802,
    "0,2,4,5,6": 2.8932015895843506,
    "0,2,4,5,7": 3.570491313934326,
    "0,2,4,6,7": 3.5877444744110107,
    "0,2,5,6,7": 3.3668735027313232,
    "0,3,4,5,6": 2.456500291824341,
    "0,3,4,5,7": 3.5471885204315186,
    "0,3,4,6,7": 3.390401840209961,
    "0,3,5,6,7": 3.459566593170166,
    "0,4,5,6,7": 3.3526721000671387,
    "1,2,3,4,5": 2.76676082611084,
    "1,2,3,4,6": 2.3646998405456543,
    "1,2,3,4,7": 3.2382686138153076,
    "1,2,3,5,6": 2.1628506183624268,
    "1,2,3,5,7": 3.4477462768554688,
    "1,2,3,6,7": 2.929399013519287,
    "1,2,4,5,6": 2.305267810821533,
    "1,2,4,5,7": 2.889549732208252,
    "1,2,4,6,7": 3.0435595512390137,
    "1,2,5,6,7": 2.682795286178589,
    "1,3,4,5,6": 2.1702370643615723,
    "1,3,4,5,7": 2.632718324661255,
    "1,3,4,6,7": 3.0037357807159424,
    "1,3,5,6,7": 2.979766607284546,
    "1,4,5,6,7": 2.3347997665405273,
    "2,3,4,5,6": 2.5422940254211426,
    "2,3,4,5,7": 3.57765531539917,
    "2,3,4,6,7": 3.5174052715301514,
    "2,3,5,6,7": 3.16964054107666,
    "2,4,5,6,7": 2.923901081085205,
    "3,4,5,6,7": 2.718496561050415,
    "0,1,2,3,4,5": 3.023237943649292,
    "0,1,2,3,4,6": 2.705775737762451,
    "0,1,2,3,4,7": 3.527271270751953,
    "0,1,2,3,5,6": 2.594364643096924,