{
  "object_name": "Game",
  "data_type": "game",
  "version": "1.4.2.dev29+g3d3c3a7e6.d20260421",
  "created_from": null,
  "description": null,
  "parameters": {},
  "timestamp": "2026-04-21T12:25:56.701401+00:00Z",
  "metadata": {
    "n_players": 8,
    "game_name": "Game_object",
    "normalization_value": -0.09941155463457108,
    "precompute_flag": false,
    "precomputed": true,
    "player_names": null
  },
  "data": {
    "Empty": -0.09941155463457108,
    "0": -0.17300525307655334,
    "1": -0.09345583617687225,
    "2": -0.13513343036174774,
    "3": -0.11229024827480316,
    "4": -0.04409903287887573,
    "5": -0.12987986207008362,
    "6": 0.04180176556110382,
    "7": 0.24711979925632477,
    "0,1": -0.16786549985408783,
    "0,2": -0.19563543796539307,
    "0,3": -0.16978254914283752,
    "0,4": -0.15809780359268188,
    "0,5": -0.24915391206741333,
    "0,6": -0.0051282793283462524,
    "0,7": 0.2903468608856201,
    "1,2": -0.12636013329029083,
    "1,3": -0.10578204691410065,
    "1,4": -0.0404016375541687,
    "1,5": -0.1259443163871765,
    "1,6": 0.042412564158439636,
    "1,7": 0.24853236973285675,
    "2,3": -0.14022141695022583,
    "2,4": -0.034592121839523315,
    "2,5": -0.18448740243911743,
    "2,6": -0.03219972550868988,
    "2,7": 0.18127264082431793,
    "3,4": -0.040497660636901855,
    "3,5": -0.1375449299812317,
    "3,6": 0.04570625722408295,
    "3,7": 0.24795447289943695,
    "4,5": -0.052734553813934326,
    "4,6": 0.11905480921268463,
    "4,7": 0.19446216523647308,
    "5,6": -0.011230289936065674,
    "5,7": 0.19985602796077728,
    "6,7": 0.1067952960729599,
    "0,1,2": -0.18749290704727173,
    "0,1,3": -0.16519427299499512,
    "0,1,4": -0.1581277847290039,
    "0,1,5": -0.24757006764411926,
    "0,1,6": -0.005106031894683838,
    "0,1,7": 0.2854480743408203,
    "0,2,3": -0.19386248290538788,
    "0,2,4": -0.17081214487552643,
    "0,2,5": -0.25721171498298645,
    "0,2,6": -0.07652047276496887,
    "0,2,7": 0.24107502400875092,
    "0,3,4": -0.15043559670448303,
    "0,3,5": -0.2501203417778015,
    "0,3,6": 0.003974303603172302,
    "0,3,7": 0.2768351435661316,
    "0,4,5": -0.17906323075294495,
    "0,4,6": 0.026662081480026245,
    "0,4,7": 0.26977646350860596,
    "0,5,6": -0.054207056760787964,
    "0,5,7": 0.2060830146074295,
    "0,6,7": -0.022071048617362976,
    "1,2,3": -0.13144810497760773,
    "1,2,4": -0.031290456652641296,
    "1,2,5": -0.17575371265411377,
    "1,2,6": -0.03144685924053192,
    "1,2,7": 0.18912889063358307,
    "1,3,4": -0.03409227728843689,
    "1,3,5": -0.13176558911800385,
    "1,3,6": 0.04680176079273224,
    "1,3,7": 0.24920545518398285,
    "1,4,5": -0.04899749159812927,
    "1,4,6": 0.11926914751529694,
    "1,4,7": 0.19733332097530365,
    "1,5,6": -0.009576991200447083,
    "1,5,7": 0.20163552463054657,
    "1,6,7": 0.10859240591526031,
    "2,3,4": -0.02793562412261963,
    "2,3,5": -0.18342524766921997,
    "2,3,6": -0.025916531682014465,
    "2,3,7": 0.1849042922258377,
    "2,4,5": -0.07888193428516388,
    "2,4,6": 0.016000375151634216,
    "2,4,7": 0.14977385103702545,
    "2,5,6": -0.0852007120847702,
    "2,5,7": 0.16108910739421844,
    "2,6,7": 0.1079157143831253,
    "3,4,5": -0.05855925381183624,
    "3,4,6": 0.12421001493930817,
    "3,4,7": 0.1979212611913681,
    "3,5,6": -0.006113961338996887,
    "3,5,7": 0.20230735838413239,
    "3,6,7": 0.10786478221416473,
    "4,5,6": 0.07537151873111725,
    "4,5,7": 0.16430096328258514,
    "4,6,7": 0.11268900334835052,
    "5,6,7": 0.06665728986263275,
    "0,1,2,3": -0.18660953640937805,
    "0,1,2,4": -0.16772273182868958,
    "0,1,2,5": -0.25002506375312805,
    "0,1,2,6": -0.07579514384269714,
    "0,1,2,7": 0.23979605734348297,
    "0,1,3,4": -0.14991271495819092,
    "0,1,3,5": -0.2486933022737503,
    "0,1,3,6": 0.003267452120780945,
    "0,1,3,7": 0.2717578411102295,
    "0,1,4,5": -0.1760040819644928,
    "0,1,4,6": 0.027080893516540527,
    "0,1,4,7": 0.2689691185951233,
    "0,1,5,6": -0.05497032403945923,
    "0,1,5,7": 0.2016238123178482,
    "0,1,6,7": -0.01989448070526123,
    "0,2,3,4": -0.17997939884662628,
    "0,2,3,5": -0.26213884353637695,
    "0,2,3,6": -0.0796472579240799,
    "0,2,3,7": 0.24712400138378143,
    "0,2,4,5": -0.21801044046878815,
    "0,2,4,6": -0.04452705383300781,
    "0,2,4,7": 0.23559482395648956,
    "0,2,5,6": -0.12978783249855042,
    "0,2,5,7": 0.1556420773267746,
    "0,2,6,7": -0.047188177704811096,
    "0,3,4,5": -0.18492242693901062,
    "0,3,4,6": 0.034304067492485046,
    "0,3,4,7": 0.2729657292366028,
    "0,3,5,6": -0.04544858634471893,
    "0,3,5,7": 0.19796188175678253,
    "0,3,6,7": -0.008639365434646606,
    "0,4,5,6": -0.023157864809036255,
    "0,4,5,7": 0.220833882689476,
    "0,4,6,7": 0.027866631746292114,
    "0,5,6,7": -0.06273935735225677,
    "1,2,3,4": -0.023420915007591248,
    "1,2,3,5": -0.17500039935112,
    "1,2,3,6": -0.024266347289085388,
    "1,2,3,7": 0.19103507697582245,
    "1,2,4,5": -0.07366245985031128,
    "1,2,4,6": 0.020733505487442017,
    "1,2,4,7": 0.15316547453403473,
    "1,2,5,6": -0.08493733406066895,
    "1,2,5,7": 0.1653333455324173,
    "1,2,6,7": 0.11318911612033844,
    "1,3,4,5": -0.05513554811477661,
    "1,3,4,6": 0.12494553625583649,
    "1,3,4,7": 0.2025551050901413,
    "1,3,5,6": -0.004460662603378296,
    "1,3,5,7": 0.20370860397815704,
    "1,3,6,7": 0.10944448411464691,
    "1,4,5,6": 0.07695259153842926,
    "1,4,5,7": 0.1682371348142624,
    "1,4,6,7": 0.11657138168811798,
    "1,5,6,7": 0.06782282888889313,
    "2,3,4,5": -0.07652647793292999,
    "2,3,4,6": 0.023027464747428894,
    "2,3,4,7": 0.14893297851085663,
    "2,3,5,6": -0.07925589382648468,
    "2,3,5,7": 0.15955127775669098,
    "2,3,6,7": 0.10353951156139374,
    "2,4,5,6": -0.034994229674339294,
    "2,4,5,7": 0.1357906609773636,
    "2,4,6,7": 0.07312224805355072,
    "2,5,6,7": 0.04251684248447418,
    "3,4,5,6": 0.08025698363780975,
    "3,4,5,7": 0.16693569719791412,
    "3,4,6,7": 0.111411914229393,
    "3,5,6,7": 0.06593500077724457,
    "4,5,6,7": 0.0607960969209671,
    "0,1,2,3,4": -0.1773916780948639,
    "0,1,2,3,5": -0.25693222880363464,
    "0,1,2,3,6": -0.07857221364974976,
    "0,1,2,3,7": 0.24584494531154633,
    "0,1,2,4,5": -0.21592041850090027,
    "0,1,2,4,6": -0.041582927107810974,
    "0,1,2,4,7": 0.23804666101932526,
    "0,1,2,5,6": -0.13097909092903137,
    "0,1,2,5,7": 0.15363936126232147,
    "0,1,2,6,7": -0.04504527151584625,
    "0,1,3,4,5": -0.17924685776233673,
    "0,1,3,4,6": 0.03472287952899933,
    "0,1,3,4,7": 0.27284759283065796,
    "0,1,3,5,6": -0.04568341374397278,
    "0,1,3,5,7": 0.1922857016324997,
    "0,1,3,6,7": -0.005753472447395325,
    "0,1,4,5,6": -0.02324514091014862,
    "0,1,4,5,7": 0.22065554559230804,
    "0,1,4,6,7": 0.03170056641101837,
    "0,1,5,6,7": -0.0602446049451828,
    "0,2,3,4,5": -0.2287953495979309,
    "0,2,3,4,6": -0.046718254685401917,
    "0,2,3,4,7": 0.2421785444021225,
    "0,2,3,5,6": -0.12808172404766083,
    "0,2,3,5,7": 0.15189678966999054,
    "0,2,3,6,7": -0.041551485657691956,
    "0,2,4,5,6": -0.09889008849859238,
    "0,2,4,5,7": 0.15908484160900116,
    "0,2,4,6,7": -0.04979424178600311,
    "0,2,5,6,7": -0.12419518083333969,
    "0,3,4,5,6": -0.018870413303375244,
    "0,3,4,5,7": 0.21702902019023895,
    "0,3,4,6,7": 0.03835363686084747,
    "0,3,5,6,7": -0.046958714723587036,
    "0,4,5,6,7": 0.004620909690856934,
    "1,2,3,4,5": -0.06933604180812836,
    "1,2,3,4,6": 0.026200637221336365,
    "1,2,3,4,7": 0.15253593027591705,
    "1,2,3,5,6": -0.07867908477783203,
    "1,2,3,5,7": 0.16203509271144867,
    "1,2,3,6,7": 0.10851995646953583,
    "1,2,4,5,6": -0.030162274837493896,
    "1,2,4,5,7": 0.13713540136814117,
    "1,2,4,6,7": 0.077232226729393,
    "1,2,5,6,7": 0.04655461013317108,
    "1,3,4,5,6": 0.08132605254650116,
    "1,3,4,5,7": 0.17087267339229584,
    "1,3,4,6,7": 0.11526145040988922,
    "1,3,5,6,7": 0.06639467179775238,