{
  "object_name": "Game",
  "data_type": "game",
  "version": "1.4.2.dev29+g3d3c3a7e6.d20260421",
  "created_from": null,
  "description": null,
  "parameters": {},
  "timestamp": "2026-04-21T12:25:56.563370+00:00Z",
  "metadata": {
    "n_players": 8,
    "game_name": "Game_object",
    "normalization_value": 1.095975637435913,
    "precompute_flag": false,
    "precomputed": true,
    "player_names": null
  },
  "data": {
    "Empty": 1.095975637435913,
    "0": 0.7554601430892944,
    "1": 1.0454356670379639,
    "2": 0.944326639175415,
    "3": 1.032256841659546,
    "4": 1.1247169971466064,
    "5": 1.056000828742981,
    "6": 1.0236685276031494,
    "7": 0.9836266040802002,
    "0,1": 0.7554601430892944,
    "0,2": 0.802670955657959,
    "0,3": 0.7875159382820129,
    "0,4": 0.7705268859863281,
    "0,5": 0.7222745418548584,
    "0,6": 0.6831532716751099,
    "0,7": 0.6431113481521606,
    "1,2": 0.877129077911377,
    "1,3": 0.981717050075531,
    "1,4": 1.0741772651672363,
    "1,5": 1.0054610967636108,
    "1,6": 0.9731284379959106,
    "1,7": 0.933086633682251,
    "2,3": 0.8659850358963013,
    "2,4": 0.9664338827133179,
    "2,5": 0.9043519496917725,
    "2,6": 0.8720196485519409,
    "2,7": 0.8319779634475708,
    "3,4": 1.0774904489517212,
    "3,5": 0.9922822117805481,
    "3,6": 0.959949791431427,
    "3,7": 0.919907808303833,
    "4,5": 1.0847424268722534,
    "4,6": 1.0524101257324219,
    "4,7": 1.0123682022094727,
    "5,6": 0.9836934804916382,
    "5,7": 0.9436516761779785,
    "6,7": 0.9965448379516602,
    "0,1,2": 0.786013126373291,
    "0,1,3": 0.7875159382820129,
    "0,1,4": 0.7705268859863281,
    "0,1,5": 0.7222745418548584,
    "0,1,6": 0.6831532716751099,
    "0,1,7": 0.6431113481521606,
    "0,2,3": 0.8084136247634888,
    "0,2,4": 0.811103343963623,
    "0,2,5": 0.7694854736328125,
    "0,2,6": 0.7303639650344849,
    "0,2,7": 0.6903221607208252,
    "0,3,4": 0.8190746307373047,
    "0,3,5": 0.7543303966522217,
    "0,3,6": 0.7152090668678284,
    "0,3,7": 0.6751671433448792,
    "0,4,5": 0.7373412847518921,
    "0,4,6": 0.698219895362854,
    "0,4,7": 0.6581780910491943,
    "0,5,6": 0.6499676704406738,
    "0,5,7": 0.6099257469177246,
    "0,6,7": 0.6560298204421997,
    "1,2,3": 0.8154451847076416,
    "1,2,4": 0.8992364406585693,
    "1,2,5": 0.8371541500091553,
    "1,2,6": 0.8048219680786133,
    "1,2,7": 0.7647800445556641,
    "1,3,4": 1.026950478553772,
    "1,3,5": 0.9417418241500854,
    "1,3,6": 0.9094095230102539,
    "1,3,7": 0.869367778301239,
    "1,4,5": 1.0342024564743042,
    "1,4,6": 1.001870036125183,
    "1,4,7": 0.9618282318115234,
    "1,5,6": 0.9331536293029785,
    "1,5,7": 0.8931118249893188,
    "1,6,7": 0.9460049867630005,
    "2,3,4": 0.9045843482017517,
    "2,3,5": 0.8260101675987244,
    "2,3,6": 0.7936781048774719,
    "2,3,7": 0.7536362409591675,
    "2,4,5": 0.9264593124389648,
    "2,4,6": 0.8941268920898438,
    "2,4,7": 0.8540853261947632,
    "2,5,6": 0.8320448398590088,
    "2,5,7": 0.7920030355453491,
    "2,6,7": 0.8448961973190308,
    "3,4,5": 1.037515640258789,
    "3,4,6": 1.0051833391189575,
    "3,4,7": 0.9651414155960083,
    "3,5,6": 0.919974684715271,
    "3,5,7": 0.8799328207969666,
    "3,6,7": 0.9328262805938721,
    "4,5,6": 1.0124353170394897,
    "4,5,7": 0.9723933935165405,
    "4,6,7": 1.0252865552902222,
    "5,6,7": 0.956570029258728,
    "0,1,2,3": 0.8084136247634888,
    "0,1,2,4": 0.7944455146789551,
    "0,1,2,5": 0.7528276443481445,
    "0,1,2,6": 0.7137061357498169,
    "0,1,2,7": 0.6736643314361572,
    "0,1,3,4": 0.8190746307373047,
    "0,1,3,5": 0.7543303966522217,
    "0,1,3,6": 0.7152090668678284,
    "0,1,3,7": 0.6751671433448792,
    "0,1,4,5": 0.7373412847518921,
    "0,1,4,6": 0.698219895362854,
    "0,1,4,7": 0.6581780910491943,
    "0,1,5,6": 0.6499676704406738,
    "0,1,5,7": 0.6099257469177246,
    "0,1,6,7": 0.6560298204421997,
    "0,2,3,4": 0.8333379626274109,
    "0,2,3,5": 0.7752280831336975,
    "0,2,3,6": 0.7361067533493042,
    "0,2,3,7": 0.696064829826355,
    "0,2,4,5": 0.7779178619384766,
    "0,2,4,6": 0.7387963533401489,
    "0,2,4,7": 0.6987545490264893,
    "0,2,5,6": 0.6971784830093384,
    "0,2,5,7": 0.6571366786956787,
    "0,2,6,7": 0.7032405138015747,
    "0,3,4,5": 0.7858890891075134,
    "0,3,4,6": 0.7467676401138306,
    "0,3,4,7": 0.7067258358001709,
    "0,3,5,6": 0.6820235252380371,
    "0,3,5,7": 0.6419816017150879,
    "0,3,6,7": 0.6880856156349182,
    "0,4,5,6": 0.665034294128418,
    "0,4,5,7": 0.6249924898147583,
    "0,4,6,7": 0.6710964441299438,
    "0,5,6,7": 0.6228442192077637,
    "1,2,3,4": 0.8540444374084473,
    "1,2,3,5": 0.7754703760147095,
    "1,2,3,6": 0.7431380748748779,
    "1,2,3,7": 0.7030964493751526,
    "1,2,4,5": 0.8592613935470581,
    "1,2,4,6": 0.8269292116165161,
    "1,2,4,7": 0.7868874073028564,
    "1,2,5,6": 0.7648471593856812,
    "1,2,5,7": 0.7248053550720215,
    "1,2,6,7": 0.7776985168457031,
    "1,3,4,5": 0.9869758486747742,
    "1,3,4,6": 0.9546428322792053,
    "1,3,4,7": 0.9146012663841248,
    "1,3,5,6": 0.8694347143173218,
    "1,3,5,7": 0.8293929696083069,
    "1,3,6,7": 0.8822860717773438,
    "1,4,5,6": 0.9618951082229614,
    "1,4,5,7": 0.9218533039093018,
    "1,4,6,7": 0.9747464656829834,
    "1,5,6,7": 0.9060301780700684,
    "2,3,4,5": 0.86460942029953,
    "2,3,4,6": 0.8322773575782776,
    "2,3,4,7": 0.7922354936599731,
    "2,3,5,6": 0.753703236579895,
    "2,3,5,7": 0.7136613130569458,
    "2,3,6,7": 0.7665546536445618,
    "2,4,5,6": 0.8541522026062012,
    "2,4,5,7": 0.814110279083252,
    "2,4,6,7": 0.8670034408569336,
    "2,5,6,7": 0.8049213886260986,
    "3,4,5,6": 0.9652083516120911,
    "3,4,5,7": 0.9251665472984314,
    "3,4,6,7": 0.978059709072113,
    "3,5,6,7": 0.8928512334823608,
    "4,5,6,7": 0.9853116273880005,
    "0,1,2,3,4": 0.8333379626274109,
    "0,1,2,3,5": 0.7752280831336975,
    "0,1,2,3,6": 0.7361067533493042,
    "0,1,2,3,7": 0.696064829826355,
    "0,1,2,4,5": 0.7612600326538086,
    "0,1,2,4,6": 0.722138524055481,
    "0,1,2,4,7": 0.6820967197418213,
    "0,1,2,5,6": 0.6805206537246704,
    "0,1,2,5,7": 0.6404788494110107,
    "0,1,2,6,7": 0.6865826845169067,
    "0,1,3,4,5": 0.7858890891075134,
    "0,1,3,4,6": 0.7467676401138306,
    "0,1,3,4,7": 0.7067258358001709,
    "0,1,3,5,6": 0.6820235252380371,
    "0,1,3,5,7": 0.6419816017150879,
    "0,1,3,6,7": 0.6880856156349182,
    "0,1,4,5,6": 0.665034294128418,
    "0,1,4,5,7": 0.6249924898147583,
    "0,1,4,6,7": 0.6710964441299438,
    "0,1,5,6,7": 0.6228442192077637,
    "0,2,3,4,5": 0.8001524209976196,
    "0,2,3,4,6": 0.7610310912132263,
    "0,2,3,4,7": 0.7209891676902771,
    "0,2,3,5,6": 0.7029212117195129,
    "0,2,3,5,7": 0.6628792881965637,
    "0,2,3,6,7": 0.708983302116394,
    "0,2,4,5,6": 0.7056108713150024,
    "0,2,4,5,7": 0.6655690670013428,
    "0,2,4,6,7": 0.7116729021072388,
    "0,2,5,6,7": 0.6700550317764282,
    "0,3,4,5,6": 0.7135820984840393,
    "0,3,4,5,7": 0.6735402941703796,
    "0,3,4,6,7": 0.7196441888809204,
    "0,3,5,6,7": 0.654900074005127,
    "0,4,5,6,7": 0.6379108428955078,
    "1,2,3,4,5": 0.8140696287155151,
    "1,2,3,4,6": 0.7817373275756836,
    "1,2,3,4,7": 0.7416957020759583,
    "1,2,3,5,6": 0.7031633257865906,
    "1,2,3,5,7": 0.6631214618682861,
    "1,2,3,6,7": 0.7160146236419678,
    "1,2,4,5,6": 0.7869545221328735,
    "1,2,4,5,7": 0.7469125986099243,
    "1,2,4,6,7": 0.799805760383606,
    "1,2,5,6,7": 0.737723708152771,
    "1,3,4,5,6": 0.9146682620048523,
    "1,3,4,5,7": 0.8746264576911926,
    "1,3,4,6,7": 0.9275194406509399,
    "1,3,5,6,7": 0.8423112630844116,
    "1,4,5,6,7": 0.9347716569900513,
    "2,3,4,5,6": 0.7923024892807007,
    "2,3,4,5,7": 0.7522605657577515,
    "2,3,4,6,7": 0.8051539063453674,
    "2,3,5,6,7": 0.7265797853469849,
    "2,4,5,6,7": 0.827028751373291,
    "3,4,5,6,7": 0.9380847811698914,
    "0,1,2,3,4,5": 0.8001524209976196,
    "0,1,2,3,4,6": 0.7610310912132263,