{
  "object_name": "Game",
  "data_type": "game",
  "version": "1.4.2.dev29+g3d3c3a7e6.d20260421",
  "created_from": null,
  "description": null,
  "parameters": {},
  "timestamp": "2026-04-21T12:25:56.325044+00:00Z",
  "metadata": {
    "n_players": 8,
    "game_name": "Game_object",
    "normalization_value": 2.056467975,
    "precompute_flag": false,
    "precomputed": true,
    "player_names": null
  },
  "data": {
    "Empty": 3.252402,
    "0": 3.2468000000000004,
    "1": 3.414103,
    "2": 3.3939009999999996,
    "3": 3.248401,
    "4": 2.8256010000000003,
    "5": 3.5342999999999996,
    "6": 3.672702,
    "7": 3.2271009999999998,
    "0,1": 3.3717000000000006,
    "0,2": 4.0823,
    "0,3": 3.466301,
    "0,4": 3.6652,
    "0,5": 3.6475009999999997,
    "0,6": 3.9821020000000003,
    "0,7": 3.3223010000000004,
    "1,2": 2.9262020000000004,
    "1,3": 3.7034019999999996,
    "1,4": 3.2251020000000006,
    "1,5": 3.684203000000001,
    "1,6": 3.509002,
    "1,7": 3.154203,
    "2,3": 3.6795020000000007,
    "2,4": 3.7835040000000006,
    "2,5": 3.0614009999999996,
    "2,6": 3.7217020000000005,
    "2,7": 3.3421019999999997,
    "3,4": 3.499802,
    "3,5": 3.4508020000000004,
    "3,6": 3.8130019999999996,
    "3,7": 2.862202,
    "4,5": 3.3099,
    "4,6": 3.6105020000000003,
    "4,7": 3.676603000000001,
    "5,6": 3.354102,
    "5,7": 3.8054030000000005,
    "6,7": 3.4869020000000006,
    "0,1,2": 3.5469,
    "0,1,3": 3.4316000000000004,
    "0,1,4": 3.676801,
    "0,1,5": 3.5947010000000006,
    "0,1,6": 2.9043,
    "0,1,7": 4.352702000000001,
    "0,2,3": 3.7857010000000004,
    "0,2,4": 4.027703,
    "0,2,5": 3.6094999999999997,
    "0,2,6": 3.5257000000000005,
    "0,2,7": 4.108602,
    "0,3,4": 4.088302999999999,
    "0,3,5": 3.5499009999999998,
    "0,3,6": 3.815302,
    "0,3,7": 3.2573009999999996,
    "0,4,5": 3.1447,
    "0,4,6": 3.822501,
    "0,4,7": 4.325703000000001,
    "0,5,6": 4.073900999999999,
    "0,5,7": 3.5991999999999997,
    "0,6,7": 3.6220029999999994,
    "1,2,3": 4.429805,
    "1,2,4": 3.2068020000000006,
    "1,2,5": 3.8745020000000006,
    "1,2,6": 4.074104000000001,
    "1,2,7": 3.573502,
    "1,3,4": 3.5428039999999994,
    "1,3,5": 3.8853020000000003,
    "1,3,6": 4.524806,
    "1,3,7": 3.7347040000000007,
    "1,4,5": 2.931201,
    "1,4,6": 3.9028040000000006,
    "1,4,7": 3.849502,
    "1,5,6": 3.2731009999999996,
    "1,5,7": 3.6147020000000003,
    "1,6,7": 3.677105,
    "2,3,4": 3.4137010000000005,
    "2,3,5": 3.1955,
    "2,3,6": 3.519101,
    "2,3,7": 3.5071029999999994,
    "2,4,5": 3.1171,
    "2,4,6": 3.224201,
    "2,4,7": 3.3372020000000004,
    "2,5,6": 3.2644999999999995,
    "2,5,7": 3.346502,
    "2,6,7": 3.4710030000000005,
    "3,4,5": 3.302402,
    "3,4,6": 3.052701,
    "3,4,7": 3.388002,
    "3,5,6": 3.6734009999999997,
    "3,5,7": 2.5949,
    "3,6,7": 4.494206,
    "4,5,6": 3.305801,
    "4,5,7": 3.5168020000000006,
    "4,6,7": 3.317402,
    "5,6,7": 3.574701,
    "0,1,2,3": 3.3348,
    "0,1,2,4": 3.6994010000000004,
    "0,1,2,5": 3.4601999999999995,
    "0,1,2,6": 4.2728019999999995,
    "0,1,2,7": 4.362701,
    "0,1,3,4": 3.8741019999999993,
    "0,1,3,5": 2.9377999999999997,
    "0,1,3,6": 3.855601000000001,
    "0,1,3,7": 3.832202,
    "0,1,4,5": 3.7949999999999995,
    "0,1,4,6": 4.098403,
    "0,1,4,7": 3.864002,
    "0,1,5,6": 3.2962999999999996,
    "0,1,5,7": 3.4229999999999996,
    "0,1,6,7": 3.529401,
    "0,2,3,4": 3.757601,
    "0,2,3,5": 3.3924000000000007,
    "0,2,3,6": 3.610601,
    "0,2,3,7": 4.407504,
    "0,2,4,5": 4.070100999999999,
    "0,2,4,6": 4.024101,
    "0,2,4,7": 3.9560009999999997,
    "0,2,5,6": 3.6589,
    "0,2,5,7": 3.6442,
    "0,2,6,7": 4.164301,
    "0,3,4,5": 3.7419,
    "0,3,4,6": 3.738901,
    "0,3,4,7": 3.992603,
    "0,3,5,6": 3.5987,
    "0,3,5,7": 3.8995999999999995,
    "0,3,6,7": 4.2379039999999994,
    "0,4,5,6": 3.2537,
    "0,4,5,7": 2.7842,
    "0,4,6,7": 3.6522010000000003,
    "0,5,6,7": 3.0945,
    "1,2,3,4": 3.5365030000000006,
    "1,2,3,5": 4.1208040000000015,
    "1,2,3,6": 4.143804,
    "1,2,3,7": 3.4200010000000005,
    "1,2,4,5": 3.2117020000000003,
    "1,2,4,6": 3.7829040000000007,
    "1,2,4,7": 3.771702,
    "1,2,5,6": 3.973803,
    "1,2,5,7": 2.9316,
    "1,2,6,7": 3.6447030000000007,
    "1,3,4,5": 3.5916020000000004,
    "1,3,4,6": 4.205705,
    "1,3,4,7": 3.313203,
    "1,3,5,6": 3.922904,
    "1,3,5,7": 2.9586,
    "1,3,6,7": 4.113905,
    "1,4,5,6": 3.735003000000001,
    "1,4,5,7": 3.682504,
    "1,4,6,7": 3.961105,
    "1,5,6,7": 4.214305000000001,
    "2,3,4,5": 3.2756030000000003,
    "2,3,4,6": 3.361701,
    "2,3,4,7": 3.273301,
    "2,3,5,6": 3.5350010000000003,
    "2,3,5,7": 3.9063030000000003,
    "2,3,6,7": 3.7379040000000003,
    "2,4,5,6": 2.897201,
    "2,4,5,7": 3.6757020000000002,
    "2,4,6,7": 3.6886030000000005,
    "2,5,6,7": 3.1037,
    "3,4,5,6": 3.3646010000000004,
    "3,4,5,7": 3.439502,
    "3,4,6,7": 2.982,
    "3,5,6,7": 3.6606010000000007,
    "4,5,6,7": 3.823402,
    "0,1,2,3,4": 3.522701,
    "0,1,2,3,5": 3.2424,
    "0,1,2,3,6": 3.8428000000000004,
    "0,1,2,3,7": 4.062701,
    "0,1,2,4,5": 3.6971,
    "0,1,2,4,6": 3.9238,
    "0,1,2,4,7": 4.339302000000001,
    "0,1,2,5,6": 3.689,
    "0,1,2,5,7": 4.083900000000001,
    "0,1,2,6,7": 4.519403,
    "0,1,3,4,5": 3.0689009999999994,
    "0,1,3,4,6": 3.7548010000000005,
    "0,1,3,4,7": 3.802201,
    "0,1,3,5,6": 3.7881009999999997,
    "0,1,3,5,7": 3.3088,
    "0,1,3,6,7": 3.550301,
    "0,1,4,5,6": 3.787401,
    "0,1,4,5,7": 3.0643000000000002,
    "0,1,4,6,7": 3.514001999999999,
    "0,1,5,6,7": 3.7353,
    "0,2,3,4,5": 3.6347,
    "0,2,3,4,6": 3.9543999999999997,
    "0,2,3,4,7": 3.985801000000001,
    "0,2,3,5,6": 3.5284,
    "0,2,3,5,7": 3.6784999999999997,
    "0,2,3,6,7": 4.012902,
    "0,2,4,5,6": 3.7333,
    "0,2,4,5,7": 3.8487999999999998,
    "0,2,4,6,7": 4.395402,
    "0,2,5,6,7": 3.945099999999999,
    "0,3,4,5,6": 3.5488999999999997,
    "0,3,4,5,7": 3.2470999999999997,
    "0,3,4,6,7": 3.054501,
    "0,3,5,6,7": 3.7319000000000004,
    "0,4,5,6,7": 3.7802999999999995,
    "1,2,3,4,5": 3.392002,
    "1,2,3,4,6": 4.210605000000001,
    "1,2,3,4,7": 3.6118030000000005,
    "1,2,3,5,6": 3.854905000000001,
    "1,2,3,5,7": 3.468902000000001,
    "1,2,3,6,7": 4.141201999999999,
    "1,2,4,5,6": 3.412102,
    "1,2,4,5,7": 3.7627030000000006,
    "1,2,4,6,7": 4.237705,
    "1,2,5,6,7": 3.9349039999999995,
    "1,3,4,5,6": 3.3441009999999998,
    "1,3,4,5,7": 3.8339030000000003,
    "1,3,4,6,7": 4.189904,
    "1,3,5,6,7": 3.8410040000000003,
    "1,4,5,6,7": 3.7957030000000005,
    "2,3,4,5,6": 3.2668019999999998,
    "2,3,4,5,7": 3.086901,
    "2,3,4,6,7": 4.054003,
    "2,3,5,6,7": 3.420001,
    "2,4,5,6,7": 3.4909020000000006,
    "3,4,5,6,7": 3.790203000000001,
    "0,1,2,3,4,5": 3.2714999999999996,
    "0,1,2,3,4,6": 4.096901000000001,
    "0,1,2,3,4,7": 4.295301,
    "0,1,2,3,5,6": 4.0318,
    "0,1,2,3,5,7": 3.7399,
    "0,1,2,3,6,7": 4.314701000000001,
    "0,1,2,4,5,6": 3.8625,
    "0,1,2,4,5,7": 3.8873000000000006,
    "0,1,2,4,6,7": 4.4628,
    "0,1,2,5,6,7": 4.165,
    "0,1,3,4,5,6": 3.8415009999999996,
    "0,1,3,4,5,7": 3.087,
    "0,1,3,4,6,7": 4.1744,
    "0,1,3,5,6,7": 3.0269,
    "0,1,4,5,6,7": 3.5065,
    "0,2,3,4,5,6": 3.6123,
    "0,2,3,4,5,7": 3.7720999999999996,
    "0,2,3,4,6,7": 4.309603000000001,
    "0,2,3,5,6,7": 4.0261,
    "0,2,4,5,6,7": 3.9745999999999997,
    "0,3,4,5,6,7": 3.7129,
    "1,2,3,4,5,6": 3.7658040000000006,
    "1,2,3,4,5,7": 3.2504020000000002,
    "1,2,3,4,6,7": 3.9167040000000006,
    "1,2,3,5,6,7": 4.1014050000000015,
    "1,2,4,5,6,7": 4.151705,
    "1,3,4,5,6,7": 3.232202,
    "2,3,4,5,6,7": 3.347303000000001,
    "0,1,2,3,4,5,6": 3.7653999999999996,
    "0,1,2,3,4,5,7": 3.9589,
    "0,1,2,3,4,6,7": 4.4828030000000005,
    "0,1,2,3,5,6,7": 4.165,
    "0,1,2,4,5,6,7": 4.165,
    "0,1,3,4,5,6,7": 3.338,
    "0,2,3,4,5,6,7": 3.7455,
    "1,2,3,4,5,6,7": 3.868703,