{
  "object_name": "Game",
  "data_type": "game",
  "version": "1.4.2.dev29+g3d3c3a7e6.d20260421",
  "created_from": null,
  "description": null,
  "parameters": {},
  "timestamp": "2026-04-21T12:25:56.743041+00:00Z",
  "metadata": {
    "n_players": 8,
    "game_name": "Game_object",
    "normalization_value": 2.0525677175,
    "precompute_flag": false,
    "precomputed": true,
    "player_names": null
  },
  "data": {
    "Empty": 2.5401005,
    "0": 2.4074,
    "1": 2.5456706,
    "2": 2.8833206000000002,
    "3": 2.7749602,
    "4": 2.7348603000000002,
    "5": 2.42095,
    "6": 2.6275807,
    "7": 2.5625805999999995,
    "0,1": 2.6442802,
    "0,2": 2.3664099999999997,
    "0,3": 2.3272601,
    "0,4": 2.6951001000000003,
    "0,5": 2.67863,
    "0,6": 2.7202804,
    "0,7": 2.4318103,
    "1,2": 2.9324005,
    "1,3": 2.6830201000000002,
    "1,4": 2.3770301,
    "1,5": 2.2795000000000005,
    "1,6": 2.7625712999999994,
    "1,7": 2.6416899999999996,
    "2,3": 2.3355900999999997,
    "2,4": 2.7203204999999997,
    "2,5": 2.5213099999999997,
    "2,6": 2.5889105999999997,
    "2,7": 2.2835099999999997,
    "3,4": 2.3119501,
    "3,5": 2.43559,
    "3,6": 2.02435,
    "3,7": 2.0313,
    "4,5": 2.3861201,
    "4,6": 2.24658,
    "4,7": 2.6683005999999994,
    "5,6": 2.5974707000000006,
    "5,7": 2.34029,
    "6,7": 2.3747504,
    "0,1,2": 2.4409699999999996,
    "0,1,3": 2.44661,
    "0,1,4": 2.3440702999999994,
    "0,1,5": 2.58067,
    "0,1,6": 2.5836201,
    "0,1,7": 2.4119802,
    "0,2,3": 2.4480905,
    "0,2,4": 2.2614300999999997,
    "0,2,5": 2.48369,
    "0,2,6": 2.5408002000000005,
    "0,2,7": 2.2941001000000005,
    "0,3,4": 2.5194700000000005,
    "0,3,5": 2.58162,
    "0,3,6": 2.7058102,
    "0,3,7": 2.5488704,
    "0,4,5": 2.6478802000000004,
    "0,4,6": 2.7386805999999995,
    "0,4,7": 2.32703,
    "0,5,6": 2.3537800000000004,
    "0,5,7": 2.4328701,
    "0,6,7": 2.4991801000000007,
    "1,2,3": 2.5305,
    "1,2,4": 2.2296500000000004,
    "1,2,5": 2.3710199999999997,
    "1,2,6": 2.18409,
    "1,2,7": 2.7336306,
    "1,3,4": 2.5516005,
    "1,3,5": 2.4672599999999996,
    "1,3,6": 2.5715405,
    "1,3,7": 2.4522901,
    "1,4,5": 2.3441599999999996,
    "1,4,6": 2.4605004,
    "1,4,7": 2.40382,
    "1,5,6": 2.4614700000000003,
    "1,5,7": 2.3873500000000005,
    "1,6,7": 2.2470299999999996,
    "2,3,4": 2.6668003,
    "2,3,5": 2.4703302000000003,
    "2,3,6": 2.5586408,
    "2,3,7": 2.3369401,
    "2,4,5": 2.3651899999999997,
    "2,4,6": 2.4197701,
    "2,4,7": 2.6814512,
    "2,5,6": 2.2309001000000004,
    "2,5,7": 2.4706900000000003,
    "2,6,7": 2.2973200999999994,
    "3,4,5": 2.2927501,
    "3,4,6": 2.6634907000000005,
    "3,4,7": 2.3933805,
    "3,5,6": 2.4569,
    "3,5,7": 2.4685900999999997,
    "3,6,7": 2.0973100000000002,
    "4,5,6": 2.6824000999999997,
    "4,5,7": 2.4395,
    "4,6,7": 2.3617801,
    "5,6,7": 2.26,
    "0,1,2,3": 2.7025705,
    "0,1,2,4": 2.3142400000000003,
    "0,1,2,5": 2.6891299999999996,
    "0,1,2,6": 2.3518800000000004,
    "0,1,2,7": 2.3341300000000005,
    "0,1,3,4": 2.6201801,
    "0,1,3,5": 2.67516,
    "0,1,3,6": 2.5803602,
    "0,1,3,7": 2.5421502,
    "0,1,4,5": 2.6057100000000006,
    "0,1,4,6": 2.6106600999999996,
    "0,1,4,7": 2.7861310999999995,
    "0,1,5,6": 2.52681,
    "0,1,5,7": 2.51466,
    "0,1,6,7": 2.5901105,
    "0,2,3,4": 2.59893,
    "0,2,3,5": 2.58214,
    "0,2,3,6": 2.8332203,
    "0,2,3,7": 2.35095,
    "0,2,4,5": 2.3469900000000004,
    "0,2,4,6": 2.6674204,
    "0,2,4,7": 2.4552103,
    "0,2,5,6": 2.4558801,
    "0,2,5,7": 2.4014001,
    "0,2,6,7": 2.14736,
    "0,3,4,5": 2.57514,
    "0,3,4,6": 2.7154403999999994,
    "0,3,4,7": 2.3664701,
    "0,3,5,6": 2.6341901,
    "0,3,5,7": 2.38732,
    "0,3,6,7": 2.3140100000000006,
    "0,4,5,6": 2.4303199999999996,
    "0,4,5,7": 2.4444600000000003,
    "0,4,6,7": 2.2739201,
    "0,5,6,7": 2.34634,
    "1,2,3,4": 2.7583613,
    "1,2,3,5": 2.36852,
    "1,2,3,6": 2.5776801000000003,
    "1,2,3,7": 2.43651,
    "1,2,4,5": 2.3070599999999994,
    "1,2,4,6": 2.5546807,
    "1,2,4,7": 2.44656,
    "1,2,5,6": 2.5337,
    "1,2,5,7": 2.52902,
    "1,2,6,7": 2.4638707,
    "1,3,4,5": 2.41012,
    "1,3,4,6": 2.3303700000000003,
    "1,3,4,7": 2.3746400000000003,
    "1,3,5,6": 2.6401700000000003,
    "1,3,5,7": 2.5853102,
    "1,3,6,7": 2.44708,
    "1,4,5,6": 2.5840604,
    "1,4,5,7": 2.6360002000000002,
    "1,4,6,7": 2.6580907,
    "1,5,6,7": 2.38491,
    "2,3,4,5": 2.4835206,
    "2,3,4,6": 2.2463499999999996,
    "2,3,4,7": 2.46803,
    "2,3,5,6": 2.4707301,
    "2,3,5,7": 2.3444200000000004,
    "2,3,6,7": 2.09283,
    "2,4,5,6": 2.6138,
    "2,4,5,7": 2.42392,
    "2,4,6,7": 2.6391504,
    "2,5,6,7": 2.3687504,
    "3,4,5,6": 2.3398901000000003,
    "3,4,5,7": 2.3602800000000004,
    "3,4,6,7": 2.3182701000000003,
    "3,5,6,7": 2.4015401,
    "4,5,6,7": 2.216,
    "0,1,2,3,4": 2.2989699999999997,
    "0,1,2,3,5": 2.63399,
    "0,1,2,3,6": 2.4696001,
    "0,1,2,3,7": 2.5266401000000003,
    "0,1,2,4,5": 2.5507,
    "0,1,2,4,6": 2.58431,
    "0,1,2,4,7": 2.6020404999999998,
    "0,1,2,5,6": 2.63982,
    "0,1,2,5,7": 2.53004,
    "0,1,2,6,7": 2.6117106,
    "0,1,3,4,5": 2.7622,
    "0,1,3,4,6": 2.60393,
    "0,1,3,4,7": 2.5585899999999997,
    "0,1,3,5,6": 2.61966,
    "0,1,3,5,7": 2.5874099999999998,
    "0,1,3,6,7": 2.6477402,
    "0,1,4,5,6": 2.55002,
    "0,1,4,5,7": 2.57053,
    "0,1,4,6,7": 2.6218602,
    "0,1,5,6,7": 2.4931600000000005,
    "0,2,3,4,5": 2.4203601,
    "0,2,3,4,6": 2.55028,
    "0,2,3,4,7": 2.33345,
    "0,2,3,5,6": 2.63891,
    "0,2,3,5,7": 2.43704,
    "0,2,3,6,7": 2.38015,
    "0,2,4,5,6": 2.35756,
    "0,2,4,5,7": 2.3118800000000004,
    "0,2,4,6,7": 2.3419101,
    "0,2,5,6,7": 2.24979,
    "0,3,4,5,6": 2.67217,
    "0,3,4,5,7": 2.4636499999999995,
    "0,3,4,6,7": 2.5136201000000002,
    "0,3,5,6,7": 2.41988,
    "0,4,5,6,7": 2.4090499999999997,
    "1,2,3,4,5": 2.6288905999999996,
    "1,2,3,4,6": 2.47432,
    "1,2,3,4,7": 2.4012003,
    "1,2,3,5,6": 2.41007,
    "1,2,3,5,7": 2.41688,
    "1,2,3,6,7": 2.2382401,
    "1,2,4,5,6": 2.5975800000000002,
    "1,2,4,5,7": 2.37345,
    "1,2,4,6,7": 2.3899103000000004,
    "1,2,5,6,7": 2.35908,
    "1,3,4,5,6": 2.48552,
    "1,3,4,5,7": 2.54549,
    "1,3,4,6,7": 2.4145904000000002,
    "1,3,5,6,7": 2.36071,
    "1,4,5,6,7": 2.23357,
    "2,3,4,5,6": 2.4502102,
    "2,3,4,5,7": 2.44087,
    "2,3,4,6,7": 2.3900701,
    "2,3,5,6,7": 2.1831800000000006,
    "2,4,5,6,7": 2.19679,
    "3,4,5,6,7": 2.19008,
    "0,1,2,3,4,5": 2.67077,
    "0,1,2,3,4,6": 2.32965,
    "0,1,2,3,4,7": 2.5130301,
    "0,1,2,3,5,6": 2.6122,
    "0,1,2,3,5,7": 2.47261,
    "0,1,2,3,6,7": 2.5600505,
    "0,1,2,4,5,6": 2.5786499999999997,
    "0,1,2,4,5,7": 2.49125,
    "0,1,2,4,6,7": 2.4243799999999998,
    "0,1,2,5,6,7": 2.47553,
    "0,1,3,4,5,6": 2.6344000000000003,
    "0,1,3,4,5,7": 2.5497099999999997,
    "0,1,3,4,6,7": 2.4805400000000004,
    "0,1,3,5,6,7": 2.5021899999999997,
    "0,1,4,5,6,7": 2.5002299999999997,
    "0,2,3,4,5,6": 2.5794201,
    "0,2,3,4,5,7": 2.39111,
    "0,2,3,4,6,7": 2.2477100000000005,
    "0,2,3,5,6,7": 2.29305,
    "0,2,4,5,6,7": 2.23276,
    "0,3,4,5,6,7": 2.33861,
    "1,2,3,4,5,6": 2.5296099999999995,
    "1,2,3,4,5,7": 2.5636702999999996,
    "1,2,3,4,6,7": 2.4659500000000003,
    "1,2,3,5,6,7": 2.24824,
    "1,2,4,5,6,7": 2.31501,
    "1,3,4,5,6,7": 2.26216,
    "2,3,4,5,6,7": 2.25684,
    "0,1,2,3,4,5,6": 2.6248299999999998,
    "0,1,2,3,4,5,7": 2.48819,
    "0,1,2,3,4,6,7": 2.36935,
    "0,1,2,3,5,6,7": 2.42943,
    "0,1,2,4,5,6,7": 2.44713,
    "0,1,3,4,5,6,7": 2.54133,
    "0,2,3,4,5,6,7": 2.29355,
    "1,2,3,4,5,6,7": 2.2200800000000003,
    "0,1,2,3,4,5,6,7": 2.4523
  }
}
