{
  "object_name": "Game",
  "data_type": "game",
  "version": "1.4.2.dev29+g3d3c3a7e6.d20260421",
  "created_from": null,
  "description": null,
  "parameters": {},
  "timestamp": "2026-04-21T12:25:56.598287+00:00Z",
  "metadata": {
    "n_players": 8,
    "game_name": "Game_object",
    "normalization_value": 1.095975637435913,
    "precompute_flag": false,
    "precomputed": true,
    "player_names": null
  },
  "data": {
    "Empty": 1.095975637435913,
    "0": 1.8157787322998047,
    "1": 1.130842685699463,
    "2": 1.095975637435913,
    "3": 1.0802634954452515,
    "4": 1.1353492736816406,
    "5": 1.1747915744781494,
    "6": 3.9808104038238525,
    "7": 0.9024893641471863,
    "0,1": 1.7357275485992432,
    "0,2": 1.8157787322998047,
    "0,3": 1.5863145589828491,
    "0,4": 1.8208986520767212,
    "0,5": 1.827892541885376,
    "0,6": 4.0460381507873535,
    "0,7": 1.4718899726867676,
    "1,2": 1.130842685699463,
    "1,3": 1.1151305437088013,
    "1,4": 1.1368364095687866,
    "1,5": 1.0961472988128662,
    "1,6": 3.877443552017212,
    "1,7": 0.9685788750648499,
    "2,3": 1.0802634954452515,
    "2,4": 1.127063274383545,
    "2,5": 1.1747915744781494,
    "2,6": 3.878359794616699,
    "2,7": 0.9024893641471863,
    "3,4": 1.119637131690979,
    "3,5": 1.1590794324874878,
    "3,6": 3.898427724838257,
    "3,7": 0.8969199061393738,
    "4,5": 1.2047162055969238,
    "4,6": 3.988466262817383,
    "4,7": 0.9381874203681946,
    "5,6": 4.324058532714844,
    "5,7": 0.9813055992126465,
    "6,7": 2.009791851043701,
    "0,1,2": 1.7357275485992432,
    "0,1,3": 1.532142996788025,
    "0,1,4": 1.724759578704834,
    "0,1,5": 1.846985101699829,
    "0,1,6": 3.7351739406585693,
    "0,1,7": 1.395321249961853,
    "0,2,3": 1.5863145589828491,
    "0,2,4": 1.8126126527786255,
    "0,2,5": 1.827892541885376,
    "0,2,6": 3.943587064743042,
    "0,2,7": 1.4718899726867676,
    "0,3,4": 1.5914344787597656,
    "0,3,5": 1.6725505590438843,
    "0,3,6": 3.8493659496307373,
    "0,3,7": 1.2525678873062134,
    "0,4,5": 1.8235630989074707,
    "0,4,6": 4.02495002746582,
    "0,4,7": 1.4788442850112915,
    "0,5,6": 4.091740608215332,
    "0,5,7": 1.4316704273223877,
    "0,6,7": 2.39510440826416,
    "1,2,3": 1.1151305437088013,
    "1,2,4": 1.1368364095687866,
    "1,2,5": 1.0961472988128662,
    "1,2,6": 3.7749929428100586,
    "1,2,7": 0.9685788750648499,
    "1,3,4": 1.121124267578125,
    "1,3,5": 1.0804351568222046,
    "1,3,6": 3.795060873031616,
    "1,3,7": 0.9630096554756165,
    "1,4,5": 1.1021409034729004,
    "1,4,6": 3.860193967819214,
    "1,4,7": 0.9708968997001648,
    "1,5,6": 3.968571186065674,
    "1,5,7": 0.9338834881782532,
    "1,6,7": 1.8705179691314697,
    "2,3,4": 1.1113511323928833,
    "2,3,5": 1.1590794324874878,
    "2,3,6": 3.7959771156311035,
    "2,3,7": 0.8969199061393738,
    "2,4,5": 1.1964302062988281,
    "2,4,6": 3.877729654312134,
    "2,4,7": 0.9299013018608093,
    "2,5,6": 4.178373336791992,
    "2,5,7": 0.9813055992126465,
    "2,6,7": 2.009791851043701,
    "3,4,5": 1.1890040636062622,
    "3,4,6": 3.906083583831787,
    "3,4,7": 0.9326179623603821,
    "3,5,6": 4.24167537689209,
    "3,5,7": 0.9757360219955444,
    "3,6,7": 1.9814714193344116,
    "4,5,6": 4.331714630126953,
    "4,5,7": 1.007554531097412,
    "4,6,7": 2.0174479484558105,
    "5,6,7": 2.2311038970947266,
    "0,1,2,3": 1.532142996788025,
    "0,1,2,4": 1.724759578704834,
    "0,1,2,5": 1.846985101699829,
    "0,1,2,6": 3.632723331451416,
    "0,1,2,7": 1.395321249961853,
    "0,1,3,4": 1.5211749076843262,
    "0,1,3,5": 1.778546690940857,
    "0,1,3,6": 3.5643818378448486,
    "0,1,3,7": 1.1805840730667114,
    "0,1,4,5": 1.8360168933868408,
    "0,1,4,6": 3.706472635269165,
    "0,1,4,7": 1.3861875534057617,
    "0,1,5,6": 3.8198423385620117,
    "0,1,5,7": 1.4542450904846191,
    "0,1,6,7": 2.102857828140259,
    "0,2,3,4": 1.58314847946167,
    "0,2,3,5": 1.6725505590438843,
    "0,2,3,6": 3.746915340423584,
    "0,2,3,7": 1.2525678873062134,
    "0,2,4,5": 1.815277099609375,
    "0,2,4,6": 3.9142134189605713,
    "0,2,4,7": 1.4705582857131958,
    "0,2,5,6": 3.9892897605895996,
    "0,2,5,7": 1.4316704273223877,
    "0,2,6,7": 2.39510440826416,
    "0,3,4,5": 1.668221354484558,
    "0,3,4,6": 3.9623453617095947,
    "0,3,4,7": 1.2595224380493164,
    "0,3,5,6": 3.969191312789917,
    "0,3,5,7": 1.2864712476730347,
    "0,3,6,7": 2.2649970054626465,
    "0,4,5,6": 4.070652961730957,
    "0,4,5,7": 1.4291753768920898,
    "0,4,6,7": 2.374016761779785,
    "0,5,6,7": 2.388474225997925,
    "1,2,3,4": 1.121124267578125,
    "1,2,3,5": 1.0804351568222046,
    "1,2,3,6": 3.692610263824463,
    "1,2,3,7": 0.9630096554756165,
    "1,2,4,5": 1.1021409034729004,
    "1,2,4,6": 3.7577433586120605,
    "1,2,4,7": 0.9708968997001648,
    "1,2,5,6": 3.822885036468506,
    "1,2,5,7": 0.9338834881782532,
    "1,2,6,7": 1.8705179691314697,
    "1,3,4,5": 1.0864287614822388,
    "1,3,4,6": 3.777811288833618,
    "1,3,4,7": 0.9653276801109314,
    "1,3,5,6": 3.886188507080078,
    "1,3,5,7": 0.9283140301704407,
    "1,3,6,7": 1.8421977758407593,
    "1,4,5,6": 3.951321601867676,
    "1,4,5,7": 0.9362014532089233,
    "1,4,6,7": 1.8532685041427612,
    "1,5,6,7": 1.9877680540084839,
    "2,3,4,5": 1.1807180643081665,
    "2,3,4,6": 3.795346975326538,
    "2,3,4,7": 0.9243318438529968,
    "2,3,5,6": 4.095991134643555,
    "2,3,5,7": 0.9757360219955444,
    "2,3,6,7": 1.9814714193344116,
    "2,4,5,6": 4.177742958068848,
    "2,4,5,7": 0.9992685317993164,
    "2,4,6,7": 2.009161949157715,
    "2,5,6,7": 2.187868356704712,
    "3,4,5,6": 4.249331474304199,
    "3,4,5,7": 1.00198495388031,
    "3,4,6,7": 1.989127516746521,
    "3,5,6,7": 2.2027840614318848,
    "4,5,6,7": 2.238759756088257,
    "0,1,2,3,4": 1.5211749076843262,
    "0,1,2,3,5": 1.778546690940857,
    "0,1,2,3,6": 3.4619312286376953,
    "0,1,2,3,7": 1.1805840730667114,
    "0,1,2,4,5": 1.8360168933868408,
    "0,1,2,4,6": 3.6040220260620117,
    "0,1,2,4,7": 1.3861875534057617,
    "0,1,2,5,6": 3.7173917293548584,
    "0,1,2,5,7": 1.4542450904846191,
    "0,1,2,6,7": 2.102857828140259,
    "0,1,3,4,5": 1.7675784826278687,
    "0,1,3,4,6": 3.6697475910186768,
    "0,1,3,4,7": 1.1714503765106201,
    "0,1,3,5,6": 3.7841970920562744,
    "0,1,3,5,7": 1.3746551275253296,
    "0,1,3,6,7": 1.97733473777771,
    "0,1,4,5,6": 3.7911410331726074,
    "0,1,4,5,7": 1.4451115131378174,
    "0,1,4,6,7": 2.0741565227508545,
    "0,1,5,6,7": 2.204820394515991,
    "0,2,3,4,5": 1.6599353551864624,
    "0,2,3,4,6": 3.8516087532043457,
    "0,2,3,4,7": 1.2512364387512207,
    "0,2,3,5,6": 3.8667407035827637,
    "0,2,3,5,7": 1.2864712476730347,
    "0,2,3,6,7": 2.2649970054626465,
    "0,2,4,5,6": 3.959916114807129,
    "0,2,4,5,7": 1.4208893775939941,
    "0,2,4,6,7": 2.3657307624816895,
    "0,2,5,6,7": 2.388474225997925,
    "0,3,4,5,6": 4.0821709632873535,
    "0,3,4,5,7": 1.283976435661316,
    "0,3,4,6,7": 2.2439093589782715,
    "0,3,5,6,7": 2.332489490509033,
    "0,4,5,6,7": 2.36738657951355,
    "1,2,3,4,5": 1.0864287614822388,
    "1,2,3,4,6": 3.675360679626465,
    "1,2,3,4,7": 0.9653276801109314,
    "1,2,3,5,6": 3.74050235748291,
    "1,2,3,5,7": 0.9283140301704407,
    "1,2,3,6,7": 1.8421977758407593,
    "1,2,4,5,6": 3.805635452270508,
    "1,2,4,5,7": 0.9362014532089233,
    "1,2,4,6,7": 1.8532685041427612,
    "1,2,5,6,7": 1.944532036781311,
    "1,3,4,5,6": 3.86893892288208,
    "1,3,4,5,7": 0.9306321144104004,
    "1,3,4,6,7": 1.8249483108520508,
    "1,3,5,6,7": 1.9594475030899048,
    "1,4,5,6,7": 1.9705185890197754,
    "2,3,4,5,6": 4.095361232757568,
    "2,3,4,5,7": 0.9936989545822144,
    "2,3,4,6,7": 1.9808415174484253,
    "2,3,5,6,7": 2.15954852104187,
    "2,4,5,6,7": 2.1872382164001465,
    "3,4,5,6,7": 2.210439920425415,
    "0,1,2,3,4,5": 1.7675784826278687,
    "0,1,2,3,4,6": 3.5672969818115234,
    "0,1,2,3,4,7": 1.1714503765106201,
    "0,1,2,3,5,6": 3.681746482849121,