{
  "object_name": "Game",
  "data_type": "game",
  "version": "1.4.2.dev29+g3d3c3a7e6.d20260421",
  "created_from": null,
  "description": null,
  "parameters": {},
  "timestamp": "2026-04-21T12:25:56.529065+00:00Z",
  "metadata": {
    "n_players": 8,
    "game_name": "Game_object",
    "normalization_value": 2.0434510707855225,
    "precompute_flag": false,
    "precomputed": true,
    "player_names": null
  },
  "data": {
    "Empty": 1.3979521989822388,
    "0": 0.9852353930473328,
    "1": 1.183529257774353,
    "2": 1.007931113243103,
    "3": 1.0740110874176025,
    "4": 1.1354128122329712,
    "5": 1.18953537940979,
    "6": 0.9075929522514343,
    "7": 1.883646011352539,
    "0,1": 0.682988703250885,
    "0,2": 0.9709007143974304,
    "0,3": 0.789242148399353,
    "0,4": 1.0356467962265015,
    "0,5": 0.9685986638069153,
    "0,6": 0.6970022320747375,
    "0,7": 1.3447613716125488,
    "1,2": 0.9963880777359009,
    "1,3": 1.1112358570098877,
    "1,4": 0.8537976145744324,
    "1,5": 0.8747526407241821,
    "1,6": 1.1211609840393066,
    "1,7": 1.2233788967132568,
    "2,3": 1.4808149337768555,
    "2,4": 1.2315049171447754,
    "2,5": 1.397973656654358,
    "2,6": 1.2011299133300781,
    "2,7": 1.489698052406311,
    "3,4": 1.0385863780975342,
    "3,5": 1.1191825866699219,
    "3,6": 0.8624128103256226,
    "3,7": 1.4912515878677368,
    "4,5": 0.9475917816162109,
    "4,6": 1.112420916557312,
    "4,7": 1.3767060041427612,
    "5,6": 0.8453229069709778,
    "5,7": 0.8975141644477844,
    "6,7": 0.7719956636428833,
    "0,1,2": 0.859570324420929,
    "0,1,3": 0.8941885828971863,
    "0,1,4": 0.8807700872421265,
    "0,1,5": 0.8786877393722534,
    "0,1,6": 0.6555052995681763,
    "0,1,7": 1.091180682182312,
    "0,2,3": 1.5322351455688477,
    "0,2,4": 0.8959627151489258,
    "0,2,5": 1.1454299688339233,
    "0,2,6": 0.8327649831771851,
    "0,2,7": 1.3414719104766846,
    "0,3,4": 0.748370349407196,
    "0,3,5": 1.031127691268921,
    "0,3,6": 0.775700032711029,
    "0,3,7": 1.5774368047714233,
    "0,4,5": 1.0836164951324463,
    "0,4,6": 0.8753936886787415,
    "0,4,7": 1.4496876001358032,
    "0,5,6": 0.8881251215934753,
    "0,5,7": 1.5740611553192139,
    "0,6,7": 0.6970738172531128,
    "1,2,3": 0.9571240544319153,
    "1,2,4": 1.0365885496139526,
    "1,2,5": 1.217215657234192,
    "1,2,6": 1.1037019491195679,
    "1,2,7": 1.3316929340362549,
    "1,3,4": 1.304607629776001,
    "1,3,5": 0.9336468577384949,
    "1,3,6": 1.1036059856414795,
    "1,3,7": 1.1975270509719849,
    "1,4,5": 0.9428198933601379,
    "1,4,6": 0.9813486337661743,
    "1,4,7": 1.6259357929229736,
    "1,5,6": 0.8886817693710327,
    "1,5,7": 1.5511929988861084,
    "1,6,7": 0.7096884846687317,
    "2,3,4": 1.4184116125106812,
    "2,3,5": 0.9921178817749023,
    "2,3,6": 1.046863317489624,
    "2,3,7": 1.7936975955963135,
    "2,4,5": 1.3251243829727173,
    "2,4,6": 0.9430794715881348,
    "2,4,7": 1.4135692119598389,
    "2,5,6": 0.9348187446594238,
    "2,5,7": 1.092487096786499,
    "2,6,7": 0.7963045835494995,
    "3,4,5": 0.9511713981628418,
    "3,4,6": 0.9218212366104126,
    "3,4,7": 0.790626049041748,
    "3,5,6": 1.0488783121109009,
    "3,5,7": 1.2126392126083374,
    "3,6,7": 0.7700726389884949,
    "4,5,6": 1.2948830127716064,
    "4,5,7": 1.4145152568817139,
    "4,6,7": 0.6795835494995117,
    "5,6,7": 0.7241235971450806,
    "0,1,2,3": 0.9406671524047852,
    "0,1,2,4": 0.8769871592521667,
    "0,1,2,5": 0.9140692949295044,
    "0,1,2,6": 0.7379826903343201,
    "0,1,2,7": 1.0390760898590088,
    "0,1,3,4": 0.7960323095321655,
    "0,1,3,5": 1.1368014812469482,
    "0,1,3,6": 0.8176383972167969,
    "0,1,3,7": 1.6071460247039795,
    "0,1,4,5": 0.8014008402824402,
    "0,1,4,6": 0.7057340741157532,
    "0,1,4,7": 1.4218394756317139,
    "0,1,5,6": 0.6896256804466248,
    "0,1,5,7": 0.6503164172172546,
    "0,1,6,7": 0.5671928524971008,
    "0,2,3,4": 1.0152207612991333,
    "0,2,3,5": 1.1426608562469482,
    "0,2,3,6": 0.8722082376480103,
    "0,2,3,7": 2.0201241970062256,
    "0,2,4,5": 1.0157828330993652,
    "0,2,4,6": 0.7741517424583435,
    "0,2,4,7": 0.9955528378486633,
    "0,2,5,6": 0.9944225549697876,
    "0,2,5,7": 1.194030523300171,
    "0,2,6,7": 0.7381645441055298,
    "0,3,4,5": 0.9935704469680786,
    "0,3,4,6": 0.7716909646987915,
    "0,3,4,7": 1.062097430229187,
    "0,3,5,6": 0.8361591100692749,
    "0,3,5,7": 1.0860333442687988,
    "0,3,6,7": 0.7194986939430237,
    "0,4,5,6": 0.7577344179153442,
    "0,4,5,7": 1.5762507915496826,
    "0,4,6,7": 0.6921824216842651,
    "0,5,6,7": 0.6535053849220276,
    "1,2,3,4": 1.0994269847869873,
    "1,2,3,5": 1.3227965831756592,
    "1,2,3,6": 1.0843485593795776,
    "1,2,3,7": 1.486020565032959,
    "1,2,4,5": 1.03072190284729,
    "1,2,4,6": 1.0382509231567383,
    "1,2,4,7": 1.4457532167434692,
    "1,2,5,6": 0.893484890460968,
    "1,2,5,7": 1.2304810285568237,
    "1,2,6,7": 0.7604449391365051,
    "1,3,4,5": 1.2192920446395874,
    "1,3,4,6": 0.882197380065918,
    "1,3,4,7": 1.198303461074829,
    "1,3,5,6": 0.7516089677810669,
    "1,3,5,7": 1.2629384994506836,
    "1,3,6,7": 0.7390206456184387,
    "1,4,5,6": 0.9665500521659851,
    "1,4,5,7": 1.2991195917129517,
    "1,4,6,7": 0.7748165726661682,
    "1,5,6,7": 0.7440495491027832,
    "2,3,4,5": 0.7838907241821289,
    "2,3,4,6": 0.9459930658340454,
    "2,3,4,7": 1.4136384725570679,
    "2,3,5,6": 0.9549388885498047,
    "2,3,5,7": 1.2918144464492798,
    "2,3,6,7": 0.6996752619743347,
    "2,4,5,6": 1.0685173273086548,
    "2,4,5,7": 1.4976999759674072,
    "2,4,6,7": 0.7362970113754272,
    "2,5,6,7": 0.754088819026947,
    "3,4,5,6": 0.9398477673530579,
    "3,4,5,7": 1.1501338481903076,
    "3,4,6,7": 0.8386734127998352,
    "3,5,6,7": 0.6822059154510498,
    "4,5,6,7": 0.6883237957954407,
    "0,1,2,3,4": 0.8068538904190063,
    "0,1,2,3,5": 1.2431317567825317,
    "0,1,2,3,6": 0.8170039057731628,
    "0,1,2,3,7": 1.2156420946121216,
    "0,1,2,4,5": 0.8477008938789368,
    "0,1,2,4,6": 0.7349611520767212,
    "0,1,2,4,7": 0.7912793159484863,
    "0,1,2,5,6": 1.1302770376205444,
    "0,1,2,5,7": 1.256614327430725,
    "0,1,2,6,7": 0.6179450750350952,
    "0,1,3,4,5": 0.7976230978965759,
    "0,1,3,4,6": 0.7190753221511841,
    "0,1,3,4,7": 1.121193289756775,
    "0,1,3,5,6": 0.9725825190544128,
    "0,1,3,5,7": 1.4895676374435425,
    "0,1,3,6,7": 0.5848032236099243,
    "0,1,4,5,6": 1.0039042234420776,
    "0,1,4,5,7": 1.2210404872894287,
    "0,1,4,6,7": 0.5630816221237183,
    "0,1,5,6,7": 0.5904605388641357,
    "0,2,3,4,5": 1.170096755027771,
    "0,2,3,4,6": 0.7779825925827026,
    "0,2,3,4,7": 1.6735442876815796,
    "0,2,3,5,6": 0.854180634021759,
    "0,2,3,5,7": 1.6048412322998047,
    "0,2,3,6,7": 0.6060404181480408,
    "0,2,4,5,6": 0.9181826710700989,
    "0,2,4,5,7": 1.0440419912338257,
    "0,2,4,6,7": 0.6852531433105469,
    "0,2,5,6,7": 0.7070128321647644,
    "0,3,4,5,6": 0.9019610285758972,
    "0,3,4,5,7": 1.2298015356063843,
    "0,3,4,6,7": 0.6762164235115051,
    "0,3,5,6,7": 0.6595515012741089,
    "0,4,5,6,7": 0.6665129661560059,
    "1,2,3,4,5": 1.27133309841156,
    "1,2,3,4,6": 0.8040734529495239,
    "1,2,3,4,7": 1.6289583444595337,
    "1,2,3,5,6": 0.8504091501235962,
    "1,2,3,5,7": 1.812833547592163,
    "1,2,3,6,7": 0.7363205552101135,
    "1,2,4,5,6": 1.0249923467636108,
    "1,2,4,5,7": 1.288648247718811,
    "1,2,4,6,7": 0.841307520866394,
    "1,2,5,6,7": 0.758296012878418,
    "1,3,4,5,6": 0.9433221817016602,
    "1,3,4,5,7": 1.1794047355651855,
    "1,3,4,6,7": 0.7456966638565063,
    "1,3,5,6,7": 0.6589875221252441,
    "1,4,5,6,7": 0.690473198890686,
    "2,3,4,5,6": 0.8272777795791626,
    "2,3,4,5,7": 1.3381474018096924,
    "2,3,4,6,7": 0.7585700750350952,
    "2,3,5,6,7": 0.8291295170783997,
    "2,4,5,6,7": 0.7507137060165405,
    "3,4,5,6,7": 0.7521202564239502,
    "0,1,2,3,4,5": 1.1962920427322388,
    "0,1,2,3,4,6": 0.9618486166000366,