{
  "object_name": "Game",
  "data_type": "game",
  "version": "1.4.2.dev29+g3d3c3a7e6.d20260421",
  "created_from": null,
  "description": null,
  "parameters": {},
  "timestamp": "2026-04-21T12:25:56.781428+00:00Z",
  "metadata": {
    "n_players": 8,
    "game_name": "Game_object",
    "normalization_value": 0.9179999999999999,
    "precompute_flag": false,
    "precomputed": true,
    "player_names": null
  },
  "data": {
    "Empty": 0.9179999999999999,
    "0": 0.6762,
    "1": 1.9926000000000001,
    "2": 2.0492,
    "3": 0.9243,
    "4": 0.9179999999999999,
    "5": 1.0081,
    "6": 1.1400000000000001,
    "7": 2.1321000000000003,
    "0,1": 0.6940999999999999,
    "0,2": 0.6373000000000001,
    "0,3": 0.6758,
    "0,4": 0.6762,
    "0,5": 0.48460000000000003,
    "0,6": 0.7466,
    "0,7": 1.1475000000000002,
    "1,2": 1.9853,
    "1,3": 2.0152,
    "1,4": 1.9926000000000001,
    "1,5": 2.138301,
    "1,6": 1.2015999999999998,
    "1,7": 2.1418,
    "2,3": 2.6321000000000003,
    "2,4": 2.0492,
    "2,5": 1.5725,
    "2,6": 1.2208999999999999,
    "2,7": 2.3911000000000002,
    "3,4": 0.9243,
    "3,5": 0.8829,
    "3,6": 1.1400000000000001,
    "3,7": 2.1321000000000003,
    "4,5": 1.0081,
    "4,6": 1.1400000000000001,
    "4,7": 2.1289000000000002,
    "5,6": 1.0705,
    "5,7": 1.5801,
    "6,7": 1.6811,
    "0,1,2": 0.6129,
    "0,1,3": 0.6937,
    "0,1,4": 0.6940999999999999,
    "0,1,5": 0.5183000000000001,
    "0,1,6": 0.8762000000000001,
    "0,1,7": 1.1711,
    "0,2,3": 0.6402,
    "0,2,4": 0.6373000000000001,
    "0,2,5": 0.4747,
    "0,2,6": 0.6484000000000001,
    "0,2,7": 1.1042,
    "0,3,4": 0.6758,
    "0,3,5": 0.4891,
    "0,3,6": 0.7303,
    "0,3,7": 1.1334,
    "0,4,5": 0.48460000000000003,
    "0,4,6": 0.7466,
    "0,4,7": 1.1475000000000002,
    "0,5,6": 0.7285999999999999,
    "0,5,7": 1.1284,
    "0,6,7": 0.7161,
    "1,2,3": 2.0079000000000002,
    "1,2,4": 1.9853,
    "1,2,5": 2.2054009999999997,
    "1,2,6": 1.2122,
    "1,2,7": 2.1345,
    "1,3,4": 2.0152,
    "1,3,5": 2.037201,
    "1,3,6": 1.2015999999999998,
    "1,3,7": 2.1418,
    "1,4,5": 2.138301,
    "1,4,6": 1.2015999999999998,
    "1,4,7": 2.1418,
    "1,5,6": 1.1384,
    "1,5,7": 2.1084009999999997,
    "1,6,7": 1.3039,
    "2,3,4": 2.6321000000000003,
    "2,3,5": 1.4714,
    "2,3,6": 1.4378,
    "2,3,7": 2.9514000000000005,
    "2,4,5": 1.5725,
    "2,4,6": 1.2208999999999999,
    "2,4,7": 2.3879,
    "2,5,6": 1.1532,
    "2,5,7": 1.5735999999999999,
    "2,6,7": 1.7067,
    "3,4,5": 0.8829,
    "3,4,6": 1.1400000000000001,
    "3,4,7": 2.1289000000000002,
    "3,5,6": 1.0627,
    "3,5,7": 1.5723,
    "3,6,7": 1.6811,
    "4,5,6": 1.0705,
    "4,5,7": 1.5801,
    "4,6,7": 1.6811,
    "5,6,7": 1.2453999999999998,
    "0,1,2,3": 0.6107,
    "0,1,2,4": 0.6129,
    "0,1,2,5": 0.4765,
    "0,1,2,6": 0.7815000000000001,
    "0,1,2,7": 1.0478,
    "0,1,3,4": 0.6937,
    "0,1,3,5": 0.4947000000000001,
    "0,1,3,6": 0.8599,
    "0,1,3,7": 1.1476,
    "0,1,4,5": 0.5183000000000001,
    "0,1,4,6": 0.8762000000000001,
    "0,1,4,7": 1.1711,
    "0,1,5,6": 0.8641,
    "0,1,5,7": 1.1529,
    "0,1,6,7": 0.7446,
    "0,2,3,4": 0.6402,
    "0,2,3,5": 0.46919999999999995,
    "0,2,3,6": 0.6294,
    "0,2,3,7": 1.1042,
    "0,2,4,5": 0.4747,
    "0,2,4,6": 0.6484000000000001,
    "0,2,4,7": 1.1042,
    "0,2,5,6": 0.5569,
    "0,2,5,7": 1.0789,
    "0,2,6,7": 0.7639,
    "0,3,4,5": 0.4891,
    "0,3,4,6": 0.7303,
    "0,3,4,7": 1.1334,
    "0,3,5,6": 0.7285999999999999,
    "0,3,5,7": 1.1012,
    "0,3,6,7": 0.699,
    "0,4,5,6": 0.7285999999999999,
    "0,4,5,7": 1.1284,
    "0,4,6,7": 0.7234999999999999,
    "0,5,6,7": 0.7751000000000001,
    "1,2,3,4": 2.0079000000000002,
    "1,2,3,5": 2.104301,
    "1,2,3,6": 1.2122,
    "1,2,3,7": 2.1345,
    "1,2,4,5": 2.2054009999999997,
    "1,2,4,6": 1.2122,
    "1,2,4,7": 2.1345,
    "1,2,5,6": 1.1343,
    "1,2,5,7": 2.1755009999999997,
    "1,2,6,7": 1.3145,
    "1,3,4,5": 2.037201,
    "1,3,4,6": 1.2015999999999998,
    "1,3,4,7": 2.1418,
    "1,3,5,6": 1.1384,
    "1,3,5,7": 2.1084009999999997,
    "1,3,6,7": 1.3039,
    "1,4,5,6": 1.1384,
    "1,4,5,7": 2.1084009999999997,
    "1,4,6,7": 1.3039,
    "1,5,6,7": 1.1636,
    "2,3,4,5": 1.4714,
    "2,3,4,6": 1.4378,
    "2,3,4,7": 2.9482000000000004,
    "2,3,5,6": 1.1532,
    "2,3,5,7": 1.5735999999999999,
    "2,3,6,7": 1.9236,
    "2,4,5,6": 1.1532,
    "2,4,5,7": 1.5735999999999999,
    "2,4,6,7": 1.7067,
    "2,5,6,7": 1.2384,
    "3,4,5,6": 1.0627,
    "3,4,5,7": 1.5723,
    "3,4,6,7": 1.6811,
    "3,5,6,7": 1.2376,
    "4,5,6,7": 1.2453999999999998,
    "0,1,2,3,4": 0.6107,
    "0,1,2,3,5": 0.4709999999999999,
    "0,1,2,3,6": 0.7560999999999999,
    "0,1,2,3,7": 1.0478,
    "0,1,2,4,5": 0.4765,
    "0,1,2,4,6": 0.7815000000000001,
    "0,1,2,4,7": 1.0478,
    "0,1,2,5,6": 0.6944,
    "0,1,2,5,7": 1.0635,
    "0,1,2,6,7": 0.7352,
    "0,1,3,4,5": 0.4947000000000001,
    "0,1,3,4,6": 0.8599,
    "0,1,3,4,7": 1.1476,
    "0,1,3,5,6": 0.8641,
    "0,1,3,5,7": 1.1172,
    "0,1,3,6,7": 0.7181,
    "0,1,4,5,6": 0.8641,
    "0,1,4,5,7": 1.1529,
    "0,1,4,6,7": 0.752,
    "0,1,5,6,7": 0.8045,
    "0,2,3,4,5": 0.46919999999999995,
    "0,2,3,4,6": 0.6294,
    "0,2,3,4,7": 1.1042,
    "0,2,3,5,6": 0.5529999999999999,
    "0,2,3,5,7": 1.0539,
    "0,2,3,6,7": 0.764,
    "0,2,4,5,6": 0.5569,
    "0,2,4,5,7": 1.0789,
    "0,2,4,6,7": 0.7639,
    "0,2,5,6,7": 0.7072,
    "0,3,4,5,6": 0.7285999999999999,
    "0,3,4,5,7": 1.1012,
    "0,3,4,6,7": 0.7063999999999999,
    "0,3,5,6,7": 0.7479000000000001,
    "0,4,5,6,7": 0.7825000000000001,
    "1,2,3,4,5": 2.104301,
    "1,2,3,4,6": 1.2122,
    "1,2,3,4,7": 2.1345,
    "1,2,3,5,6": 1.1343,
    "1,2,3,5,7": 2.1755009999999997,
    "1,2,3,6,7": 1.3145,
    "1,2,4,5,6": 1.1343,
    "1,2,4,5,7": 2.1755009999999997,
    "1,2,4,6,7": 1.3145,
    "1,2,5,6,7": 1.1595,
    "1,3,4,5,6": 1.1384,
    "1,3,4,5,7": 2.1084009999999997,
    "1,3,4,6,7": 1.3039,
    "1,3,5,6,7": 1.1636,
    "1,4,5,6,7": 1.1636,
    "2,3,4,5,6": 1.1532,
    "2,3,4,5,7": 1.5735999999999999,
    "2,3,4,6,7": 1.9236,
    "2,3,5,6,7": 1.2384,
    "2,4,5,6,7": 1.2384,
    "3,4,5,6,7": 1.2376,
    "0,1,2,3,4,5": 0.4709999999999999,
    "0,1,2,3,4,6": 0.7560999999999999,
    "0,1,2,3,4,7": 1.0478,
    "0,1,2,3,5,6": 0.6904999999999999,
    "0,1,2,3,5,7": 1.0384999999999998,
    "0,1,2,3,6,7": 0.7353,
    "0,1,2,4,5,6": 0.6944,
    "0,1,2,4,5,7": 1.0635,
    "0,1,2,4,6,7": 0.7352,
    "0,1,2,5,6,7": 0.6951,
    "0,1,3,4,5,6": 0.8641,
    "0,1,3,4,5,7": 1.1172,
    "0,1,3,4,6,7": 0.7255,
    "0,1,3,5,6,7": 0.7688,
    "0,1,4,5,6,7": 0.8119,
    "0,2,3,4,5,6": 0.5529999999999999,
    "0,2,3,4,5,7": 1.0539,
    "0,2,3,4,6,7": 0.764,
    "0,2,3,5,6,7": 0.6768000000000001,
    "0,2,4,5,6,7": 0.7072,
    "0,3,4,5,6,7": 0.7553000000000001,
    "1,2,3,4,5,6": 1.1343,
    "1,2,3,4,5,7": 2.1755009999999997,
    "1,2,3,4,6,7": 1.3145,
    "1,2,3,5,6,7": 1.1595,
    "1,2,4,5,6,7": 1.1595,
    "1,3,4,5,6,7": 1.1636,
    "2,3,4,5,6,7": 1.2384,
    "0,1,2,3,4,5,6": 0.6904999999999999,
    "0,1,2,3,4,5,7": 1.0384999999999998,
    "0,1,2,3,4,6,7": 0.7353,
    "0,1,2,3,5,6,7": 0.6647000000000001,
    "0,1,2,4,5,6,7": 0.6951,
    "0,1,3,4,5,6,7": 0.7762,
    "0,2,3,4,5,6,7": 0.6768000000000001,
    "1,2,3,4,5,6,7": 1.1595,
    "0,1,2,3,4,5,6,7": 0.6647000000000001
  }
}
