{
  "object_name": "Game",
  "data_type": "game",
  "version": "1.4.2.dev29+g3d3c3a7e6.d20260421",
  "created_from": null,
  "description": null,
  "parameters": {},
  "timestamp": "2026-04-21T12:25:56.620201+00:00Z",
  "metadata": {
    "n_players": 8,
    "game_name": "Game_object",
    "normalization_value": 0.24609795212745667,
    "precompute_flag": false,
    "precomputed": true,
    "player_names": null
  },
  "data": {
    "Empty": 0.41050881147384644,
    "0": 0.3453496992588043,
    "1": 0.27257612347602844,
    "2": 0.1874428242444992,
    "3": 0.30175143480300903,
    "4": 0.3316633999347687,
    "5": 0.3479035794734955,
    "6": 0.26874104142189026,
    "7": 0.37772026658058167,
    "0,1": 0.3194916844367981,
    "0,2": 0.27319496870040894,
    "0,3": 0.4218784272670746,
    "0,4": 0.36355820298194885,
    "0,5": 0.37196511030197144,
    "0,6": 0.32752305269241333,
    "0,7": 0.3415125012397766,
    "1,2": 0.3058800995349884,
    "1,3": 0.36910778284072876,
    "1,4": 0.3434879183769226,
    "1,5": 0.27913224697113037,
    "1,6": 0.28315821290016174,
    "1,7": 0.40501299500465393,
    "2,3": 0.42840877175331116,
    "2,4": 0.23907768726348877,
    "2,5": 0.2119656801223755,
    "2,6": 0.2643951177597046,
    "2,7": 0.2708927094936371,
    "3,4": 0.31747084856033325,
    "3,5": 0.36756569147109985,
    "3,6": 0.5017406940460205,
    "3,7": 0.3515767455101013,
    "4,5": 0.3748616576194763,
    "4,6": 0.4096519947052002,
    "4,7": 0.34371206164360046,
    "5,6": 0.3830939829349518,
    "5,7": 0.36787092685699463,
    "6,7": 0.36556681990623474,
    "0,1,2": 0.31520405411720276,
    "0,1,3": 0.35677140951156616,
    "0,1,4": 0.4193858206272125,
    "0,1,5": 0.2771742045879364,
    "0,1,6": 0.3411586284637451,
    "0,1,7": 0.47475630044937134,
    "0,2,3": 0.34598758816719055,
    "0,2,4": 0.32014548778533936,
    "0,2,5": 0.3282594382762909,
    "0,2,6": 0.3592548370361328,
    "0,2,7": 0.3535851836204529,
    "0,3,4": 0.30538055300712585,
    "0,3,5": 0.2668073773384094,
    "0,3,6": 0.4305996000766754,
    "0,3,7": 0.4120044708251953,
    "0,4,5": 0.4315584599971771,
    "0,4,6": 0.4215431213378906,
    "0,4,7": 0.36137476563453674,
    "0,5,6": 0.33420616388320923,
    "0,5,7": 0.3516373038291931,
    "0,6,7": 0.41139689087867737,
    "1,2,3": 0.31957170367240906,
    "1,2,4": 0.46077442169189453,
    "1,2,5": 0.24228353798389435,
    "1,2,6": 0.3927187919616699,
    "1,2,7": 0.31995731592178345,
    "1,3,4": 0.3263514041900635,
    "1,3,5": 0.3494188189506531,
    "1,3,6": 0.22871708869934082,
    "1,3,7": 0.35496482253074646,
    "1,4,5": 0.4002676010131836,
    "1,4,6": 0.39933842420578003,
    "1,4,7": 0.38391831517219543,
    "1,5,6": 0.34568238258361816,
    "1,5,7": 0.26761651039123535,
    "1,6,7": 0.4157627522945404,
    "2,3,4": 0.26574423909187317,
    "2,3,5": 0.36574727296829224,
    "2,3,6": 0.35652396082878113,
    "2,3,7": 0.414257675409317,
    "2,4,5": 0.3054450750350952,
    "2,4,6": 0.3213595747947693,
    "2,4,7": 0.377737820148468,
    "2,5,6": 0.31986528635025024,
    "2,5,7": 0.22378131747245789,
    "2,6,7": 0.402761846780777,
    "3,4,5": 0.3243862986564636,
    "3,4,6": 0.36368459463119507,
    "3,4,7": 0.42315372824668884,
    "3,5,6": 0.36443623900413513,
    "3,5,7": 0.3232841491699219,
    "3,6,7": 0.3776405155658722,
    "4,5,6": 0.41381579637527466,
    "4,5,7": 0.3084048330783844,
    "4,6,7": 0.4070058763027191,
    "5,6,7": 0.36581534147262573,
    "0,1,2,3": 0.3520401120185852,
    "0,1,2,4": 0.2633431553840637,
    "0,1,2,5": 0.24607205390930176,
    "0,1,2,6": 0.3653247654438019,
    "0,1,2,7": 0.4137362837791443,
    "0,1,3,4": 0.4491801857948303,
    "0,1,3,5": 0.3603806793689728,
    "0,1,3,6": 0.3747928738594055,
    "0,1,3,7": 0.3976964056491852,
    "0,1,4,5": 0.299538791179657,
    "0,1,4,6": 0.47986936569213867,
    "0,1,4,7": 0.4861181378364563,
    "0,1,5,6": 0.41914859414100647,
    "0,1,5,7": 0.4221755564212799,
    "0,1,6,7": 0.4025156497955322,
    "0,2,3,4": 0.29499632120132446,
    "0,2,3,5": 0.32014375925064087,
    "0,2,3,6": 0.34240156412124634,
    "0,2,3,7": 0.3513505458831787,
    "0,2,4,5": 0.29397648572921753,
    "0,2,4,6": 0.4029301702976227,
    "0,2,4,7": 0.34226471185684204,
    "0,2,5,6": 0.4034584164619446,
    "0,2,5,7": 0.4121645987033844,
    "0,2,6,7": 0.4110361933708191,
    "0,3,4,5": 0.27177315950393677,
    "0,3,4,6": 0.40367937088012695,
    "0,3,4,7": 0.4166705012321472,
    "0,3,5,6": 0.3290960490703583,
    "0,3,5,7": 0.38571521639823914,
    "0,3,6,7": 0.4301784634590149,
    "0,4,5,6": 0.4526728093624115,
    "0,4,5,7": 0.34835848212242126,
    "0,4,6,7": 0.4573093056678772,
    "0,5,6,7": 0.3904231786727905,
    "1,2,3,4": 0.32128846645355225,
    "1,2,3,5": 0.3703385591506958,
    "1,2,3,6": 0.4658105969429016,
    "1,2,3,7": 0.2342684268951416,
    "1,2,4,5": 0.3424347937107086,
    "1,2,4,6": 0.3333302438259125,
    "1,2,4,7": 0.4667431712150574,
    "1,2,5,6": 0.32795125246047974,
    "1,2,5,7": 0.33478981256484985,
    "1,2,6,7": 0.4016025960445404,
    "1,3,4,5": 0.3215551972389221,
    "1,3,4,6": 0.45819807052612305,
    "1,3,4,7": 0.43257784843444824,
    "1,3,5,6": 0.36585885286331177,
    "1,3,5,7": 0.306682825088501,
    "1,3,6,7": 0.4055022597312927,
    "1,4,5,6": 0.3526914119720459,
    "1,4,5,7": 0.3224589228630066,
    "1,4,6,7": 0.4689064025878906,
    "1,5,6,7": 0.45907026529312134,
    "2,3,4,5": 0.36769309639930725,
    "2,3,4,6": 0.5012413263320923,
    "2,3,4,7": 0.37649914622306824,
    "2,3,5,6": 0.25845056772232056,
    "2,3,5,7": 0.2694401144981384,
    "2,3,6,7": 0.3293266296386719,
    "2,4,5,6": 0.2971445918083191,
    "2,4,5,7": 0.3375605642795563,
    "2,4,6,7": 0.37631750106811523,
    "2,5,6,7": 0.37367114424705505,
    "3,4,5,6": 0.37756842374801636,
    "3,4,5,7": 0.440638929605484,
    "3,4,6,7": 0.43975743651390076,
    "3,5,6,7": 0.38528332114219666,
    "4,5,6,7": 0.4298604130744934,
    "0,1,2,3,4": 0.40774932503700256,
    "0,1,2,3,5": 0.3126232326030731,
    "0,1,2,3,6": 0.48750799894332886,
    "0,1,2,3,7": 0.3888348639011383,
    "0,1,2,4,5": 0.34827476739883423,
    "0,1,2,4,6": 0.43254828453063965,
    "0,1,2,4,7": 0.3833969831466675,
    "0,1,2,5,6": 0.2741014063358307,
    "0,1,2,5,7": 0.3339815139770508,
    "0,1,2,6,7": 0.43872061371803284,
    "0,1,3,4,5": 0.3334273099899292,
    "0,1,3,4,6": 0.36015865206718445,
    "0,1,3,4,7": 0.396140992641449,
    "0,1,3,5,6": 0.35850590467453003,
    "0,1,3,5,7": 0.36534106731414795,
    "0,1,3,6,7": 0.4741698205471039,
    "0,1,4,5,6": 0.47464293241500854,
    "0,1,4,5,7": 0.38946086168289185,
    "0,1,4,6,7": 0.45397108793258667,
    "0,1,5,6,7": 0.4474261701107025,
    "0,2,3,4,5": 0.36784273386001587,
    "0,2,3,4,6": 0.43674030900001526,
    "0,2,3,4,7": 0.4709693491458893,
    "0,2,3,5,6": 0.39596208930015564,
    "0,2,3,5,7": 0.3435526192188263,
    "0,2,3,6,7": 0.3902086615562439,
    "0,2,4,5,6": 0.3844234049320221,
    "0,2,4,5,7": 0.3252844512462616,
    "0,2,4,6,7": 0.41798949241638184,
    "0,2,5,6,7": 0.4038406312465668,
    "0,3,4,5,6": 0.4349138140678406,
    "0,3,4,5,7": 0.39374056458473206,
    "0,3,4,6,7": 0.48506060242652893,
    "0,3,5,6,7": 0.41717496514320374,
    "0,4,5,6,7": 0.4348268508911133,
    "1,2,3,4,5": 0.4163568615913391,
    "1,2,3,4,6": 0.4665514826774597,
    "1,2,3,4,7": 0.43602389097213745,
    "1,2,3,5,6": 0.3021898865699768,
    "1,2,3,5,7": 0.33043473958969116,
    "1,2,3,6,7": 0.424699604511261,
    "1,2,4,5,6": 0.48133277893066406,
    "1,2,4,5,7": 0.2989329993724823,
    "1,2,4,6,7": 0.3744034469127655,
    "1,2,5,6,7": 0.34750133752822876,
    "1,3,4,5,6": 0.5712670087814331,
    "1,3,4,5,7": 0.42293962836265564,
    "1,3,4,6,7": 0.45267701148986816,
    "1,3,5,6,7": 0.3901605010032654,
    "1,4,5,6,7": 0.40588730573654175,
    "2,3,4,5,6": 0.32674211263656616,
    "2,3,4,5,7": 0.3411274254322052,
    "2,3,4,6,7": 0.4216477870941162,
    "2,3,5,6,7": 0.453559011220932,
    "2,4,5,6,7": 0.3205905556678772,