{
  "object_name": "Game",
  "data_type": "game",
  "version": "1.4.2.dev29+g3d3c3a7e6.d20260421",
  "created_from": null,
  "description": null,
  "parameters": {},
  "timestamp": "2026-04-21T12:25:56.284782+00:00Z",
  "metadata": {
    "n_players": 8,
    "game_name": "Game_object",
    "normalization_value": 2.056467975,
    "precompute_flag": false,
    "precomputed": true,
    "player_names": null
  },
  "data": {
    "Empty": 2.4499,
    "0": 2.9811,
    "1": 3.293703,
    "2": 3.0789999999999997,
    "3": 2.5017,
    "4": 2.7879,
    "5": 3.9505030000000003,
    "6": 3.1990000000000003,
    "7": 3.3790020000000007,
    "0,1": 3.3835,
    "0,2": 2.8847,
    "0,3": 2.7219,
    "0,4": 2.9477,
    "0,5": 3.7592039999999995,
    "0,6": 3.0692,
    "0,7": 3.2742000000000004,
    "1,2": 2.5568,
    "1,3": 2.7718000000000003,
    "1,4": 3.3766020000000005,
    "1,5": 4.286403,
    "1,6": 3.2325019999999993,
    "1,7": 2.895601,
    "2,3": 3.2583010000000003,
    "2,4": 3.320002,
    "2,5": 4.334504,
    "2,6": 3.4665,
    "2,7": 2.6295,
    "3,4": 2.7342000000000004,
    "3,5": 3.9344030000000005,
    "3,6": 2.8777,
    "3,7": 2.7116,
    "4,5": 3.4524019999999993,
    "4,6": 3.356402,
    "4,7": 3.4292030000000002,
    "5,6": 3.867603,
    "5,7": 3.3887029999999996,
    "6,7": 3.6413030000000006,
    "0,1,2": 3.1177,
    "0,1,3": 3.3327,
    "0,1,4": 3.3168009999999994,
    "0,1,5": 3.6754019999999996,
    "0,1,6": 2.8655,
    "0,1,7": 3.2851,
    "0,2,3": 3.0595,
    "0,2,4": 3.6362019999999995,
    "0,2,5": 3.848204,
    "0,2,6": 2.9681,
    "0,2,7": 3.148701,
    "0,3,4": 3.5890999999999997,
    "0,3,5": 3.7964019999999996,
    "0,3,6": 3.029101,
    "0,3,7": 3.2787009999999994,
    "0,4,5": 3.4777029999999995,
    "0,4,6": 3.2225,
    "0,4,7": 3.0879000000000003,
    "0,5,6": 3.3562000000000003,
    "0,5,7": 4.282305,
    "0,6,7": 3.1898,
    "1,2,3": 3.1299,
    "1,2,4": 3.908003,
    "1,2,5": 3.702702000000001,
    "1,2,6": 3.367301,
    "1,2,7": 2.706801,
    "1,3,4": 2.849301,
    "1,3,5": 3.7730040000000002,
    "1,3,6": 3.151901,
    "1,3,7": 2.689401,
    "1,4,5": 3.972905,
    "1,4,6": 2.739,
    "1,4,7": 2.9038019999999998,
    "1,5,6": 3.4773030000000005,
    "1,5,7": 4.3209040000000005,
    "1,6,7": 3.814703,
    "2,3,4": 3.13,
    "2,3,5": 3.3192029999999995,
    "2,3,6": 3.095901,
    "2,3,7": 2.2912,
    "2,4,5": 3.6559019999999998,
    "2,4,6": 2.8961,
    "2,4,7": 2.9612000000000003,
    "2,5,6": 3.755204,
    "2,5,7": 3.2499029999999998,
    "2,6,7": 3.1026,
    "3,4,5": 4.026504,
    "3,4,6": 2.9823999999999997,
    "3,4,7": 2.7709010000000003,
    "3,5,6": 3.9361040000000003,
    "3,5,7": 3.928004,
    "3,6,7": 3.543602,
    "4,5,6": 3.606003,
    "4,5,7": 4.006105,
    "4,6,7": 2.9968000000000004,
    "5,6,7": 3.7389020000000004,
    "0,1,2,3": 2.6276,
    "0,1,2,4": 3.195601,
    "0,1,2,5": 4.114006000000001,
    "0,1,2,6": 3.044701,
    "0,1,2,7": 3.0315,
    "0,1,3,4": 3.4128,
    "0,1,3,5": 4.005004,
    "0,1,3,6": 3.5985009999999997,
    "0,1,3,7": 3.3560000000000003,
    "0,1,4,5": 3.733903,
    "0,1,4,6": 3.0439999999999996,
    "0,1,4,7": 3.2237999999999998,
    "0,1,5,6": 3.5799999999999996,
    "0,1,5,7": 3.9024039999999998,
    "0,1,6,7": 3.0103,
    "0,2,3,4": 2.9938000000000002,
    "0,2,3,5": 4.049504999999999,
    "0,2,3,6": 3.0565,
    "0,2,3,7": 2.9155,
    "0,2,4,5": 3.317902,
    "0,2,4,6": 2.6222000000000003,
    "0,2,4,7": 3.116801,
    "0,2,5,6": 3.370001,
    "0,2,5,7": 3.741404,
    "0,2,6,7": 3.2843999999999993,
    "0,3,4,5": 3.526800999999999,
    "0,3,4,6": 2.9009,
    "0,3,4,7": 2.7776,
    "0,3,5,6": 3.3219000000000007,
    "0,3,5,7": 4.007504,
    "0,3,6,7": 2.9687,
    "0,4,5,6": 3.376601,
    "0,4,5,7": 3.7113029999999996,
    "0,4,6,7": 3.4116,
    "0,5,6,7": 3.6312000000000006,
    "1,2,3,4": 2.8225000000000002,
    "1,2,3,5": 3.7322029999999997,
    "1,2,3,6": 3.3716999999999997,
    "1,2,3,7": 3.0433010000000005,
    "1,2,4,5": 3.9866029999999997,
    "1,2,4,6": 2.7952000000000004,
    "1,2,4,7": 2.5494000000000003,
    "1,2,5,6": 2.993601,
    "1,2,5,7": 3.692203,
    "1,2,6,7": 3.1598999999999995,
    "1,3,4,5": 4.079104000000001,
    "1,3,4,6": 3.0744999999999996,
    "1,3,4,7": 3.8494029999999997,
    "1,3,5,6": 3.606702,
    "1,3,5,7": 4.157606000000001,
    "1,3,6,7": 3.665101,
    "1,4,5,6": 3.881303,
    "1,4,5,7": 4.2323059999999995,
    "1,4,6,7": 3.0274,
    "1,5,6,7": 3.9850030000000003,
    "2,3,4,5": 3.9726030000000003,
    "2,3,4,6": 2.7323,
    "2,3,4,7": 3.4196,
    "2,3,5,6": 3.4375029999999995,
    "2,3,5,7": 3.129404,
    "2,3,6,7": 3.4853,
    "2,4,5,6": 3.915705,
    "2,4,5,7": 3.6977029999999997,
    "2,4,6,7": 3.440601,
    "2,5,6,7": 3.297201,
    "3,4,5,6": 3.9498040000000003,
    "3,4,5,7": 3.2060019999999994,
    "3,4,6,7": 3.703603,
    "3,5,6,7": 3.520201,
    "4,5,6,7": 3.741003,
    "0,1,2,3,4": 2.9371,
    "0,1,2,3,5": 4.203306,
    "0,1,2,3,6": 3.292601,
    "0,1,2,3,7": 2.8852,
    "0,1,2,4,5": 3.6046040000000006,
    "0,1,2,4,6": 3.2019009999999994,
    "0,1,2,4,7": 3.3659999999999997,
    "0,1,2,5,6": 2.8998,
    "0,1,2,5,7": 3.924404,
    "0,1,2,6,7": 3.0446,
    "0,1,3,4,5": 4.026905000000001,
    "0,1,3,4,6": 3.0828,
    "0,1,3,4,7": 3.367400000000001,
    "0,1,3,5,6": 3.4201,
    "0,1,3,5,7": 3.853604,
    "0,1,3,6,7": 3.0839000000000003,
    "0,1,4,5,6": 3.4512,
    "0,1,4,5,7": 3.659804,
    "0,1,4,6,7": 3.2083,
    "0,1,5,6,7": 3.0756,
    "0,2,3,4,5": 3.9917050000000005,
    "0,2,3,4,6": 2.9101,
    "0,2,3,4,7": 3.2488,
    "0,2,3,5,6": 3.1563000000000003,
    "0,2,3,5,7": 3.731004,
    "0,2,3,6,7": 2.9105999999999996,
    "0,2,4,5,6": 2.9453,
    "0,2,4,5,7": 4.057306,
    "0,2,4,6,7": 3.096,
    "0,2,5,6,7": 2.8911000000000002,
    "0,3,4,5,6": 3.3608000000000002,
    "0,3,4,5,7": 3.3240030000000003,
    "0,3,4,6,7": 3.0599,
    "0,3,5,6,7": 3.2736000000000005,
    "0,4,5,6,7": 3.2936,
    "1,2,3,4,5": 3.926901000000001,
    "1,2,3,4,6": 3.358201,
    "1,2,3,4,7": 2.4476999999999998,
    "1,2,3,5,6": 3.322701,
    "1,2,3,5,7": 4.471907,
    "1,2,3,6,7": 3.4164010000000005,
    "1,2,4,5,6": 3.7074029999999993,
    "1,2,4,5,7": 3.9025049999999992,
    "1,2,4,6,7": 3.305301,
    "1,2,5,6,7": 3.819203999999999,
    "1,3,4,5,6": 3.4808019999999997,
    "1,3,4,5,7": 3.765202,
    "1,3,4,6,7": 3.0465999999999998,
    "1,3,5,6,7": 3.4336019999999996,
    "1,4,5,6,7": 3.305801000000001,
    "2,3,4,5,6": 3.903202999999999,
    "2,3,4,5,7": 3.8629030000000006,
    "2,3,4,6,7": 3.5365,
    "2,3,5,6,7": 3.6506029999999994,
    "2,4,5,6,7": 3.284802,
    "3,4,5,6,7": 4.037005,
    "0,1,2,3,4,5": 4.114005999999999,
    "0,1,2,3,4,6": 3.2999009999999998,
    "0,1,2,3,4,7": 3.4477,
    "0,1,2,3,5,6": 2.9015,
    "0,1,2,3,5,7": 3.3000010000000004,
    "0,1,2,3,6,7": 3.2459,
    "0,1,2,4,5,6": 2.9154999999999998,
    "0,1,2,4,5,7": 3.4791029999999994,
    "0,1,2,4,6,7": 3.1843000000000004,
    "0,1,2,5,6,7": 2.8509,
    "0,1,3,4,5,6": 3.5065,
    "0,1,3,4,5,7": 3.6607029999999994,
    "0,1,3,4,6,7": 3.0059,
    "0,1,3,5,6,7": 2.9109000000000003,
    "0,1,4,5,6,7": 2.8393,
    "0,2,3,4,5,6": 3.0058999999999996,
    "0,2,3,4,5,7": 3.2918019999999997,
    "0,2,3,4,6,7": 2.7704,
    "0,2,3,5,6,7": 2.9490000000000003,
    "0,2,4,5,6,7": 3.1950000000000003,
    "0,3,4,5,6,7": 3.1765,
    "1,2,3,4,5,6": 3.751703,
    "1,2,3,4,5,7": 4.168706,
    "1,2,3,4,6,7": 3.233201,
    "1,2,3,5,6,7": 3.551702,
    "1,2,4,5,6,7": 2.9366019999999997,
    "1,3,4,5,6,7": 3.9903040000000005,
    "2,3,4,5,6,7": 2.8996000000000004,
    "0,1,2,3,4,5,6": 2.9154999999999998,
    "0,1,2,3,4,5,7": 3.638004,
    "0,1,2,3,4,6,7": 3.0666,
    "0,1,2,3,5,6,7": 2.8911000000000002,
    "0,1,2,4,5,6,7": 2.785,
    "0,1,3,4,5,6,7": 3.4544000000000006,
    "0,2,3,4,5,6,7": 2.7974,
    "1,2,3,4,5,6,7": 3.5285030000000006,
    "0,1,2,3,4,5,6,7": 2.785
  }
}
