{
  "object_name": "Game",
  "data_type": "game",
  "version": "1.4.2.dev29+g3d3c3a7e6.d20260421",
  "created_from": null,
  "description": null,
  "parameters": {},
  "timestamp": "2026-04-21T12:25:56.661130+00:00Z",
  "metadata": {
    "n_players": 8,
    "game_name": "Game_object",
    "normalization_value": -0.09941155463457108,
    "precompute_flag": false,
    "precomputed": true,
    "player_names": null
  },
  "data": {
    "Empty": -0.09941155463457108,
    "0": 0.15424971282482147,
    "1": -0.19926783442497253,
    "2": -0.12208600342273712,
    "3": -0.0627865344285965,
    "4": -0.044877052307128906,
    "5": -0.1236647292971611,
    "6": 0.5989772081375122,
    "7": -0.2648969888687134,
    "0,1": 0.14655296504497528,
    "0,2": 0.07190756499767303,
    "0,3": 0.12575004994869232,
    "0,4": 0.1719234436750412,
    "0,5": 0.14543761312961578,
    "0,6": 0.632976233959198,
    "0,7": -0.10904081165790558,
    "1,2": -0.235404834151268,
    "1,3": -0.17284785211086273,
    "1,4": -0.15624406933784485,
    "1,5": -0.22014041244983673,
    "1,6": 0.5706899166107178,
    "1,7": -0.2736538350582123,
    "2,3": -0.15863041579723358,
    "2,4": -0.029473841190338135,
    "2,5": -0.15450716018676758,
    "2,6": 0.6069622039794922,
    "2,7": -0.28216391801834106,
    "3,4": 0.005016207695007324,
    "3,5": -0.06735268235206604,
    "3,6": 0.6063346862792969,
    "3,7": -0.17605650424957275,
    "4,5": -0.04753220081329346,
    "4,6": 0.5506494641304016,
    "4,7": -0.25076955556869507,
    "5,6": 0.523314356803894,
    "5,7": -0.27654266357421875,
    "6,7": 0.39830470085144043,
    "0,1,2": 0.053795769810676575,
    "0,1,3": 0.11577872931957245,
    "0,1,4": 0.19808046519756317,
    "0,1,5": 0.13827313482761383,
    "0,1,6": 0.7307729125022888,
    "0,1,7": -0.05694764852523804,
    "0,2,3": 0.08264152705669403,
    "0,2,4": 0.105283722281456,
    "0,2,5": 0.07408447563648224,
    "0,2,6": 0.6239796876907349,
    "0,2,7": -0.18741488456726074,
    "0,3,4": 0.1645018607378006,
    "0,3,5": 0.12368778884410858,
    "0,3,6": 0.6557964086532593,
    "0,3,7": -0.047627583146095276,
    "0,4,5": 0.17178215086460114,
    "0,4,6": 0.6639419794082642,
    "0,4,7": -0.11150503158569336,
    "0,5,6": 0.5730252265930176,
    "0,5,7": -0.12512345612049103,
    "0,6,7": 0.4568084478378296,
    "1,2,3": -0.26200252771377563,
    "1,2,4": -0.1488019824028015,
    "1,2,5": -0.27493083477020264,
    "1,2,6": 0.600045919418335,
    "1,2,7": -0.2796112298965454,
    "1,3,4": -0.08355449140071869,
    "1,3,5": -0.1656002700328827,
    "1,3,6": 0.520325779914856,
    "1,3,7": -0.20478950440883636,
    "1,4,5": -0.1670968383550644,
    "1,4,6": 0.5906332731246948,
    "1,4,7": -0.2406904697418213,
    "1,5,6": 0.4874284267425537,
    "1,5,7": -0.29018932580947876,
    "1,6,7": 0.39640718698501587,
    "2,3,4": -0.05984307825565338,
    "2,3,5": -0.1548486202955246,
    "2,3,6": 0.6156262159347534,
    "2,3,7": -0.2265712171792984,
    "2,4,5": -0.044307246804237366,
    "2,4,6": 0.5238812565803528,
    "2,4,7": -0.29701387882232666,
    "2,5,6": 0.5549788475036621,
    "2,5,7": -0.2981269955635071,
    "2,6,7": 0.41369450092315674,
    "3,4,5": 0.0020755380392074585,
    "3,4,6": 0.607588529586792,
    "3,4,7": -0.10964518040418625,
    "3,5,6": 0.5134786367416382,
    "3,5,7": -0.1969715654850006,
    "3,6,7": 0.3420450687408447,
    "4,5,6": 0.5059480667114258,
    "4,5,7": -0.26480111479759216,
    "4,6,7": 0.42807286977767944,
    "5,6,7": 0.3355101943016052,
    "0,1,2,3": 0.06557877361774445,
    "0,1,2,4": 0.10888738930225372,
    "0,1,2,5": 0.040253862738609314,
    "0,1,2,6": 0.6978328227996826,
    "0,1,2,7": -0.1347360610961914,
    "0,1,3,4": 0.1488565355539322,
    "0,1,3,5": 0.09580118954181671,
    "0,1,3,6": 0.7637226581573486,
    "0,1,3,7": -0.01878659427165985,
    "0,1,4,5": 0.19336311519145966,
    "0,1,4,6": 0.6907809972763062,
    "0,1,4,7": -0.07495370507240295,
    "0,1,5,6": 0.6544495820999146,
    "0,1,5,7": -0.07724490761756897,
    "0,1,6,7": 0.46302133798599243,
    "0,2,3,4": 0.09334148466587067,
    "0,2,3,5": 0.07160450518131256,
    "0,2,3,6": 0.6184285283088684,
    "0,2,3,7": -0.1671656370162964,
    "0,2,4,5": 0.09853599965572357,
    "0,2,4,6": 0.6439575552940369,
    "0,2,4,7": -0.21623075008392334,
    "0,2,5,6": 0.5741772651672363,
    "0,2,5,7": -0.2099044919013977,
    "0,2,6,7": 0.4255529046058655,
    "0,3,4,5": 0.16124145686626434,
    "0,3,4,6": 0.6798892021179199,
    "0,3,4,7": -0.057272523641586304,
    "0,3,5,6": 0.5931875705718994,
    "0,3,5,7": -0.05332385003566742,
    "0,3,6,7": 0.4430615305900574,
    "0,4,5,6": 0.6104740500450134,
    "0,4,5,7": -0.1148204579949379,
    "0,4,6,7": 0.4326856732368469,
    "0,5,6,7": 0.40803390741348267,
    "1,2,3,4": -0.14768743515014648,
    "1,2,3,5": -0.25558117032051086,
    "1,2,3,6": 0.5547537207603455,
    "1,2,3,7": -0.2658354341983795,
    "1,2,4,5": -0.16828373074531555,
    "1,2,4,6": 0.5691730976104736,
    "1,2,4,7": -0.2839229106903076,
    "1,2,5,6": 0.5292494893074036,
    "1,2,5,7": -0.3009840250015259,
    "1,2,6,7": 0.3962765336036682,
    "1,3,4,5": -0.07322801649570465,
    "1,3,4,6": 0.5942761898040771,
    "1,3,4,7": -0.14933368563652039,
    "1,3,5,6": 0.4414355158805847,
    "1,3,5,7": -0.22586458921432495,
    "1,3,6,7": 0.3282071352005005,
    "1,4,5,6": 0.5147007703781128,
    "1,4,5,7": -0.25830045342445374,
    "1,4,6,7": 0.40420103073120117,
    "1,5,6,7": 0.3048877716064453,
    "2,3,4,5": -0.07828642427921295,
    "2,3,4,6": 0.582302451133728,
    "2,3,4,7": -0.19182895123958588,
    "2,3,5,6": 0.540454089641571,
    "2,3,5,7": -0.24095945060253143,
    "2,3,6,7": 0.3702075481414795,
    "2,4,5,6": 0.4905696511268616,
    "2,4,5,7": -0.2926795780658722,
    "2,4,6,7": 0.39792490005493164,
    "2,5,6,7": 0.33436548709869385,
    "3,4,5,6": 0.5494830012321472,
    "3,4,5,7": -0.1311415284872055,
    "3,4,6,7": 0.33029884099960327,
    "3,5,6,7": 0.31613707542419434,
    "4,5,6,7": 0.35783952474594116,
    "0,1,2,3,4": 0.061305150389671326,
    "0,1,2,3,5": 0.04243724048137665,
    "0,1,2,3,6": 0.7091680765151978,
    "0,1,2,3,7": -0.12986987829208374,
    "0,1,2,4,5": 0.10145939886569977,
    "0,1,2,4,6": 0.6675719022750854,
    "0,1,2,4,7": -0.1694549024105072,
    "0,1,2,5,6": 0.6577117443084717,
    "0,1,2,5,7": -0.15659473836421967,
    "0,1,2,6,7": 0.4478733539581299,
    "0,1,3,4,5": 0.14299194514751434,
    "0,1,3,4,6": 0.7694498896598816,
    "0,1,3,4,7": -0.0043130964040756226,
    "0,1,3,5,6": 0.7024793028831482,
    "0,1,3,5,7": -0.02751024067401886,
    "0,1,3,6,7": 0.4619961977005005,
    "0,1,4,5,6": 0.6506062150001526,
    "0,1,4,5,7": -0.08037026226520538,
    "0,1,4,6,7": 0.4563727378845215,
    "0,1,5,6,7": 0.38469988107681274,
    "0,2,3,4,5": 0.077794149518013,
    "0,2,3,4,6": 0.6321871876716614,
    "0,2,3,4,7": -0.16305318474769592,
    "0,2,3,5,6": 0.5600839257240295,
    "0,2,3,5,7": -0.1774713397026062,
    "0,2,3,6,7": 0.40283679962158203,
    "0,2,4,5,6": 0.6130703091621399,
    "0,2,4,5,7": -0.22435414791107178,
    "0,2,4,6,7": 0.3994499444961548,
    "0,2,5,6,7": 0.37545597553253174,
    "0,3,4,5,6": 0.6171776056289673,
    "0,3,4,5,7": -0.052270159125328064,
    "0,3,4,6,7": 0.4599388837814331,
    "0,3,5,6,7": 0.4024926424026489,
    "0,4,5,6,7": 0.4059784412384033,
    "1,2,3,4,5": -0.1318972110748291,
    "1,2,3,4,6": 0.609276533126831,
    "1,2,3,4,7": -0.19240552186965942,
    "1,2,3,5,6": 0.49749159812927246,
    "1,2,3,5,7": -0.28313183784484863,
    "1,2,3,6,7": 0.3707478642463684,
    "1,2,4,5,6": 0.5217608213424683,
    "1,2,4,5,7": -0.2946564555168152,
    "1,2,4,6,7": 0.3745245933532715,
    "1,2,5,6,7": 0.3276379108428955,
    "1,3,4,5,6": 0.530453622341156,
    "1,3,4,5,7": -0.15086424350738525,
    "1,3,4,6,7": 0.3029859662055969,
    "1,3,5,6,7": 0.28358685970306396,
    "1,4,5,6,7": 0.31152206659317017,
    "2,3,4,5,6": 0.5422150492668152,
    "2,3,4,5,7": -0.19527587294578552,