{
  "object_name": "Game",
  "data_type": "game",
  "version": "1.4.2.dev29+g3d3c3a7e6.d20260421",
  "created_from": null,
  "description": null,
  "parameters": {},
  "timestamp": "2026-04-21T12:25:56.577451+00:00Z",
  "metadata": {
    "n_players": 8,
    "game_name": "Game_object",
    "normalization_value": 1.095975637435913,
    "precompute_flag": false,
    "precomputed": true,
    "player_names": null
  },
  "data": {
    "Empty": 1.095975637435913,
    "0": 1.9875175952911377,
    "1": 1.1505227088928223,
    "2": 1.1817569732666016,
    "3": 1.095975637435913,
    "4": 1.1019806861877441,
    "5": 1.1448028087615967,
    "6": 3.6014163494110107,
    "7": 0.4932309687137604,
    "0,1": 2.260146141052246,
    "0,2": 1.6338931322097778,
    "0,3": 1.913394808769226,
    "0,4": 1.9706863164901733,
    "0,5": 2.284895420074463,
    "0,6": 3.837742328643799,
    "0,7": 1.0526957511901855,
    "1,2": 1.19706130027771,
    "1,3": 1.1505227088928223,
    "1,4": 1.144991397857666,
    "1,5": 1.2311633825302124,
    "1,6": 3.8693532943725586,
    "1,7": 0.6621219515800476,
    "2,3": 1.1817569732666016,
    "2,4": 1.2674763202667236,
    "2,5": 1.1815321445465088,
    "2,6": 4.6208109855651855,
    "2,7": 0.6486408114433289,
    "3,4": 1.1019806861877441,
    "3,5": 1.1448028087615967,
    "3,6": 3.6014163494110107,
    "3,7": 0.4932309687137604,
    "4,5": 1.1707775592803955,
    "4,6": 3.617002487182617,
    "4,7": 0.48276540637016296,
    "5,6": 4.649118900299072,
    "5,7": 0.2667109966278076,
    "6,7": 1.0883790254592896,
    "0,1,2": 2.022644519805908,
    "0,1,3": 1.9886434078216553,
    "0,1,4": 2.2032415866851807,
    "0,1,5": 2.2505247592926025,
    "0,1,6": 4.359590530395508,
    "0,1,7": 1.6377785205841064,
    "0,2,3": 1.6338931322097778,
    "0,2,4": 1.6577955484390259,
    "0,2,5": 1.9831520318984985,
    "0,2,6": 4.329028129577637,
    "0,2,7": 0.6959208846092224,
    "0,3,4": 1.9706863164901733,
    "0,3,5": 2.284895420074463,
    "0,3,6": 3.7636196613311768,
    "0,3,7": 0.9785725474357605,
    "0,4,5": 2.302272081375122,
    "0,4,6": 3.9968295097351074,
    "0,4,7": 1.0319263935089111,
    "0,5,6": 4.238037109375,
    "0,5,7": 1.1727200746536255,
    "0,6,7": 1.7189617156982422,
    "1,2,3": 1.19706130027771,
    "1,2,4": 1.0879818201065063,
    "1,2,5": 1.254015564918518,
    "1,2,6": 4.986976623535156,
    "1,2,7": 0.8551037907600403,
    "1,3,4": 1.144991397857666,
    "1,3,5": 1.2311633825302124,
    "1,3,6": 3.8693532943725586,
    "1,3,7": 0.6621219515800476,
    "1,4,5": 1.245601773262024,
    "1,4,6": 3.8734025955200195,
    "1,4,7": 0.6460318565368652,
    "1,5,6": 4.838536739349365,
    "1,5,7": 0.6178656220436096,
    "1,6,7": 1.240539312362671,
    "2,3,4": 1.2674763202667236,
    "2,3,5": 1.1815321445465088,
    "2,3,6": 4.6208109855651855,
    "2,3,7": 0.6486408114433289,
    "2,4,5": 1.2872214317321777,
    "2,4,6": 4.416440963745117,
    "2,4,7": 0.6352677345275879,
    "2,5,6": 5.515606880187988,
    "2,5,7": 0.4308658838272095,
    "2,6,7": 1.3448994159698486,
    "3,4,5": 1.1707775592803955,
    "3,4,6": 3.617002487182617,
    "3,4,7": 0.48276540637016296,
    "3,5,6": 4.649118900299072,
    "3,5,7": 0.2667109966278076,
    "3,6,7": 1.0883790254592896,
    "4,5,6": 4.675093650817871,
    "4,5,7": 0.2658262848854065,
    "4,6,7": 1.0874942541122437,
    "5,6,7": 1.1033157110214233,
    "0,1,2,3": 1.8252646923065186,
    "0,1,2,4": 1.966054081916809,
    "0,1,2,5": 2.0902693271636963,
    "0,1,2,6": 4.875564098358154,
    "0,1,2,7": 1.473941683769226,
    "0,1,3,4": 2.005861282348633,
    "0,1,3,5": 2.0531444549560547,
    "0,1,3,6": 4.088088512420654,
    "0,1,3,7": 1.3662751913070679,
    "0,1,4,5": 2.417346477508545,
    "0,1,4,6": 4.478603839874268,
    "0,1,4,7": 1.5828474760055542,
    "0,1,5,6": 4.420987129211426,
    "0,1,5,7": 1.427615761756897,
    "0,1,6,7": 2.204054117202759,
    "0,2,3,4": 1.6577955484390259,
    "0,2,3,5": 1.9831520318984985,
    "0,2,3,6": 4.329028129577637,
    "0,2,3,7": 0.6959208846092224,
    "0,2,4,5": 1.9640172719955444,
    "0,2,4,6": 4.4572553634643555,
    "0,2,4,7": 0.7158854603767395,
    "0,2,5,6": 4.7812042236328125,
    "0,2,5,7": 1.0159024000167847,
    "0,2,6,7": 1.8437104225158691,
    "0,3,4,5": 2.302272081375122,
    "0,3,4,6": 3.9968295097351074,
    "0,3,4,7": 1.0319263935089111,
    "0,3,5,6": 4.238037109375,
    "0,3,5,7": 1.1727200746536255,
    "0,3,6,7": 1.6448390483856201,
    "0,4,5,6": 4.484757900238037,
    "0,4,5,7": 1.2281028032302856,
    "0,4,6,7": 1.7427561283111572,
    "0,5,6,7": 1.8210355043411255,
    "1,2,3,4": 1.0879818201065063,
    "1,2,3,5": 1.254015564918518,
    "1,2,3,6": 4.986976623535156,
    "1,2,3,7": 0.8551037907600403,
    "1,2,4,5": 1.1649057865142822,
    "1,2,4,6": 4.638117790222168,
    "1,2,4,7": 0.6528434753417969,
    "1,2,5,6": 5.828618049621582,
    "1,2,5,7": 0.8449577689170837,
    "1,2,6,7": 1.534631609916687,
    "1,3,4,5": 1.245601773262024,
    "1,3,4,6": 3.8734025955200195,
    "1,3,4,7": 0.6460318565368652,
    "1,3,5,6": 4.838536739349365,
    "1,3,5,7": 0.6178656220436096,
    "1,3,6,7": 1.240539312362671,
    "1,4,5,6": 4.8529744148254395,
    "1,4,5,7": 0.6113563776016235,
    "1,4,6,7": 1.2340302467346191,
    "1,5,6,7": 1.3104647397994995,
    "2,3,4,5": 1.2872214317321777,
    "2,3,4,6": 4.416440963745117,
    "2,3,4,7": 0.6352677345275879,
    "2,3,5,6": 5.515606880187988,
    "2,3,5,7": 0.4308658838272095,
    "2,3,6,7": 1.3448994159698486,
    "2,4,5,6": 5.321625709533691,
    "2,4,5,7": 0.42707371711730957,
    "2,4,6,7": 1.3411071300506592,
    "2,5,6,7": 1.3107763528823853,
    "3,4,5,6": 4.675093650817871,
    "3,4,5,7": 0.2658262848854065,
    "3,4,6,7": 1.0874942541122437,
    "3,5,6,7": 1.1033157110214233,
    "4,5,6,7": 1.1024311780929565,
    "0,1,2,3,4": 1.7686736583709717,
    "0,1,2,3,5": 1.8928896188735962,
    "0,1,2,3,6": 4.678183555603027,
    "0,1,2,3,7": 1.2765612602233887,
    "0,1,2,4,5": 2.1801600456237793,
    "0,1,2,4,6": 4.92329740524292,
    "0,1,2,4,7": 1.419324517250061,
    "0,1,2,5,6": 5.014206409454346,
    "0,1,2,5,7": 1.4891005754470825,
    "0,1,2,6,7": 2.292832374572754,
    "0,1,3,4,5": 2.219966173171997,
    "0,1,3,4,6": 4.281223297119141,
    "0,1,3,4,7": 1.3854670524597168,
    "0,1,3,5,6": 4.223607063293457,
    "0,1,3,5,7": 1.2302353382110596,
    "0,1,3,6,7": 1.932550072669983,
    "0,1,4,5,6": 4.817152500152588,
    "0,1,4,5,7": 1.6383557319641113,
    "0,1,4,6,7": 2.19368577003479,
    "0,1,5,6,7": 1.944039225578308,
    "0,2,3,4,5": 1.9640172719955444,
    "0,2,3,4,6": 4.4572553634643555,
    "0,2,3,4,7": 0.7158854603767395,
    "0,2,3,5,6": 4.7812042236328125,
    "0,2,3,5,7": 1.0159024000167847,
    "0,2,3,6,7": 1.8437104225158691,
    "0,2,4,5,6": 4.919820308685303,
    "0,2,4,5,7": 0.9824403524398804,
    "0,2,4,6,7": 1.908238172531128,
    "0,2,5,6,7": 2.0748658180236816,
    "0,3,4,5,6": 4.484757900238037,
    "0,3,4,5,7": 1.2281028032302856,
    "0,3,4,6,7": 1.7427561283111572,
    "0,3,5,6,7": 1.8210355043411255,
    "0,4,5,6,7": 1.9744080305099487,
    "1,2,3,4,5": 1.1649057865142822,
    "1,2,3,4,6": 4.638117790222168,
    "1,2,3,4,7": 0.6528434753417969,
    "1,2,3,5,6": 5.828618049621582,
    "1,2,3,5,7": 0.8449577689170837,
    "1,2,3,6,7": 1.534631609916687,
    "1,2,4,5,6": 5.490147590637207,
    "1,2,4,5,7": 0.6522782444953918,
    "1,2,4,6,7": 1.3922619819641113,
    "1,2,5,6,7": 1.5808625221252441,
    "1,3,4,5,6": 4.8529744148254395,
    "1,3,4,5,7": 0.6113563776016235,
    "1,3,4,6,7": 1.2340302467346191,
    "1,3,5,6,7": 1.3104647397994995,
    "1,4,5,6,7": 1.3039554357528687,
    "2,3,4,5,6": 5.321625709533691,
    "2,3,4,5,7": 0.42707371711730957,
    "2,3,4,6,7": 1.3411071300506592,
    "2,3,5,6,7": 1.3107763528823853,
    "2,4,5,6,7": 1.3069840669631958,
    "3,4,5,6,7": 1.1024311780929565,
    "0,1,2,3,4,5": 1.9827802181243896,
    "0,1,2,3,4,6": 4.725916862487793,
    "0,1,2,3,4,7": 1.2219440937042236,