{
  "object_name": "Game",
  "data_type": "game",
  "version": "1.4.2.dev29+g3d3c3a7e6.d20260421",
  "created_from": null,
  "description": null,
  "parameters": {},
  "timestamp": "2026-04-21T12:25:56.738746+00:00Z",
  "metadata": {
    "n_players": 8,
    "game_name": "Game_object",
    "normalization_value": 2.0525677175,
    "precompute_flag": false,
    "precomputed": true,
    "player_names": null
  },
  "data": {
    "Empty": 2.286891,
    "0": 2.31838,
    "1": 2.3589605000000007,
    "2": 2.3219100999999998,
    "3": 2.3333399999999997,
    "4": 2.2858201,
    "5": 2.122161,
    "6": 2.4661311,
    "7": 1.8765900000000002,
    "0,1": 2.3483701,
    "0,2": 2.1997600000000004,
    "0,3": 2.27424,
    "0,4": 2.3123200000000006,
    "0,5": 2.1056100000000004,
    "0,6": 2.3837,
    "0,7": 2.3011301000000004,
    "1,2": 2.2464799999999996,
    "1,3": 2.25339,
    "1,4": 2.1403201,
    "1,5": 1.8584699999999998,
    "1,6": 2.33349,
    "1,7": 2.4319399999999995,
    "2,3": 2.2708703000000003,
    "2,4": 2.16105,
    "2,5": 1.8731201000000002,
    "2,6": 2.2833099999999997,
    "2,7": 1.9886999999999997,
    "3,4": 2.3090306000000003,
    "3,5": 1.78691,
    "3,6": 1.7746000000000002,
    "3,7": 2.0514900000000003,
    "4,5": 2.2490007000000003,
    "4,6": 2.00151,
    "4,7": 2.4592301,
    "5,6": 1.77507,
    "5,7": 1.9908000000000001,
    "6,7": 2.08903,
    "0,1,2": 2.26005,
    "0,1,3": 2.3033,
    "0,1,4": 2.2701300000000004,
    "0,1,5": 2.0051300000000003,
    "0,1,6": 2.4360500000000003,
    "0,1,7": 2.3228299999999997,
    "0,2,3": 2.29084,
    "0,2,4": 2.2985800000000003,
    "0,2,5": 2.05511,
    "0,2,6": 2.2948000000000004,
    "0,2,7": 2.4694100000000003,
    "0,3,4": 2.3918399999999997,
    "0,3,5": 2.2677201000000005,
    "0,3,6": 2.3849899999999997,
    "0,3,7": 2.4151800999999997,
    "0,4,5": 2.1876,
    "0,4,6": 2.3003799999999996,
    "0,4,7": 2.2626099999999996,
    "0,5,6": 2.0781,
    "0,5,7": 2.1967499999999993,
    "0,6,7": 2.3008699999999997,
    "1,2,3": 2.0984705000000003,
    "1,2,4": 2.1543701,
    "1,2,5": 1.8953000000000002,
    "1,2,6": 2.04631,
    "1,2,7": 2.5589405000000003,
    "1,3,4": 2.1126,
    "1,3,5": 1.9298000000000002,
    "1,3,6": 2.2444105,
    "1,3,7": 2.00664,
    "1,4,5": 1.9161700000000004,
    "1,4,6": 2.0833600999999997,
    "1,4,7": 1.9615000000000002,
    "1,5,6": 1.8652799999999998,
    "1,5,7": 2.1024506,
    "1,6,7": 2.34481,
    "2,3,4": 2.5217601000000007,
    "2,3,5": 1.9370901999999997,
    "2,3,6": 2.2167199999999996,
    "2,3,7": 2.20581,
    "2,4,5": 1.9422599999999999,
    "2,4,6": 2.1012301,
    "2,4,7": 2.13051,
    "2,5,6": 1.69021,
    "2,5,7": 2.1171004000000004,
    "2,6,7": 2.0324,
    "3,4,5": 1.95718,
    "3,4,6": 2.1939900000000003,
    "3,4,7": 2.3782807,
    "3,5,6": 1.8383299999999998,
    "3,5,7": 2.1649700000000003,
    "3,6,7": 2.25786,
    "4,5,6": 2.03095,
    "4,5,7": 2.1506300000000005,
    "4,6,7": 2.20542,
    "5,6,7": 2.0086000000000004,
    "0,1,2,3": 2.1420000999999997,
    "0,1,2,4": 2.10192,
    "0,1,2,5": 2.06455,
    "0,1,2,6": 2.20879,
    "0,1,2,7": 2.2450799999999997,
    "0,1,3,4": 2.3214300000000003,
    "0,1,3,5": 2.11888,
    "0,1,3,6": 2.4238401,
    "0,1,3,7": 2.1658800000000005,
    "0,1,4,5": 2.05168,
    "0,1,4,6": 2.34012,
    "0,1,4,7": 2.2165901,
    "0,1,5,6": 2.0391199999999996,
    "0,1,5,7": 2.12063,
    "0,1,6,7": 2.2075199999999997,
    "0,2,3,4": 2.2128299999999994,
    "0,2,3,5": 2.10583,
    "0,2,3,6": 2.39344,
    "0,2,3,7": 2.35132,
    "0,2,4,5": 2.1049500000000005,
    "0,2,4,6": 2.2218299999999997,
    "0,2,4,7": 2.2852801,
    "0,2,5,6": 2.06901,
    "0,2,5,7": 2.0521900000000004,
    "0,2,6,7": 2.40187,
    "0,3,4,5": 2.09232,
    "0,3,4,6": 2.25091,
    "0,3,4,7": 2.3083099999999996,
    "0,3,5,6": 2.1190700000000002,
    "0,3,5,7": 2.15933,
    "0,3,6,7": 2.4627501,
    "0,4,5,6": 2.0396300000000003,
    "0,4,5,7": 2.09072,
    "0,4,6,7": 2.3240299999999996,
    "0,5,6,7": 2.12614,
    "1,2,3,4": 2.1738600000000003,
    "1,2,3,5": 2.0217699999999996,
    "1,2,3,6": 2.4581809,
    "1,2,3,7": 1.8988899999999997,
    "1,2,4,5": 1.8873000000000002,
    "1,2,4,6": 1.9066400000000001,
    "1,2,4,7": 2.1877400000000002,
    "1,2,5,6": 2.1285005999999997,
    "1,2,5,7": 2.1207706,
    "1,2,6,7": 2.1684600000000005,
    "1,3,4,5": 1.8747700000000003,
    "1,3,4,6": 2.4314409,
    "1,3,4,7": 2.03059,
    "1,3,5,6": 2.0082101000000003,
    "1,3,5,7": 1.8180600999999998,
    "1,3,6,7": 2.00013,
    "1,4,5,6": 2.1142901,
    "1,4,5,7": 1.8798700000000004,
    "1,4,6,7": 2.3441107000000003,
    "1,5,6,7": 2.2370010000000002,
    "2,3,4,5": 1.79148,
    "2,3,4,6": 2.0503,
    "2,3,4,7": 2.26716,
    "2,3,5,6": 2.01253,
    "2,3,5,7": 1.90495,
    "2,3,6,7": 2.0121,
    "2,4,5,6": 1.9219199999999996,
    "2,4,5,7": 1.9052200000000004,
    "2,4,6,7": 2.0645700000000002,
    "2,5,6,7": 1.87042,
    "3,4,5,6": 1.9933999999999998,
    "3,4,5,7": 1.8636400000000002,
    "3,4,6,7": 2.4460808999999997,
    "3,5,6,7": 1.71706,
    "4,5,6,7": 1.8747100000000003,
    "0,1,2,3,4": 2.2677499999999995,
    "0,1,2,3,5": 1.9956599999999998,
    "0,1,2,3,6": 2.22116,
    "0,1,2,3,7": 2.3239801,
    "0,1,2,4,5": 2.03763,
    "0,1,2,4,6": 2.1117,
    "0,1,2,4,7": 2.27181,
    "0,1,2,5,6": 2.0456499999999997,
    "0,1,2,5,7": 2.0250100000000004,
    "0,1,2,6,7": 2.1524199999999998,
    "0,1,3,4,5": 2.0592099999999998,
    "0,1,3,4,6": 2.24375,
    "0,1,3,4,7": 2.3601701,
    "0,1,3,5,6": 2.1599101,
    "0,1,3,5,7": 2.1596700999999996,
    "0,1,3,6,7": 2.21503,
    "0,1,4,5,6": 2.0572500000000002,
    "0,1,4,5,7": 2.13091,
    "0,1,4,6,7": 2.26743,
    "0,1,5,6,7": 2.13883,
    "0,2,3,4,5": 2.1080099999999997,
    "0,2,3,4,6": 2.23562,
    "0,2,3,4,7": 2.2449999999999997,
    "0,2,3,5,6": 2.14587,
    "0,2,3,5,7": 2.1304100000000004,
    "0,2,3,6,7": 2.16442,
    "0,2,4,5,6": 2.10942,
    "0,2,4,5,7": 2.0183600000000004,
    "0,2,4,6,7": 2.1565299999999996,
    "0,2,5,6,7": 2.1443400000000006,
    "0,3,4,5,6": 2.2253399999999997,
    "0,3,4,5,7": 2.12778,
    "0,3,4,6,7": 2.37768,
    "0,3,5,6,7": 2.1741501,
    "0,4,5,6,7": 2.0508099999999994,
    "1,2,3,4,5": 1.8581099999999995,
    "1,2,3,4,6": 2.01846,
    "1,2,3,4,7": 2.02126,
    "1,2,3,5,6": 1.93972,
    "1,2,3,5,7": 2.0070802,
    "1,2,3,6,7": 2.09709,
    "1,2,4,5,6": 1.9730800000000002,
    "1,2,4,5,7": 1.99323,
    "1,2,4,6,7": 2.06433,
    "1,2,5,6,7": 2.4576912,
    "1,3,4,5,6": 1.9922601,
    "1,3,4,5,7": 1.8665100000000003,
    "1,3,4,6,7": 2.01165,
    "1,3,5,6,7": 2.0389201,
    "1,4,5,6,7": 1.8812199999999997,
    "2,3,4,5,6": 1.9638199999999997,
    "2,3,4,5,7": 1.9811200999999996,
    "2,3,4,6,7": 2.1037399999999997,
    "2,3,5,6,7": 1.8287000000000002,
    "2,4,5,6,7": 1.9845800999999998,
    "3,4,5,6,7": 2.2806507,
    "0,1,2,3,4,5": 2.0808899999999997,
    "0,1,2,3,4,6": 2.17261,
    "0,1,2,3,4,7": 2.2137300000000004,
    "0,1,2,3,5,6": 2.1049800000000003,
    "0,1,2,3,5,7": 2.09582,
    "0,1,2,3,6,7": 2.2006299999999994,
    "0,1,2,4,5,6": 1.9831899999999998,
    "0,1,2,4,5,7": 2.02786,
    "0,1,2,4,6,7": 2.2200599999999997,
    "0,1,2,5,6,7": 2.06651,
    "0,1,3,4,5,6": 2.12536,
    "0,1,3,4,5,7": 2.1113,
    "0,1,3,4,6,7": 2.4263201000000003,
    "0,1,3,5,6,7": 2.1172600000000004,
    "0,1,4,5,6,7": 2.10491,
    "0,2,3,4,5,6": 2.1265399999999994,
    "0,2,3,4,5,7": 2.11183,
    "0,2,3,4,6,7": 2.2841499999999995,
    "0,2,3,5,6,7": 2.09151,
    "0,2,4,5,6,7": 2.0227299999999997,
    "0,3,4,5,6,7": 2.16702,
    "1,2,3,4,5,6": 1.83641,
    "1,2,3,4,5,7": 2.0146,
    "1,2,3,4,6,7": 1.9967700000000002,
    "1,2,3,5,6,7": 1.8006999999999997,
    "1,2,4,5,6,7": 1.84979,
    "1,3,4,5,6,7": 2.0174600999999996,
    "2,3,4,5,6,7": 2.00914,
    "0,1,2,3,4,5,6": 2.04281,
    "0,1,2,3,4,5,7": 2.06693,
    "0,1,2,3,4,6,7": 2.04385,
    "0,1,2,3,5,6,7": 2.1057300000000003,
    "0,1,2,4,5,6,7": 2.06456,
    "0,1,3,4,5,6,7": 2.1388299999999996,
    "0,2,3,4,5,6,7": 2.10376,