{
  "object_name": "Game",
  "data_type": "game",
  "version": "1.4.2.dev29+g3d3c3a7e6.d20260421",
  "created_from": null,
  "description": null,
  "parameters": {},
  "timestamp": "2026-04-21T12:25:56.794667+00:00Z",
  "metadata": {
    "n_players": 8,
    "game_name": "Game_object",
    "normalization_value": 0.9179999999999999,
    "precompute_flag": false,
    "precomputed": true,
    "player_names": null
  },
  "data": {
    "Empty": 0.9179999999999999,
    "0": 4.379504,
    "1": 1.0967,
    "2": 1.0091999999999999,
    "3": 0.9179999999999999,
    "4": 0.9982999999999999,
    "5": 0.8696999999999999,
    "6": 3.0291019999999995,
    "7": 0.9334,
    "0,1": 3.9745019999999998,
    "0,2": 4.563604000000001,
    "0,3": 4.379504,
    "0,4": 4.437004,
    "0,5": 4.085001999999999,
    "0,6": 4.432104,
    "0,7": 4.224104,
    "1,2": 1.1432,
    "1,3": 1.0967,
    "1,4": 1.0703,
    "1,5": 1.0112999999999999,
    "1,6": 3.0063009999999997,
    "1,7": 1.0982,
    "2,3": 1.0091999999999999,
    "2,4": 1.0894999999999997,
    "2,5": 0.9964999999999999,
    "2,6": 3.123802,
    "2,7": 1.0646,
    "3,4": 0.9982999999999999,
    "3,5": 0.8696999999999999,
    "3,6": 3.0451019999999995,
    "3,7": 0.9334,
    "4,5": 0.9384,
    "4,6": 2.745202,
    "4,7": 1.0147,
    "5,6": 2.1914999999999996,
    "5,7": 0.857,
    "6,7": 2.2351,
    "0,1,2": 4.0416,
    "0,1,3": 3.9745019999999998,
    "0,1,4": 4.226002,
    "0,1,5": 3.7616,
    "0,1,6": 4.166602,
    "0,1,7": 3.8191019999999996,
    "0,2,3": 4.563604000000001,
    "0,2,4": 4.495404000000001,
    "0,2,5": 4.248901999999999,
    "0,2,6": 4.615304,
    "0,2,7": 4.4082040000000005,
    "0,3,4": 4.437004,
    "0,3,5": 4.085001999999999,
    "0,3,6": 4.432104,
    "0,3,7": 4.224104,
    "0,4,5": 4.155202,
    "0,4,6": 4.489604,
    "0,4,7": 4.413104,
    "0,5,6": 4.137601999999999,
    "0,5,7": 4.154603,
    "0,6,7": 4.300604,
    "1,2,3": 1.1432,
    "1,2,4": 1.1432,
    "1,2,5": 1.0405,
    "1,2,6": 3.010401,
    "1,2,7": 1.1683,
    "1,3,4": 1.0703,
    "1,3,5": 1.0112999999999999,
    "1,3,6": 3.0223009999999997,
    "1,3,7": 1.0982,
    "1,4,5": 1.0112999999999999,
    "1,4,6": 2.742101,
    "1,4,7": 1.0718,
    "1,5,6": 2.2883,
    "1,5,7": 1.0004,
    "1,6,7": 2.2961,
    "2,3,4": 1.0894999999999997,
    "2,3,5": 0.9964999999999999,
    "2,3,6": 3.139802,
    "2,3,7": 1.0646,
    "2,4,5": 1.0652,
    "2,4,6": 2.745202,
    "2,4,7": 1.1458999999999997,
    "2,5,6": 2.2902,
    "2,5,7": 1.0261,
    "2,6,7": 2.6083000000000003,
    "3,4,5": 0.9384,
    "3,4,6": 2.8271019999999996,
    "3,4,7": 1.0147,
    "3,5,6": 2.2074999999999996,
    "3,5,7": 0.857,
    "3,6,7": 2.2047999999999996,
    "4,5,6": 2.297401,
    "4,5,7": 0.9267,
    "4,6,7": 2.209,
    "5,6,7": 2.1358,
    "0,1,2,3": 4.0416,
    "0,1,2,4": 4.0713,
    "0,1,2,5": 3.8580999999999994,
    "0,1,2,6": 4.2328,
    "0,1,2,7": 3.8861999999999997,
    "0,1,3,4": 4.226002,
    "0,1,3,5": 3.7616,
    "0,1,3,6": 4.166602,
    "0,1,3,7": 3.8191019999999996,
    "0,1,4,5": 3.9329,
    "0,1,4,6": 4.418101999999999,
    "0,1,4,7": 4.193902,
    "0,1,5,6": 3.9537,
    "0,1,5,7": 3.877000999999999,
    "0,1,6,7": 4.035102,
    "0,2,3,4": 4.495404000000001,
    "0,2,3,5": 4.248901999999999,
    "0,2,3,6": 4.615304,
    "0,2,3,7": 4.4082040000000005,
    "0,2,4,5": 4.206402,
    "0,2,4,6": 4.547104000000001,
    "0,2,4,7": 4.5202040000000006,
    "0,2,5,6": 4.300602,
    "0,2,5,7": 4.209002,
    "0,2,6,7": 4.4962040000000005,
    "0,3,4,5": 4.155202,
    "0,3,4,6": 4.489604,
    "0,3,4,7": 4.413104,
    "0,3,5,6": 4.137601999999999,
    "0,3,5,7": 4.154603,
    "0,3,6,7": 4.300604,
    "0,4,5,6": 4.207801999999999,
    "0,4,5,7": 4.336502999999999,
    "0,4,6,7": 4.465704,
    "0,5,6,7": 4.231102999999999,
    "1,2,3,4": 1.1432,
    "1,2,3,5": 1.0405,
    "1,2,3,6": 3.026401,
    "1,2,3,7": 1.1683,
    "1,2,4,5": 1.0405,
    "1,2,4,6": 2.746201,
    "1,2,4,7": 1.1683,
    "1,2,5,6": 2.3864000000000005,
    "1,2,5,7": 1.0532,
    "1,2,6,7": 2.5999000000000003,
    "1,3,4,5": 1.0112999999999999,
    "1,3,4,6": 2.824001,
    "1,3,4,7": 1.0718,
    "1,3,5,6": 2.3043,
    "1,3,5,7": 1.0004,
    "1,3,6,7": 2.2658,
    "1,4,5,6": 2.414301,
    "1,4,5,7": 1.0004,
    "1,4,6,7": 2.2363000000000004,
    "1,5,6,7": 2.2326,
    "2,3,4,5": 1.0652,
    "2,3,4,6": 2.8271019999999996,
    "2,3,4,7": 1.1458999999999997,
    "2,3,5,6": 2.3061999999999996,
    "2,3,5,7": 1.0261,
    "2,3,6,7": 2.5780000000000003,
    "2,4,5,6": 2.378201,
    "2,4,5,7": 1.0958,
    "2,4,6,7": 2.553,
    "2,5,6,7": 2.2324000000000006,
    "3,4,5,6": 2.3793009999999994,
    "3,4,5,7": 0.9267,
    "3,4,6,7": 2.2177999999999995,
    "3,5,6,7": 2.1055,
    "4,5,6,7": 2.1611000000000002,
    "0,1,2,3,4": 4.0713,
    "0,1,2,3,5": 3.8580999999999994,
    "0,1,2,3,6": 4.2328,
    "0,1,2,3,7": 3.8861999999999997,
    "0,1,2,4,5": 3.8497999999999997,
    "0,1,2,4,6": 4.262500000000001,
    "0,1,2,4,7": 4.0961,
    "0,1,2,5,6": 4.0493,
    "0,1,2,5,7": 3.8639999999999994,
    "0,1,2,6,7": 4.1137,
    "0,1,3,4,5": 3.9329,
    "0,1,3,4,6": 4.418101999999999,
    "0,1,3,4,7": 4.193902,
    "0,1,3,5,6": 3.9537,
    "0,1,3,5,7": 3.877000999999999,
    "0,1,3,6,7": 4.035102,
    "0,1,4,5,6": 4.125,
    "0,1,4,5,7": 4.151801,
    "0,1,4,6,7": 4.3860019999999995,
    "0,1,5,6,7": 4.093001,
    "0,2,3,4,5": 4.206402,
    "0,2,3,4,6": 4.547104000000001,
    "0,2,3,4,7": 4.5202040000000006,
    "0,2,3,5,6": 4.300602,
    "0,2,3,5,7": 4.209002,
    "0,2,3,6,7": 4.4962040000000005,
    "0,2,4,5,6": 4.258102,
    "0,2,4,5,7": 4.326902,
    "0,2,4,6,7": 4.571904000000001,
    "0,2,5,6,7": 4.297002,
    "0,3,4,5,6": 4.207801999999999,
    "0,3,4,5,7": 4.336502999999999,
    "0,3,4,6,7": 4.465704,
    "0,3,5,6,7": 4.231102999999999,
    "0,4,5,6,7": 4.389102999999999,
    "1,2,3,4,5": 1.0405,
    "1,2,3,4,6": 2.828101,
    "1,2,3,4,7": 1.1683,
    "1,2,3,5,6": 2.4024,
    "1,2,3,5,7": 1.0532,
    "1,2,3,6,7": 2.5696000000000003,
    "1,2,4,5,6": 2.5180010000000004,
    "1,2,4,5,7": 1.0532,
    "1,2,4,6,7": 2.5710000000000006,
    "1,2,5,6,7": 2.3286000000000007,
    "1,3,4,5,6": 2.496201,
    "1,3,4,5,7": 1.0004,
    "1,3,4,6,7": 2.2451,
    "1,3,5,6,7": 2.2023,
    "1,4,5,6,7": 2.2405000000000004,
    "2,3,4,5,6": 2.4601009999999994,
    "2,3,4,5,7": 1.0958,
    "2,3,4,6,7": 2.5618,
    "2,3,5,6,7": 2.2021,
    "2,4,5,6,7": 2.2923999999999998,
    "3,4,5,6,7": 2.1698999999999997,
    "0,1,2,3,4,5": 3.8497999999999997,
    "0,1,2,3,4,6": 4.262500000000001,
    "0,1,2,3,4,7": 4.0961,
    "0,1,2,3,5,6": 4.0493,
    "0,1,2,3,5,7": 3.8639999999999994,
    "0,1,2,3,6,7": 4.1137,
    "0,1,2,4,5,6": 4.0409999999999995,
    "0,1,2,4,5,7": 4.0161,
    "0,1,2,4,6,7": 4.2873,
    "0,1,2,5,6,7": 4.0915,
    "0,1,3,4,5,6": 4.125,
    "0,1,3,4,5,7": 4.151801,
    "0,1,3,4,6,7": 4.3860019999999995,
    "0,1,3,5,6,7": 4.093001,
    "0,1,4,5,6,7": 4.343901,
    "0,2,3,4,5,6": 4.258102,
    "0,2,3,4,5,7": 4.326902,
    "0,2,3,4,6,7": 4.571904000000001,
    "0,2,3,5,6,7": 4.297002,
    "0,2,4,5,6,7": 4.378602,
    "0,3,4,5,6,7": 4.389102999999999,
    "1,2,3,4,5,6": 2.599901,
    "1,2,3,4,5,7": 1.0532,
    "1,2,3,4,6,7": 2.5798,
    "1,2,3,5,6,7": 2.2983000000000002,
    "1,2,4,5,6,7": 2.3442000000000003,
    "1,3,4,5,6,7": 2.2493000000000003,
    "2,3,4,5,6,7": 2.3011999999999997,
    "0,1,2,3,4,5,6": 4.0409999999999995,
    "0,1,2,3,4,5,7": 4.0161,
    "0,1,2,3,4,6,7": 4.2873,
    "0,1,2,3,5,6,7": 4.0915,
    "0,1,2,4,5,6,7": 4.2073,
    "0,1,3,4,5,6,7": 4.343901,
    "0,2,3,4,5,6,7": 4.378602,
    "1,2,3,4,5,6,7": 2.3530000000000006,
    "0,1,2,3,4,5,6,7": 4.2073
  }
}
