{
  "object_name": "Game",
  "data_type": "game",
  "version": "1.4.2.dev29+g3d3c3a7e6.d20260421",
  "created_from": null,
  "description": null,
  "parameters": {},
  "timestamp": "2026-04-21T12:25:56.654369+00:00Z",
  "metadata": {
    "n_players": 8,
    "game_name": "Game_object",
    "normalization_value": 0.24609795212745667,
    "precompute_flag": false,
    "precomputed": true,
    "player_names": null
  },
  "data": {
    "Empty": 0.05459519475698471,
    "0": 0.006826803088188171,
    "1": 0.08469218015670776,
    "2": 0.1667674481868744,
    "3": 0.02829853817820549,
    "4": 0.03243346884846687,
    "5": 0.04343678429722786,
    "6": 0.06989958882331848,
    "7": 0.12964050471782684,
    "0,1": -0.058491360396146774,
    "0,2": -0.08730530738830566,
    "0,3": 0.007073946297168732,
    "0,4": 0.10404165834188461,
    "0,5": -0.042211394757032394,
    "0,6": 0.014610986225306988,
    "0,7": 0.0710039958357811,
    "1,2": -0.010061534121632576,
    "1,3": 0.04002956673502922,
    "1,4": 0.058335162699222565,
    "1,5": 0.08020927011966705,
    "1,6": 0.10579048097133636,
    "1,7": 0.11736452579498291,
    "2,3": 0.21201756596565247,
    "2,4": -0.00998869352042675,
    "2,5": 0.04224230721592903,
    "2,6": 0.2065807580947876,
    "2,7": 0.24994805455207825,
    "3,4": 0.06177978962659836,
    "3,5": 0.1096552237868309,
    "3,6": 0.15055327117443085,
    "3,7": 0.19420918822288513,
    "4,5": 0.07905245572328568,
    "4,6": 0.19195294380187988,
    "4,7": 0.0973973348736763,
    "5,6": 0.11401085555553436,
    "5,7": 0.10272485017776489,
    "6,7": 0.19592727720737457,
    "0,1,2": 0.005565127823501825,
    "0,1,3": -0.04703914001584053,
    "0,1,4": -0.11200936138629913,
    "0,1,5": -0.0589422807097435,
    "0,1,6": -0.04463573545217514,
    "0,1,7": 0.004208526108413935,
    "0,2,3": -0.04119998216629028,
    "0,2,4": 0.027887582778930664,
    "0,2,5": 0.01012545358389616,
    "0,2,6": 0.08046227693557739,
    "0,2,7": 0.18378379940986633,
    "0,3,4": 0.0004562854883261025,
    "0,3,5": -0.06151845306158066,
    "0,3,6": 0.054646871984004974,
    "0,3,7": 0.09293630719184875,
    "0,4,5": -0.03200540691614151,
    "0,4,6": 0.052205003798007965,
    "0,4,7": 0.06245547533035278,
    "0,5,6": -0.004110960755497217,
    "0,5,7": 0.06720615178346634,
    "0,6,7": 0.06497935205698013,
    "1,2,3": 0.11295129358768463,
    "1,2,4": 0.03975486755371094,
    "1,2,5": -0.003997130785137415,
    "1,2,6": 0.1520872712135315,
    "1,2,7": 0.18377628922462463,
    "1,3,4": 0.20211823284626007,
    "1,3,5": 0.06525179743766785,
    "1,3,6": 0.12510259449481964,
    "1,3,7": 0.07419240474700928,
    "1,4,5": 0.022144941613078117,
    "1,4,6": 0.1301996409893036,
    "1,4,7": 0.04639490321278572,
    "1,5,6": 0.1009003296494484,
    "1,5,7": 0.16718131303787231,
    "1,6,7": 0.17941276729106903,
    "2,3,4": 0.12105952203273773,
    "2,3,5": 0.059428196400403976,
    "2,3,6": 0.08387944847345352,
    "2,3,7": 0.10982160270214081,
    "2,4,5": 0.018885701894760132,
    "2,4,6": 0.1136990413069725,
    "2,4,7": 0.15160012245178223,
    "2,5,6": 0.13344526290893555,
    "2,5,7": 0.16277948021888733,
    "2,6,7": 0.19649356603622437,
    "3,4,5": 0.05159960314631462,
    "3,4,6": 0.1521010547876358,
    "3,4,7": 0.12062156200408936,
    "3,5,6": 0.1272299587726593,
    "3,5,7": 0.07046254724264145,
    "3,6,7": 0.19356034696102142,
    "4,5,6": 0.07324203848838806,
    "4,5,7": 0.07878878712654114,
    "4,6,7": 0.14849701523780823,
    "5,6,7": 0.09302158653736115,
    "0,1,2,3": -0.05217788368463516,
    "0,1,2,4": -0.0663365051150322,
    "0,1,2,5": -0.07619258761405945,
    "0,1,2,6": 0.11106157302856445,
    "0,1,2,7": 0.053942810744047165,
    "0,1,3,4": 0.002279797103255987,
    "0,1,3,5": -0.021968049928545952,
    "0,1,3,6": -0.016523996368050575,
    "0,1,3,7": 0.006746369414031506,
    "0,1,4,5": -0.08929149806499481,
    "0,1,4,6": -0.03244969993829727,
    "0,1,4,7": -0.021311627700924873,
    "0,1,5,6": 0.0054306029342114925,
    "0,1,5,7": 0.029937077313661575,
    "0,1,6,7": 0.08310388028621674,
    "0,2,3,4": 0.032708603888750076,
    "0,2,3,5": 0.02733989991247654,
    "0,2,3,6": 0.02948862686753273,
    "0,2,3,7": 0.16600321233272552,
    "0,2,4,5": -0.010573583655059338,
    "0,2,4,6": 0.10702818632125854,
    "0,2,4,7": 0.15342915058135986,
    "0,2,5,6": 0.06203543394804001,
    "0,2,5,7": 0.07891060411930084,
    "0,2,6,7": 0.16238632798194885,
    "0,3,4,5": -0.04594714567065239,
    "0,3,4,6": 0.02440347522497177,
    "0,3,4,7": 0.05380295589566231,
    "0,3,5,6": 0.03342956304550171,
    "0,3,5,7": -0.0861758217215538,
    "0,3,6,7": 0.09890029579401016,
    "0,4,5,6": 0.07529027760028839,
    "0,4,5,7": 0.014878909103572369,
    "0,4,6,7": 0.07019148766994476,
    "0,5,6,7": 0.03339391201734543,
    "1,2,3,4": 0.10002801567316055,
    "1,2,3,5": 0.044117338955402374,
    "1,2,3,6": 0.15621830523014069,
    "1,2,3,7": 0.13798227906227112,
    "1,2,4,5": -0.03991647809743881,
    "1,2,4,6": 0.02686065435409546,
    "1,2,4,7": 0.1606678068637848,
    "1,2,5,6": 0.1476774960756302,
    "1,2,5,7": 0.22312244772911072,
    "1,2,6,7": 0.23892994225025177,
    "1,3,4,5": 0.1444280594587326,
    "1,3,4,6": 0.043524015694856644,
    "1,3,4,7": 0.15789537131786346,
    "1,3,5,6": 0.16932806372642517,
    "1,3,5,7": 0.1520915925502777,
    "1,3,6,7": 0.19313780963420868,
    "1,4,5,6": 0.2360040694475174,
    "1,4,5,7": 0.10984861850738525,
    "1,4,6,7": 0.12364821135997772,
    "1,5,6,7": 0.19494490325450897,
    "2,3,4,5": 0.11086529493331909,
    "2,3,4,6": 0.1560884416103363,
    "2,3,4,7": 0.10235915333032608,
    "2,3,5,6": 0.09644158184528351,
    "2,3,5,7": 0.08648152649402618,
    "2,3,6,7": 0.22890517115592957,
    "2,4,5,6": 0.051885783672332764,
    "2,4,5,7": 0.05416393280029297,
    "2,4,6,7": 0.19379174709320068,
    "2,5,6,7": 0.19183537364006042,
    "3,4,5,6": 0.10120928287506104,
    "3,4,5,7": 0.13083897531032562,
    "3,4,6,7": 0.18284299969673157,
    "3,5,6,7": 0.17783263325691223,
    "4,5,6,7": 0.1308012306690216,
    "0,1,2,3,4": -0.006584289483726025,
    "0,1,2,3,5": 0.01748725399374962,
    "0,1,2,3,6": -0.002618876053020358,
    "0,1,2,3,7": 0.038796279579401016,
    "0,1,2,4,5": -0.004645877983421087,
    "0,1,2,4,6": 0.0480569452047348,
    "0,1,2,4,7": -0.033189401030540466,
    "0,1,2,5,6": 0.03374859690666199,
    "0,1,2,5,7": -0.01442427933216095,
    "0,1,2,6,7": 0.0682915523648262,
    "0,1,3,4,5": -0.05439598113298416,
    "0,1,3,4,6": -0.040837593376636505,
    "0,1,3,4,7": -0.03311248496174812,
    "0,1,3,5,6": 0.02259957045316696,
    "0,1,3,5,7": 0.028515979647636414,
    "0,1,3,6,7": 0.054030440747737885,
    "0,1,4,5,6": -0.05203885957598686,
    "0,1,4,5,7": -0.052659910172224045,
    "0,1,4,6,7": -0.00696152588352561,
    "0,1,5,6,7": 0.012249794788658619,
    "0,2,3,4,5": -0.06999284029006958,
    "0,2,3,4,6": 0.04952135682106018,
    "0,2,3,4,7": 0.03561802953481674,
    "0,2,3,5,6": 0.06541318446397781,
    "0,2,3,5,7": -0.011955760419368744,
    "0,2,3,6,7": 0.17667323350906372,
    "0,2,4,5,6": 0.04946921393275261,
    "0,2,4,5,7": 0.07110044360160828,
    "0,2,4,6,7": 0.13317987322807312,
    "0,2,5,6,7": 0.09487930685281754,
    "0,3,4,5,6": -5.364418029785156e-05,
    "0,3,4,5,7": 0.05693715810775757,
    "0,3,4,6,7": 0.04998663812875748,
    "0,3,5,6,7": 0.05322275310754776,
    "0,4,5,6,7": 0.044991929084062576,
    "1,2,3,4,5": -0.025905828922986984,
    "1,2,3,4,6": 0.0865301713347435,
    "1,2,3,4,7": 0.05794929713010788,
    "1,2,3,5,6": 0.11301274597644806,
    "1,2,3,5,7": 0.13354486227035522,
    "1,2,3,6,7": 0.2315937578678131,
    "1,2,4,5,6": 0.16234378516674042,
    "1,2,4,5,7": 0.06241432577371597,
    "1,2,4,6,7": 0.15471449494361877,
    "1,2,5,6,7": 0.19674097001552582,
    "1,3,4,5,6": 0.14233672618865967,
    "1,3,4,5,7": 0.11939160525798798,
    "1,3,4,6,7": 0.10052014887332916,
    "1,3,5,6,7": 0.17035728693008423,
    "1,4,5,6,7": 0.12192873656749725,