{
  "object_name": "Game",
  "data_type": "game",
  "version": "1.4.2.dev29+g3d3c3a7e6.d20260421",
  "created_from": null,
  "description": null,
  "parameters": {},
  "timestamp": "2026-04-21T12:25:56.286458+00:00Z",
  "metadata": {
    "n_players": 8,
    "game_name": "Game_object",
    "normalization_value": 2.056467975,
    "precompute_flag": false,
    "precomputed": true,
    "player_names": null
  },
  "data": {
    "Empty": 1.6384,
    "0": 1.4811999999999999,
    "1": 1.4262000000000001,
    "2": 1.4031,
    "3": 1.4255,
    "4": 1.9692,
    "5": 1.7345,
    "6": 1.2715999999999998,
    "7": 1.6728999999999998,
    "0,1": 1.3399,
    "0,2": 1.4794,
    "0,3": 1.4754999999999998,
    "0,4": 1.1574,
    "0,5": 1.8905999999999998,
    "0,6": 0.967,
    "0,7": 1.5201,
    "1,2": 1.4886,
    "1,3": 1.4249,
    "1,4": 1.3653,
    "1,5": 1.3117999999999999,
    "1,6": 1.2469,
    "1,7": 1.8737,
    "2,3": 1.3669,
    "2,4": 1.4236999999999997,
    "2,5": 1.3915,
    "2,6": 1.4091999999999998,
    "2,7": 1.9442,
    "3,4": 1.2961000000000003,
    "3,5": 1.5838999999999999,
    "3,6": 1.3809,
    "3,7": 1.4451999999999998,
    "4,5": 1.1835,
    "4,6": 1.3101,
    "4,7": 1.1332,
    "5,6": 1.0433,
    "5,7": 1.2784999999999997,
    "6,7": 1.3504,
    "0,1,2": 1.2363,
    "0,1,3": 1.4205999999999999,
    "0,1,4": 1.2713999999999999,
    "0,1,5": 1.2729000000000001,
    "0,1,6": 1.0829999999999997,
    "0,1,7": 1.5388,
    "0,2,3": 1.2252999999999998,
    "0,2,4": 1.3627999999999998,
    "0,2,5": 1.1361,
    "0,2,6": 1.2247,
    "0,2,7": 1.3312000000000002,
    "0,3,4": 1.5539,
    "0,3,5": 1.378,
    "0,3,6": 1.0304000000000002,
    "0,3,7": 1.3405999999999998,
    "0,4,5": 1.0823,
    "0,4,6": 0.9547000000000001,
    "0,4,7": 1.6812999999999998,
    "0,5,6": 0.9870000000000001,
    "0,5,7": 1.4830999999999999,
    "0,6,7": 1.2142000000000004,
    "1,2,3": 1.6234000000000002,
    "1,2,4": 1.4621,
    "1,2,5": 1.3816000000000002,
    "1,2,6": 1.2333,
    "1,2,7": 1.2891000000000001,
    "1,3,4": 1.4980999999999998,
    "1,3,5": 1.2692999999999999,
    "1,3,6": 1.3937000000000002,
    "1,3,7": 1.4294,
    "1,4,5": 1.2634999999999998,
    "1,4,6": 1.2326,
    "1,4,7": 1.5569000000000002,
    "1,5,6": 0.9419000000000001,
    "1,5,7": 1.7987000000000002,
    "1,6,7": 1.3665999999999998,
    "2,3,4": 1.4052000000000002,
    "2,3,5": 1.3484,
    "2,3,6": 1.2043,
    "2,3,7": 1.036,
    "2,4,5": 1.4665000000000001,
    "2,4,6": 1.5384999999999998,
    "2,4,7": 1.4823,
    "2,5,6": 1.0433000000000001,
    "2,5,7": 1.6946999999999999,
    "2,6,7": 1.0642999999999998,
    "3,4,5": 1.0882,
    "3,4,6": 1.3283,
    "3,4,7": 1.8105,
    "3,5,6": 1.0555999999999999,
    "3,5,7": 1.0807,
    "3,6,7": 1.2806,
    "4,5,6": 1.1749,
    "4,5,7": 1.4795,
    "4,6,7": 1.5039,
    "5,6,7": 1.2703,
    "0,1,2,3": 1.4765000000000001,
    "0,1,2,4": 1.1903,
    "0,1,2,5": 1.4179000000000002,
    "0,1,2,6": 1.1343,
    "0,1,2,7": 1.4971,
    "0,1,3,4": 1.3633,
    "0,1,3,5": 1.4882999999999997,
    "0,1,3,6": 1.1263,
    "0,1,3,7": 1.6491999999999998,
    "0,1,4,5": 1.6471,
    "0,1,4,6": 1.1055,
    "0,1,4,7": 1.1641,
    "0,1,5,6": 1.2147999999999999,
    "0,1,5,7": 1.4866999999999997,
    "0,1,6,7": 1.0988,
    "0,2,3,4": 1.3907000000000003,
    "0,2,3,5": 1.8115,
    "0,2,3,6": 1.1972999999999998,
    "0,2,3,7": 1.4311,
    "0,2,4,5": 1.0231,
    "0,2,4,6": 0.9690000000000001,
    "0,2,4,7": 1.1375000000000002,
    "0,2,5,6": 1.0844999999999998,
    "0,2,5,7": 1.6911,
    "0,2,6,7": 1.0763,
    "0,3,4,5": 1.2171999999999998,
    "0,3,4,6": 0.9511000000000001,
    "0,3,4,7": 1.3103000000000002,
    "0,3,5,6": 0.9527000000000001,
    "0,3,5,7": 1.3739,
    "0,3,6,7": 1.0380999999999998,
    "0,4,5,6": 1.0801999999999998,
    "0,4,5,7": 1.8370000000000002,
    "0,4,6,7": 0.9775,
    "0,5,6,7": 1.2139000000000002,
    "1,2,3,4": 1.3564,
    "1,2,3,5": 1.1044999999999998,
    "1,2,3,6": 1.3142999999999998,
    "1,2,3,7": 1.8469000000000002,
    "1,2,4,5": 1.7614,
    "1,2,4,6": 1.1065999999999998,
    "1,2,4,7": 1.9072,
    "1,2,5,6": 1.2274999999999998,
    "1,2,5,7": 1.6728999999999998,
    "1,2,6,7": 1.2008999999999999,
    "1,3,4,5": 1.7109999999999999,
    "1,3,4,6": 1.4652,
    "1,3,4,7": 1.6606999999999998,
    "1,3,5,6": 1.2865999999999997,
    "1,3,5,7": 1.6061999999999999,
    "1,3,6,7": 1.1376000000000002,
    "1,4,5,6": 1.0869,
    "1,4,5,7": 1.9967,
    "1,4,6,7": 1.3156999999999999,
    "1,5,6,7": 1.2111,
    "2,3,4,5": 1.8351,
    "2,3,4,6": 1.1008,
    "2,3,4,7": 1.3498,
    "2,3,5,6": 1.4687999999999999,
    "2,3,5,7": 2.0895010000000003,
    "2,3,6,7": 1.4857999999999998,
    "2,4,5,6": 1.0006,
    "2,4,5,7": 1.4985000000000002,
    "2,4,6,7": 1.0642,
    "2,5,6,7": 1.1066,
    "3,4,5,6": 1.0819,
    "3,4,5,7": 1.1615,
    "3,4,6,7": 1.6479999999999997,
    "3,5,6,7": 1.1260000000000001,
    "4,5,6,7": 1.4033000000000002,
    "0,1,2,3,4": 1.7271999999999998,
    "0,1,2,3,5": 1.1904000000000001,
    "0,1,2,3,6": 1.3396000000000001,
    "0,1,2,3,7": 1.1469999999999998,
    "0,1,2,4,5": 1.1036,
    "0,1,2,4,6": 1.1260999999999999,
    "0,1,2,4,7": 2.0429009999999996,
    "0,1,2,5,6": 1.1592999999999998,
    "0,1,2,5,7": 1.4582000000000002,
    "0,1,2,6,7": 0.9987999999999999,
    "0,1,3,4,5": 1.371,
    "0,1,3,4,6": 1.234,
    "0,1,3,4,7": 1.3941,
    "0,1,3,5,6": 1.1194,
    "0,1,3,5,7": 1.1852,
    "0,1,3,6,7": 1.0281,
    "0,1,4,5,6": 1.0158999999999998,
    "0,1,4,5,7": 1.5401,
    "0,1,4,6,7": 0.9222999999999999,
    "0,1,5,6,7": 1.0043,
    "0,2,3,4,5": 1.3612,
    "0,2,3,4,6": 1.1003,
    "0,2,3,4,7": 1.5194,
    "0,2,3,5,6": 1.0611000000000002,
    "0,2,3,5,7": 1.3961999999999999,
    "0,2,3,6,7": 1.0296,
    "0,2,4,5,6": 0.9702,
    "0,2,4,5,7": 1.596,
    "0,2,4,6,7": 0.9238000000000002,
    "0,2,5,6,7": 0.9323,
    "0,3,4,5,6": 0.9932999999999998,
    "0,3,4,5,7": 1.2102,
    "0,3,4,6,7": 1.017,
    "0,3,5,6,7": 0.9521999999999998,
    "0,4,5,6,7": 0.9376,
    "1,2,3,4,5": 1.3876,
    "1,2,3,4,6": 1.0867,
    "1,2,3,4,7": 1.3776,
    "1,2,3,5,6": 1.1706,
    "1,2,3,5,7": 1.3413999999999997,
    "1,2,3,6,7": 1.2315,
    "1,2,4,5,6": 1.3415,
    "1,2,4,5,7": 1.4431999999999998,
    "1,2,4,6,7": 1.3201999999999998,
    "1,2,5,6,7": 1.167,
    "1,3,4,5,6": 1.3163999999999998,
    "1,3,4,5,7": 1.5618,
    "1,3,4,6,7": 1.3660999999999999,
    "1,3,5,6,7": 1.0686,
    "1,4,5,6,7": 1.2452,
    "2,3,4,5,6": 1.2284,
    "2,3,4,5,7": 1.4741,
    "2,3,4,6,7": 1.3237,
    "2,3,5,6,7": 1.2908,
    "2,4,5,6,7": 1.1242,
    "3,4,5,6,7": 1.3893999999999997,
    "0,1,2,3,4,5": 1.3024,
    "0,1,2,3,4,6": 1.0794,
    "0,1,2,3,4,7": 1.2631000000000001,
    "0,1,2,3,5,6": 1.0478999999999998,
    "0,1,2,3,5,7": 1.5713000000000001,
    "0,1,2,3,6,7": 0.9960000000000001,
    "0,1,2,4,5,6": 1.0796,
    "0,1,2,4,5,7": 1.1940999999999997,
    "0,1,2,4,6,7": 0.9346,
    "0,1,2,5,6,7": 0.9619,
    "0,1,3,4,5,6": 1.2059000000000002,
    "0,1,3,4,5,7": 1.2220999999999997,
    "0,1,3,4,6,7": 0.9437999999999999,
    "0,1,3,5,6,7": 1.0463,
    "0,1,4,5,6,7": 1.1143999999999998,
    "0,2,3,4,5,6": 1.0829,
    "0,2,3,4,5,7": 1.1774999999999998,
    "0,2,3,4,6,7": 0.9266,
    "0,2,3,5,6,7": 0.9400999999999999,
    "0,2,4,5,6,7": 0.9678000000000001,
    "0,3,4,5,6,7": 0.9421999999999999,
    "1,2,3,4,5,6": 1.0906,
    "1,2,3,4,5,7": 1.3963,
    "1,2,3,4,6,7": 1.093,
    "1,2,3,5,6,7": 1.0371,
    "1,2,4,5,6,7": 1.1767999999999998,
    "1,3,4,5,6,7": 1.3960000000000001,
    "2,3,4,5,6,7": 0.9387000000000001,
    "0,1,2,3,4,5,6": 1.0425,
    "0,1,2,3,4,5,7": 1.1842,
    "0,1,2,3,4,6,7": 0.9202999999999999,
    "0,1,2,3,5,6,7": 0.9940000000000001,
    "0,1,2,4,5,6,7": 0.908,
    "0,1,3,4,5,6,7": 0.908,
    "0,2,3,4,5,6,7": 0.9045000000000002,
    "1,2,3,4,5,6,7": 1.1038000000000001,
    "0,1,2,3,4,5,6,7": 0.908
  }
}
