{
  "object_name": "Game",
  "data_type": "game",
  "version": "1.4.2.dev29+g3d3c3a7e6.d20260421",
  "created_from": null,
  "description": null,
  "parameters": {},
  "timestamp": "2026-04-21T12:25:56.514192+00:00Z",
  "metadata": {
    "n_players": 8,
    "game_name": "Game_object",
    "normalization_value": 2.0434510707855225,
    "precompute_flag": false,
    "precomputed": true,
    "player_names": null
  },
  "data": {
    "Empty": 1.4651163816452026,
    "0": 1.4970378875732422,
    "1": 1.533689260482788,
    "2": 1.345383882522583,
    "3": 1.389404296875,
    "4": 1.6812260150909424,
    "5": 1.7576860189437866,
    "6": 1.161353349685669,
    "7": 1.5709002017974854,
    "0,1": 1.511307954788208,
    "0,2": 1.3716379404067993,
    "0,3": 1.582903265953064,
    "0,4": 1.30523681640625,
    "0,5": 1.4694103002548218,
    "0,6": 0.9613167643547058,
    "0,7": 1.636060357093811,
    "1,2": 1.515167236328125,
    "1,3": 1.5440832376480103,
    "1,4": 1.46099054813385,
    "1,5": 1.3191440105438232,
    "1,6": 1.0610207319259644,
    "1,7": 2.071335792541504,
    "2,3": 1.489956021308899,
    "2,4": 1.4546418190002441,
    "2,5": 1.4044865369796753,
    "2,6": 1.0967286825180054,
    "2,7": 1.9688752889633179,
    "3,4": 1.4359904527664185,
    "3,5": 1.4904592037200928,
    "3,6": 1.1705468893051147,
    "3,7": 1.411421537399292,
    "4,5": 1.2796523571014404,
    "4,6": 1.1282739639282227,
    "4,7": 1.1876981258392334,
    "5,6": 0.9787017703056335,
    "5,7": 1.3153138160705566,
    "6,7": 1.1009819507598877,
    "0,1,2": 1.1815186738967896,
    "0,1,3": 1.4333934783935547,
    "0,1,4": 1.2183215618133545,
    "0,1,5": 1.2440495491027832,
    "0,1,6": 1.0703988075256348,
    "0,1,7": 1.6540424823760986,
    "0,2,3": 1.319223403930664,
    "0,2,4": 1.4594048261642456,
    "0,2,5": 1.3036463260650635,
    "0,2,6": 0.988965630531311,
    "0,2,7": 1.4602466821670532,
    "0,3,4": 1.6557658910751343,
    "0,3,5": 1.462121844291687,
    "0,3,6": 0.9864393472671509,
    "0,3,7": 1.5109671354293823,
    "0,4,5": 1.135205864906311,
    "0,4,6": 1.003027081489563,
    "0,4,7": 1.6881002187728882,
    "0,5,6": 0.8638428449630737,
    "0,5,7": 1.5747064352035522,
    "0,6,7": 0.963452935218811,
    "1,2,3": 1.7732034921646118,
    "1,2,4": 1.3808319568634033,
    "1,2,5": 1.478177785873413,
    "1,2,6": 1.087394118309021,
    "1,2,7": 1.427294135093689,
    "1,3,4": 1.5689876079559326,
    "1,3,5": 1.3269319534301758,
    "1,3,6": 1.1343357563018799,
    "1,3,7": 1.45766019821167,
    "1,4,5": 1.3667733669281006,
    "1,4,6": 1.1480525732040405,
    "1,4,7": 1.6007664203643799,
    "1,5,6": 0.9786571264266968,
    "1,5,7": 1.7274805307388306,
    "1,6,7": 1.1603906154632568,
    "2,3,4": 1.6161611080169678,
    "2,3,5": 1.2299916744232178,
    "2,3,6": 1.0141494274139404,
    "2,3,7": 1.2545464038848877,
    "2,4,5": 1.5032587051391602,
    "2,4,6": 1.2117040157318115,
    "2,4,7": 1.5264861583709717,
    "2,5,6": 1.0130904912948608,
    "2,5,7": 1.6694892644882202,
    "2,6,7": 1.0669199228286743,
    "3,4,5": 1.1075631380081177,
    "3,4,6": 1.0900142192840576,
    "3,4,7": 1.9542347192764282,
    "3,5,6": 1.0226523876190186,
    "3,5,7": 1.2012909650802612,
    "3,6,7": 1.2401835918426514,
    "4,5,6": 1.0020008087158203,
    "4,5,7": 1.387476921081543,
    "4,6,7": 1.202772617340088,
    "5,6,7": 1.1139676570892334,
    "0,1,2,3": 1.5900076627731323,
    "0,1,2,4": 1.1634836196899414,
    "0,1,2,5": 1.4468069076538086,
    "0,1,2,6": 1.123492956161499,
    "0,1,2,7": 1.6747432947158813,
    "0,1,3,4": 1.5069215297698975,
    "0,1,3,5": 1.4832332134246826,
    "0,1,3,6": 1.1030582189559937,
    "0,1,3,7": 1.5270094871520996,
    "0,1,4,5": 1.368644118309021,
    "0,1,4,6": 1.0414578914642334,
    "0,1,4,7": 1.399348258972168,
    "0,1,5,6": 1.0162076950073242,
    "0,1,5,7": 1.7081865072250366,
    "0,1,6,7": 0.997903048992157,
    "0,2,3,4": 1.319002389907837,
    "0,2,3,5": 1.6055285930633545,
    "0,2,3,6": 1.0262067317962646,
    "0,2,3,7": 1.5701797008514404,
    "0,2,4,5": 1.104608416557312,
    "0,2,4,6": 0.9675731658935547,
    "0,2,4,7": 1.4073889255523682,
    "0,2,5,6": 0.9805682897567749,
    "0,2,5,7": 1.8107376098632812,
    "0,2,6,7": 1.0490126609802246,
    "0,3,4,5": 1.3654789924621582,
    "0,3,4,6": 0.9353111982345581,
    "0,3,4,7": 1.6196563243865967,
    "0,3,5,6": 0.9319831132888794,
    "0,3,5,7": 1.7062495946884155,
    "0,3,6,7": 0.9996412396430969,
    "0,4,5,6": 0.904969334602356,
    "0,4,5,7": 1.9746582508087158,
    "0,4,6,7": 0.8597329258918762,
    "0,5,6,7": 0.8629077672958374,
    "1,2,3,4": 1.4968286752700806,
    "1,2,3,5": 1.2561264038085938,
    "1,2,3,6": 1.2336347103118896,
    "1,2,3,7": 1.7530704736709595,
    "1,2,4,5": 1.5531667470932007,
    "1,2,4,6": 1.009716510772705,
    "1,2,4,7": 1.936434030532837,
    "1,2,5,6": 1.1809037923812866,
    "1,2,5,7": 1.7182592153549194,
    "1,2,6,7": 1.1783897876739502,
    "1,3,4,5": 1.6425755023956299,
    "1,3,4,6": 1.2956669330596924,
    "1,3,4,7": 1.5752050876617432,
    "1,3,5,6": 1.0917770862579346,
    "1,3,5,7": 1.6885013580322266,
    "1,3,6,7": 1.110569715499878,
    "1,4,5,6": 0.9406173825263977,
    "1,4,5,7": 2.1276421546936035,
    "1,4,6,7": 1.2843979597091675,
    "1,5,6,7": 1.193598985671997,
    "2,3,4,5": 1.6893103122711182,
    "2,3,4,6": 0.9985623359680176,
    "2,3,4,7": 1.4597361087799072,
    "2,3,5,6": 1.222398281097412,
    "2,3,5,7": 2.237017869949341,
    "2,3,6,7": 1.2625887393951416,
    "2,4,5,6": 0.9146755933761597,
    "2,4,5,7": 1.5799405574798584,
    "2,4,6,7": 1.0281398296356201,
    "2,5,6,7": 1.0269101858139038,
    "3,4,5,6": 0.9153695106506348,
    "3,4,5,7": 1.3370758295059204,
    "3,4,6,7": 1.194321632385254,
    "3,5,6,7": 0.9887380599975586,
    "4,5,6,7": 1.2377195358276367,
    "0,1,2,3,4": 1.5295923948287964,
    "0,1,2,3,5": 1.2687928676605225,
    "0,1,2,3,6": 1.0965118408203125,
    "0,1,2,3,7": 1.302991509437561,
    "0,1,2,4,5": 1.3419721126556396,
    "0,1,2,4,6": 1.0409282445907593,
    "0,1,2,4,7": 2.027182102203369,
    "0,1,2,5,6": 1.0111080408096313,
    "0,1,2,5,7": 1.8003031015396118,
    "0,1,2,6,7": 1.0883550643920898,
    "0,1,3,4,5": 1.4255530834197998,
    "0,1,3,4,6": 1.1169774532318115,
    "0,1,3,4,7": 1.4815328121185303,
    "0,1,3,5,6": 1.0105926990509033,
    "0,1,3,5,7": 1.4927647113800049,
    "0,1,3,6,7": 1.03692626953125,
    "0,1,4,5,6": 0.9592452049255371,
    "0,1,4,5,7": 1.6211620569229126,
    "0,1,4,6,7": 1.0664172172546387,
    "0,1,5,6,7": 1.039515495300293,
    "0,2,3,4,5": 1.3391035795211792,
    "0,2,3,4,6": 1.0350972414016724,
    "0,2,3,4,7": 1.6124588251113892,
    "0,2,3,5,6": 0.9800661206245422,
    "0,2,3,5,7": 1.5414685010910034,
    "0,2,3,6,7": 0.9628645181655884,
    "0,2,4,5,6": 0.9136718511581421,
    "0,2,4,5,7": 1.7648338079452515,
    "0,2,4,6,7": 0.9742087125778198,
    "0,2,5,6,7": 0.9222637414932251,
    "0,3,4,5,6": 0.9605544209480286,
    "0,3,4,5,7": 1.3878198862075806,
    "0,3,4,6,7": 0.9648512005805969,
    "0,3,5,6,7": 0.9381207227706909,
    "0,4,5,6,7": 0.8867335319519043,
    "1,2,3,4,5": 1.510577917098999,
    "1,2,3,4,6": 1.184753656387329,
    "1,2,3,4,7": 1.520172357559204,
    "1,2,3,5,6": 1.064321756362915,
    "1,2,3,5,7": 1.5650455951690674,
    "1,2,3,6,7": 1.1451107263565063,
    "1,2,4,5,6": 1.1072518825531006,
    "1,2,4,5,7": 1.5051710605621338,
    "1,2,4,6,7": 1.2374317646026611,
    "1,2,5,6,7": 1.210773229598999,
    "1,3,4,5,6": 1.0913233757019043,
    "1,3,4,5,7": 1.5838159322738647,
    "1,3,4,6,7": 1.2001320123672485,
    "1,3,5,6,7": 1.043615460395813,
    "1,4,5,6,7": 0.9953392148017883,
    "2,3,4,5,6": 1.1191656589508057,
    "2,3,4,5,7": 1.5077688694000244,
    "2,3,4,6,7": 1.3037937879562378,
    "2,3,5,6,7": 1.2256443500518799,
    "2,4,5,6,7": 1.0734241008758545,
    "3,4,5,6,7": 1.2997139692306519,
    "0,1,2,3,4,5": 1.4250308275222778,
    "0,1,2,3,4,6": 1.0682891607284546,
    "0,1,2,3,4,7": 1.6800603866577148,