{
  "object_name": "Game",
  "data_type": "game",
  "version": "1.4.2.dev29+g3d3c3a7e6.d20260421",
  "created_from": null,
  "description": null,
  "parameters": {},
  "timestamp": "2026-04-21T12:25:56.527553+00:00Z",
  "metadata": {
    "n_players": 8,
    "game_name": "Game_object",
    "normalization_value": 2.0434510707855225,
    "precompute_flag": false,
    "precomputed": true,
    "player_names": null
  },
  "data": {
    "Empty": 1.9787070751190186,
    "0": 1.9219796657562256,
    "1": 1.9628604650497437,
    "2": 1.5227482318878174,
    "3": 1.7403215169906616,
    "4": 2.098954916000366,
    "5": 1.892971396446228,
    "6": 1.7100651264190674,
    "7": 1.9431695938110352,
    "0,1": 1.7930831909179688,
    "0,2": 1.7352195978164673,
    "0,3": 1.9421507120132446,
    "0,4": 1.7671743631362915,
    "0,5": 1.828428030014038,
    "0,6": 1.6665163040161133,
    "0,7": 1.9272788763046265,
    "1,2": 2.1189093589782715,
    "1,3": 1.9530006647109985,
    "1,4": 2.275242567062378,
    "1,5": 2.0619282722473145,
    "1,6": 2.0051653385162354,
    "1,7": 1.9036489725112915,
    "2,3": 1.9304851293563843,
    "2,4": 2.006704568862915,
    "2,5": 1.865059494972229,
    "2,6": 1.6692254543304443,
    "2,7": 1.9016406536102295,
    "3,4": 1.68845534324646,
    "3,5": 1.9972816705703735,
    "3,6": 1.7503433227539062,
    "3,7": 1.7403144836425781,
    "4,5": 1.9594249725341797,
    "4,6": 2.2110283374786377,
    "4,7": 2.0087838172912598,
    "5,6": 1.9240639209747314,
    "5,7": 1.7758127450942993,
    "6,7": 1.812378168106079,
    "0,1,2": 1.6369850635528564,
    "0,1,3": 1.8362888097763062,
    "0,1,4": 2.159696102142334,
    "0,1,5": 1.7053346633911133,
    "0,1,6": 1.9038960933685303,
    "0,1,7": 1.8829046487808228,
    "0,2,3": 1.7803764343261719,
    "0,2,4": 1.800804853439331,
    "0,2,5": 1.701525330543518,
    "0,2,6": 1.7724626064300537,
    "0,2,7": 1.727921485900879,
    "0,3,4": 2.2620437145233154,
    "0,3,5": 1.914762258529663,
    "0,3,6": 1.5418506860733032,
    "0,3,7": 1.8071861267089844,
    "0,4,5": 1.8299936056137085,
    "0,4,6": 1.7385108470916748,
    "0,4,7": 1.8045936822891235,
    "0,5,6": 1.8479139804840088,
    "0,5,7": 1.7723586559295654,
    "0,6,7": 1.7893623113632202,
    "1,2,3": 2.0722298622131348,
    "1,2,4": 2.104170322418213,
    "1,2,5": 1.9051939249038696,
    "1,2,6": 1.9057338237762451,
    "1,2,7": 1.840158462524414,
    "1,3,4": 2.1089632511138916,
    "1,3,5": 1.9220726490020752,
    "1,3,6": 1.8877872228622437,
    "1,3,7": 1.7337615489959717,
    "1,4,5": 2.1300768852233887,
    "1,4,6": 2.3145620822906494,
    "1,4,7": 2.251309633255005,
    "1,5,6": 2.089603900909424,
    "1,5,7": 1.9854532480239868,
    "1,6,7": 2.1888327598571777,
    "2,3,4": 1.9264194965362549,
    "2,3,5": 1.6809532642364502,
    "2,3,6": 1.6076940298080444,
    "2,3,7": 1.8384733200073242,
    "2,4,5": 2.0582969188690186,
    "2,4,6": 2.0071022510528564,
    "2,4,7": 2.1619772911071777,
    "2,5,6": 1.7256739139556885,
    "2,5,7": 1.8220453262329102,
    "2,6,7": 1.808319091796875,
    "3,4,5": 1.683631181716919,
    "3,4,6": 1.9453779458999634,
    "3,4,7": 2.046762466430664,
    "3,5,6": 1.7193927764892578,
    "3,5,7": 1.7936241626739502,
    "3,6,7": 1.8337218761444092,
    "4,5,6": 1.771075963973999,
    "4,5,7": 2.0394446849823,
    "4,6,7": 1.987325668334961,
    "5,6,7": 1.8075109720230103,
    "0,1,2,3": 1.862565040588379,
    "0,1,2,4": 1.8644697666168213,
    "0,1,2,5": 1.8835302591323853,
    "0,1,2,6": 1.7739651203155518,
    "0,1,2,7": 1.7056325674057007,
    "0,1,3,4": 2.039796829223633,
    "0,1,3,5": 1.6748847961425781,
    "0,1,3,6": 1.8445141315460205,
    "0,1,3,7": 1.9946496486663818,
    "0,1,4,5": 2.0803792476654053,
    "0,1,4,6": 2.011305570602417,
    "0,1,4,7": 2.129636287689209,
    "0,1,5,6": 1.8671048879623413,
    "0,1,5,7": 1.8172948360443115,
    "0,1,6,7": 1.8455826044082642,
    "0,2,3,4": 1.582887887954712,
    "0,2,3,5": 1.7279878854751587,
    "0,2,3,6": 1.546034812927246,
    "0,2,3,7": 1.865608811378479,
    "0,2,4,5": 1.9057563543319702,
    "0,2,4,6": 1.8224703073501587,
    "0,2,4,7": 1.676797866821289,
    "0,2,5,6": 1.6705539226531982,
    "0,2,5,7": 1.813197135925293,
    "0,2,6,7": 1.7444816827774048,
    "0,3,4,5": 1.7942756414413452,
    "0,3,4,6": 1.8962485790252686,
    "0,3,4,7": 1.7788158655166626,
    "0,3,5,6": 1.943256139755249,
    "0,3,5,7": 1.794437050819397,
    "0,3,6,7": 1.812682867050171,
    "0,4,5,6": 1.6766666173934937,
    "0,4,5,7": 1.966485619544983,
    "0,4,6,7": 1.9413925409317017,
    "0,5,6,7": 1.6777632236480713,
    "1,2,3,4": 2.005736827850342,
    "1,2,3,5": 1.6827208995819092,
    "1,2,3,6": 1.9090874195098877,
    "1,2,3,7": 1.898895502090454,
    "1,2,4,5": 2.0816707611083984,
    "1,2,4,6": 2.4694151878356934,
    "1,2,4,7": 2.17828106880188,
    "1,2,5,6": 1.7968695163726807,
    "1,2,5,7": 1.9333347082138062,
    "1,2,6,7": 1.9321863651275635,
    "1,3,4,5": 2.2850239276885986,
    "1,3,4,6": 2.2075769901275635,
    "1,3,4,7": 2.055294990539551,
    "1,3,5,6": 1.8488531112670898,
    "1,3,5,7": 1.9549610614776611,
    "1,3,6,7": 1.8858762979507446,
    "1,4,5,6": 1.7391068935394287,
    "1,4,5,7": 2.258808135986328,
    "1,4,6,7": 2.020596981048584,
    "1,5,6,7": 1.9139257669448853,
    "2,3,4,5": 1.9420480728149414,
    "2,3,4,6": 1.7843215465545654,
    "2,3,4,7": 2.0465433597564697,
    "2,3,5,6": 1.6298850774765015,
    "2,3,5,7": 1.8487730026245117,
    "2,3,6,7": 1.7293941974639893,
    "2,4,5,6": 1.9585564136505127,
    "2,4,5,7": 1.9354584217071533,
    "2,4,6,7": 1.9225212335586548,
    "2,5,6,7": 1.9151270389556885,
    "3,4,5,6": 1.968431830406189,
    "3,4,5,7": 1.7519848346710205,
    "3,4,6,7": 1.9785592555999756,
    "3,5,6,7": 1.8421417474746704,
    "4,5,6,7": 1.8190441131591797,
    "0,1,2,3,4": 2.0720126628875732,
    "0,1,2,3,5": 1.7418184280395508,
    "0,1,2,3,6": 1.8167845010757446,
    "0,1,2,3,7": 1.8631490468978882,
    "0,1,2,4,5": 1.8421423435211182,
    "0,1,2,4,6": 2.2482824325561523,
    "0,1,2,4,7": 2.0119383335113525,
    "0,1,2,5,6": 1.7415781021118164,
    "0,1,2,5,7": 1.7873384952545166,
    "0,1,2,6,7": 1.7892436981201172,
    "0,1,3,4,5": 2.0864996910095215,
    "0,1,3,4,6": 1.9361648559570312,
    "0,1,3,4,7": 1.9866650104522705,
    "0,1,3,5,6": 1.6680021286010742,
    "0,1,3,5,7": 1.8505992889404297,
    "0,1,3,6,7": 1.786958932876587,
    "0,1,4,5,6": 2.0035059452056885,
    "0,1,4,5,7": 2.2048988342285156,
    "0,1,4,6,7": 2.0444445610046387,
    "0,1,5,6,7": 1.8316138982772827,
    "0,2,3,4,5": 1.6453704833984375,
    "0,2,3,4,6": 1.8176463842391968,
    "0,2,3,4,7": 1.811885118484497,
    "0,2,3,5,6": 1.8134050369262695,
    "0,2,3,5,7": 1.768636703491211,
    "0,2,3,6,7": 1.781699538230896,
    "0,2,4,5,6": 1.7349573373794556,
    "0,2,4,5,7": 1.7308986186981201,
    "0,2,4,6,7": 1.8671321868896484,
    "0,2,5,6,7": 1.739772081375122,
    "0,3,4,5,6": 1.8518352508544922,
    "0,3,4,5,7": 1.9433448314666748,
    "0,3,4,6,7": 1.793954610824585,
    "0,3,5,6,7": 1.8230680227279663,
    "0,4,5,6,7": 1.8881515264511108,
    "1,2,3,4,5": 1.875989556312561,
    "1,2,3,4,6": 2.04738187789917,
    "1,2,3,4,7": 2.122591733932495,
    "1,2,3,5,6": 1.9124364852905273,
    "1,2,3,5,7": 1.8573188781738281,
    "1,2,3,6,7": 1.892114281654358,
    "1,2,4,5,6": 2.067291736602783,
    "1,2,4,5,7": 2.2072842121124268,
    "1,2,4,6,7": 2.0674867630004883,
    "1,2,5,6,7": 1.778062105178833,
    "1,3,4,5,6": 2.179821014404297,
    "1,3,4,5,7": 2.147024631500244,
    "1,3,4,6,7": 2.086677074432373,
    "1,3,5,6,7": 1.9592351913452148,
    "1,4,5,6,7": 2.0703892707824707,
    "2,3,4,5,6": 1.8682317733764648,
    "2,3,4,5,7": 1.9424397945404053,
    "2,3,4,6,7": 1.9319040775299072,
    "2,3,5,6,7": 1.7637250423431396,
    "2,4,5,6,7": 1.960476279258728,
    "3,4,5,6,7": 1.7661807537078857,
    "0,1,2,3,4,5": 1.8568826913833618,
    "0,1,2,3,4,6": 2.0673558712005615,
    "0,1,2,3,4,7": 2.0372085571289062,