{
  "object_name": "Game",
  "data_type": "game",
  "version": "1.4.2.dev29+g3d3c3a7e6.d20260421",
  "created_from": null,
  "description": null,
  "parameters": {},
  "timestamp": "2026-04-21T12:25:56.606843+00:00Z",
  "metadata": {
    "n_players": 8,
    "game_name": "Game_object",
    "normalization_value": 0.24609795212745667,
    "precompute_flag": false,
    "precomputed": true,
    "player_names": null
  },
  "data": {
    "Empty": 0.3666248917579651,
    "0": 0.3914986252784729,
    "1": 0.35434240102767944,
    "2": 0.29148977994918823,
    "3": 0.3184567987918854,
    "4": 0.31340843439102173,
    "5": 0.27595558762550354,
    "6": 0.34232765436172485,
    "7": 0.3472774624824524,
    "0,1": 0.39260363578796387,
    "0,2": 0.3853267729282379,
    "0,3": 0.39608174562454224,
    "0,4": 0.3578181266784668,
    "0,5": 0.3690597116947174,
    "0,6": 0.45036110281944275,
    "0,7": 0.40615934133529663,
    "1,2": 0.3485264182090759,
    "1,3": 0.30348795652389526,
    "1,4": 0.331369549036026,
    "1,5": 0.29902681708335876,
    "1,6": 0.27493637800216675,
    "1,7": 0.3268733024597168,
    "2,3": 0.32439011335372925,
    "2,4": 0.3137613534927368,
    "2,5": 0.28726726770401,
    "2,6": 0.32349878549575806,
    "2,7": 0.32119402289390564,
    "3,4": 0.3432166576385498,
    "3,5": 0.3307391405105591,
    "3,6": 0.26875096559524536,
    "3,7": 0.3331196904182434,
    "4,5": 0.28878822922706604,
    "4,6": 0.27786511182785034,
    "4,7": 0.3651389181613922,
    "5,6": 0.25221675634384155,
    "5,7": 0.31851157546043396,
    "6,7": 0.3157271444797516,
    "0,1,2": 0.3291752338409424,
    "0,1,3": 0.38443416357040405,
    "0,1,4": 0.439696729183197,
    "0,1,5": 0.38499826192855835,
    "0,1,6": 0.43786340951919556,
    "0,1,7": 0.39363402128219604,
    "0,2,3": 0.37800928950309753,
    "0,2,4": 0.36777573823928833,
    "0,2,5": 0.3254997134208679,
    "0,2,6": 0.4286205768585205,
    "0,2,7": 0.3957834541797638,
    "0,3,4": 0.4374937117099762,
    "0,3,5": 0.3658352792263031,
    "0,3,6": 0.4153363108634949,
    "0,3,7": 0.4418559968471527,
    "0,4,5": 0.3422728478908539,
    "0,4,6": 0.3556073307991028,
    "0,4,7": 0.39417704939842224,
    "0,5,6": 0.36395496129989624,
    "0,5,7": 0.39567479491233826,
    "0,6,7": 0.4249511659145355,
    "1,2,3": 0.2881607711315155,
    "1,2,4": 0.2739587724208832,
    "1,2,5": 0.2908865809440613,
    "1,2,6": 0.3239096999168396,
    "1,2,7": 0.3570898175239563,
    "1,3,4": 0.28181228041648865,
    "1,3,5": 0.308526873588562,
    "1,3,6": 0.303390234708786,
    "1,3,7": 0.3770166039466858,
    "1,4,5": 0.2900266647338867,
    "1,4,6": 0.2996364235877991,
    "1,4,7": 0.3411036431789398,
    "1,5,6": 0.27950724959373474,
    "1,5,7": 0.29498764872550964,
    "1,6,7": 0.3414061963558197,
    "2,3,4": 0.30018168687820435,
    "2,3,5": 0.2918374538421631,
    "2,3,6": 0.2922951579093933,
    "2,3,7": 0.295952707529068,
    "2,4,5": 0.2470780909061432,
    "2,4,6": 0.2799331545829773,
    "2,4,7": 0.3523103594779968,
    "2,5,6": 0.2391599863767624,
    "2,5,7": 0.30952441692352295,
    "2,6,7": 0.30567851662635803,
    "3,4,5": 0.3135566711425781,
    "3,4,6": 0.2843761444091797,
    "3,4,7": 0.3191533386707306,
    "3,5,6": 0.2850115895271301,
    "3,5,7": 0.3019298315048218,
    "3,6,7": 0.32134005427360535,
    "4,5,6": 0.27424728870391846,
    "4,5,7": 0.3023873269557953,
    "4,6,7": 0.3466149866580963,
    "5,6,7": 0.3089693486690521,
    "0,1,2,3": 0.3629346489906311,
    "0,1,2,4": 0.34192579984664917,
    "0,1,2,5": 0.33186131715774536,
    "0,1,2,6": 0.35472068190574646,
    "0,1,2,7": 0.3946252763271332,
    "0,1,3,4": 0.4243232309818268,
    "0,1,3,5": 0.3698440492153168,
    "0,1,3,6": 0.43504801392555237,
    "0,1,3,7": 0.4235974848270416,
    "0,1,4,5": 0.35537078976631165,
    "0,1,4,6": 0.41084322333335876,
    "0,1,4,7": 0.40300488471984863,
    "0,1,5,6": 0.32879602909088135,
    "0,1,5,7": 0.3766416609287262,
    "0,1,6,7": 0.4290105700492859,
    "0,2,3,4": 0.3435700833797455,
    "0,2,3,5": 0.3566867411136627,
    "0,2,3,6": 0.3946877121925354,
    "0,2,3,7": 0.4223255515098572,
    "0,2,4,5": 0.3226519227027893,
    "0,2,4,6": 0.35120922327041626,
    "0,2,4,7": 0.3719049394130707,
    "0,2,5,6": 0.3487791419029236,
    "0,2,5,7": 0.3546413481235504,
    "0,2,6,7": 0.41364389657974243,
    "0,3,4,5": 0.3697926998138428,
    "0,3,4,6": 0.41937679052352905,
    "0,3,4,7": 0.40326952934265137,
    "0,3,5,6": 0.3614853024482727,
    "0,3,5,7": 0.4012434482574463,
    "0,3,6,7": 0.4318819046020508,
    "0,4,5,6": 0.36565735936164856,
    "0,4,5,7": 0.36881452798843384,
    "0,4,6,7": 0.4486968517303467,
    "0,5,6,7": 0.39100292325019836,
    "1,2,3,4": 0.25808411836624146,
    "1,2,3,5": 0.2635313868522644,
    "1,2,3,6": 0.3457470238208771,
    "1,2,3,7": 0.31719303131103516,
    "1,2,4,5": 0.2948848605155945,
    "1,2,4,6": 0.29140448570251465,
    "1,2,4,7": 0.337961882352829,
    "1,2,5,6": 0.2961190342903137,
    "1,2,5,7": 0.30266809463500977,
    "1,2,6,7": 0.3608476221561432,
    "1,3,4,5": 0.31942254304885864,
    "1,3,4,6": 0.30901557207107544,
    "1,3,4,7": 0.38449782133102417,
    "1,3,5,6": 0.3209722638130188,
    "1,3,5,7": 0.33107858896255493,
    "1,3,6,7": 0.3206802010536194,
    "1,4,5,6": 0.31067973375320435,
    "1,4,5,7": 0.3330008387565613,
    "1,4,6,7": 0.4041813910007477,
    "1,5,6,7": 0.31419703364372253,
    "2,3,4,5": 0.25122857093811035,
    "2,3,4,6": 0.27456632256507874,
    "2,3,4,7": 0.3221774399280548,
    "2,3,5,6": 0.23643596470355988,
    "2,3,5,7": 0.25771790742874146,
    "2,3,6,7": 0.3203886151313782,
    "2,4,5,6": 0.25040748715400696,
    "2,4,5,7": 0.30739736557006836,
    "2,4,6,7": 0.3471628725528717,
    "2,5,6,7": 0.3071606755256653,
    "3,4,5,6": 0.2849242091178894,
    "3,4,5,7": 0.32152074575424194,
    "3,4,6,7": 0.31257861852645874,
    "3,5,6,7": 0.33810073137283325,
    "4,5,6,7": 0.31666648387908936,
    "0,1,2,3,4": 0.3809488117694855,
    "0,1,2,3,5": 0.36204904317855835,
    "0,1,2,3,6": 0.3664475083351135,
    "0,1,2,3,7": 0.4068305492401123,
    "0,1,2,4,5": 0.31710880994796753,
    "0,1,2,4,6": 0.3902200758457184,
    "0,1,2,4,7": 0.41367071866989136,
    "0,1,2,5,6": 0.3576180636882782,
    "0,1,2,5,7": 0.35460084676742554,
    "0,1,2,6,7": 0.40302982926368713,
    "0,1,3,4,5": 0.3736622929573059,
    "0,1,3,4,6": 0.35620322823524475,
    "0,1,3,4,7": 0.4542616009712219,
    "0,1,3,5,6": 0.362983763217926,
    "0,1,3,5,7": 0.3835524320602417,
    "0,1,3,6,7": 0.4591664671897888,
    "0,1,4,5,6": 0.3830870985984802,
    "0,1,4,5,7": 0.392460435628891,
    "0,1,4,6,7": 0.4333747923374176,
    "0,1,5,6,7": 0.3840327262878418,
    "0,2,3,4,5": 0.3464638590812683,
    "0,2,3,4,6": 0.42184701561927795,
    "0,2,3,4,7": 0.3890249729156494,
    "0,2,3,5,6": 0.36068814992904663,
    "0,2,3,5,7": 0.3648988604545593,
    "0,2,3,6,7": 0.39838260412216187,
    "0,2,4,5,6": 0.3462923467159271,
    "0,2,4,5,7": 0.35345393419265747,
    "0,2,4,6,7": 0.3888387084007263,
    "0,2,5,6,7": 0.3748975694179535,
    "0,3,4,5,6": 0.39321964979171753,
    "0,3,4,5,7": 0.39937493205070496,
    "0,3,4,6,7": 0.4267621636390686,
    "0,3,5,6,7": 0.40487009286880493,
    "0,4,5,6,7": 0.3923192620277405,
    "1,2,3,4,5": 0.29884105920791626,
    "1,2,3,4,6": 0.27547702193260193,
    "1,2,3,4,7": 0.3637600243091583,
    "1,2,3,5,6": 0.3078889846801758,
    "1,2,3,5,7": 0.3111568093299866,
    "1,2,3,6,7": 0.32446298003196716,
    "1,2,4,5,6": 0.26309776306152344,
    "1,2,4,5,7": 0.28516075015068054,
    "1,2,4,6,7": 0.3174753189086914,
    "1,2,5,6,7": 0.2797134220600128,
    "1,3,4,5,6": 0.3382020890712738,
    "1,3,4,5,7": 0.3162064850330353,
    "1,3,4,6,7": 0.3310318887233734,
    "1,3,5,6,7": 0.3196270167827606,
    "1,4,5,6,7": 0.29127317667007446,
    "2,3,4,5,6": 0.29348254203796387,
    "2,3,4,5,7": 0.2722932994365692,
    "2,3,4,6,7": 0.24628260731697083,
    "2,3,5,6,7": 0.27090567350387573,
    "2,4,5,6,7": 0.29065173864364624,