{
  "object_name": "Game",
  "data_type": "game",
  "version": "1.4.2.dev29+g3d3c3a7e6.d20260421",
  "created_from": null,
  "description": null,
  "parameters": {},
  "timestamp": "2026-04-21T12:25:56.680261+00:00Z",
  "metadata": {
    "n_players": 8,
    "game_name": "Game_object",
    "normalization_value": -0.09941155463457108,
    "precompute_flag": false,
    "precomputed": true,
    "player_names": null
  },
  "data": {
    "Empty": -0.09941155463457108,
    "0": -0.07993575930595398,
    "1": -0.030632048845291138,
    "2": -0.04859648644924164,
    "3": -0.11458566784858704,
    "4": -0.057280153036117554,
    "5": -0.09448720514774323,
    "6": -0.03181789815425873,
    "7": -0.09273196756839752,
    "0,1": -0.015913069248199463,
    "0,2": -0.05108928680419922,
    "0,3": -0.09551429003477097,
    "0,4": -0.04661346971988678,
    "0,5": -0.07549262046813965,
    "0,6": -0.009435698390007019,
    "0,7": -0.07524806261062622,
    "1,2": 0.03201018273830414,
    "1,3": -0.017805203795433044,
    "1,4": -0.04862026870250702,
    "1,5": -0.02341550588607788,
    "1,6": -0.00576038658618927,
    "1,7": 0.024802207946777344,
    "2,3": -0.042813584208488464,
    "2,4": 0.012911126017570496,
    "2,5": -0.04100121557712555,
    "2,6": 0.02133810520172119,
    "2,7": -0.041001975536346436,
    "3,4": -0.054864704608917236,
    "3,5": -0.10984174907207489,
    "3,6": -0.011934369802474976,
    "3,7": -0.10834050178527832,
    "4,5": -0.05011202394962311,
    "4,6": -0.08660247921943665,
    "4,7": -0.053705692291259766,
    "5,6": -0.02803690731525421,
    "5,7": -0.08730791509151459,
    "6,7": -0.02060912549495697,
    "0,1,2": 0.027361050248146057,
    "0,1,3": -0.0073222815990448,
    "0,1,4": -0.04175734519958496,
    "0,1,5": -0.008964493870735168,
    "0,1,6": -0.009051710367202759,
    "0,1,7": 0.043614670634269714,
    "0,2,3": -0.050302982330322266,
    "0,2,4": 0.015274032950401306,
    "0,2,5": -0.04319937527179718,
    "0,2,6": 0.043573006987571716,
    "0,2,7": -0.05734299123287201,
    "0,3,4": -0.05249111354351044,
    "0,3,5": -0.09081943333148956,
    "0,3,6": 0.002924323081970215,
    "0,3,7": -0.09207092225551605,
    "0,4,5": -0.04051430523395538,
    "0,4,6": -0.058876678347587585,
    "0,4,7": -0.03148326277732849,
    "0,5,6": -0.005627274513244629,
    "0,5,7": -0.06935401260852814,
    "0,6,7": -0.0018678158521652222,
    "1,2,3": 0.0502309650182724,
    "1,2,4": 0.015282660722732544,
    "1,2,5": 0.037285372614860535,
    "1,2,6": 0.023685544729232788,
    "1,2,7": 0.08672855794429779,
    "1,3,4": -0.049427568912506104,
    "1,3,5": -0.012727513909339905,
    "1,3,6": -0.021355539560317993,
    "1,3,7": 0.035110339522361755,
    "1,4,5": -0.04182049632072449,
    "1,4,6": -0.03833550214767456,
    "1,4,7": 0.0023151785135269165,
    "1,5,6": 0.0017474591732025146,
    "1,5,7": 0.031077206134796143,
    "1,6,7": -0.024802491068840027,
    "2,3,4": 0.015996187925338745,
    "2,3,5": -0.038803160190582275,
    "2,3,6": 0.03765256702899933,
    "2,3,7": -0.04199342429637909,
    "2,4,5": 0.018895432353019714,
    "2,4,6": -0.04246257245540619,
    "2,4,7": 0.015852823853492737,
    "2,5,6": 0.02611100673675537,
    "2,5,7": -0.03402012586593628,
    "2,6,7": 0.02896443009376526,
    "3,4,5": -0.04600626230239868,
    "3,4,6": -0.08448420464992523,
    "3,4,7": -0.05568802356719971,
    "3,5,6": -0.00815342366695404,
    "3,5,7": -0.1026640236377716,
    "3,6,7": -0.003195628523826599,
    "4,5,6": -0.07983185350894928,
    "4,5,7": -0.05036717653274536,
    "4,6,7": -0.079201340675354,
    "5,6,7": -0.016828134655952454,
    "0,1,2,3": 0.04447661340236664,
    "0,1,2,4": 0.00955188274383545,
    "0,1,2,5": 0.03118644654750824,
    "0,1,2,6": 0.01439918577671051,
    "0,1,2,7": 0.08220843970775604,
    "0,1,3,4": -0.038149163126945496,
    "0,1,3,5": -0.004722863435745239,
    "0,1,3,6": -0.021150723099708557,
    "0,1,3,7": 0.04461283981800079,
    "0,1,4,5": -0.03489474952220917,
    "0,1,4,6": -0.03292711079120636,
    "0,1,4,7": 0.009399831295013428,
    "0,1,5,6": -0.002496063709259033,
    "0,1,5,7": 0.050067439675331116,
    "0,1,6,7": -0.03176896274089813,
    "0,2,3,4": 0.01797214150428772,
    "0,2,3,5": -0.045032426714897156,
    "0,2,3,6": 0.05565182864665985,
    "0,2,3,7": -0.054523155093193054,
    "0,2,4,5": 0.021856695413589478,
    "0,2,4,6": -0.01713256537914276,
    "0,2,4,7": 0.028000622987747192,
    "0,2,5,6": 0.04894109070301056,
    "0,2,5,7": -0.050595417618751526,
    "0,2,6,7": 0.05337442457675934,
    "0,3,4,5": -0.04553775489330292,
    "0,3,4,6": -0.055433109402656555,
    "0,3,4,7": -0.03984028100967407,
    "0,3,5,6": 0.006750226020812988,
    "0,3,5,7": -0.08699537813663483,
    "0,3,6,7": 0.005493417382240295,
    "0,4,5,6": -0.05207216739654541,
    "0,4,5,7": -0.027658358216285706,
    "0,4,6,7": -0.04780964553356171,
    "0,5,6,7": 0.002477124333381653,
    "1,2,3,4": 0.01274774968624115,
    "1,2,3,5": 0.05449764430522919,
    "1,2,3,6": 0.021356403827667236,
    "1,2,3,7": 0.1060415655374527,
    "1,2,4,5": 0.024821579456329346,
    "1,2,4,6": 0.009103819727897644,
    "1,2,4,7": 0.057838693261146545,
    "1,2,5,6": 0.03194345533847809,
    "1,2,5,7": 0.09122629463672638,
    "1,2,6,7": 0.004564553499221802,
    "1,3,4,5": -0.041621461510658264,
    "1,3,4,6": -0.02742008864879608,
    "1,3,4,7": 0.00245039165019989,
    "1,3,5,6": -0.01281788945198059,
    "1,3,5,7": 0.03932793438434601,
    "1,3,6,7": -0.036498576402664185,
    "1,4,5,6": -0.030562549829483032,
    "1,4,5,7": 0.009071767330169678,
    "1,4,6,7": -0.050230979919433594,
    "1,5,6,7": -0.017204031348228455,
    "2,3,4,5": 0.02392461895942688,
    "2,3,4,6": -0.033615633845329285,
    "2,3,4,7": 0.019215956330299377,
    "2,3,5,6": 0.041890159249305725,
    "2,3,5,7": -0.0395774245262146,
    "2,3,6,7": 0.04418133199214935,
    "2,4,5,6": -0.037284836173057556,
    "2,4,5,7": 0.020270586013793945,
    "2,4,6,7": -0.0371084064245224,
    "2,5,6,7": 0.034690842032432556,
    "3,4,5,6": -0.07771359384059906,
    "3,4,5,7": -0.05115000903606415,
    "3,4,6,7": -0.0762566328048706,
    "3,5,6,7": 0.0010606050491333008,
    "4,5,6,7": -0.07243075966835022,
    "0,1,2,3,4": 0.013111516833305359,
    "0,1,2,3,5": 0.04874332249164581,
    "0,1,2,3,6": 0.011734560132026672,
    "0,1,2,3,7": 0.10028718411922455,
    "0,1,2,4,5": 0.01845705509185791,
    "0,1,2,4,6": 0.005928322672843933,
    "0,1,2,4,7": 0.06295005977153778,
    "0,1,2,5,6": 0.021106451749801636,
    "0,1,2,5,7": 0.08670611679553986,
    "0,1,2,6,7": -0.008719906210899353,
    "0,1,3,4,5": -0.031569138169288635,
    "0,1,3,4,6": -0.034470319747924805,
    "0,1,3,4,7": 0.011867105960845947,
    "0,1,3,5,6": -0.013639315962791443,
    "0,1,3,5,7": 0.05009166896343231,
    "0,1,3,6,7": -0.04220321774482727,
    "0,1,4,5,6": -0.025207296013832092,
    "0,1,4,5,7": 0.016704723238945007,
    "0,1,4,6,7": -0.04790358245372772,
    "0,1,5,6,7": -0.0253371000289917,
    "0,2,3,4,5": 0.02466501295566559,
    "0,2,3,4,6": -0.011694744229316711,
    "0,2,3,4,7": 0.033871278166770935,
    "0,2,3,5,6": 0.0607178658246994,
    "0,2,3,5,7": -0.04856346547603607,
    "0,2,3,6,7": 0.06597702205181122,
    "0,2,4,5,6": -0.01195494830608368,
    "0,2,4,5,7": 0.0322965532541275,
    "0,2,4,6,7": -0.009637534618377686,
    "0,2,5,6,7": 0.05884264409542084,
    "0,3,4,5,6": -0.048401594161987305,
    "0,3,4,5,7": -0.035780683159828186,
    "0,3,4,6,7": -0.04474437236785889,
    "0,3,5,6,7": 0.009427666664123535,
    "0,4,5,6,7": -0.04108317196369171,
    "1,2,3,4,5": 0.022120341658592224,
    "1,2,3,4,6": 0.021598517894744873,
    "1,2,3,4,7": 0.05776931345462799,
    "1,2,3,5,6": 0.029429227113723755,
    "1,2,3,5,7": 0.11030824482440948,
    "1,2,3,6,7": 0.00415860116481781,
    "1,2,4,5,6": 0.01625964045524597,
    "1,2,4,5,7": 0.06721930205821991,
    "1,2,4,6,7": -0.0032634735107421875,
    "1,2,5,6,7": 0.012661710381507874,
    "1,3,4,5,6": -0.020031899213790894,