{
  "object_name": "Game",
  "data_type": "game",
  "version": "1.4.2.dev29+g3d3c3a7e6.d20260421",
  "created_from": null,
  "description": null,
  "parameters": {},
  "timestamp": "2026-04-21T12:25:56.773172+00:00Z",
  "metadata": {
    "n_players": 8,
    "game_name": "Game_object",
    "normalization_value": 0.9179999999999999,
    "precompute_flag": false,
    "precomputed": true,
    "player_names": null
  },
  "data": {
    "Empty": 0.9179999999999999,
    "0": 0.7983,
    "1": 0.9989000000000001,
    "2": 2.0492,
    "3": 0.9179999999999999,
    "4": 0.9179999999999999,
    "5": 2.7860000000000005,
    "6": 1.1282,
    "7": 2.1146000000000003,
    "0,1": 0.8472999999999999,
    "0,2": 1.8821999999999999,
    "0,3": 0.7983,
    "0,4": 0.8014999999999999,
    "0,5": 2.2422999999999997,
    "0,6": 0.8527999999999999,
    "0,7": 2.3488999999999995,
    "1,2": 2.0344,
    "1,3": 0.9989000000000001,
    "1,4": 0.9989000000000001,
    "1,5": 2.7013000000000003,
    "1,6": 1.2041,
    "1,7": 2.2402,
    "2,3": 2.3444,
    "2,4": 2.0625,
    "2,5": 2.3957,
    "2,6": 2.1053,
    "2,7": 2.5878,
    "3,4": 0.9179999999999999,
    "3,5": 2.7298,
    "3,6": 1.1282,
    "3,7": 2.1366000000000005,
    "4,5": 2.6534,
    "4,6": 1.1282,
    "4,7": 2.1025,
    "5,6": 2.4173,
    "5,7": 2.9818000000000002,
    "6,7": 1.9773,
    "0,1,2": 1.8674,
    "0,1,3": 0.8472999999999999,
    "0,1,4": 0.8465,
    "0,1,5": 2.1912,
    "0,1,6": 0.9238999999999999,
    "0,1,7": 2.4745,
    "0,2,3": 2.2146,
    "0,2,4": 1.9349999999999998,
    "0,2,5": 1.9716999999999998,
    "0,2,6": 1.8927999999999998,
    "0,2,7": 2.5177000000000005,
    "0,3,4": 0.8014999999999999,
    "0,3,5": 2.2388,
    "0,3,6": 0.8527999999999999,
    "0,3,7": 2.3488999999999995,
    "0,4,5": 2.1900999999999997,
    "0,4,6": 0.8638,
    "0,4,7": 2.2276,
    "0,5,6": 1.7481000000000002,
    "0,5,7": 2.9618,
    "0,6,7": 1.9081999999999997,
    "1,2,3": 2.2346,
    "1,2,4": 2.0477,
    "1,2,5": 2.311,
    "1,2,6": 2.0905,
    "1,2,7": 2.6168,
    "1,3,4": 0.9989000000000001,
    "1,3,5": 2.6451000000000002,
    "1,3,6": 1.2041,
    "1,3,7": 2.2622,
    "1,4,5": 2.6245000000000003,
    "1,4,6": 1.2041,
    "1,4,7": 2.2313,
    "1,5,6": 2.3326000000000002,
    "1,5,7": 2.9818000000000002,
    "1,6,7": 2.1153000000000004,
    "2,3,4": 2.3577,
    "2,3,5": 2.3922,
    "2,3,6": 2.4005,
    "2,3,7": 2.8809,
    "2,4,5": 2.2902,
    "2,4,6": 2.1186,
    "2,4,7": 2.5846,
    "2,5,6": 2.2361,
    "2,5,7": 2.6460999999999997,
    "2,6,7": 2.6262000000000003,
    "3,4,5": 2.5972,
    "3,4,6": 1.1282,
    "3,4,7": 2.1245000000000003,
    "3,5,6": 2.3611,
    "3,5,7": 2.9291,
    "3,6,7": 2.0415,
    "4,5,6": 2.2847,
    "4,5,7": 2.8505,
    "4,6,7": 1.9741,
    "5,6,7": 2.8568000000000002,
    "0,1,2,3": 2.1048,
    "0,1,2,4": 1.9202000000000001,
    "0,1,2,5": 1.921,
    "0,1,2,6": 1.8780000000000001,
    "0,1,2,7": 2.5467000000000004,
    "0,1,3,4": 0.8465,
    "0,1,3,5": 2.1877,
    "0,1,3,6": 0.9238999999999999,
    "0,1,3,7": 2.4745,
    "0,1,4,5": 2.139,
    "0,1,4,6": 0.9348999999999998,
    "0,1,4,7": 2.3760000000000003,
    "0,1,5,6": 1.6969999999999998,
    "0,1,5,7": 2.9618,
    "0,1,6,7": 2.0338,
    "0,2,3,4": 2.2674,
    "0,2,3,5": 1.9682,
    "0,2,3,6": 2.2252,
    "0,2,3,7": 2.8501000000000003,
    "0,2,4,5": 2.0222,
    "0,2,4,6": 1.9418999999999997,
    "0,2,4,7": 2.4949000000000003,
    "0,2,5,6": 1.6395,
    "0,2,5,7": 2.7338,
    "0,2,6,7": 2.5024,
    "0,3,4,5": 2.1865999999999994,
    "0,3,4,6": 0.8638,
    "0,3,4,7": 2.2276,
    "0,3,5,6": 1.7445999999999997,
    "0,3,5,7": 2.9618,
    "0,3,6,7": 1.9391000000000003,
    "0,4,5,6": 1.6959,
    "0,4,5,7": 2.8457,
    "0,4,6,7": 1.8832999999999995,
    "0,5,6,7": 2.9465,
    "1,2,3,4": 2.2479,
    "1,2,3,5": 2.3075,
    "1,2,3,6": 2.2907,
    "1,2,3,7": 2.8149,
    "1,2,4,5": 2.2534,
    "1,2,4,6": 2.1038,
    "1,2,4,7": 2.6168,
    "1,2,5,6": 2.1513999999999998,
    "1,2,5,7": 2.6460999999999997,
    "1,2,6,7": 2.6552000000000002,
    "1,3,4,5": 2.5683,
    "1,3,4,6": 1.2041,
    "1,3,4,7": 2.2533000000000003,
    "1,3,5,6": 2.2764,
    "1,3,5,7": 2.9291,
    "1,3,6,7": 2.1795,
    "1,4,5,6": 2.2558,
    "1,4,5,7": 2.9063,
    "1,4,6,7": 2.1153000000000004,
    "1,5,6,7": 2.8568000000000002,
    "2,3,4,5": 2.2867,
    "2,3,4,6": 2.4138,
    "2,3,4,7": 2.8777,
    "2,3,5,6": 2.2326,
    "2,3,5,7": 2.6460999999999997,
    "2,3,6,7": 2.9193000000000007,
    "2,4,5,6": 2.1306000000000003,
    "2,4,5,7": 2.5418999999999996,
    "2,4,6,7": 2.623,
    "2,5,6,7": 2.7081999999999997,
    "3,4,5,6": 2.2285,
    "3,4,5,7": 2.7977999999999996,
    "3,4,6,7": 2.0383000000000004,
    "3,5,6,7": 2.8041,
    "4,5,6,7": 2.7255,
    "0,1,2,3,4": 2.1576,
    "0,1,2,3,5": 1.9175,
    "0,1,2,3,6": 2.1154,
    "0,1,2,3,7": 2.7841,
    "0,1,2,4,5": 1.9715,
    "0,1,2,4,6": 1.9271,
    "0,1,2,4,7": 2.5467000000000004,
    "0,1,2,5,6": 1.5888,
    "0,1,2,5,7": 2.7959,
    "0,1,2,6,7": 2.5314,
    "0,1,3,4,5": 2.1354999999999995,
    "0,1,3,4,6": 0.9348999999999998,
    "0,1,3,4,7": 2.3760000000000003,
    "0,1,3,5,6": 1.6934999999999998,
    "0,1,3,5,7": 2.9618,
    "0,1,3,6,7": 2.0647,
    "0,1,4,5,6": 1.6448,
    "0,1,4,5,7": 2.8457,
    "0,1,4,6,7": 2.0317,
    "0,1,5,6,7": 2.9465,
    "0,2,3,4,5": 2.0187,
    "0,2,3,4,6": 2.2742999999999998,
    "0,2,3,4,7": 2.8273,
    "0,2,3,5,6": 1.636,
    "0,2,3,5,7": 2.7338,
    "0,2,3,6,7": 2.8348000000000004,
    "0,2,4,5,6": 1.6888999999999998,
    "0,2,4,5,7": 2.7116,
    "0,2,4,6,7": 2.4796000000000005,
    "0,2,5,6,7": 2.7801,
    "0,3,4,5,6": 1.6924,
    "0,3,4,5,7": 2.8457,
    "0,3,4,6,7": 1.9142,
    "0,3,5,6,7": 2.9465,
    "0,4,5,6,7": 2.8273,
    "1,2,3,4,5": 2.2499,
    "1,2,3,4,6": 2.3040000000000003,
    "1,2,3,4,7": 2.8149,
    "1,2,3,5,6": 2.1479,
    "1,2,3,5,7": 2.6460999999999997,
    "1,2,3,6,7": 2.8533000000000004,
    "1,2,4,5,6": 2.0938,
    "1,2,4,5,7": 2.5897999999999994,
    "1,2,4,6,7": 2.6552000000000002,
    "1,2,5,6,7": 2.7081999999999997,
    "1,3,4,5,6": 2.1996,
    "1,3,4,5,7": 2.8535999999999997,
    "1,3,4,6,7": 2.1795,
    "1,3,5,6,7": 2.8041,
    "1,4,5,6,7": 2.7813,
    "2,3,4,5,6": 2.1271,
    "2,3,4,5,7": 2.5418999999999996,
    "2,3,4,6,7": 2.9161000000000006,
    "2,3,5,6,7": 2.7081999999999997,
    "2,4,5,6,7": 2.604,
    "3,4,5,6,7": 2.6727999999999996,
    "0,1,2,3,4,5": 1.968,
    "0,1,2,3,4,6": 2.1645,
    "0,1,2,3,4,7": 2.7841,
    "0,1,2,3,5,6": 1.5853,
    "0,1,2,3,5,7": 2.7959,
    "0,1,2,3,6,7": 2.7688,
    "0,1,2,4,5,6": 1.6382,
    "0,1,2,4,5,7": 2.7737,
    "0,1,2,4,6,7": 2.5314,
    "0,1,2,5,6,7": 2.8422000000000005,
    "0,1,3,4,5,6": 1.6413,
    "0,1,3,4,5,7": 2.8457,
    "0,1,3,4,6,7": 2.0626,
    "0,1,3,5,6,7": 2.9465,
    "0,1,4,5,6,7": 2.8273,
    "0,2,3,4,5,6": 1.6854,
    "0,2,3,4,5,7": 2.7116,
    "0,2,3,4,6,7": 2.8120000000000003,
    "0,2,3,5,6,7": 2.7801,
    "0,2,4,5,6,7": 2.7548,
    "0,3,4,5,6,7": 2.8273,
    "1,2,3,4,5,6": 2.0903,
    "1,2,3,4,5,7": 2.5897999999999994,
    "1,2,3,4,6,7": 2.8533000000000004,
    "1,2,3,5,6,7": 2.7081999999999997,
    "1,2,4,5,6,7": 2.6519,
    "1,3,4,5,6,7": 2.7285999999999997,
    "2,3,4,5,6,7": 2.604,
    "0,1,2,3,4,5,6": 1.6347,
    "0,1,2,3,4,5,7": 2.7737,
    "0,1,2,3,4,6,7": 2.7688,
    "0,1,2,3,5,6,7": 2.8422000000000005,
    "0,1,2,4,5,6,7": 2.8169,
    "0,1,3,4,5,6,7": 2.8273,
    "0,2,3,4,5,6,7": 2.7548,
    "1,2,3,4,5,6,7": 2.6519,
    "0,1,2,3,4,5,6,7": 2.8169
  }
}
