{
  "object_name": "Game",
  "data_type": "game",
  "version": "1.4.2.dev29+g3d3c3a7e6.d20260421",
  "created_from": null,
  "description": null,
  "parameters": {},
  "timestamp": "2026-04-21T12:25:56.541797+00:00Z",
  "metadata": {
    "n_players": 8,
    "game_name": "Game_object",
    "normalization_value": 2.0434510707855225,
    "precompute_flag": false,
    "precomputed": true,
    "player_names": null
  },
  "data": {
    "Empty": 1.3718892335891724,
    "0": 1.0899837017059326,
    "1": 1.602579116821289,
    "2": 1.1997696161270142,
    "3": 1.580235242843628,
    "4": 1.4344432353973389,
    "5": 1.3378865718841553,
    "6": 2.6849253177642822,
    "7": 1.0188922882080078,
    "0,1": 1.0348689556121826,
    "0,2": 1.4448186159133911,
    "0,3": 1.3642427921295166,
    "0,4": 1.2447417974472046,
    "0,5": 1.1877766847610474,
    "0,6": 2.520681619644165,
    "0,7": 0.6644333600997925,
    "1,2": 1.3275477886199951,
    "1,3": 1.6438308954238892,
    "1,4": 1.5659935474395752,
    "1,5": 1.4737392663955688,
    "1,6": 2.0232837200164795,
    "1,7": 0.8962788581848145,
    "2,3": 1.5001027584075928,
    "2,4": 1.3726177215576172,
    "2,5": 1.3705353736877441,
    "2,6": 2.877408027648926,
    "2,7": 0.7232381105422974,
    "3,4": 1.3774912357330322,
    "3,5": 1.2991173267364502,
    "3,6": 2.315871238708496,
    "3,7": 0.8501701354980469,
    "4,5": 1.3332091569900513,
    "4,6": 1.8094905614852905,
    "4,7": 1.0853967666625977,
    "5,6": 2.498655080795288,
    "5,7": 0.8238046765327454,
    "6,7": 0.9097602963447571,
    "0,1,2": 1.2464977502822876,
    "0,1,3": 1.7306331396102905,
    "0,1,4": 1.489756464958191,
    "0,1,5": 1.434931755065918,
    "0,1,6": 1.7885640859603882,
    "0,1,7": 0.7864719033241272,
    "0,2,3": 1.0316624641418457,
    "0,2,4": 1.0361911058425903,
    "0,2,5": 1.2368353605270386,
    "0,2,6": 2.117486000061035,
    "0,2,7": 0.6898297071456909,
    "0,3,4": 1.6049000024795532,
    "0,3,5": 1.2133511304855347,
    "0,3,6": 2.4325461387634277,
    "0,3,7": 0.873897910118103,
    "0,4,5": 1.1071439981460571,
    "0,4,6": 1.5460007190704346,
    "0,4,7": 0.7133159041404724,
    "0,5,6": 1.969353437423706,
    "0,5,7": 0.6869078874588013,
    "0,6,7": 0.717885434627533,
    "1,2,3": 1.5573970079421997,
    "1,2,4": 1.2499496936798096,
    "1,2,5": 1.3914880752563477,
    "1,2,6": 2.3591785430908203,
    "1,2,7": 0.7996820211410522,
    "1,3,4": 1.7452484369277954,
    "1,3,5": 1.6519092321395874,
    "1,3,6": 1.8563235998153687,
    "1,3,7": 0.9581249356269836,
    "1,4,5": 1.2831908464431763,
    "1,4,6": 2.132291316986084,
    "1,4,7": 0.8330724835395813,
    "1,5,6": 1.76508367061615,
    "1,5,7": 0.6962985992431641,
    "1,6,7": 0.8679260015487671,
    "2,3,4": 1.3295824527740479,
    "2,3,5": 1.3982545137405396,
    "2,3,6": 2.5037341117858887,
    "2,3,7": 0.95097815990448,
    "2,4,5": 1.3888746500015259,
    "2,4,6": 2.5107598304748535,
    "2,4,7": 0.8207215070724487,
    "2,5,6": 1.8709070682525635,
    "2,5,7": 0.7382737398147583,
    "2,6,7": 0.7612263560295105,
    "3,4,5": 1.554328203201294,
    "3,4,6": 2.4343113899230957,
    "3,4,7": 0.7206606268882751,
    "3,5,6": 2.1343626976013184,
    "3,5,7": 0.9239174723625183,
    "3,6,7": 0.7967738509178162,
    "4,5,6": 2.0517349243164062,
    "4,5,7": 0.6719911098480225,
    "4,6,7": 0.8865563273429871,
    "5,6,7": 0.7385461926460266,
    "0,1,2,3": 1.412160038948059,
    "0,1,2,4": 1.3086678981781006,
    "0,1,2,5": 1.2559053897857666,
    "0,1,2,6": 1.788818597793579,
    "0,1,2,7": 0.8024249076843262,
    "0,1,3,4": 1.3106062412261963,
    "0,1,3,5": 1.4400209188461304,
    "0,1,3,6": 2.0188848972320557,
    "0,1,3,7": 1.2750251293182373,
    "0,1,4,5": 1.1803302764892578,
    "0,1,4,6": 1.5715525150299072,
    "0,1,4,7": 0.7046940922737122,
    "0,1,5,6": 2.0054237842559814,
    "0,1,5,7": 0.702921986579895,
    "0,1,6,7": 0.7729474306106567,
    "0,2,3,4": 1.5305984020233154,
    "0,2,3,5": 1.1121344566345215,
    "0,2,3,6": 2.3187694549560547,
    "0,2,3,7": 0.6830974817276001,
    "0,2,4,5": 1.2389004230499268,
    "0,2,4,6": 1.9782800674438477,
    "0,2,4,7": 0.7422200441360474,
    "0,2,5,6": 1.7082048654556274,
    "0,2,5,7": 0.8037006258964539,
    "0,2,6,7": 0.6513352394104004,
    "0,3,4,5": 1.2846243381500244,
    "0,3,4,6": 2.1561179161071777,
    "0,3,4,7": 0.7834332585334778,
    "0,3,5,6": 2.2080109119415283,
    "0,3,5,7": 0.7025806307792664,
    "0,3,6,7": 0.7993986010551453,
    "0,4,5,6": 2.4014251232147217,
    "0,4,5,7": 0.6789825558662415,
    "0,4,6,7": 0.7051653861999512,
    "0,5,6,7": 0.6720247268676758,
    "1,2,3,4": 1.6199697256088257,
    "1,2,3,5": 1.422189474105835,
    "1,2,3,6": 2.001235246658325,
    "1,2,3,7": 1.0273940563201904,
    "1,2,4,5": 1.5460344552993774,
    "1,2,4,6": 2.3136658668518066,
    "1,2,4,7": 1.0284310579299927,
    "1,2,5,6": 1.7719709873199463,
    "1,2,5,7": 0.8048011064529419,
    "1,2,6,7": 0.8117183446884155,
    "1,3,4,5": 1.4919261932373047,
    "1,3,4,6": 2.3424935340881348,
    "1,3,4,7": 1.1373127698898315,
    "1,3,5,6": 2.3515868186950684,
    "1,3,5,7": 1.07332444190979,
    "1,3,6,7": 1.1877344846725464,
    "1,4,5,6": 1.5015119314193726,
    "1,4,5,7": 0.876630961894989,
    "1,4,6,7": 0.8131234049797058,
    "1,5,6,7": 0.7476918697357178,
    "2,3,4,5": 1.3526731729507446,
    "2,3,4,6": 2.6433358192443848,
    "2,3,4,7": 0.8257583379745483,
    "2,3,5,6": 2.4242501258850098,
    "2,3,5,7": 0.8109763860702515,
    "2,3,6,7": 0.903826117515564,
    "2,4,5,6": 2.6230223178863525,
    "2,4,5,7": 0.7172361612319946,
    "2,4,6,7": 0.7839576601982117,
    "2,5,6,7": 0.7324314117431641,
    "3,4,5,6": 2.6603102684020996,
    "3,4,5,7": 0.7969717979431152,
    "3,4,6,7": 0.8869338035583496,
    "3,5,6,7": 0.9011884927749634,
    "4,5,6,7": 0.7134169340133667,
    "0,1,2,3,4": 1.646849274635315,
    "0,1,2,3,5": 1.451649785041809,
    "0,1,2,3,6": 2.0412731170654297,
    "0,1,2,3,7": 0.9602920413017273,
    "0,1,2,4,5": 1.212438941001892,
    "0,1,2,4,6": 1.599867582321167,
    "0,1,2,4,7": 0.7499696612358093,
    "0,1,2,5,6": 1.541332721710205,
    "0,1,2,5,7": 0.7200678586959839,
    "0,1,2,6,7": 0.7202025651931763,
    "0,1,3,4,5": 1.5511540174484253,
    "0,1,3,4,6": 2.5290637016296387,
    "0,1,3,4,7": 1.0094856023788452,
    "0,1,3,5,6": 2.384073257446289,
    "0,1,3,5,7": 0.9428237676620483,
    "0,1,3,6,7": 1.1180280447006226,
    "0,1,4,5,6": 2.1085219383239746,
    "0,1,4,5,7": 0.7046208381652832,
    "0,1,4,6,7": 0.7129408121109009,
    "0,1,5,6,7": 0.6757631897926331,
    "0,2,3,4,5": 1.0375354290008545,
    "0,2,3,4,6": 2.2324466705322266,
    "0,2,3,4,7": 0.7831097841262817,
    "0,2,3,5,6": 1.7619794607162476,
    "0,2,3,5,7": 0.7460663318634033,
    "0,2,3,6,7": 0.7457050085067749,
    "0,2,4,5,6": 2.529474973678589,
    "0,2,4,5,7": 0.6323877573013306,
    "0,2,4,6,7": 0.8026200532913208,
    "0,2,5,6,7": 0.6663137078285217,
    "0,3,4,5,6": 2.032684803009033,
    "0,3,4,5,7": 0.8253351449966431,
    "0,3,4,6,7": 0.8307747840881348,
    "0,3,5,6,7": 0.7695859670639038,
    "0,4,5,6,7": 0.631473183631897,
    "1,2,3,4,5": 1.9466869831085205,
    "1,2,3,4,6": 2.050283908843994,
    "1,2,3,4,7": 1.1125695705413818,
    "1,2,3,5,6": 2.163914203643799,
    "1,2,3,5,7": 1.065301537513733,
    "1,2,3,6,7": 1.086272120475769,
    "1,2,4,5,6": 1.849877953529358,
    "1,2,4,5,7": 0.9194525480270386,
    "1,2,4,6,7": 0.9765857458114624,
    "1,2,5,6,7": 0.8742877840995789,
    "1,3,4,5,6": 2.096555709838867,
    "1,3,4,5,7": 0.9627180099487305,
    "1,3,4,6,7": 0.9267646074295044,
    "1,3,5,6,7": 1.0669437646865845,
    "1,4,5,6,7": 0.8109171986579895,
    "2,3,4,5,6": 1.9757283926010132,
    "2,3,4,5,7": 0.7666338682174683,
    "2,3,4,6,7": 0.7678590416908264,
    "2,3,5,6,7": 0.8703538179397583,
    "2,4,5,6,7": 0.8193519711494446,
    "3,4,5,6,7": 0.8776004910469055,
    "0,1,2,3,4,5": 1.4672189950942993,
    "0,1,2,3,4,6": 2.0158581733703613,