{
  "object_name": "Game",
  "data_type": "game",
  "version": "1.4.2.dev29+g3d3c3a7e6.d20260421",
  "created_from": null,
  "description": null,
  "parameters": {},
  "timestamp": "2026-04-21T12:25:56.288193+00:00Z",
  "metadata": {
    "n_players": 8,
    "game_name": "Game_object",
    "normalization_value": 2.056467975,
    "precompute_flag": false,
    "precomputed": true,
    "player_names": null
  },
  "data": {
    "Empty": 2.4112,
    "0": 2.147,
    "1": 2.603201,
    "2": 2.2267010000000003,
    "3": 2.314701,
    "4": 2.2591,
    "5": 2.6595000000000004,
    "6": 2.4953000000000003,
    "7": 2.3565,
    "0,1": 2.1331,
    "0,2": 2.0478,
    "0,3": 2.326201,
    "0,4": 2.1997,
    "0,5": 1.9289999999999998,
    "0,6": 2.2286,
    "0,7": 1.8512999999999997,
    "1,2": 1.9396999999999998,
    "1,3": 1.966,
    "1,4": 2.0115,
    "1,5": 2.1193,
    "1,6": 2.5736999999999997,
    "1,7": 2.4196,
    "2,3": 2.892101,
    "2,4": 1.9772999999999996,
    "2,5": 2.9641000000000006,
    "2,6": 2.5709,
    "2,7": 2.4046,
    "3,4": 2.5084,
    "3,5": 3.0896,
    "3,6": 2.3727000000000005,
    "3,7": 2.2976,
    "4,5": 2.2805,
    "4,6": 2.1553,
    "4,7": 2.6805999999999996,
    "5,6": 2.5010000000000003,
    "5,7": 2.3279000000000005,
    "6,7": 1.9883,
    "0,1,2": 2.0509,
    "0,1,3": 1.904,
    "0,1,4": 2.3659,
    "0,1,5": 2.3625,
    "0,1,6": 2.1538999999999997,
    "0,1,7": 1.7246000000000001,
    "0,2,3": 2.470001,
    "0,2,4": 2.0162999999999998,
    "0,2,5": 1.9459999999999997,
    "0,2,6": 2.0131,
    "0,2,7": 1.9339,
    "0,3,4": 1.8496,
    "0,3,5": 2.1709,
    "0,3,6": 2.0805,
    "0,3,7": 2.2824,
    "0,4,5": 1.8715999999999997,
    "0,4,6": 2.1568,
    "0,4,7": 2.0056000000000003,
    "0,5,6": 2.1992000000000003,
    "0,5,7": 2.0785,
    "0,6,7": 1.9352999999999998,
    "1,2,3": 2.580601,
    "1,2,4": 2.366,
    "1,2,5": 2.1298,
    "1,2,6": 2.381901,
    "1,2,7": 2.394701,
    "1,3,4": 2.4722,
    "1,3,5": 2.3686999999999996,
    "1,3,6": 2.332,
    "1,3,7": 2.3171,
    "1,4,5": 2.2907,
    "1,4,6": 2.2186,
    "1,4,7": 2.2113,
    "1,5,6": 2.3896,
    "1,5,7": 2.0385,
    "1,6,7": 2.2227,
    "2,3,4": 2.575501,
    "2,3,5": 2.5703,
    "2,3,6": 2.158001,
    "2,3,7": 2.1745,
    "2,4,5": 2.3581,
    "2,4,6": 2.2534,
    "2,4,7": 2.4261,
    "2,5,6": 2.5082,
    "2,5,7": 2.2112999999999996,
    "2,6,7": 2.0644,
    "3,4,5": 2.9053999999999998,
    "3,4,6": 2.9164000000000003,
    "3,4,7": 1.6033000000000002,
    "3,5,6": 3.1582999999999997,
    "3,5,7": 2.787701,
    "3,6,7": 2.8193000000000006,
    "4,5,6": 2.707,
    "4,5,7": 2.855801,
    "4,6,7": 2.4132000000000002,
    "5,6,7": 2.3805,
    "0,1,2,3": 2.1406000000000005,
    "0,1,2,4": 1.9666000000000003,
    "0,1,2,5": 2.395,
    "0,1,2,6": 2.2759,
    "0,1,2,7": 1.7637999999999998,
    "0,1,3,4": 2.1073,
    "0,1,3,5": 2.1571000000000002,
    "0,1,3,6": 2.5987,
    "0,1,3,7": 2.1551,
    "0,1,4,5": 2.1454999999999997,
    "0,1,4,6": 2.2915,
    "0,1,4,7": 2.1346,
    "0,1,5,6": 2.2987,
    "0,1,5,7": 2.2017,
    "0,1,6,7": 1.9655999999999998,
    "0,2,3,4": 2.2522,
    "0,2,3,5": 1.8605999999999998,
    "0,2,3,6": 2.3571,
    "0,2,3,7": 1.8030000000000002,
    "0,2,4,5": 2.048,
    "0,2,4,6": 2.3068,
    "0,2,4,7": 1.9609,
    "0,2,5,6": 2.3579999999999997,
    "0,2,5,7": 1.8714000000000002,
    "0,2,6,7": 1.9895,
    "0,3,4,5": 2.7448,
    "0,3,4,6": 2.1846,
    "0,3,4,7": 2.2415,
    "0,3,5,6": 2.1370999999999998,
    "0,3,5,7": 1.9771,
    "0,3,6,7": 2.2001999999999997,
    "0,4,5,6": 2.0545999999999998,
    "0,4,5,7": 1.7600000000000002,
    "0,4,6,7": 1.9508000000000003,
    "0,5,6,7": 1.9905000000000002,
    "1,2,3,4": 2.1678,
    "1,2,3,5": 2.1407999999999996,
    "1,2,3,6": 2.4343,
    "1,2,3,7": 2.1316,
    "1,2,4,5": 2.0254,
    "1,2,4,6": 2.1059,
    "1,2,4,7": 2.2167,
    "1,2,5,6": 2.2763999999999998,
    "1,2,5,7": 2.5179,
    "1,2,6,7": 1.9894000000000003,
    "1,3,4,5": 2.7885,
    "1,3,4,6": 2.5147,
    "1,3,4,7": 2.377601,
    "1,3,5,6": 2.5624000000000002,
    "1,3,5,7": 2.3176,
    "1,3,6,7": 2.0663000000000005,
    "1,4,5,6": 2.1349,
    "1,4,5,7": 2.0638,
    "1,4,6,7": 2.0604000000000005,
    "1,5,6,7": 2.5313000000000003,
    "2,3,4,5": 2.5801000000000003,
    "2,3,4,6": 2.455601,
    "2,3,4,7": 2.6355999999999993,
    "2,3,5,6": 2.4638,
    "2,3,5,7": 2.8228999999999997,
    "2,3,6,7": 2.4657,
    "2,4,5,6": 2.298,
    "2,4,5,7": 1.8426000000000002,
    "2,4,6,7": 2.3800999999999997,
    "2,5,6,7": 2.0822,
    "3,4,5,6": 2.6867,
    "3,4,5,7": 2.2315,
    "3,4,6,7": 2.0037,
    "3,5,6,7": 2.052,
    "4,5,6,7": 2.3897999999999997,
    "0,1,2,3,4": 1.8701999999999999,
    "0,1,2,3,5": 2.0826,
    "0,1,2,3,6": 1.9582000000000002,
    "0,1,2,3,7": 1.9714000000000003,
    "0,1,2,4,5": 2.1437,
    "0,1,2,4,6": 1.7723,
    "0,1,2,4,7": 1.8622,
    "0,1,2,5,6": 2.0136,
    "0,1,2,5,7": 2.0433,
    "0,1,2,6,7": 1.9969999999999999,
    "0,1,3,4,5": 2.2415000000000003,
    "0,1,3,4,6": 2.3808000000000002,
    "0,1,3,4,7": 1.8533000000000002,
    "0,1,3,5,6": 2.4176,
    "0,1,3,5,7": 1.7612999999999999,
    "0,1,3,6,7": 1.9034000000000002,
    "0,1,4,5,6": 2.3125999999999998,
    "0,1,4,5,7": 2.3344,
    "0,1,4,6,7": 2.0432,
    "0,1,5,6,7": 2.0771,
    "0,2,3,4,5": 2.2142000000000004,
    "0,2,3,4,6": 1.8169,
    "0,2,3,4,7": 1.9221000000000004,
    "0,2,3,5,6": 2.3376999999999994,
    "0,2,3,5,7": 1.8183,
    "0,2,3,6,7": 2.0620000000000003,
    "0,2,4,5,6": 1.9812999999999998,
    "0,2,4,5,7": 1.9396,
    "0,2,4,6,7": 1.9721999999999997,
    "0,2,5,6,7": 1.9872999999999998,
    "0,3,4,5,6": 2.2414,
    "0,3,4,5,7": 2.0392,
    "0,3,4,6,7": 2.1374000000000004,
    "0,3,5,6,7": 2.0595000000000003,
    "0,4,5,6,7": 2.1953000000000005,
    "1,2,3,4,5": 2.2498,
    "1,2,3,4,6": 2.3973000000000004,
    "1,2,3,4,7": 2.0347999999999997,
    "1,2,3,5,6": 2.3432000000000004,
    "1,2,3,5,7": 2.404,
    "1,2,3,6,7": 2.5018009999999995,
    "1,2,4,5,6": 3.1189,
    "1,2,4,5,7": 2.6590000000000003,
    "1,2,4,6,7": 2.1649000000000003,
    "1,2,5,6,7": 2.4486,
    "1,3,4,5,6": 2.8194,
    "1,3,4,5,7": 2.973801,
    "1,3,4,6,7": 2.1692,
    "1,3,5,6,7": 2.1065,
    "1,4,5,6,7": 2.2442,
    "2,3,4,5,6": 2.5725000000000002,
    "2,3,4,5,7": 2.3817999999999997,
    "2,3,4,6,7": 2.2003999999999997,
    "2,3,5,6,7": 2.1706999999999996,
    "2,4,5,6,7": 2.1776999999999997,
    "3,4,5,6,7": 2.4008,
    "0,1,2,3,4,5": 1.8012000000000001,
    "0,1,2,3,4,6": 2.472801,
    "0,1,2,3,4,7": 1.8864,
    "0,1,2,3,5,6": 2.5088,
    "0,1,2,3,5,7": 2.1306999999999996,
    "0,1,2,3,6,7": 1.9538,
    "0,1,2,4,5,6": 2.2302999999999997,
    "0,1,2,4,5,7": 1.7438000000000002,
    "0,1,2,4,6,7": 1.9580000000000002,
    "0,1,2,5,6,7": 1.8829999999999998,
    "0,1,3,4,5,6": 2.0625999999999998,
    "0,1,3,4,5,7": 2.5158,
    "0,1,3,4,6,7": 2.0168,
    "0,1,3,5,6,7": 2.0839,
    "0,1,4,5,6,7": 2.194,
    "0,2,3,4,5,6": 2.1521,
    "0,2,3,4,5,7": 2.0453,
    "0,2,3,4,6,7": 2.2460009999999997,
    "0,2,3,5,6,7": 1.8901,
    "0,2,4,5,6,7": 1.9747999999999997,
    "0,3,4,5,6,7": 2.3036,
    "1,2,3,4,5,6": 2.3168,
    "1,2,3,4,5,7": 1.9649999999999999,
    "1,2,3,4,6,7": 2.02,
    "1,2,3,5,6,7": 2.0875999999999997,
    "1,2,4,5,6,7": 2.2708000000000004,
    "1,3,4,5,6,7": 2.492,
    "2,3,4,5,6,7": 2.3402,
    "0,1,2,3,4,5,6": 2.0104999999999995,
    "0,1,2,3,4,5,7": 1.9056999999999995,
    "0,1,2,3,4,6,7": 1.918,
    "0,1,2,3,5,6,7": 1.895,
    "0,1,2,4,5,6,7": 1.8809999999999998,
    "0,1,3,4,5,6,7": 2.2105000000000006,
    "0,2,3,4,5,6,7": 1.8718,
    "1,2,3,4,5,6,7": 2.4488999999999996,
    "0,1,2,3,4,5,6,7": 1.895
  }
}
