{
  "object_name": "Game",
  "data_type": "game",
  "version": "1.4.2.dev29+g3d3c3a7e6.d20260421",
  "created_from": null,
  "description": null,
  "parameters": {},
  "timestamp": "2026-04-21T12:25:56.571243+00:00Z",
  "metadata": {
    "n_players": 8,
    "game_name": "Game_object",
    "normalization_value": 1.095975637435913,
    "precompute_flag": false,
    "precomputed": true,
    "player_names": null
  },
  "data": {
    "Empty": 1.095975637435913,
    "0": 1.437828540802002,
    "1": 1.1694397926330566,
    "2": 0.9234920740127563,
    "3": 1.0872970819473267,
    "4": 1.108489751815796,
    "5": 1.056000828742981,
    "6": 1.0541892051696777,
    "7": 1.812130093574524,
    "0,1": 1.4648120403289795,
    "0,2": 1.1595001220703125,
    "0,3": 1.3821481466293335,
    "0,4": 1.4378101825714111,
    "0,5": 1.4282461404800415,
    "0,6": 1.0850056409835815,
    "0,7": 2.0722358226776123,
    "1,2": 1.042271614074707,
    "1,3": 1.0869983434677124,
    "1,4": 1.1704177856445312,
    "1,5": 1.1294652223587036,
    "1,6": 1.1242809295654297,
    "1,7": 1.9857121706008911,
    "2,3": 0.9173309206962585,
    "2,4": 0.9303818345069885,
    "2,5": 0.9231756925582886,
    "2,6": 0.8644626140594482,
    "2,7": 2.1767349243164062,
    "3,4": 1.0998114347457886,
    "3,5": 1.0200860500335693,
    "3,6": 1.0113979578018188,
    "3,7": 1.7926161289215088,
    "4,5": 1.0508061647415161,
    "4,6": 1.0791096687316895,
    "4,7": 1.8246444463729858,
    "5,6": 1.0170077085494995,
    "5,7": 1.772155523300171,
    "6,7": 1.2076202630996704,
    "0,1,2": 1.2317984104156494,
    "0,1,3": 1.3536434173583984,
    "0,1,4": 1.4532575607299805,
    "0,1,5": 1.455229640007019,
    "0,1,6": 1.108616828918457,
    "0,1,7": 2.173135280609131,
    "0,2,3": 1.055488109588623,
    "0,2,4": 1.1538574695587158,
    "0,2,5": 1.1591838598251343,
    "0,2,6": 0.9705392122268677,
    "0,2,7": 2.459735870361328,
    "0,3,4": 1.3821300268173218,
    "0,3,5": 1.3453292846679688,
    "0,3,6": 0.9952122569084167,
    "0,3,7": 2.117685317993164,
    "0,4,5": 1.4282277822494507,
    "0,4,6": 1.0973936319351196,
    "0,4,7": 2.0722179412841797,
    "0,5,6": 1.0782164335250854,
    "0,5,7": 2.0626535415649414,
    "0,6,7": 1.225019097328186,
    "1,2,3": 0.9623469710350037,
    "1,2,4": 1.0432493686676025,
    "1,2,5": 1.0419551134109497,
    "1,2,6": 1.0097864866256714,
    "1,2,7": 2.3519420623779297,
    "1,3,4": 1.087976336479187,
    "1,3,5": 1.0501222610473633,
    "1,3,6": 1.0306364297866821,
    "1,3,7": 1.9098024368286133,
    "1,4,5": 1.1127339601516724,
    "1,4,6": 1.1037079095840454,
    "1,4,7": 1.9866899251937866,
    "1,5,6": 1.087099552154541,
    "1,5,7": 1.945737361907959,
    "1,6,7": 1.304278016090393,
    "2,3,4": 0.9242209196090698,
    "2,3,5": 0.8897778391838074,
    "2,3,6": 0.8241886496543884,
    "2,3,7": 2.159738302230835,
    "2,4,5": 0.9123563766479492,
    "2,4,6": 0.8837587237358093,
    "2,4,7": 2.1836252212524414,
    "2,5,6": 0.8669393062591553,
    "2,5,7": 2.1764183044433594,
    "2,6,7": 1.3908146619796753,
    "3,4,5": 1.0148911476135254,
    "3,4,6": 1.0363184213638306,
    "3,4,7": 1.8051302433013916,
    "3,5,6": 0.9469793438911438,
    "3,5,7": 1.7254048585891724,
    "3,6,7": 1.1539933681488037,
    "4,5,6": 1.0242191553115845,
    "4,5,7": 1.766960620880127,
    "4,6,7": 1.2325407266616821,
    "5,6,7": 1.1704387664794922,
    "0,1,2,3": 1.0722979307174683,
    "0,1,2,4": 1.2202439308166504,
    "0,1,2,5": 1.2314821481704712,
    "0,1,2,6": 1.1088186502456665,
    "0,1,2,7": 2.562260627746582,
    "0,1,3,4": 1.3420889377593994,
    "0,1,3,5": 1.347159504890442,
    "0,1,3,6": 0.9862448573112488,
    "0,1,3,7": 2.1804633140563965,
    "0,1,4,5": 1.44367516040802,
    "0,1,4,6": 1.0755113363265991,
    "0,1,4,7": 2.161580801010132,
    "0,1,5,6": 1.101827621459961,
    "0,1,5,7": 2.163552761077881,
    "0,1,6,7": 1.2489943504333496,
    "0,2,3,4": 1.0498452186584473,
    "0,2,3,5": 1.0279351472854614,
    "0,2,3,6": 0.8324142098426819,
    "0,2,3,7": 2.4568533897399902,
    "0,2,4,5": 1.1535409688949585,
    "0,2,4,6": 0.9773027896881104,
    "0,2,4,7": 2.4540934562683105,
    "0,2,5,6": 0.9730160236358643,
    "0,2,5,7": 2.4594194889068604,
    "0,2,6,7": 1.612213373184204,
    "0,3,4,5": 1.345310926437378,
    "0,3,4,6": 1.0076005458831787,
    "0,3,4,7": 2.1176671981811523,
    "0,3,5,6": 0.9611864686012268,
    "0,3,5,7": 2.0808660984039307,
    "0,3,6,7": 1.2363555431365967,
    "0,4,5,6": 1.0906044244766235,
    "0,4,5,7": 2.062635660171509,
    "0,4,6,7": 1.2374070882797241,
    "0,5,6,7": 1.21822988986969,
    "1,2,3,4": 0.963325023651123,
    "1,2,3,5": 0.9651289582252502,
    "1,2,3,6": 0.9186586737632751,
    "1,2,3,7": 2.2785496711730957,
    "1,2,4,5": 1.0252240896224976,
    "1,2,4,6": 0.9892131090164185,
    "1,2,4,7": 2.3529202938079834,
    "1,2,5,6": 1.012263298034668,
    "1,2,5,7": 2.351625442504883,
    "1,2,6,7": 1.5190136432647705,
    "1,3,4,5": 1.033390998840332,
    "1,3,4,6": 1.0100635290145874,
    "1,3,4,7": 1.910780429840088,
    "1,3,5,6": 0.9965528845787048,
    "1,3,5,7": 1.872926115989685,
    "1,3,6,7": 1.2171655893325806,
    "1,4,5,6": 1.04881751537323,
    "1,4,5,7": 1.9290063381195068,
    "1,4,6,7": 1.2837049961090088,
    "1,5,6,7": 1.2670966386795044,
    "2,3,4,5": 0.8789587616920471,
    "2,3,4,6": 0.8434848189353943,
    "2,3,4,7": 2.166628360748291,
    "2,3,5,6": 0.7994288802146912,
    "2,3,5,7": 2.1321849822998047,
    "2,3,6,7": 1.3397047519683838,
    "2,4,5,6": 0.8685263991355896,
    "2,4,5,7": 2.1655995845794678,
    "2,4,6,7": 1.410110592842102,
    "2,5,6,7": 1.3932914733886719,
    "3,4,5,6": 0.9541906714439392,
    "3,4,5,7": 1.7202099561691284,
    "3,4,6,7": 1.1789138317108154,
    "3,5,6,7": 1.0895752906799316,
    "4,5,6,7": 1.1776502132415771,
    "0,1,2,3,4": 1.0607434511184692,
    "0,1,2,3,5": 1.0750799179077148,
    "0,1,2,3,6": 0.938114583492279,
    "0,1,2,3,7": 2.521257162094116,
    "0,1,2,4,5": 1.219927430152893,
    "0,1,2,4,6": 1.0757131576538086,
    "0,1,2,4,7": 2.550706148147583,
    "0,1,2,5,6": 1.111295461654663,
    "0,1,2,5,7": 2.5619442462921143,
    "0,1,2,6,7": 1.7071665525436401,
    "0,1,3,4,5": 1.3356047868728638,
    "0,1,3,4,6": 0.9531393647193909,
    "0,1,3,4,7": 2.1689090728759766,
    "0,1,3,5,6": 0.982554018497467,
    "0,1,3,5,7": 2.1739792823791504,
    "0,1,3,6,7": 1.2451199293136597,
    "0,1,4,5,6": 1.068722128868103,
    "0,1,4,5,7": 2.151998281478882,
    "0,1,4,6,7": 1.2158888578414917,
    "0,1,5,6,7": 1.2422051429748535,
    "0,2,3,4,5": 1.0222922563552856,
    "0,2,3,4,6": 0.8391777276992798,
    "0,2,3,4,7": 2.4512109756469727,
    "0,2,3,5,6": 0.8076543211936951,
    "0,2,3,5,7": 2.429300308227539,
    "0,2,3,6,7": 1.575217843055725,
    "0,2,4,5,6": 0.9797796010971069,
    "0,2,4,5,7": 2.4537770748138428,
    "0,2,4,6,7": 1.6189768314361572,
    "0,2,5,6,7": 1.6146901845932007,
    "0,3,4,5,6": 0.9735746383666992,
    "0,3,4,5,7": 2.080847978591919,
    "0,3,4,6,7": 1.2487435340881348,
    "0,3,5,6,7": 1.2023297548294067,
    "0,4,5,6,7": 1.230617880821228,
    "1,2,3,4,5": 0.9483978748321533,
    "1,2,3,4,6": 0.8980858325958252,
    "1,2,3,4,7": 2.2795279026031494,
    "1,2,3,5,6": 0.9242338538169861,
    "1,2,3,5,7": 2.2813315391540527,
    "1,2,3,6,7": 1.4344183206558228,
    "1,2,4,5,6": 0.9739808440208435,
    "1,2,4,5,7": 2.3348946571350098,
    "1,2,4,6,7": 1.4984406232833862,
    "1,2,5,6,7": 1.521490454673767,
    "1,3,4,5,6": 0.9582709670066833,
    "1,3,4,5,7": 1.856195092201233,
    "1,3,4,6,7": 1.1965925693511963,
    "1,3,5,6,7": 1.1830824613571167,
    "1,4,5,6,7": 1.2288146018981934,
    "2,3,4,5,6": 0.8010159134864807,
    "2,3,4,5,7": 2.121366024017334,
    "2,3,4,6,7": 1.3590006828308105,
    "2,3,5,6,7": 1.314945101737976,
    "2,4,5,6,7": 1.3948783874511719,
    "3,4,5,6,7": 1.0967867374420166,
    "0,1,2,3,4,5": 1.0635254383087158,
    "0,1,2,3,4,6": 0.9050092101097107,
    "0,1,2,3,4,7": 2.509702682495117,