{
  "object_name": "Game",
  "data_type": "game",
  "version": "1.4.2.dev29+g3d3c3a7e6.d20260421",
  "created_from": null,
  "description": null,
  "parameters": {},
  "timestamp": "2026-04-21T12:25:56.650035+00:00Z",
  "metadata": {
    "n_players": 8,
    "game_name": "Game_object",
    "normalization_value": 0.24609795212745667,
    "precompute_flag": false,
    "precomputed": true,
    "player_names": null
  },
  "data": {
    "Empty": 0.4228549003601074,
    "0": 0.43209224939346313,
    "1": 0.3524070382118225,
    "2": 0.3885616958141327,
    "3": 0.3807012438774109,
    "4": 0.31890180706977844,
    "5": 0.4105629026889801,
    "6": 0.38632017374038696,
    "7": 0.41061973571777344,
    "0,1": 0.4106375575065613,
    "0,2": 0.3780665695667267,
    "0,3": 0.38250237703323364,
    "0,4": 0.41657599806785583,
    "0,5": 0.43250617384910583,
    "0,6": 0.3709203600883484,
    "0,7": 0.42412272095680237,
    "1,2": 0.34136027097702026,
    "1,3": 0.3397608995437622,
    "1,4": 0.3605565130710602,
    "1,5": 0.3459032475948334,
    "1,6": 0.36499038338661194,
    "1,7": 0.39165329933166504,
    "2,3": 0.35408273339271545,
    "2,4": 0.3286915123462677,
    "2,5": 0.4591194987297058,
    "2,6": 0.334744930267334,
    "2,7": 0.3627750277519226,
    "3,4": 0.3987201750278473,
    "3,5": 0.42056578397750854,
    "3,6": 0.3652641177177429,
    "3,7": 0.3636558949947357,
    "4,5": 0.3865174651145935,
    "4,6": 0.38406360149383545,
    "4,7": 0.35074931383132935,
    "5,6": 0.4053521752357483,
    "5,7": 0.3723379969596863,
    "6,7": 0.37302225828170776,
    "0,1,2": 0.386970192193985,
    "0,1,3": 0.36110061407089233,
    "0,1,4": 0.3975415825843811,
    "0,1,5": 0.4000595510005951,
    "0,1,6": 0.4038473069667816,
    "0,1,7": 0.43556633591651917,
    "0,2,3": 0.35846561193466187,
    "0,2,4": 0.35138216614723206,
    "0,2,5": 0.41063159704208374,
    "0,2,6": 0.4476631283760071,
    "0,2,7": 0.3943135738372803,
    "0,3,4": 0.34297555685043335,
    "0,3,5": 0.39866334199905396,
    "0,3,6": 0.42705050110816956,
    "0,3,7": 0.3997000753879547,
    "0,4,5": 0.39377960562705994,
    "0,4,6": 0.42176371812820435,
    "0,4,7": 0.3515334725379944,
    "0,5,6": 0.4161178469657898,
    "0,5,7": 0.3941771388053894,
    "0,6,7": 0.36285558342933655,
    "1,2,3": 0.3542453646659851,
    "1,2,4": 0.37155967950820923,
    "1,2,5": 0.4209524095058441,
    "1,2,6": 0.39673933386802673,
    "1,2,7": 0.3698815405368805,
    "1,3,4": 0.37003493309020996,
    "1,3,5": 0.3338109254837036,
    "1,3,6": 0.2676442265510559,
    "1,3,7": 0.3840852975845337,
    "1,4,5": 0.4342319369316101,
    "1,4,6": 0.3121975064277649,
    "1,4,7": 0.34562960267066956,
    "1,5,6": 0.40442711114883423,
    "1,5,7": 0.3970836102962494,
    "1,6,7": 0.3172438144683838,
    "2,3,4": 0.38330474495887756,
    "2,3,5": 0.3815883994102478,
    "2,3,6": 0.36107969284057617,
    "2,3,7": 0.3498072922229767,
    "2,4,5": 0.3942888677120209,
    "2,4,6": 0.39642107486724854,
    "2,4,7": 0.35188329219818115,
    "2,5,6": 0.388139545917511,
    "2,5,7": 0.37959256768226624,
    "2,6,7": 0.39916619658470154,
    "3,4,5": 0.37475472688674927,
    "3,4,6": 0.3610040545463562,
    "3,4,7": 0.37539300322532654,
    "3,5,6": 0.4301380217075348,
    "3,5,7": 0.387675017118454,
    "3,6,7": 0.3599511981010437,
    "4,5,6": 0.441981703042984,
    "4,5,7": 0.3980550765991211,
    "4,6,7": 0.3922284245491028,
    "5,6,7": 0.35033416748046875,
    "0,1,2,3": 0.39503002166748047,
    "0,1,2,4": 0.45921388268470764,
    "0,1,2,5": 0.4143638014793396,
    "0,1,2,6": 0.3770712912082672,
    "0,1,2,7": 0.38744693994522095,
    "0,1,3,4": 0.46700477600097656,
    "0,1,3,5": 0.4187917113304138,
    "0,1,3,6": 0.40456873178482056,
    "0,1,3,7": 0.3723633587360382,
    "0,1,4,5": 0.467963308095932,
    "0,1,4,6": 0.420560359954834,
    "0,1,4,7": 0.43403488397598267,
    "0,1,5,6": 0.4418870806694031,
    "0,1,5,7": 0.41526827216148376,
    "0,1,6,7": 0.42836445569992065,
    "0,2,3,4": 0.45449694991111755,
    "0,2,3,5": 0.3951587378978729,
    "0,2,3,6": 0.37344008684158325,
    "0,2,3,7": 0.39272722601890564,
    "0,2,4,5": 0.40890422463417053,
    "0,2,4,6": 0.42782044410705566,
    "0,2,4,7": 0.407080739736557,
    "0,2,5,6": 0.37185534834861755,
    "0,2,5,7": 0.40128201246261597,
    "0,2,6,7": 0.42576366662979126,
    "0,3,4,5": 0.40083765983581543,
    "0,3,4,6": 0.4156065881252289,
    "0,3,4,7": 0.372490793466568,
    "0,3,5,6": 0.382302850484848,
    "0,3,5,7": 0.4045616686344147,
    "0,3,6,7": 0.38344356417655945,
    "0,4,5,6": 0.42094308137893677,
    "0,4,5,7": 0.42347294092178345,
    "0,4,6,7": 0.4026277959346771,
    "0,5,6,7": 0.3890969753265381,
    "1,2,3,4": 0.3558788299560547,
    "1,2,3,5": 0.3690032660961151,
    "1,2,3,6": 0.3521369397640228,
    "1,2,3,7": 0.4083496928215027,
    "1,2,4,5": 0.42216968536376953,
    "1,2,4,6": 0.3859882950782776,
    "1,2,4,7": 0.33373770117759705,
    "1,2,5,6": 0.3937486708164215,
    "1,2,5,7": 0.35923337936401367,
    "1,2,6,7": 0.347311407327652,
    "1,3,4,5": 0.3643796443939209,
    "1,3,4,6": 0.42103466391563416,
    "1,3,4,7": 0.35711079835891724,
    "1,3,5,6": 0.3602163791656494,
    "1,3,5,7": 0.40151095390319824,
    "1,3,6,7": 0.3982888460159302,
    "1,4,5,6": 0.45181384682655334,
    "1,4,5,7": 0.42903557419776917,
    "1,4,6,7": 0.3131626844406128,
    "1,5,6,7": 0.35325247049331665,
    "2,3,4,5": 0.36256304383277893,
    "2,3,4,6": 0.48994049429893494,
    "2,3,4,7": 0.34896722435951233,
    "2,3,5,6": 0.33550792932510376,
    "2,3,5,7": 0.3593626618385315,
    "2,3,6,7": 0.33180150389671326,
    "2,4,5,6": 0.3964005410671234,
    "2,4,5,7": 0.3820651173591614,
    "2,4,6,7": 0.3482133746147156,
    "2,5,6,7": 0.38334769010543823,
    "3,4,5,6": 0.3784123361110687,
    "3,4,5,7": 0.4068051278591156,
    "3,4,6,7": 0.3778870105743408,
    "3,5,6,7": 0.43680500984191895,
    "4,5,6,7": 0.3744160830974579,
    "0,1,2,3,4": 0.3955729603767395,
    "0,1,2,3,5": 0.4231131970882416,
    "0,1,2,3,6": 0.4232204556465149,
    "0,1,2,3,7": 0.36074548959732056,
    "0,1,2,4,5": 0.3976583778858185,
    "0,1,2,4,6": 0.44181376695632935,
    "0,1,2,4,7": 0.3783593773841858,
    "0,1,2,5,6": 0.4036419987678528,
    "0,1,2,5,7": 0.4050886034965515,
    "0,1,2,6,7": 0.40385523438453674,
    "0,1,3,4,5": 0.41475898027420044,
    "0,1,3,4,6": 0.37599554657936096,
    "0,1,3,4,7": 0.3790825605392456,
    "0,1,3,5,6": 0.4169366955757141,
    "0,1,3,5,7": 0.3868862986564636,
    "0,1,3,6,7": 0.3568735420703888,
    "0,1,4,5,6": 0.4334985315799713,
    "0,1,4,5,7": 0.4005294442176819,
    "0,1,4,6,7": 0.36165568232536316,
    "0,1,5,6,7": 0.40803956985473633,
    "0,2,3,4,5": 0.4203653931617737,
    "0,2,3,4,6": 0.39036789536476135,
    "0,2,3,4,7": 0.4166432023048401,
    "0,2,3,5,6": 0.38605165481567383,
    "0,2,3,5,7": 0.3949394226074219,
    "0,2,3,6,7": 0.39957961440086365,
    "0,2,4,5,6": 0.4005396366119385,
    "0,2,4,5,7": 0.37539142370224,
    "0,2,4,6,7": 0.3781535029411316,
    "0,2,5,6,7": 0.3826163113117218,
    "0,3,4,5,6": 0.399675190448761,
    "0,3,4,5,7": 0.3954048752784729,
    "0,3,4,6,7": 0.37816962599754333,
    "0,3,5,6,7": 0.3736122250556946,
    "0,4,5,6,7": 0.4026738703250885,
    "1,2,3,4,5": 0.3503585457801819,
    "1,2,3,4,6": 0.42327556014060974,
    "1,2,3,4,7": 0.421408087015152,
    "1,2,3,5,6": 0.35064005851745605,
    "1,2,3,5,7": 0.39864081144332886,
    "1,2,3,6,7": 0.3789706230163574,
    "1,2,4,5,6": 0.4459407329559326,
    "1,2,4,5,7": 0.3550378084182739,
    "1,2,4,6,7": 0.39338594675064087,
    "1,2,5,6,7": 0.3500502407550812,
    "1,3,4,5,6": 0.4226432740688324,
    "1,3,4,5,7": 0.3836308717727661,
    "1,3,4,6,7": 0.34792256355285645,
    "1,3,5,6,7": 0.3707502484321594,
    "1,4,5,6,7": 0.3899505138397217,
    "2,3,4,5,6": 0.39549413323402405,
    "2,3,4,5,7": 0.3634724020957947,
    "2,3,4,6,7": 0.38694921135902405,
    "2,3,5,6,7": 0.3637417256832123,
    "2,4,5,6,7": 0.38169124722480774,