{
  "object_name": "Game",
  "data_type": "game",
  "version": "1.4.2.dev29+g3d3c3a7e6.d20260421",
  "created_from": null,
  "description": null,
  "parameters": {},
  "timestamp": "2026-04-21T12:25:56.632090+00:00Z",
  "metadata": {
    "n_players": 8,
    "game_name": "Game_object",
    "normalization_value": 0.24609795212745667,
    "precompute_flag": false,
    "precomputed": true,
    "player_names": null
  },
  "data": {
    "Empty": 0.4031980037689209,
    "0": 0.3947814106941223,
    "1": 0.2863650619983673,
    "2": 0.30036717653274536,
    "3": 0.4270644783973694,
    "4": 0.3411934971809387,
    "5": 0.31283897161483765,
    "6": 0.39220696687698364,
    "7": 0.37607941031455994,
    "0,1": 0.34922391176223755,
    "0,2": 0.3997277617454529,
    "0,3": 0.3684660792350769,
    "0,4": 0.40563884377479553,
    "0,5": 0.3601401448249817,
    "0,6": 0.37453556060791016,
    "0,7": 0.3655831813812256,
    "1,2": 0.33423134684562683,
    "1,3": 0.3139122426509857,
    "1,4": 0.39482784271240234,
    "1,5": 0.3416566848754883,
    "1,6": 0.29408472776412964,
    "1,7": 0.34057390689849854,
    "2,3": 0.32727596163749695,
    "2,4": 0.32446837425231934,
    "2,5": 0.32767874002456665,
    "2,6": 0.33645981550216675,
    "2,7": 0.3875214755535126,
    "3,4": 0.3723534941673279,
    "3,5": 0.35666021704673767,
    "3,6": 0.33051589131355286,
    "3,7": 0.35108259320259094,
    "4,5": 0.3452494442462921,
    "4,6": 0.33771294355392456,
    "4,7": 0.401559054851532,
    "5,6": 0.35873228311538696,
    "5,7": 0.345908522605896,
    "6,7": 0.3912290036678314,
    "0,1,2": 0.33941850066185,
    "0,1,3": 0.2919888496398926,
    "0,1,4": 0.2955544590950012,
    "0,1,5": 0.33327770233154297,
    "0,1,6": 0.35911062359809875,
    "0,1,7": 0.4094386100769043,
    "0,2,3": 0.3298170566558838,
    "0,2,4": 0.35078829526901245,
    "0,2,5": 0.2842971384525299,
    "0,2,6": 0.34745046496391296,
    "0,2,7": 0.3718569874763489,
    "0,3,4": 0.3582755923271179,
    "0,3,5": 0.35066381096839905,
    "0,3,6": 0.3533383309841156,
    "0,3,7": 0.3968100845813751,
    "0,4,5": 0.3422028422355652,
    "0,4,6": 0.36251214146614075,
    "0,4,7": 0.39555293321609497,
    "0,5,6": 0.3327563405036926,
    "0,5,7": 0.3994360566139221,
    "0,6,7": 0.39472705125808716,
    "1,2,3": 0.37050408124923706,
    "1,2,4": 0.3594277501106262,
    "1,2,5": 0.3152577579021454,
    "1,2,6": 0.35041192173957825,
    "1,2,7": 0.3650938868522644,
    "1,3,4": 0.358707457780838,
    "1,3,5": 0.302528977394104,
    "1,3,6": 0.32915279269218445,
    "1,3,7": 0.41799959540367126,
    "1,4,5": 0.31876295804977417,
    "1,4,6": 0.33064037561416626,
    "1,4,7": 0.3229752779006958,
    "1,5,6": 0.3346245288848877,
    "1,5,7": 0.37983205914497375,
    "1,6,7": 0.32959580421447754,
    "2,3,4": 0.3566014766693115,
    "2,3,5": 0.30116552114486694,
    "2,3,6": 0.31503090262413025,
    "2,3,7": 0.31821149587631226,
    "2,4,5": 0.34128791093826294,
    "2,4,6": 0.39994844794273376,
    "2,4,7": 0.40974774956703186,
    "2,5,6": 0.3231644034385681,
    "2,5,7": 0.3711659014225006,
    "2,6,7": 0.29649269580841064,
    "3,4,5": 0.3604418635368347,
    "3,4,6": 0.30491724610328674,
    "3,4,7": 0.3251049816608429,
    "3,5,6": 0.29410892724990845,
    "3,5,7": 0.3458039164543152,
    "3,6,7": 0.38064005970954895,
    "4,5,6": 0.32304897904396057,
    "4,5,7": 0.32813477516174316,
    "4,6,7": 0.38044047355651855,
    "5,6,7": 0.35540124773979187,
    "0,1,2,3": 0.3305303454399109,
    "0,1,2,4": 0.2805502414703369,
    "0,1,2,5": 0.3286413550376892,
    "0,1,2,6": 0.3604183495044708,
    "0,1,2,7": 0.38969317078590393,
    "0,1,3,4": 0.3505334258079529,
    "0,1,3,5": 0.2898419499397278,
    "0,1,3,6": 0.39746180176734924,
    "0,1,3,7": 0.3580910861492157,
    "0,1,4,5": 0.35119110345840454,
    "0,1,4,6": 0.36115762591362,
    "0,1,4,7": 0.304031640291214,
    "0,1,5,6": 0.3135184347629547,
    "0,1,5,7": 0.3795001804828644,
    "0,1,6,7": 0.3269472122192383,
    "0,2,3,4": 0.3165685534477234,
    "0,2,3,5": 0.31474438309669495,
    "0,2,3,6": 0.42007380723953247,
    "0,2,3,7": 0.39690089225769043,
    "0,2,4,5": 0.3463527262210846,
    "0,2,4,6": 0.3453701138496399,
    "0,2,4,7": 0.4220469892024994,
    "0,2,5,6": 0.39202338457107544,
    "0,2,5,7": 0.3214403986930847,
    "0,2,6,7": 0.3467581868171692,
    "0,3,4,5": 0.3461131453514099,
    "0,3,4,6": 0.4234445095062256,
    "0,3,4,7": 0.3086468577384949,
    "0,3,5,6": 0.39753133058547974,
    "0,3,5,7": 0.3323270082473755,
    "0,3,6,7": 0.3719213902950287,
    "0,4,5,6": 0.3586554229259491,
    "0,4,5,7": 0.37896665930747986,
    "0,4,6,7": 0.34908327460289,
    "0,5,6,7": 0.34789925813674927,
    "1,2,3,4": 0.3724679946899414,
    "1,2,3,5": 0.3016694188117981,
    "1,2,3,6": 0.3314640522003174,
    "1,2,3,7": 0.3691559135913849,
    "1,2,4,5": 0.2909781038761139,
    "1,2,4,6": 0.3016964793205261,
    "1,2,4,7": 0.4352315068244934,
    "1,2,5,6": 0.3019353747367859,
    "1,2,5,7": 0.3533792495727539,
    "1,2,6,7": 0.3578619062900543,
    "1,3,4,5": 0.35557129979133606,
    "1,3,4,6": 0.28877490758895874,
    "1,3,4,7": 0.3753771185874939,
    "1,3,5,6": 0.29386892914772034,
    "1,3,5,7": 0.36980295181274414,
    "1,3,6,7": 0.3262482285499573,
    "1,4,5,6": 0.3383041024208069,
    "1,4,5,7": 0.3894736170768738,
    "1,4,6,7": 0.34372520446777344,
    "1,5,6,7": 0.34238505363464355,
    "2,3,4,5": 0.3720262050628662,
    "2,3,4,6": 0.3503669202327728,
    "2,3,4,7": 0.32480499148368835,
    "2,3,5,6": 0.3560901880264282,
    "2,3,5,7": 0.3498789370059967,
    "2,3,6,7": 0.37023428082466125,
    "2,4,5,6": 0.32205328345298767,
    "2,4,5,7": 0.30679306387901306,
    "2,4,6,7": 0.3673759698867798,
    "2,5,6,7": 0.33060845732688904,
    "3,4,5,6": 0.3512994945049286,
    "3,4,5,7": 0.3502451777458191,
    "3,4,6,7": 0.33315518498420715,
    "3,5,6,7": 0.3404451012611389,
    "4,5,6,7": 0.3546355366706848,
    "0,1,2,3,4": 0.32492032647132874,
    "0,1,2,3,5": 0.3159615397453308,
    "0,1,2,3,6": 0.296517014503479,
    "0,1,2,3,7": 0.31509655714035034,
    "0,1,2,4,5": 0.35590726137161255,
    "0,1,2,4,6": 0.36021581292152405,
    "0,1,2,4,7": 0.3379833698272705,
    "0,1,2,5,6": 0.3299486041069031,
    "0,1,2,5,7": 0.330679714679718,
    "0,1,2,6,7": 0.38607749342918396,
    "0,1,3,4,5": 0.25856301188468933,
    "0,1,3,4,6": 0.33211779594421387,
    "0,1,3,4,7": 0.35049986839294434,
    "0,1,3,5,6": 0.3305235207080841,
    "0,1,3,5,7": 0.3548617362976074,
    "0,1,3,6,7": 0.36272090673446655,
    "0,1,4,5,6": 0.33936917781829834,
    "0,1,4,5,7": 0.365478515625,
    "0,1,4,6,7": 0.40083256363868713,
    "0,1,5,6,7": 0.3374119699001312,
    "0,2,3,4,5": 0.3188444972038269,
    "0,2,3,4,6": 0.42063242197036743,
    "0,2,3,4,7": 0.41200724244117737,
    "0,2,3,5,6": 0.3312702476978302,
    "0,2,3,5,7": 0.3607904314994812,
    "0,2,3,6,7": 0.366346538066864,
    "0,2,4,5,6": 0.32764866948127747,
    "0,2,4,5,7": 0.3378213346004486,
    "0,2,4,6,7": 0.3625973165035248,
    "0,2,5,6,7": 0.3621809482574463,
    "0,3,4,5,6": 0.3614591062068939,
    "0,3,4,5,7": 0.3631477952003479,
    "0,3,4,6,7": 0.3940218389034271,
    "0,3,5,6,7": 0.3463779091835022,
    "0,4,5,6,7": 0.33438146114349365,
    "1,2,3,4,5": 0.34763461351394653,
    "1,2,3,4,6": 0.3873751163482666,
    "1,2,3,4,7": 0.3098350465297699,
    "1,2,3,5,6": 0.32810550928115845,
    "1,2,3,5,7": 0.30371880531311035,
    "1,2,3,6,7": 0.3481292724609375,
    "1,2,4,5,6": 0.3022913336753845,
    "1,2,4,5,7": 0.2979101538658142,
    "1,2,4,6,7": 0.3742734491825104,
    "1,2,5,6,7": 0.3564668297767639,
    "1,3,4,5,6": 0.3436797559261322,
    "1,3,4,5,7": 0.34722116589546204,
    "1,3,4,6,7": 0.3009461462497711,
    "1,3,5,6,7": 0.37288135290145874,
    "1,4,5,6,7": 0.37784332036972046,
    "2,3,4,5,6": 0.35456010699272156,
    "2,3,4,5,7": 0.3821457326412201,
    "2,3,4,6,7": 0.3642413020133972,
    "2,3,5,6,7": 0.3398658335208893,
    "2,4,5,6,7": 0.32936838269233704,