{
  "object_name": "Game",
  "data_type": "game",
  "version": "1.4.2.dev29+g3d3c3a7e6.d20260421",
  "created_from": null,
  "description": null,
  "parameters": {},
  "timestamp": "2026-04-21T12:25:56.584540+00:00Z",
  "metadata": {
    "n_players": 8,
    "game_name": "Game_object",
    "normalization_value": 1.095975637435913,
    "precompute_flag": false,
    "precomputed": true,
    "player_names": null
  },
  "data": {
    "Empty": 1.095975637435913,
    "0": 1.4803333282470703,
    "1": 1.0023860931396484,
    "2": 0.9553548097610474,
    "3": 1.1066639423370361,
    "4": 1.108489751815796,
    "5": 1.095975637435913,
    "6": 1.1405861377716064,
    "7": 2.716761350631714,
    "0,1": 1.400282382965088,
    "0,2": 1.22575843334198,
    "0,3": 1.4552419185638428,
    "0,4": 1.4336295127868652,
    "0,5": 1.4803333282470703,
    "0,6": 1.113120675086975,
    "0,7": 3.094622850418091,
    "1,2": 0.7397218942642212,
    "1,3": 1.013074517250061,
    "1,4": 1.024665117263794,
    "1,5": 1.0023860931396484,
    "1,6": 1.046996831893921,
    "1,7": 2.6737120151519775,
    "2,3": 0.96604323387146,
    "2,4": 0.9678690433502197,
    "2,5": 0.96462082862854,
    "2,6": 1.026416540145874,
    "2,7": 2.869168758392334,
    "3,4": 1.119178056716919,
    "3,5": 1.1066639423370361,
    "3,6": 1.200561285018921,
    "3,7": 2.364596128463745,
    "4,5": 1.108489751815796,
    "4,6": 1.1655066013336182,
    "4,7": 2.738856792449951,
    "5,6": 1.1405861377716064,
    "5,7": 2.716761350631714,
    "6,7": 1.697461485862732,
    "0,1,2": 1.145707368850708,
    "0,1,3": 1.4010703563690186,
    "0,1,4": 1.3633432388305664,
    "0,1,5": 1.400282382965088,
    "0,1,6": 1.0398294925689697,
    "0,1,7": 3.045881986618042,
    "0,2,3": 1.2487293481826782,
    "0,2,4": 1.2257400751113892,
    "0,2,5": 1.235024333000183,
    "0,2,6": 0.9949004650115967,
    "0,2,7": 3.2326533794403076,
    "0,3,4": 1.4826610088348389,
    "0,3,5": 1.4552419185638428,
    "0,3,6": 1.1373158693313599,
    "0,3,7": 2.7066776752471924,
    "0,4,5": 1.4336295127868652,
    "0,4,6": 1.040615200996399,
    "0,4,7": 3.2730536460876465,
    "0,5,6": 1.113120675086975,
    "0,5,7": 3.094622850418091,
    "0,6,7": 1.8368362188339233,
    "1,2,3": 0.7504103183746338,
    "1,2,4": 0.7620009183883667,
    "1,2,5": 0.7489879131317139,
    "1,2,6": 0.8107832670211792,
    "1,2,7": 2.8094613552093506,
    "1,3,4": 1.035353422164917,
    "1,3,5": 1.013074517250061,
    "1,3,6": 1.1069718599319458,
    "1,3,7": 2.3215465545654297,
    "1,4,5": 1.024665117263794,
    "1,4,6": 1.0816819667816162,
    "1,4,7": 2.7055721282958984,
    "1,5,6": 1.046996831893921,
    "1,5,7": 2.6737120151519775,
    "1,6,7": 1.654412031173706,
    "2,3,4": 0.9785575270652771,
    "2,3,5": 0.9753092527389526,
    "2,3,6": 1.086391806602478,
    "2,3,7": 2.517003297805786,
    "2,4,5": 0.9771350622177124,
    "2,4,6": 1.0513370037078857,
    "2,4,7": 2.8912642002105713,
    "2,5,6": 1.0356823205947876,
    "2,5,7": 2.8482038974761963,
    "2,6,7": 1.8211824893951416,
    "3,4,5": 1.119178056716919,
    "3,4,6": 1.2254817485809326,
    "3,4,7": 2.3866915702819824,
    "3,5,6": 1.200561285018921,
    "3,5,7": 2.364596128463745,
    "3,6,7": 1.7413796186447144,
    "4,5,6": 1.1655066013336182,
    "4,5,7": 2.738856792449951,
    "4,6,7": 1.73196280002594,
    "5,6,7": 1.697461485862732,
    "0,1,2,3": 1.194557785987854,
    "0,1,2,4": 1.1554538011550903,
    "0,1,2,5": 1.1549733877182007,
    "0,1,2,6": 0.9216094017028809,
    "0,1,2,7": 3.183912515640259,
    "0,1,3,4": 1.4382541179656982,
    "0,1,3,5": 1.4010703563690186,
    "0,1,3,6": 1.0899041891098022,
    "0,1,3,7": 2.683816432952881,
    "0,1,4,5": 1.3633432388305664,
    "0,1,4,6": 0.977088212966919,
    "0,1,4,7": 3.2340774536132812,
    "0,1,5,6": 1.0398294925689697,
    "0,1,5,7": 3.045881986618042,
    "0,1,6,7": 1.7435468435287476,
    "0,2,3,4": 1.2487109899520874,
    "0,2,3,5": 1.2579952478408813,
    "0,2,3,6": 1.067158579826355,
    "0,2,3,7": 2.892770528793335,
    "0,2,4,5": 1.2350062131881714,
    "0,2,4,6": 1.0072886943817139,
    "0,2,4,7": 3.242216110229492,
    "0,2,5,6": 1.0041667222976685,
    "0,2,5,7": 3.21168851852417,
    "0,2,6,7": 1.9772346019744873,
    "0,3,4,5": 1.4826610088348389,
    "0,3,4,6": 1.1389333009719849,
    "0,3,4,7": 2.95923113822937,
    "0,3,5,6": 1.1373158693313599,
    "0,3,5,7": 2.7066776752471924,
    "0,3,6,7": 1.8449748754501343,
    "0,4,5,6": 1.040615200996399,
    "0,4,5,7": 3.2730536460876465,
    "0,4,6,7": 1.7739115953445435,
    "0,5,6,7": 1.8368362188339233,
    "1,2,3,4": 0.7726893424987793,
    "1,2,3,5": 0.7596763372421265,
    "1,2,3,6": 0.8707584142684937,
    "1,2,3,7": 2.4572958946228027,
    "1,2,4,5": 0.7712668776512146,
    "1,2,4,6": 0.8454683423042297,
    "1,2,4,7": 2.8413214683532715,
    "1,2,5,6": 0.8200491666793823,
    "1,2,5,7": 2.788496494293213,
    "1,2,6,7": 1.7614750862121582,
    "1,3,4,5": 1.035353422164917,
    "1,3,4,6": 1.1416569948196411,
    "1,3,4,7": 2.3534066677093506,
    "1,3,5,6": 1.1069718599319458,
    "1,3,5,7": 2.3215465545654297,
    "1,3,6,7": 1.6983301639556885,
    "1,4,5,6": 1.0816819667816162,
    "1,4,5,7": 2.7055721282958984,
    "1,4,6,7": 1.6986780166625977,
    "1,5,6,7": 1.654412031173706,
    "2,3,4,5": 0.9878236651420593,
    "2,3,4,6": 1.1113122701644897,
    "2,3,4,7": 2.5390987396240234,
    "2,3,5,6": 1.0956577062606812,
    "2,3,5,7": 2.4960384368896484,
    "2,3,6,7": 1.865100622177124,
    "2,4,5,6": 1.060603141784668,
    "2,4,5,7": 2.8702993392944336,
    "2,4,6,7": 1.8556838035583496,
    "2,5,6,7": 1.800217866897583,
    "3,4,5,6": 1.2254817485809326,
    "3,4,5,7": 2.3866915702819824,
    "3,4,6,7": 1.7758809328079224,
    "3,5,6,7": 1.7413796186447144,
    "4,5,6,7": 1.73196280002594,
    "0,1,2,3,4": 1.2043042182922363,
    "0,1,2,3,5": 1.2038238048553467,
    "0,1,2,3,6": 1.0197467803955078,
    "0,1,2,3,7": 2.8699092864990234,
    "0,1,2,4,5": 1.164719820022583,
    "0,1,2,4,6": 0.943761944770813,
    "0,1,2,4,7": 3.203239917755127,
    "0,1,2,5,6": 0.930875301361084,
    "0,1,2,5,7": 3.162947654724121,
    "0,1,2,6,7": 1.8839443922042847,
    "0,1,3,4,5": 1.4382541179656982,
    "0,1,3,4,6": 1.1012861728668213,
    "0,1,3,4,7": 2.946134567260742,
    "0,1,3,5,6": 1.0899041891098022,
    "0,1,3,5,7": 2.683816432952881,
    "0,1,3,6,7": 1.7775648832321167,
    "0,1,4,5,6": 0.977088212966919,
    "0,1,4,5,7": 3.2340774536132812,
    "0,1,4,6,7": 1.6903868913650513,
    "0,1,5,6,7": 1.7435468435287476,
    "0,2,3,4,5": 1.2579771280288696,
    "0,2,3,4,6": 1.0795464515686035,
    "0,2,3,4,7": 2.9023332595825195,
    "0,2,3,5,6": 1.0764247179031372,
    "0,2,3,5,7": 2.8718056678771973,
    "0,2,3,6,7": 2.033435106277466,
    "0,2,4,5,6": 1.0165547132492065,
    "0,2,4,5,7": 3.2212512493133545,
    "0,2,4,6,7": 1.9992032051086426,
    "0,2,5,6,7": 1.9562692642211914,
    "0,3,4,5,6": 1.1389333009719849,
    "0,3,4,5,7": 2.95923113822937,
    "0,3,4,6,7": 1.8561729192733765,
    "0,3,5,6,7": 1.8449748754501343,
    "0,4,5,6,7": 1.7739115953445435,
    "1,2,3,4,5": 0.7819553017616272,
    "1,2,3,4,6": 0.905443549156189,
    "1,2,3,4,7": 2.4891560077667236,
    "1,2,3,5,6": 0.8800243139266968,
    "1,2,3,5,7": 2.436331033706665,
    "1,2,3,6,7": 1.8053932189941406,
    "1,2,4,5,6": 0.8547343611717224,
    "1,2,4,5,7": 2.820356607437134,
    "1,2,4,6,7": 1.8057410717010498,
    "1,2,5,6,7": 1.7405104637145996,
    "1,3,4,5,6": 1.1416569948196411,
    "1,3,4,5,7": 2.3534066677093506,
    "1,3,4,6,7": 1.74259614944458,
    "1,3,5,6,7": 1.6983301639556885,
    "1,4,5,6,7": 1.6986780166625977,
    "2,3,4,5,6": 1.1205781698226929,
    "2,3,4,5,7": 2.5181338787078857,
    "2,3,4,6,7": 1.899601936340332,
    "2,3,5,6,7": 1.8441359996795654,
    "2,4,5,6,7": 1.834719181060791,
    "3,4,5,6,7": 1.7758809328079224,
    "0,1,2,3,4,5": 1.213570237159729,
    "0,1,2,3,4,6": 1.041899561882019,
    "0,1,2,3,4,7": 2.8892366886138916,
    "0,1,2,3,5,6": 1.0290127992630005,