{
  "object_name": "Game",
  "data_type": "game",
  "version": "1.4.2.dev29+g3d3c3a7e6.d20260421",
  "created_from": null,
  "description": null,
  "parameters": {},
  "timestamp": "2026-04-21T12:25:56.624343+00:00Z",
  "metadata": {
    "n_players": 8,
    "game_name": "Game_object",
    "normalization_value": 0.24609795212745667,
    "precompute_flag": false,
    "precomputed": true,
    "player_names": null
  },
  "data": {
    "Empty": 0.2726396918296814,
    "0": 0.2676399350166321,
    "1": 0.2845798134803772,
    "2": 0.23595499992370605,
    "3": 0.24995335936546326,
    "4": 0.2510702311992645,
    "5": 0.24568986892700195,
    "6": 0.26349204778671265,
    "7": 0.26079609990119934,
    "0,1": 0.22087819874286652,
    "0,2": 0.23839502036571503,
    "0,3": 0.2524355351924896,
    "0,4": 0.24210317432880402,
    "0,5": 0.26174288988113403,
    "0,6": 0.25837019085884094,
    "0,7": 0.24176938831806183,
    "1,2": 0.21999585628509521,
    "1,3": 0.2442701756954193,
    "1,4": 0.24577169120311737,
    "1,5": 0.21228675544261932,
    "1,6": 0.2582148611545563,
    "1,7": 0.2646757662296295,
    "2,3": 0.24972793459892273,
    "2,4": 0.2603927254676819,
    "2,5": 0.25724896788597107,
    "2,6": 0.2670333981513977,
    "2,7": 0.2525135576725006,
    "3,4": 0.24428609013557434,
    "3,5": 0.26477551460266113,
    "3,6": 0.2796902656555176,
    "3,7": 0.22484822571277618,
    "4,5": 0.24801690876483917,
    "4,6": 0.23107007145881653,
    "4,7": 0.24453628063201904,
    "5,6": 0.2577538788318634,
    "5,7": 0.2506316304206848,
    "6,7": 0.25481194257736206,
    "0,1,2": 0.25037914514541626,
    "0,1,3": 0.2854679822921753,
    "0,1,4": 0.2955450415611267,
    "0,1,5": 0.23185276985168457,
    "0,1,6": 0.2940077781677246,
    "0,1,7": 0.2656307518482208,
    "0,2,3": 0.26447418332099915,
    "0,2,4": 0.2860502600669861,
    "0,2,5": 0.2462974339723587,
    "0,2,6": 0.18819251656532288,
    "0,2,7": 0.2426958829164505,
    "0,3,4": 0.2577943205833435,
    "0,3,5": 0.24158135056495667,
    "0,3,6": 0.25795528292655945,
    "0,3,7": 0.2671501934528351,
    "0,4,5": 0.23275868594646454,
    "0,4,6": 0.23839852213859558,
    "0,4,7": 0.251522958278656,
    "0,5,6": 0.22586694359779358,
    "0,5,7": 0.2470180094242096,
    "0,6,7": 0.2546781003475189,
    "1,2,3": 0.27839601039886475,
    "1,2,4": 0.29465538263320923,
    "1,2,5": 0.23582956194877625,
    "1,2,6": 0.2896363139152527,
    "1,2,7": 0.25969427824020386,
    "1,3,4": 0.2439640313386917,
    "1,3,5": 0.23320579528808594,
    "1,3,6": 0.25120311975479126,
    "1,3,7": 0.2668502628803253,
    "1,4,5": 0.2744917869567871,
    "1,4,6": 0.26478102803230286,
    "1,4,7": 0.27130669355392456,
    "1,5,6": 0.24039240181446075,
    "1,5,7": 0.2549121379852295,
    "1,6,7": 0.2645665407180786,
    "2,3,4": 0.2684197723865509,
    "2,3,5": 0.212290957570076,
    "2,3,6": 0.2444433718919754,
    "2,3,7": 0.26463401317596436,
    "2,4,5": 0.23793081939220428,
    "2,4,6": 0.2140413224697113,
    "2,4,7": 0.2520272433757782,
    "2,5,6": 0.18483783304691315,
    "2,5,7": 0.2359408587217331,
    "2,6,7": 0.21682791411876678,
    "3,4,5": 0.1524803340435028,
    "3,4,6": 0.2737968862056732,
    "3,4,7": 0.26559484004974365,
    "3,5,6": 0.25726065039634705,
    "3,5,7": 0.25253772735595703,
    "3,6,7": 0.2703234851360321,
    "4,5,6": 0.22579780220985413,
    "4,5,7": 0.2537456154823303,
    "4,6,7": 0.2524415850639343,
    "5,6,7": 0.24813108146190643,
    "0,1,2,3": 0.22596316039562225,
    "0,1,2,4": 0.33019140362739563,
    "0,1,2,5": 0.20597071945667267,
    "0,1,2,6": 0.3051183521747589,
    "0,1,2,7": 0.2578945755958557,
    "0,1,3,4": 0.27382752299308777,
    "0,1,3,5": 0.23866459727287292,
    "0,1,3,6": 0.2557731866836548,
    "0,1,3,7": 0.27522820234298706,
    "0,1,4,5": 0.28804999589920044,
    "0,1,4,6": 0.288866251707077,
    "0,1,4,7": 0.27747464179992676,
    "0,1,5,6": 0.26808658242225647,
    "0,1,5,7": 0.2542244493961334,
    "0,1,6,7": 0.25969403982162476,
    "0,2,3,4": 0.25322389602661133,
    "0,2,3,5": 0.26853352785110474,
    "0,2,3,6": 0.24325421452522278,
    "0,2,3,7": 0.2504749298095703,
    "0,2,4,5": 0.2648116648197174,
    "0,2,4,6": 0.25404778122901917,
    "0,2,4,7": 0.2608533799648285,
    "0,2,5,6": 0.20826372504234314,
    "0,2,5,7": 0.23620930314064026,
    "0,2,6,7": 0.23818883299827576,
    "0,3,4,5": 0.2942982316017151,
    "0,3,4,6": 0.30948111414909363,
    "0,3,4,7": 0.24623088538646698,
    "0,3,5,6": 0.24069102108478546,
    "0,3,5,7": 0.23900194466114044,
    "0,3,6,7": 0.26003116369247437,
    "0,4,5,6": 0.2786039710044861,
    "0,4,5,7": 0.24747610092163086,
    "0,4,6,7": 0.25456351041793823,
    "0,5,6,7": 0.21976272761821747,
    "1,2,3,4": 0.26539474725723267,
    "1,2,3,5": 0.27723920345306396,
    "1,2,3,6": 0.29177629947662354,
    "1,2,3,7": 0.26732268929481506,
    "1,2,4,5": 0.2503824830055237,
    "1,2,4,6": 0.2749052941799164,
    "1,2,4,7": 0.2637552320957184,
    "1,2,5,6": 0.2886582016944885,
    "1,2,5,7": 0.24619653820991516,
    "1,2,6,7": 0.261371374130249,
    "1,3,4,5": 0.2862021028995514,
    "1,3,4,6": 0.2843058109283447,
    "1,3,4,7": 0.22029873728752136,
    "1,3,5,6": 0.22937937080860138,
    "1,3,5,7": 0.24804380536079407,
    "1,3,6,7": 0.25896403193473816,
    "1,4,5,6": 0.30075138807296753,
    "1,4,5,7": 0.27720826864242554,
    "1,4,6,7": 0.2728314995765686,
    "1,5,6,7": 0.2494582235813141,
    "2,3,4,5": 0.24391679465770721,
    "2,3,4,6": 0.23665618896484375,
    "2,3,4,7": 0.28185588121414185,
    "2,3,5,6": 0.19757553935050964,
    "2,3,5,7": 0.2437961846590042,
    "2,3,6,7": 0.22415152192115784,
    "2,4,5,6": 0.2601879835128784,
    "2,4,5,7": 0.24957866966724396,
    "2,4,6,7": 0.23833592236042023,
    "2,5,6,7": 0.24685299396514893,
    "3,4,5,6": 0.2553660273551941,
    "3,4,5,7": 0.21597051620483398,
    "3,4,6,7": 0.24245087802410126,
    "3,5,6,7": 0.2295062094926834,
    "4,5,6,7": 0.22789867222309113,
    "0,1,2,3,4": 0.2825618386268616,
    "0,1,2,3,5": 0.2560036778450012,
    "0,1,2,3,6": 0.2461177110671997,
    "0,1,2,3,7": 0.26184672117233276,
    "0,1,2,4,5": 0.28571394085884094,
    "0,1,2,4,6": 0.31054940819740295,
    "0,1,2,4,7": 0.27403950691223145,
    "0,1,2,5,6": 0.23126335442066193,
    "0,1,2,5,7": 0.2468455731868744,
    "0,1,2,6,7": 0.249604731798172,
    "0,1,3,4,5": 0.2844196856021881,
    "0,1,3,4,6": 0.314536988735199,
    "0,1,3,4,7": 0.2737439274787903,
    "0,1,3,5,6": 0.23795609176158905,
    "0,1,3,5,7": 0.19679899513721466,
    "0,1,3,6,7": 0.24251918494701385,
    "0,1,4,5,6": 0.28577953577041626,
    "0,1,4,5,7": 0.2818191945552826,
    "0,1,4,6,7": 0.2914056181907654,
    "0,1,5,6,7": 0.24952983856201172,
    "0,2,3,4,5": 0.23292545974254608,
    "0,2,3,4,6": 0.29112258553504944,
    "0,2,3,4,7": 0.2694133222103119,
    "0,2,3,5,6": 0.26173216104507446,
    "0,2,3,5,7": 0.18678639829158783,
    "0,2,3,6,7": 0.2512581944465637,
    "0,2,4,5,6": 0.24517139792442322,
    "0,2,4,5,7": 0.2543420195579529,
    "0,2,4,6,7": 0.2644931972026825,
    "0,2,5,6,7": 0.247258260846138,
    "0,3,4,5,6": 0.28795892000198364,
    "0,3,4,5,7": 0.2762663960456848,
    "0,3,4,6,7": 0.25446197390556335,
    "0,3,5,6,7": 0.23876246809959412,
    "0,4,5,6,7": 0.2508784830570221,
    "1,2,3,4,5": 0.2893759608268738,
    "1,2,3,4,6": 0.23787955939769745,
    "1,2,3,4,7": 0.28110450506210327,
    "1,2,3,5,6": 0.23814432322978973,
    "1,2,3,5,7": 0.22535927593708038,
    "1,2,3,6,7": 0.2586926817893982,
    "1,2,4,5,6": 0.2622756361961365,
    "1,2,4,5,7": 0.2609679102897644,
    "1,2,4,6,7": 0.2697635889053345,
    "1,2,5,6,7": 0.2561545670032501,
    "1,3,4,5,6": 0.2647954821586609,
    "1,3,4,5,7": 0.26987892389297485,
    "1,3,4,6,7": 0.2677096724510193,
    "1,3,5,6,7": 0.2605056166648865,
    "1,4,5,6,7": 0.26070040464401245,
    "2,3,4,5,6": 0.2635004222393036,
    "2,3,4,5,7": 0.23676924407482147,
    "2,3,4,6,7": 0.2531960606575012,
    "2,3,5,6,7": 0.23081544041633606,