{
  "object_name": "Game",
  "data_type": "game",
  "version": "1.4.2.dev29+g3d3c3a7e6.d20260421",
  "created_from": null,
  "description": null,
  "parameters": {},
  "timestamp": "2026-04-21T12:25:56.791555+00:00Z",
  "metadata": {
    "n_players": 8,
    "game_name": "Game_object",
    "normalization_value": 0.9179999999999999,
    "precompute_flag": false,
    "precomputed": true,
    "player_names": null
  },
  "data": {
    "Empty": 0.9179999999999999,
    "0": 0.5811999999999999,
    "1": 1.2903,
    "2": 2.0162,
    "3": 0.9155,
    "4": 0.9179999999999999,
    "5": 0.907,
    "6": 3.1031019999999994,
    "7": 0.9334,
    "0,1": 0.6,
    "0,2": 1.0324,
    "0,3": 0.5788,
    "0,4": 0.573,
    "0,5": 0.4915,
    "0,6": 2.4004000000000003,
    "0,7": 0.5471,
    "1,2": 1.8219999999999998,
    "1,3": 1.1891000000000003,
    "1,4": 1.3043,
    "1,5": 1.1473,
    "1,6": 2.8257009999999996,
    "1,7": 1.2605,
    "2,3": 1.8569000000000002,
    "2,4": 2.0162,
    "2,5": 1.3061,
    "2,6": 3.041501,
    "2,7": 1.7878999999999998,
    "3,4": 0.9155,
    "3,5": 0.8455999999999999,
    "3,6": 3.1483019999999997,
    "3,7": 0.9098999999999998,
    "4,5": 0.907,
    "4,6": 3.1142019999999997,
    "4,7": 0.9334,
    "5,6": 1.9647999999999999,
    "5,7": 0.8953,
    "6,7": 2.0272999999999994,
    "0,1,2": 1.1681,
    "0,1,3": 0.5965999999999999,
    "0,1,4": 0.5953,
    "0,1,5": 0.5071,
    "0,1,6": 2.3465999999999996,
    "0,1,7": 0.5602,
    "0,2,3": 1.0414999999999999,
    "0,2,4": 1.0245000000000002,
    "0,2,5": 0.8706999999999999,
    "0,2,6": 1.9123999999999999,
    "0,2,7": 1.0367,
    "0,3,4": 0.5721999999999999,
    "0,3,5": 0.4849,
    "0,3,6": 2.3806000000000003,
    "0,3,7": 0.5471,
    "0,4,5": 0.5058,
    "0,4,6": 2.4004000000000003,
    "0,4,7": 0.5346,
    "0,5,6": 2.9332,
    "0,5,7": 0.4763,
    "0,6,7": 2.0277009999999995,
    "1,2,3": 1.5952,
    "1,2,4": 1.8219999999999998,
    "1,2,5": 1.3954999999999997,
    "1,2,6": 2.8661009999999996,
    "1,2,7": 1.8455,
    "1,3,4": 1.2363000000000002,
    "1,3,5": 1.1313,
    "1,3,6": 2.7786009999999997,
    "1,3,7": 1.1533,
    "1,4,5": 1.2083,
    "1,4,6": 2.8257009999999996,
    "1,4,7": 1.2745,
    "1,5,6": 1.8758999999999997,
    "1,5,7": 1.1221,
    "1,6,7": 2.0930999999999997,
    "2,3,4": 1.8569000000000002,
    "2,3,5": 1.2355,
    "2,3,6": 2.9195009999999995,
    "2,3,7": 1.7903000000000002,
    "2,4,5": 1.277,
    "2,4,6": 3.032701,
    "2,4,7": 1.7229999999999996,
    "2,5,6": 1.8821,
    "2,5,7": 1.3554999999999997,
    "2,6,7": 2.2704999999999997,
    "3,4,5": 0.8455999999999999,
    "3,4,6": 3.1483019999999997,
    "3,4,7": 0.9081999999999999,
    "3,5,6": 1.9857,
    "3,5,7": 0.8334999999999999,
    "3,6,7": 2.0725,
    "4,5,6": 1.9647999999999999,
    "4,5,7": 0.8953,
    "4,6,7": 2.1870000000000003,
    "5,6,7": 1.7971,
    "0,1,2,3": 1.1509,
    "0,1,2,4": 1.0821,
    "0,1,2,5": 0.8664,
    "0,1,2,6": 2.0456,
    "0,1,2,7": 1.1702,
    "0,1,3,4": 0.5934999999999999,
    "0,1,3,5": 0.5005,
    "0,1,3,6": 2.3417000000000003,
    "0,1,3,7": 0.5602,
    "0,1,4,5": 0.5267999999999999,
    "0,1,4,6": 2.3465999999999996,
    "0,1,4,7": 0.5512,
    "0,1,5,6": 2.9329999999999994,
    "0,1,5,7": 0.4814,
    "0,1,6,7": 2.229401,
    "0,2,3,4": 1.0352000000000001,
    "0,2,3,5": 0.6870999999999999,
    "0,2,3,6": 2.0311999999999997,
    "0,2,3,7": 1.0806999999999998,
    "0,2,4,5": 0.865,
    "0,2,4,6": 1.9123999999999999,
    "0,2,4,7": 1.0245000000000002,
    "0,2,5,6": 2.3878999999999997,
    "0,2,5,7": 0.9768999999999999,
    "0,2,6,7": 1.6633000000000002,
    "0,3,4,5": 0.49840000000000007,
    "0,3,4,6": 2.3806000000000003,
    "0,3,4,7": 0.5362,
    "0,3,5,6": 2.7047999999999996,
    "0,3,5,7": 0.4697,
    "0,3,6,7": 1.9920010000000001,
    "0,4,5,6": 2.8062,
    "0,4,5,7": 0.488,
    "0,4,6,7": 2.063101,
    "0,5,6,7": 2.1734,
    "1,2,3,4": 1.5952,
    "1,2,3,5": 1.3935,
    "1,2,3,6": 2.692901,
    "1,2,3,7": 1.6335000000000002,
    "1,2,4,5": 1.3663999999999998,
    "1,2,4,6": 2.8573009999999996,
    "1,2,4,7": 1.7645,
    "1,2,5,6": 1.9203000000000003,
    "1,2,5,7": 1.4374999999999998,
    "1,2,6,7": 2.5330000000000004,
    "1,3,4,5": 1.194,
    "1,3,4,6": 2.7786009999999997,
    "1,3,4,7": 1.2005000000000001,
    "1,3,5,6": 1.8414999999999995,
    "1,3,5,7": 1.1000999999999999,
    "1,3,6,7": 2.046,
    "1,4,5,6": 1.8758999999999997,
    "1,4,5,7": 1.1831,
    "1,4,6,7": 2.1148,
    "1,5,6,7": 1.8282,
    "2,3,4,5": 1.2064000000000001,
    "2,3,4,6": 2.9107009999999995,
    "2,3,4,7": 1.7254,
    "2,3,5,6": 1.8402,
    "2,3,5,7": 1.2449,
    "2,3,6,7": 2.1612,
    "2,4,5,6": 1.8530000000000002,
    "2,4,5,7": 1.3263999999999998,
    "2,4,6,7": 2.2091,
    "2,5,6,7": 1.7782,
    "3,4,5,6": 1.9857,
    "3,4,5,7": 0.8318,
    "3,4,6,7": 2.2211000000000003,
    "3,5,6,7": 1.8365000000000002,
    "4,5,6,7": 1.7734999999999996,
    "0,1,2,3,4": 1.0665,
    "0,1,2,3,5": 0.6828,
    "0,1,2,3,6": 2.1330999999999998,
    "0,1,2,3,7": 1.2054,
    "0,1,2,4,5": 0.865,
    "0,1,2,4,6": 2.0456,
    "0,1,2,4,7": 1.0798999999999999,
    "0,1,2,5,6": 2.043,
    "0,1,2,5,7": 0.9725999999999999,
    "0,1,2,6,7": 1.8527999999999998,
    "0,1,3,4,5": 0.5194,
    "0,1,3,4,6": 2.3417000000000003,
    "0,1,3,4,7": 0.5528000000000001,
    "0,1,3,5,6": 2.7195,
    "0,1,3,5,7": 0.4721,
    "0,1,3,6,7": 2.2330010000000007,
    "0,1,4,5,6": 2.806,
    "0,1,4,5,7": 0.49910000000000004,
    "0,1,4,6,7": 2.2704009999999997,
    "0,1,5,6,7": 2.2244,
    "0,2,3,4,5": 0.6806,
    "0,2,3,4,6": 2.0311999999999997,
    "0,2,3,4,7": 1.0701,
    "0,2,3,5,6": 2.1507,
    "0,2,3,5,7": 0.7697,
    "0,2,3,6,7": 1.6774,
    "0,2,4,5,6": 2.3878999999999997,
    "0,2,4,5,7": 0.9693999999999999,
    "0,2,4,6,7": 1.6633000000000002,
    "0,2,5,6,7": 2.2116,
    "0,3,4,5,6": 2.5629,
    "0,3,4,5,7": 0.4806,
    "0,3,4,6,7": 2.0044010000000005,
    "0,3,5,6,7": 2.1350000000000002,
    "0,4,5,6,7": 2.0490000000000004,
    "1,2,3,4,5": 1.3644,
    "1,2,3,4,6": 2.6841009999999996,
    "1,2,3,4,7": 1.5525,
    "1,2,3,5,6": 1.9100000000000001,
    "1,2,3,5,7": 1.4295,
    "1,2,3,6,7": 2.0639,
    "1,2,4,5,6": 1.8912000000000002,
    "1,2,4,5,7": 1.4083999999999999,
    "1,2,4,6,7": 2.4242,
    "1,2,5,6,7": 1.8,
    "1,3,4,5,6": 1.8414999999999995,
    "1,3,4,5,7": 1.1628,
    "1,3,4,6,7": 2.0677,
    "1,3,5,6,7": 1.8262999999999998,
    "1,4,5,6,7": 1.8046,
    "2,3,4,5,6": 1.8111000000000002,
    "2,3,4,5,7": 1.2158,
    "2,3,4,6,7": 2.0559000000000003,
    "2,3,5,6,7": 1.6512,
    "2,4,5,6,7": 1.7490999999999999,
    "3,4,5,6,7": 1.8013000000000001,
    "0,1,2,3,4,5": 0.6806,
    "0,1,2,3,4,6": 2.1330999999999998,
    "0,1,2,3,4,7": 1.1167,
    "0,1,2,3,5,6": 1.8006,
    "0,1,2,3,5,7": 0.7445999999999999,
    "0,1,2,3,6,7": 1.9007999999999998,
    "0,1,2,4,5,6": 2.0382,
    "0,1,2,4,5,7": 0.9693999999999999,
    "0,1,2,4,6,7": 1.8277999999999999,
    "0,1,2,5,6,7": 1.7734999999999999,
    "0,1,3,4,5,6": 2.5776,
    "0,1,3,4,5,7": 0.48900000000000005,
    "0,1,3,4,6,7": 2.2510010000000005,
    "0,1,3,5,6,7": 2.2253,
    "0,1,4,5,6,7": 2.1,
    "0,2,3,4,5,6": 2.1358,
    "0,2,3,4,5,7": 0.8517999999999999,
    "0,2,3,4,6,7": 1.6764000000000003,
    "0,2,3,5,6,7": 2.2192,
    "0,2,4,5,6,7": 2.2116,
    "0,3,4,5,6,7": 2.0106,
    "1,2,3,4,5,6": 1.8809,
    "1,2,3,4,5,7": 1.4003999999999999,
    "1,2,3,4,6,7": 1.9727999999999999,
    "1,2,3,5,6,7": 1.8064999999999998,
    "1,2,4,5,6,7": 1.7709,
    "1,3,4,5,6,7": 1.8031,
    "2,3,4,5,6,7": 1.6221,
    "0,1,2,3,4,5,6": 1.7809000000000001,
    "0,1,2,3,4,5,7": 0.8517999999999999,
    "0,1,2,3,4,6,7": 1.8997999999999997,
    "0,1,2,3,5,6,7": 1.6942,
    "0,1,2,4,5,6,7": 1.7485,
    "0,1,3,4,5,6,7": 2.1009,
    "0,2,3,4,5,6,7": 2.3077999999999994,
    "1,2,3,4,5,6,7": 1.7773999999999996,
    "0,1,2,3,4,5,6,7": 1.8036
  }
}
