{
  "object_name": "Game",
  "data_type": "game",
  "version": "1.4.2.dev29+g3d3c3a7e6.d20260421",
  "created_from": null,
  "description": null,
  "parameters": {},
  "timestamp": "2026-04-21T12:25:56.778109+00:00Z",
  "metadata": {
    "n_players": 8,
    "game_name": "Game_object",
    "normalization_value": 0.9179999999999999,
    "precompute_flag": false,
    "precomputed": true,
    "player_names": null
  },
  "data": {
    "Empty": 0.9179999999999999,
    "0": 0.8664,
    "1": 0.9555999999999999,
    "2": 1.0088,
    "3": 0.9043999999999999,
    "4": 0.9179999999999999,
    "5": 0.9701999999999998,
    "6": 1.0260000000000002,
    "7": 0.8789,
    "0,1": 0.9562000000000002,
    "0,2": 0.8628,
    "0,3": 0.8527999999999999,
    "0,4": 0.8625,
    "0,5": 1.0604999999999998,
    "0,6": 1.0561,
    "0,7": 0.8664,
    "1,2": 0.9777999999999999,
    "1,3": 0.942,
    "1,4": 0.9591,
    "1,5": 1.1151,
    "1,6": 0.9843,
    "1,7": 0.9164999999999999,
    "2,3": 0.9951999999999999,
    "2,4": 1.0088,
    "2,5": 1.0574999999999999,
    "2,6": 1.1194,
    "2,7": 0.9785,
    "3,4": 0.9043999999999999,
    "3,5": 0.9247999999999997,
    "3,6": 1.0186000000000002,
    "3,7": 0.8652999999999998,
    "4,5": 1.0406999999999997,
    "4,6": 1.0260000000000002,
    "4,7": 0.8789,
    "5,6": 1.0782,
    "5,7": 0.9311,
    "6,7": 0.9869000000000001,
    "0,1,2": 0.9560000000000001,
    "0,1,3": 0.9426,
    "0,1,4": 0.9504000000000001,
    "0,1,5": 1.2476,
    "0,1,6": 1.0215,
    "0,1,7": 0.9562000000000002,
    "0,2,3": 0.8492,
    "0,2,4": 0.8589,
    "0,2,5": 1.0534,
    "0,2,6": 1.0569,
    "0,2,7": 0.8628,
    "0,3,4": 0.8488999999999999,
    "0,3,5": 1.2071,
    "0,3,6": 1.0487,
    "0,3,7": 0.8527999999999999,
    "0,4,5": 0.9727,
    "0,4,6": 1.0451000000000001,
    "0,4,7": 0.8625,
    "0,5,6": 1.2430999999999999,
    "0,5,7": 1.0604999999999998,
    "0,6,7": 1.0561,
    "1,2,3": 0.9642,
    "1,2,4": 0.9812999999999998,
    "1,2,5": 1.1159999999999999,
    "1,2,6": 1.0048,
    "1,2,7": 0.9475,
    "1,3,4": 0.9455,
    "1,3,5": 1.0183,
    "1,3,6": 0.9769,
    "1,3,7": 0.9029,
    "1,4,5": 1.1227,
    "1,4,6": 1.0271000000000001,
    "1,4,7": 0.9199999999999999,
    "1,5,6": 1.1260999999999999,
    "1,5,7": 1.076,
    "1,6,7": 0.9452,
    "2,3,4": 0.9951999999999999,
    "2,3,5": 1.0120999999999998,
    "2,3,6": 1.1602999999999999,
    "2,3,7": 0.9648999999999999,
    "2,4,5": 1.128,
    "2,4,6": 1.1194,
    "2,4,7": 0.9785,
    "2,5,6": 1.1681,
    "2,5,7": 1.0272000000000001,
    "2,6,7": 1.0891,
    "3,4,5": 0.9247999999999997,
    "3,4,6": 1.0186000000000002,
    "3,4,7": 0.8652999999999998,
    "3,5,6": 1.0328,
    "3,5,7": 0.8856999999999999,
    "3,6,7": 0.9795000000000001,
    "4,5,6": 1.1487,
    "4,5,7": 1.0015999999999998,
    "4,6,7": 0.9869000000000001,
    "5,6,7": 1.0391,
    "0,1,2,3": 0.9423999999999999,
    "0,1,2,4": 0.9502,
    "0,1,2,5": 1.2261,
    "0,1,2,6": 1.0196999999999998,
    "0,1,2,7": 0.9560000000000001,
    "0,1,3,4": 0.9368000000000001,
    "0,1,3,5": 1.3474,
    "0,1,3,6": 1.0141000000000002,
    "0,1,3,7": 0.9426,
    "0,1,4,5": 1.1015000000000001,
    "0,1,4,6": 1.0550000000000002,
    "0,1,4,7": 0.9504000000000001,
    "0,1,5,6": 1.2952,
    "0,1,5,7": 1.2476,
    "0,1,6,7": 1.0215,
    "0,2,3,4": 0.8452999999999999,
    "0,2,3,5": 1.2,
    "0,2,3,6": 1.0494999999999999,
    "0,2,3,7": 0.8492,
    "0,2,4,5": 0.9655999999999999,
    "0,2,4,6": 1.0459,
    "0,2,4,7": 0.8589,
    "0,2,5,6": 1.2403999999999997,
    "0,2,5,7": 1.0534,
    "0,2,6,7": 1.0569,
    "0,3,4,5": 1.2071,
    "0,3,4,6": 1.0377,
    "0,3,4,7": 0.8488999999999999,
    "0,3,5,6": 1.3897,
    "0,3,5,7": 1.2071,
    "0,3,6,7": 1.0487,
    "0,4,5,6": 1.1553,
    "0,4,5,7": 0.9727,
    "0,4,6,7": 1.0451000000000001,
    "0,5,6,7": 1.2430999999999999,
    "1,2,3,4": 0.9677,
    "1,2,3,5": 1.0254999999999999,
    "1,2,3,6": 1.0485,
    "1,2,3,7": 0.9338999999999998,
    "1,2,4,5": 1.1236,
    "1,2,4,6": 1.0475999999999999,
    "1,2,4,7": 0.951,
    "1,2,5,6": 1.1413999999999997,
    "1,2,5,7": 1.0856999999999999,
    "1,2,6,7": 0.9744999999999999,
    "1,3,4,5": 1.0183,
    "1,3,4,6": 1.0197,
    "1,3,4,7": 0.9064,
    "1,3,5,6": 1.0293,
    "1,3,5,7": 0.9792,
    "1,3,6,7": 0.9378,
    "1,4,5,6": 1.173,
    "1,4,5,7": 1.0836000000000001,
    "1,4,6,7": 0.9880000000000001,
    "1,5,6,7": 1.087,
    "2,3,4,5": 1.0120999999999998,
    "2,3,4,6": 1.1602999999999999,
    "2,3,4,7": 0.9648999999999999,
    "2,3,5,6": 1.1709999999999998,
    "2,3,5,7": 0.9818,
    "2,3,6,7": 1.1300000000000001,
    "2,4,5,6": 1.2386,
    "2,4,5,7": 1.0977000000000001,
    "2,4,6,7": 1.0891,
    "2,5,6,7": 1.1378,
    "3,4,5,6": 1.0328,
    "3,4,5,7": 0.8856999999999999,
    "3,4,6,7": 0.9795000000000001,
    "3,5,6,7": 0.9936999999999999,
    "4,5,6,7": 1.1096,
    "0,1,2,3,4": 0.9366,
    "0,1,2,3,5": 1.3321999999999998,
    "0,1,2,3,6": 1.0123,
    "0,1,2,3,7": 0.9423999999999999,
    "0,1,2,4,5": 1.08,
    "0,1,2,4,6": 1.0532,
    "0,1,2,4,7": 0.9502,
    "0,1,2,5,6": 1.2882,
    "0,1,2,5,7": 1.2261,
    "0,1,2,6,7": 1.0196999999999998,
    "0,1,3,4,5": 1.3474,
    "0,1,3,4,6": 1.0476,
    "0,1,3,4,7": 0.9368000000000001,
    "0,1,3,5,6": 1.395,
    "0,1,3,5,7": 1.3474,
    "0,1,3,6,7": 1.0141000000000002,
    "0,1,4,5,6": 1.1884000000000001,
    "0,1,4,5,7": 1.1015000000000001,
    "0,1,4,6,7": 1.0550000000000002,
    "0,1,5,6,7": 1.2952,
    "0,2,3,4,5": 1.2,
    "0,2,3,4,6": 1.0385,
    "0,2,3,4,7": 0.8452999999999999,
    "0,2,3,5,6": 1.387,
    "0,2,3,5,7": 1.2,
    "0,2,3,6,7": 1.0494999999999999,
    "0,2,4,5,6": 1.1526,
    "0,2,4,5,7": 0.9655999999999999,
    "0,2,4,6,7": 1.0459,
    "0,2,5,6,7": 1.2403999999999997,
    "0,3,4,5,6": 1.3897,
    "0,3,4,5,7": 1.2071,
    "0,3,4,6,7": 1.0377,
    "0,3,5,6,7": 1.3897,
    "0,4,5,6,7": 1.1553,
    "1,2,3,4,5": 1.0254999999999999,
    "1,2,3,4,6": 1.0913,
    "1,2,3,4,7": 0.9373999999999999,
    "1,2,3,5,6": 1.1019999999999999,
    "1,2,3,5,7": 0.9952,
    "1,2,3,6,7": 1.0182,
    "1,2,4,5,6": 1.1883,
    "1,2,4,5,7": 1.0933,
    "1,2,4,6,7": 1.0173,
    "1,2,5,6,7": 1.1111,
    "1,3,4,5,6": 1.0686,
    "1,3,4,5,7": 0.9792,
    "1,3,4,6,7": 0.9806000000000001,
    "1,3,5,6,7": 0.9902000000000001,
    "1,4,5,6,7": 1.1339000000000001,
    "2,3,4,5,6": 1.1709999999999998,
    "2,3,4,5,7": 0.9818,
    "2,3,4,6,7": 1.1300000000000001,
    "2,3,5,6,7": 1.1406999999999998,
    "2,4,5,6,7": 1.2083,
    "3,4,5,6,7": 0.9936999999999999,
    "0,1,2,3,4,5": 1.3321999999999998,
    "0,1,2,3,4,6": 1.0458,
    "0,1,2,3,4,7": 0.9366,
    "0,1,2,3,5,6": 1.3942999999999999,
    "0,1,2,3,5,7": 1.3321999999999998,
    "0,1,2,3,6,7": 1.0123,
    "0,1,2,4,5,6": 1.1814,
    "0,1,2,4,5,7": 1.08,
    "0,1,2,4,6,7": 1.0532,
    "0,1,2,5,6,7": 1.2882,
    "0,1,3,4,5,6": 1.4343,
    "0,1,3,4,5,7": 1.3474,
    "0,1,3,4,6,7": 1.0476,
    "0,1,3,5,6,7": 1.395,
    "0,1,4,5,6,7": 1.1884000000000001,
    "0,2,3,4,5,6": 1.387,
    "0,2,3,4,5,7": 1.2,
    "0,2,3,4,6,7": 1.0385,
    "0,2,3,5,6,7": 1.387,
    "0,2,4,5,6,7": 1.1526,
    "0,3,4,5,6,7": 1.3897,
    "1,2,3,4,5,6": 1.1412999999999998,
    "1,2,3,4,5,7": 0.9952,
    "1,2,3,4,6,7": 1.061,
    "1,2,3,5,6,7": 1.0716999999999999,
    "1,2,4,5,6,7": 1.158,
    "1,3,4,5,6,7": 1.0295,
    "2,3,4,5,6,7": 1.1406999999999998,
    "0,1,2,3,4,5,6": 1.4336,
    "0,1,2,3,4,5,7": 1.3321999999999998,
    "0,1,2,3,4,6,7": 1.0458,
    "0,1,2,3,5,6,7": 1.3942999999999999,
    "0,1,2,4,5,6,7": 1.1814,
    "0,1,3,4,5,6,7": 1.4343,
    "0,2,3,4,5,6,7": 1.387,
    "1,2,3,4,5,6,7": 1.1109999999999998,
    "0,1,2,3,4,5,6,7": 1.4336
  }
}
