{
  "object_name": "Game",
  "data_type": "game",
  "version": "1.4.2.dev29+g3d3c3a7e6.d20260421",
  "created_from": null,
  "description": null,
  "parameters": {},
  "timestamp": "2026-04-21T12:25:56.539299+00:00Z",
  "metadata": {
    "n_players": 8,
    "game_name": "Game_object",
    "normalization_value": 2.0434510707855225,
    "precompute_flag": false,
    "precomputed": true,
    "player_names": null
  },
  "data": {
    "Empty": 3.3232147693634033,
    "0": 3.43981671333313,
    "1": 3.522937774658203,
    "2": 3.38224720954895,
    "3": 3.5509674549102783,
    "4": 2.9628701210021973,
    "5": 3.332934617996216,
    "6": 4.154788494110107,
    "7": 3.350837230682373,
    "0,1": 3.9734530448913574,
    "0,2": 4.084845542907715,
    "0,3": 3.3748087882995605,
    "0,4": 4.113696098327637,
    "0,5": 3.849489688873291,
    "0,6": 4.085124969482422,
    "0,7": 3.3297760486602783,
    "1,2": 3.2560558319091797,
    "1,3": 3.863781690597534,
    "1,4": 3.2217650413513184,
    "1,5": 3.604609251022339,
    "1,6": 3.733806610107422,
    "1,7": 2.9487407207489014,
    "2,3": 3.7547130584716797,
    "2,4": 3.8406195640563965,
    "2,5": 3.0635087490081787,
    "2,6": 3.928414821624756,
    "2,7": 3.461564302444458,
    "3,4": 3.2105343341827393,
    "3,5": 3.5352776050567627,
    "3,6": 4.222009658813477,
    "3,7": 3.136532783508301,
    "4,5": 3.400007963180542,
    "4,6": 3.8031558990478516,
    "4,7": 3.4970016479492188,
    "5,6": 3.643674850463867,
    "5,7": 3.9453017711639404,
    "6,7": 4.021279335021973,
    "0,1,2": 3.7778849601745605,
    "0,1,3": 3.8737075328826904,
    "0,1,4": 3.8814826011657715,
    "0,1,5": 3.7975914478302,
    "0,1,6": 4.120768070220947,
    "0,1,7": 3.811051607131958,
    "0,2,3": 3.7050578594207764,
    "0,2,4": 3.8180794715881348,
    "0,2,5": 3.6441147327423096,
    "0,2,6": 4.017155647277832,
    "0,2,7": 3.7202935218811035,
    "0,3,4": 3.684253215789795,
    "0,3,5": 3.6390671730041504,
    "0,3,6": 4.133993625640869,
    "0,3,7": 3.5624308586120605,
    "0,4,5": 3.2542011737823486,
    "0,4,6": 4.026512622833252,
    "0,4,7": 3.7319693565368652,
    "0,5,6": 4.02438497543335,
    "0,5,7": 3.6199443340301514,
    "0,6,7": 4.0447893142700195,
    "1,2,3": 4.005883693695068,
    "1,2,4": 3.5551936626434326,
    "1,2,5": 3.800147533416748,
    "1,2,6": 4.02877140045166,
    "1,2,7": 3.339123487472534,
    "1,3,4": 3.6043667793273926,
    "1,3,5": 3.9531302452087402,
    "1,3,6": 4.464799880981445,
    "1,3,7": 3.7172348499298096,
    "1,4,5": 2.8981547355651855,
    "1,4,6": 4.154293537139893,
    "1,4,7": 3.7741127014160156,
    "1,5,6": 3.368741989135742,
    "1,5,7": 3.436406373977661,
    "1,6,7": 4.029389381408691,
    "2,3,4": 3.3458094596862793,
    "2,3,5": 3.313495635986328,
    "2,3,6": 3.8210811614990234,
    "2,3,7": 2.973691463470459,
    "2,4,5": 3.032033920288086,
    "2,4,6": 3.449489116668701,
    "2,4,7": 3.5062527656555176,
    "2,5,6": 3.6666247844696045,
    "2,5,7": 3.207152843475342,
    "2,6,7": 3.8404107093811035,
    "3,4,5": 3.3219997882843018,
    "3,4,6": 3.54636812210083,
    "3,4,7": 3.498199939727783,
    "3,5,6": 4.0860371589660645,
    "3,5,7": 2.7018933296203613,
    "3,6,7": 4.4359540939331055,
    "4,5,6": 3.374134063720703,
    "4,5,7": 3.362647533416748,
    "4,6,7": 3.898651599884033,
    "5,6,7": 3.763611316680908,
    "0,1,2,3": 3.7381222248077393,
    "0,1,2,4": 3.6840147972106934,
    "0,1,2,5": 3.9594409465789795,
    "0,1,2,6": 4.341559410095215,
    "0,1,2,7": 4.136200904846191,
    "0,1,3,4": 3.816967010498047,
    "0,1,3,5": 3.450906276702881,
    "0,1,3,6": 4.100577354431152,
    "0,1,3,7": 3.9293713569641113,
    "0,1,4,5": 4.087396144866943,
    "0,1,4,6": 4.224843978881836,
    "0,1,4,7": 3.3805816173553467,
    "0,1,5,6": 3.928339719772339,
    "0,1,5,7": 4.160902500152588,
    "0,1,6,7": 4.312657356262207,
    "0,2,3,4": 3.6902973651885986,
    "0,2,3,5": 3.496791124343872,
    "0,2,3,6": 3.8046727180480957,
    "0,2,3,7": 3.8045895099639893,
    "0,2,4,5": 4.114002704620361,
    "0,2,4,6": 4.228890419006348,
    "0,2,4,7": 3.669381618499756,
    "0,2,5,6": 4.0468645095825195,
    "0,2,5,7": 3.942641496658325,
    "0,2,6,7": 4.220502853393555,
    "0,3,4,5": 3.6464054584503174,
    "0,3,4,6": 4.159890174865723,
    "0,3,4,7": 3.9336600303649902,
    "0,3,5,6": 4.014492988586426,
    "0,3,5,7": 3.7246952056884766,
    "0,3,6,7": 4.125370502471924,
    "0,4,5,6": 4.13743257522583,
    "0,4,5,7": 3.693646192550659,
    "0,4,6,7": 4.192994594573975,
    "0,5,6,7": 4.132668972015381,
    "1,2,3,4": 3.9533591270446777,
    "1,2,3,5": 4.16862154006958,
    "1,2,3,6": 4.271669387817383,
    "1,2,3,7": 3.570720672607422,
    "1,2,4,5": 3.4888641834259033,
    "1,2,4,6": 4.160540580749512,
    "1,2,4,7": 3.6395554542541504,
    "1,2,5,6": 4.047964096069336,
    "1,2,5,7": 2.9336304664611816,
    "1,2,6,7": 4.022528648376465,
    "1,3,4,5": 3.4192497730255127,
    "1,3,4,6": 4.332785129547119,
    "1,3,4,7": 3.1369762420654297,
    "1,3,5,6": 3.9248993396759033,
    "1,3,5,7": 2.7994656562805176,
    "1,3,6,7": 4.179200172424316,
    "1,4,5,6": 3.987720489501953,
    "1,4,5,7": 3.7789840698242188,
    "1,4,6,7": 4.166550636291504,
    "1,5,6,7": 4.127946376800537,
    "2,3,4,5": 3.5589470863342285,
    "2,3,4,6": 3.967041492462158,
    "2,3,4,7": 3.056034803390503,
    "2,3,5,6": 3.6262869834899902,
    "2,3,5,7": 3.9992499351501465,
    "2,3,6,7": 4.2409772872924805,
    "2,4,5,6": 3.1409354209899902,
    "2,4,5,7": 3.886084794998169,
    "2,4,6,7": 3.854579448699951,
    "2,5,6,7": 3.785395860671997,
    "3,4,5,6": 3.5006351470947266,
    "3,4,5,7": 3.4102649688720703,
    "3,4,6,7": 3.5020344257354736,
    "3,5,6,7": 3.564945697784424,
    "4,5,6,7": 3.97035551071167,
    "0,1,2,3,4": 3.6267008781433105,
    "0,1,2,3,5": 3.7425360679626465,
    "0,1,2,3,6": 4.188630104064941,
    "0,1,2,3,7": 3.7881150245666504,
    "0,1,2,4,5": 4.085808277130127,
    "0,1,2,4,6": 4.486907005310059,
    "0,1,2,4,7": 4.1424360275268555,
    "0,1,2,5,6": 4.2502617835998535,
    "0,1,2,5,7": 4.23189640045166,
    "0,1,2,6,7": 4.499427318572998,
    "0,1,3,4,5": 3.7327723503112793,
    "0,1,3,4,6": 4.139865875244141,
    "0,1,3,4,7": 3.702770233154297,
    "0,1,3,5,6": 4.146899700164795,
    "0,1,3,5,7": 3.5789363384246826,
    "0,1,3,6,7": 4.346575736999512,
    "0,1,4,5,6": 3.7308895587921143,
    "0,1,4,5,7": 3.736906051635742,
    "0,1,4,6,7": 4.451162338256836,
    "0,1,5,6,7": 4.358321189880371,
    "0,2,3,4,5": 3.5685653686523438,
    "0,2,3,4,6": 4.254971504211426,
    "0,2,3,4,7": 3.899754762649536,
    "0,2,3,5,6": 3.8409454822540283,
    "0,2,3,5,7": 3.691166639328003,
    "0,2,3,6,7": 4.1275410652160645,
    "0,2,4,5,6": 4.124438285827637,
    "0,2,4,5,7": 3.7800259590148926,
    "0,2,4,6,7": 4.492735385894775,
    "0,2,5,6,7": 4.301914215087891,
    "0,3,4,5,6": 3.889857053756714,
    "0,3,4,5,7": 3.463510513305664,
    "0,3,4,6,7": 4.148283958435059,
    "0,3,5,6,7": 4.124867916107178,
    "0,4,5,6,7": 4.143050193786621,
    "1,2,3,4,5": 3.554347276687622,
    "1,2,3,4,6": 4.220810890197754,
    "1,2,3,4,7": 2.948233127593994,
    "1,2,3,5,6": 3.969071626663208,
    "1,2,3,5,7": 3.6616363525390625,
    "1,2,3,6,7": 4.204079627990723,
    "1,2,4,5,6": 3.7265560626983643,
    "1,2,4,5,7": 3.7309558391571045,
    "1,2,4,6,7": 4.340115547180176,
    "1,2,5,6,7": 4.060575008392334,
    "1,3,4,5,6": 3.887291669845581,
    "1,3,4,5,7": 3.371410369873047,
    "1,3,4,6,7": 4.102947235107422,
    "1,3,5,6,7": 4.122773170471191,
    "1,4,5,6,7": 3.8322155475616455,
    "2,3,4,5,6": 3.6410751342773438,
    "2,3,4,5,7": 3.480480194091797,
    "2,3,4,6,7": 4.143168926239014,
    "2,3,5,6,7": 3.833996295928955,
    "2,4,5,6,7": 3.915026903152466,
    "3,4,5,6,7": 4.073004722595215,
    "0,1,2,3,4,5": 3.4314162731170654,
    "0,1,2,3,4,6": 4.3141937255859375,
    "0,1,2,3,4,7": 3.949111223220825,
    "0,1,2,3,5,6": 4.300608158111572,
    "0,1,2,3,5,7": 3.962547779083252,