approximator,budget,time
KernelSHAP,10000,5.825594425201416
KernelSHAP,100000,58.901695251464844
KernelSHAP,200000,116.41914892196655
KernelSHAP,300000,173.04384398460388
KernelSHAP,400000,230.1969861984253
KernelSHAP,500000,289.467693567276
KernelSHAP,600000,346.831796169281
KernelSHAP,700000,409.57980966567993
KernelSHAP,800000,462.7693238258362
KernelSHAP,900000,520.0792763233185
KernelSHAP,1000000,579.5803952217102
