id,application,subtype,dataset,model,construction,n_players,reference,input_features,feature_rule,training_rows,row_selection
comprehensive-local_baseline-adult_census-linear-p4,local,,adult_census,linear,local_baseline,4,enumeration,,nested,,
comprehensive-local_baseline-adult_census-linear-p8,local,,adult_census,linear,local_baseline,8,enumeration,,nested,,
comprehensive-local_baseline-adult_census-linear-p12,local,,adult_census,linear,local_baseline,12,enumeration,,nested,,
comprehensive-local_baseline-adult_census-linear-p14,local,,adult_census,linear,local_baseline,14,enumeration,,nested,,
comprehensive-dataset_valuation-adult_census-linear-p4-f12,data,retraining_groups,adult_census,linear,dataset_valuation,4,enumeration,12,nested,,
comprehensive-dataset_valuation-adult_census-linear-p8-f12,data,retraining_groups,adult_census,linear,dataset_valuation,8,enumeration,12,nested,,
comprehensive-dataset_valuation-adult_census-linear-p12-f12,data,retraining_groups,adult_census,linear,dataset_valuation,12,enumeration,12,nested,,
comprehensive-dataset_valuation-adult_census-linear-p14-f12,data,retraining_groups,adult_census,linear,dataset_valuation,14,enumeration,12,nested,,
comprehensive-dataset_valuation-adult_census-linear-p16-f12,data,retraining_groups,adult_census,linear,dataset_valuation,16,enumeration,12,nested,,
comprehensive-feature_selection-adult_census-linear-p4,features,,adult_census,linear,feature_selection,4,enumeration,,nested,,
comprehensive-feature_selection-adult_census-linear-p8,features,,adult_census,linear,feature_selection,8,enumeration,,nested,,
comprehensive-feature_selection-adult_census-linear-p12,features,,adult_census,linear,feature_selection,12,enumeration,,nested,,
comprehensive-feature_selection-adult_census-linear-p14,features,,adult_census,linear,feature_selection,14,enumeration,,nested,,
comprehensive-local_baseline-adult_census-random_forest-p4,local,,adult_census,random_forest,local_baseline,4,enumeration,,nested,,
comprehensive-local_baseline-adult_census-random_forest-p8,local,,adult_census,random_forest,local_baseline,8,enumeration,,nested,,
comprehensive-local_baseline-adult_census-random_forest-p12,local,,adult_census,random_forest,local_baseline,12,enumeration,,nested,,
comprehensive-local_baseline-adult_census-random_forest-p14,local,,adult_census,random_forest,local_baseline,14,enumeration,,nested,,
comprehensive-dataset_valuation-adult_census-random_forest-p4-f12,data,retraining_groups,adult_census,random_forest,dataset_valuation,4,enumeration,12,nested,,
comprehensive-dataset_valuation-adult_census-random_forest-p8-f12,data,retraining_groups,adult_census,random_forest,dataset_valuation,8,enumeration,12,nested,,
comprehensive-dataset_valuation-adult_census-random_forest-p12-f12,data,retraining_groups,adult_census,random_forest,dataset_valuation,12,enumeration,12,nested,,
comprehensive-dataset_valuation-adult_census-random_forest-p14-f12,data,retraining_groups,adult_census,random_forest,dataset_valuation,14,enumeration,12,nested,,
comprehensive-dataset_valuation-adult_census-random_forest-p16-f12,data,retraining_groups,adult_census,random_forest,dataset_valuation,16,enumeration,12,nested,,
comprehensive-feature_selection-adult_census-random_forest-p4,features,,adult_census,random_forest,feature_selection,4,enumeration,,nested,,
comprehensive-feature_selection-adult_census-random_forest-p8,features,,adult_census,random_forest,feature_selection,8,enumeration,,nested,,
comprehensive-feature_selection-adult_census-random_forest-p12,features,,adult_census,random_forest,feature_selection,12,enumeration,,nested,,
comprehensive-feature_selection-adult_census-random_forest-p14,features,,adult_census,random_forest,feature_selection,14,enumeration,,nested,,
comprehensive-pathdependent_tree-adult_census-random_forest-p8,local,,adult_census,random_forest,pathdependent_tree,8,tree_solver,,nested,,
comprehensive-interventional_tree-adult_census-random_forest-p8,local,,adult_census,random_forest,interventional_tree,8,tree_solver,,nested,,
comprehensive-pathdependent_tree-adult_census-xgboost-p8,local,,adult_census,xgboost,pathdependent_tree,8,tree_solver,,nested,,
comprehensive-interventional_tree-adult_census-xgboost-p8,local,,adult_census,xgboost,interventional_tree,8,tree_solver,,nested,,
comprehensive-pathdependent_tree-adult_census-lightgbm-p8,local,,adult_census,lightgbm,pathdependent_tree,8,tree_solver,,nested,,
comprehensive-interventional_tree-adult_census-lightgbm-p8,local,,adult_census,lightgbm,interventional_tree,8,tree_solver,,nested,,
comprehensive-knn-adult_census-knn-p32-f12,data,neighbor_examples,adult_census,knn,knn,32,neighbor_solver,12,nested,5000,nested_stratified
comprehensive-knn-adult_census-knn-p64-f12,data,neighbor_examples,adult_census,knn,knn,64,neighbor_solver,12,nested,5000,nested_stratified
comprehensive-knn-adult_census-knn-p128-f12,data,neighbor_examples,adult_census,knn,knn,128,neighbor_solver,12,nested,5000,nested_stratified
comprehensive-knn-adult_census-knn-p256-f12,data,neighbor_examples,adult_census,knn,knn,256,neighbor_solver,12,nested,5000,nested_stratified
comprehensive-knn-adult_census-knn-p512-f12,data,neighbor_examples,adult_census,knn,knn,512,neighbor_solver,12,nested,5000,nested_stratified
comprehensive-knn-adult_census-knn-p1024-f12,data,neighbor_examples,adult_census,knn,knn,1024,neighbor_solver,12,nested,5000,nested_stratified
comprehensive-tnn-adult_census-tnn-p32-f12,data,neighbor_examples,adult_census,tnn,tnn,32,neighbor_solver,12,nested,5000,nested_stratified
comprehensive-tnn-adult_census-tnn-p64-f12,data,neighbor_examples,adult_census,tnn,tnn,64,neighbor_solver,12,nested,5000,nested_stratified
comprehensive-tnn-adult_census-tnn-p128-f12,data,neighbor_examples,adult_census,tnn,tnn,128,neighbor_solver,12,nested,5000,nested_stratified
comprehensive-tnn-adult_census-tnn-p256-f12,data,neighbor_examples,adult_census,tnn,tnn,256,neighbor_solver,12,nested,5000,nested_stratified
comprehensive-tnn-adult_census-tnn-p512-f12,data,neighbor_examples,adult_census,tnn,tnn,512,neighbor_solver,12,nested,5000,nested_stratified
comprehensive-tnn-adult_census-tnn-p1024-f12,data,neighbor_examples,adult_census,tnn,tnn,1024,neighbor_solver,12,nested,5000,nested_stratified
comprehensive-local_baseline-mushroom-linear-p4,local,,mushroom,linear,local_baseline,4,enumeration,,nested,,
comprehensive-local_baseline-mushroom-linear-p8,local,,mushroom,linear,local_baseline,8,enumeration,,nested,,
comprehensive-local_baseline-mushroom-linear-p12,local,,mushroom,linear,local_baseline,12,enumeration,,nested,,
comprehensive-local_baseline-mushroom-linear-p14,local,,mushroom,linear,local_baseline,14,enumeration,,nested,,
comprehensive-local_baseline-mushroom-linear-p16,local,,mushroom,linear,local_baseline,16,enumeration,,nested,,
comprehensive-dataset_valuation-mushroom-linear-p4-f12,data,retraining_groups,mushroom,linear,dataset_valuation,4,enumeration,12,nested,,
comprehensive-dataset_valuation-mushroom-linear-p8-f12,data,retraining_groups,mushroom,linear,dataset_valuation,8,enumeration,12,nested,,
comprehensive-dataset_valuation-mushroom-linear-p12-f12,data,retraining_groups,mushroom,linear,dataset_valuation,12,enumeration,12,nested,,
comprehensive-dataset_valuation-mushroom-linear-p14-f12,data,retraining_groups,mushroom,linear,dataset_valuation,14,enumeration,12,nested,,
comprehensive-dataset_valuation-mushroom-linear-p16-f12,data,retraining_groups,mushroom,linear,dataset_valuation,16,enumeration,12,nested,,
comprehensive-feature_selection-mushroom-linear-p4,features,,mushroom,linear,feature_selection,4,enumeration,,nested,,
comprehensive-feature_selection-mushroom-linear-p8,features,,mushroom,linear,feature_selection,8,enumeration,,nested,,
comprehensive-feature_selection-mushroom-linear-p12,features,,mushroom,linear,feature_selection,12,enumeration,,nested,,
comprehensive-feature_selection-mushroom-linear-p14,features,,mushroom,linear,feature_selection,14,enumeration,,nested,,
comprehensive-feature_selection-mushroom-linear-p16,features,,mushroom,linear,feature_selection,16,enumeration,,nested,,
comprehensive-local_baseline-mushroom-random_forest-p4,local,,mushroom,random_forest,local_baseline,4,enumeration,,nested,,
comprehensive-local_baseline-mushroom-random_forest-p8,local,,mushroom,random_forest,local_baseline,8,enumeration,,nested,,
comprehensive-local_baseline-mushroom-random_forest-p12,local,,mushroom,random_forest,local_baseline,12,enumeration,,nested,,
comprehensive-local_baseline-mushroom-random_forest-p14,local,,mushroom,random_forest,local_baseline,14,enumeration,,nested,,
comprehensive-local_baseline-mushroom-random_forest-p16,local,,mushroom,random_forest,local_baseline,16,enumeration,,nested,,
comprehensive-dataset_valuation-mushroom-random_forest-p4-f12,data,retraining_groups,mushroom,random_forest,dataset_valuation,4,enumeration,12,nested,,
comprehensive-dataset_valuation-mushroom-random_forest-p8-f12,data,retraining_groups,mushroom,random_forest,dataset_valuation,8,enumeration,12,nested,,
comprehensive-dataset_valuation-mushroom-random_forest-p12-f12,data,retraining_groups,mushroom,random_forest,dataset_valuation,12,enumeration,12,nested,,
comprehensive-dataset_valuation-mushroom-random_forest-p14-f12,data,retraining_groups,mushroom,random_forest,dataset_valuation,14,enumeration,12,nested,,
comprehensive-dataset_valuation-mushroom-random_forest-p16-f12,data,retraining_groups,mushroom,random_forest,dataset_valuation,16,enumeration,12,nested,,
comprehensive-feature_selection-mushroom-random_forest-p4,features,,mushroom,random_forest,feature_selection,4,enumeration,,nested,,
comprehensive-feature_selection-mushroom-random_forest-p8,features,,mushroom,random_forest,feature_selection,8,enumeration,,nested,,
comprehensive-feature_selection-mushroom-random_forest-p12,features,,mushroom,random_forest,feature_selection,12,enumeration,,nested,,
comprehensive-feature_selection-mushroom-random_forest-p14,features,,mushroom,random_forest,feature_selection,14,enumeration,,nested,,
comprehensive-feature_selection-mushroom-random_forest-p16,features,,mushroom,random_forest,feature_selection,16,enumeration,,nested,,
comprehensive-pathdependent_tree-mushroom-random_forest-p8,local,,mushroom,random_forest,pathdependent_tree,8,tree_solver,,nested,,
comprehensive-pathdependent_tree-mushroom-random_forest-p16,local,,mushroom,random_forest,pathdependent_tree,16,tree_solver,,nested,,
comprehensive-interventional_tree-mushroom-random_forest-p8,local,,mushroom,random_forest,interventional_tree,8,tree_solver,,nested,,
comprehensive-interventional_tree-mushroom-random_forest-p16,local,,mushroom,random_forest,interventional_tree,16,tree_solver,,nested,,
comprehensive-pathdependent_tree-mushroom-xgboost-p8,local,,mushroom,xgboost,pathdependent_tree,8,tree_solver,,nested,,
comprehensive-pathdependent_tree-mushroom-xgboost-p16,local,,mushroom,xgboost,pathdependent_tree,16,tree_solver,,nested,,
comprehensive-interventional_tree-mushroom-xgboost-p8,local,,mushroom,xgboost,interventional_tree,8,tree_solver,,nested,,
comprehensive-interventional_tree-mushroom-xgboost-p16,local,,mushroom,xgboost,interventional_tree,16,tree_solver,,nested,,
comprehensive-pathdependent_tree-mushroom-lightgbm-p8,local,,mushroom,lightgbm,pathdependent_tree,8,tree_solver,,nested,,
comprehensive-pathdependent_tree-mushroom-lightgbm-p16,local,,mushroom,lightgbm,pathdependent_tree,16,tree_solver,,nested,,
comprehensive-interventional_tree-mushroom-lightgbm-p8,local,,mushroom,lightgbm,interventional_tree,8,tree_solver,,nested,,
comprehensive-interventional_tree-mushroom-lightgbm-p16,local,,mushroom,lightgbm,interventional_tree,16,tree_solver,,nested,,
comprehensive-knn-mushroom-knn-p32-f12,data,neighbor_examples,mushroom,knn,knn,32,neighbor_solver,12,nested,5000,nested_stratified
comprehensive-knn-mushroom-knn-p64-f12,data,neighbor_examples,mushroom,knn,knn,64,neighbor_solver,12,nested,5000,nested_stratified
comprehensive-knn-mushroom-knn-p128-f12,data,neighbor_examples,mushroom,knn,knn,128,neighbor_solver,12,nested,5000,nested_stratified
comprehensive-knn-mushroom-knn-p256-f12,data,neighbor_examples,mushroom,knn,knn,256,neighbor_solver,12,nested,5000,nested_stratified
comprehensive-knn-mushroom-knn-p512-f12,data,neighbor_examples,mushroom,knn,knn,512,neighbor_solver,12,nested,5000,nested_stratified
comprehensive-knn-mushroom-knn-p1024-f12,data,neighbor_examples,mushroom,knn,knn,1024,neighbor_solver,12,nested,5000,nested_stratified
comprehensive-tnn-mushroom-tnn-p32-f12,data,neighbor_examples,mushroom,tnn,tnn,32,neighbor_solver,12,nested,5000,nested_stratified
comprehensive-tnn-mushroom-tnn-p64-f12,data,neighbor_examples,mushroom,tnn,tnn,64,neighbor_solver,12,nested,5000,nested_stratified
comprehensive-tnn-mushroom-tnn-p128-f12,data,neighbor_examples,mushroom,tnn,tnn,128,neighbor_solver,12,nested,5000,nested_stratified
comprehensive-tnn-mushroom-tnn-p256-f12,data,neighbor_examples,mushroom,tnn,tnn,256,neighbor_solver,12,nested,5000,nested_stratified
comprehensive-tnn-mushroom-tnn-p512-f12,data,neighbor_examples,mushroom,tnn,tnn,512,neighbor_solver,12,nested,5000,nested_stratified
comprehensive-tnn-mushroom-tnn-p1024-f12,data,neighbor_examples,mushroom,tnn,tnn,1024,neighbor_solver,12,nested,5000,nested_stratified
comprehensive-local_baseline-ionosphere-linear-p4,local,,ionosphere,linear,local_baseline,4,enumeration,,nested,,
comprehensive-local_baseline-ionosphere-linear-p8,local,,ionosphere,linear,local_baseline,8,enumeration,,nested,,
comprehensive-local_baseline-ionosphere-linear-p12,local,,ionosphere,linear,local_baseline,12,enumeration,,nested,,
comprehensive-local_baseline-ionosphere-linear-p14,local,,ionosphere,linear,local_baseline,14,enumeration,,nested,,
comprehensive-local_baseline-ionosphere-linear-p16,local,,ionosphere,linear,local_baseline,16,enumeration,,nested,,
comprehensive-dataset_valuation-ionosphere-linear-p4-f12,data,retraining_groups,ionosphere,linear,dataset_valuation,4,enumeration,12,nested,,
comprehensive-dataset_valuation-ionosphere-linear-p8-f12,data,retraining_groups,ionosphere,linear,dataset_valuation,8,enumeration,12,nested,,
comprehensive-dataset_valuation-ionosphere-linear-p12-f12,data,retraining_groups,ionosphere,linear,dataset_valuation,12,enumeration,12,nested,,
comprehensive-dataset_valuation-ionosphere-linear-p14-f12,data,retraining_groups,ionosphere,linear,dataset_valuation,14,enumeration,12,nested,,
comprehensive-dataset_valuation-ionosphere-linear-p16-f12,data,retraining_groups,ionosphere,linear,dataset_valuation,16,enumeration,12,nested,,
comprehensive-feature_selection-ionosphere-linear-p4,features,,ionosphere,linear,feature_selection,4,enumeration,,nested,,
comprehensive-feature_selection-ionosphere-linear-p8,features,,ionosphere,linear,feature_selection,8,enumeration,,nested,,
comprehensive-feature_selection-ionosphere-linear-p12,features,,ionosphere,linear,feature_selection,12,enumeration,,nested,,
comprehensive-feature_selection-ionosphere-linear-p14,features,,ionosphere,linear,feature_selection,14,enumeration,,nested,,
comprehensive-feature_selection-ionosphere-linear-p16,features,,ionosphere,linear,feature_selection,16,enumeration,,nested,,
comprehensive-local_baseline-ionosphere-random_forest-p4,local,,ionosphere,random_forest,local_baseline,4,enumeration,,nested,,
comprehensive-local_baseline-ionosphere-random_forest-p8,local,,ionosphere,random_forest,local_baseline,8,enumeration,,nested,,
comprehensive-local_baseline-ionosphere-random_forest-p12,local,,ionosphere,random_forest,local_baseline,12,enumeration,,nested,,
comprehensive-local_baseline-ionosphere-random_forest-p14,local,,ionosphere,random_forest,local_baseline,14,enumeration,,nested,,
comprehensive-local_baseline-ionosphere-random_forest-p16,local,,ionosphere,random_forest,local_baseline,16,enumeration,,nested,,
comprehensive-dataset_valuation-ionosphere-random_forest-p4-f12,data,retraining_groups,ionosphere,random_forest,dataset_valuation,4,enumeration,12,nested,,
comprehensive-dataset_valuation-ionosphere-random_forest-p8-f12,data,retraining_groups,ionosphere,random_forest,dataset_valuation,8,enumeration,12,nested,,
comprehensive-dataset_valuation-ionosphere-random_forest-p12-f12,data,retraining_groups,ionosphere,random_forest,dataset_valuation,12,enumeration,12,nested,,
comprehensive-dataset_valuation-ionosphere-random_forest-p14-f12,data,retraining_groups,ionosphere,random_forest,dataset_valuation,14,enumeration,12,nested,,
comprehensive-dataset_valuation-ionosphere-random_forest-p16-f12,data,retraining_groups,ionosphere,random_forest,dataset_valuation,16,enumeration,12,nested,,
comprehensive-feature_selection-ionosphere-random_forest-p4,features,,ionosphere,random_forest,feature_selection,4,enumeration,,nested,,
comprehensive-feature_selection-ionosphere-random_forest-p8,features,,ionosphere,random_forest,feature_selection,8,enumeration,,nested,,
comprehensive-feature_selection-ionosphere-random_forest-p12,features,,ionosphere,random_forest,feature_selection,12,enumeration,,nested,,
comprehensive-feature_selection-ionosphere-random_forest-p14,features,,ionosphere,random_forest,feature_selection,14,enumeration,,nested,,
comprehensive-feature_selection-ionosphere-random_forest-p16,features,,ionosphere,random_forest,feature_selection,16,enumeration,,nested,,
comprehensive-pathdependent_tree-ionosphere-random_forest-p8,local,,ionosphere,random_forest,pathdependent_tree,8,tree_solver,,nested,,
comprehensive-pathdependent_tree-ionosphere-random_forest-p16,local,,ionosphere,random_forest,pathdependent_tree,16,tree_solver,,nested,,
comprehensive-pathdependent_tree-ionosphere-random_forest-p32,local,,ionosphere,random_forest,pathdependent_tree,32,tree_solver,,nested,,
comprehensive-interventional_tree-ionosphere-random_forest-p8,local,,ionosphere,random_forest,interventional_tree,8,tree_solver,,nested,,
comprehensive-interventional_tree-ionosphere-random_forest-p16,local,,ionosphere,random_forest,interventional_tree,16,tree_solver,,nested,,
comprehensive-interventional_tree-ionosphere-random_forest-p32,local,,ionosphere,random_forest,interventional_tree,32,tree_solver,,nested,,
comprehensive-pathdependent_tree-ionosphere-xgboost-p8,local,,ionosphere,xgboost,pathdependent_tree,8,tree_solver,,nested,,
comprehensive-pathdependent_tree-ionosphere-xgboost-p16,local,,ionosphere,xgboost,pathdependent_tree,16,tree_solver,,nested,,
comprehensive-pathdependent_tree-ionosphere-xgboost-p32,local,,ionosphere,xgboost,pathdependent_tree,32,tree_solver,,nested,,
comprehensive-interventional_tree-ionosphere-xgboost-p8,local,,ionosphere,xgboost,interventional_tree,8,tree_solver,,nested,,
comprehensive-interventional_tree-ionosphere-xgboost-p16,local,,ionosphere,xgboost,interventional_tree,16,tree_solver,,nested,,
comprehensive-interventional_tree-ionosphere-xgboost-p32,local,,ionosphere,xgboost,interventional_tree,32,tree_solver,,nested,,
comprehensive-pathdependent_tree-ionosphere-lightgbm-p8,local,,ionosphere,lightgbm,pathdependent_tree,8,tree_solver,,nested,,
comprehensive-pathdependent_tree-ionosphere-lightgbm-p16,local,,ionosphere,lightgbm,pathdependent_tree,16,tree_solver,,nested,,
comprehensive-pathdependent_tree-ionosphere-lightgbm-p32,local,,ionosphere,lightgbm,pathdependent_tree,32,tree_solver,,nested,,
comprehensive-interventional_tree-ionosphere-lightgbm-p8,local,,ionosphere,lightgbm,interventional_tree,8,tree_solver,,nested,,
comprehensive-interventional_tree-ionosphere-lightgbm-p16,local,,ionosphere,lightgbm,interventional_tree,16,tree_solver,,nested,,
comprehensive-interventional_tree-ionosphere-lightgbm-p32,local,,ionosphere,lightgbm,interventional_tree,32,tree_solver,,nested,,
comprehensive-knn-ionosphere-knn-p32-f12,data,neighbor_examples,ionosphere,knn,knn,32,neighbor_solver,12,nested,5000,nested_stratified
comprehensive-knn-ionosphere-knn-p64-f12,data,neighbor_examples,ionosphere,knn,knn,64,neighbor_solver,12,nested,5000,nested_stratified
comprehensive-knn-ionosphere-knn-p128-f12,data,neighbor_examples,ionosphere,knn,knn,128,neighbor_solver,12,nested,5000,nested_stratified
comprehensive-knn-ionosphere-knn-p256-f12,data,neighbor_examples,ionosphere,knn,knn,256,neighbor_solver,12,nested,5000,nested_stratified
comprehensive-tnn-ionosphere-tnn-p32-f12,data,neighbor_examples,ionosphere,tnn,tnn,32,neighbor_solver,12,nested,5000,nested_stratified
comprehensive-tnn-ionosphere-tnn-p64-f12,data,neighbor_examples,ionosphere,tnn,tnn,64,neighbor_solver,12,nested,5000,nested_stratified
comprehensive-tnn-ionosphere-tnn-p128-f12,data,neighbor_examples,ionosphere,tnn,tnn,128,neighbor_solver,12,nested,5000,nested_stratified
comprehensive-tnn-ionosphere-tnn-p256-f12,data,neighbor_examples,ionosphere,tnn,tnn,256,neighbor_solver,12,nested,5000,nested_stratified
comprehensive-local_baseline-tabarena_bioresponse-linear-p4,local,,tabarena_bioresponse,linear,local_baseline,4,enumeration,,nested,,
comprehensive-local_baseline-tabarena_bioresponse-linear-p8,local,,tabarena_bioresponse,linear,local_baseline,8,enumeration,,nested,,
comprehensive-local_baseline-tabarena_bioresponse-linear-p12,local,,tabarena_bioresponse,linear,local_baseline,12,enumeration,,nested,,
comprehensive-local_baseline-tabarena_bioresponse-linear-p14,local,,tabarena_bioresponse,linear,local_baseline,14,enumeration,,nested,,
comprehensive-local_baseline-tabarena_bioresponse-linear-p16,local,,tabarena_bioresponse,linear,local_baseline,16,enumeration,,nested,,
comprehensive-dataset_valuation-tabarena_bioresponse-linear-p4-f12,data,retraining_groups,tabarena_bioresponse,linear,dataset_valuation,4,enumeration,12,nested,,
comprehensive-dataset_valuation-tabarena_bioresponse-linear-p8-f12,data,retraining_groups,tabarena_bioresponse,linear,dataset_valuation,8,enumeration,12,nested,,
comprehensive-dataset_valuation-tabarena_bioresponse-linear-p12-f12,data,retraining_groups,tabarena_bioresponse,linear,dataset_valuation,12,enumeration,12,nested,,
comprehensive-dataset_valuation-tabarena_bioresponse-linear-p14-f12,data,retraining_groups,tabarena_bioresponse,linear,dataset_valuation,14,enumeration,12,nested,,
comprehensive-dataset_valuation-tabarena_bioresponse-linear-p16-f12,data,retraining_groups,tabarena_bioresponse,linear,dataset_valuation,16,enumeration,12,nested,,
comprehensive-feature_selection-tabarena_bioresponse-linear-p4,features,,tabarena_bioresponse,linear,feature_selection,4,enumeration,,nested,,
comprehensive-feature_selection-tabarena_bioresponse-linear-p8,features,,tabarena_bioresponse,linear,feature_selection,8,enumeration,,nested,,
comprehensive-feature_selection-tabarena_bioresponse-linear-p12,features,,tabarena_bioresponse,linear,feature_selection,12,enumeration,,nested,,
comprehensive-feature_selection-tabarena_bioresponse-linear-p14,features,,tabarena_bioresponse,linear,feature_selection,14,enumeration,,nested,,
comprehensive-feature_selection-tabarena_bioresponse-linear-p16,features,,tabarena_bioresponse,linear,feature_selection,16,enumeration,,nested,,
comprehensive-local_baseline-tabarena_bioresponse-random_forest-p4,local,,tabarena_bioresponse,random_forest,local_baseline,4,enumeration,,nested,,
comprehensive-local_baseline-tabarena_bioresponse-random_forest-p8,local,,tabarena_bioresponse,random_forest,local_baseline,8,enumeration,,nested,,
comprehensive-local_baseline-tabarena_bioresponse-random_forest-p12,local,,tabarena_bioresponse,random_forest,local_baseline,12,enumeration,,nested,,
comprehensive-local_baseline-tabarena_bioresponse-random_forest-p14,local,,tabarena_bioresponse,random_forest,local_baseline,14,enumeration,,nested,,
comprehensive-local_baseline-tabarena_bioresponse-random_forest-p16,local,,tabarena_bioresponse,random_forest,local_baseline,16,enumeration,,nested,,
comprehensive-dataset_valuation-tabarena_bioresponse-random_forest-p4-f12,data,retraining_groups,tabarena_bioresponse,random_forest,dataset_valuation,4,enumeration,12,nested,,
comprehensive-dataset_valuation-tabarena_bioresponse-random_forest-p8-f12,data,retraining_groups,tabarena_bioresponse,random_forest,dataset_valuation,8,enumeration,12,nested,,
comprehensive-dataset_valuation-tabarena_bioresponse-random_forest-p12-f12,data,retraining_groups,tabarena_bioresponse,random_forest,dataset_valuation,12,enumeration,12,nested,,
comprehensive-dataset_valuation-tabarena_bioresponse-random_forest-p14-f12,data,retraining_groups,tabarena_bioresponse,random_forest,dataset_valuation,14,enumeration,12,nested,,
comprehensive-dataset_valuation-tabarena_bioresponse-random_forest-p16-f12,data,retraining_groups,tabarena_bioresponse,random_forest,dataset_valuation,16,enumeration,12,nested,,
comprehensive-feature_selection-tabarena_bioresponse-random_forest-p4,features,,tabarena_bioresponse,random_forest,feature_selection,4,enumeration,,nested,,
comprehensive-feature_selection-tabarena_bioresponse-random_forest-p8,features,,tabarena_bioresponse,random_forest,feature_selection,8,enumeration,,nested,,
comprehensive-feature_selection-tabarena_bioresponse-random_forest-p12,features,,tabarena_bioresponse,random_forest,feature_selection,12,enumeration,,nested,,
comprehensive-feature_selection-tabarena_bioresponse-random_forest-p14,features,,tabarena_bioresponse,random_forest,feature_selection,14,enumeration,,nested,,
comprehensive-feature_selection-tabarena_bioresponse-random_forest-p16,features,,tabarena_bioresponse,random_forest,feature_selection,16,enumeration,,nested,,
comprehensive-pathdependent_tree-tabarena_bioresponse-random_forest-p8,local,,tabarena_bioresponse,random_forest,pathdependent_tree,8,tree_solver,,nested,,
comprehensive-pathdependent_tree-tabarena_bioresponse-random_forest-p16,local,,tabarena_bioresponse,random_forest,pathdependent_tree,16,tree_solver,,nested,,
comprehensive-pathdependent_tree-tabarena_bioresponse-random_forest-p32,local,,tabarena_bioresponse,random_forest,pathdependent_tree,32,tree_solver,,nested,,
comprehensive-pathdependent_tree-tabarena_bioresponse-random_forest-p64,local,,tabarena_bioresponse,random_forest,pathdependent_tree,64,tree_solver,,nested,,
comprehensive-pathdependent_tree-tabarena_bioresponse-random_forest-p128,local,,tabarena_bioresponse,random_forest,pathdependent_tree,128,tree_solver,,nested,,
comprehensive-pathdependent_tree-tabarena_bioresponse-random_forest-p256,local,,tabarena_bioresponse,random_forest,pathdependent_tree,256,tree_solver,,nested,,
comprehensive-pathdependent_tree-tabarena_bioresponse-random_forest-p512,local,,tabarena_bioresponse,random_forest,pathdependent_tree,512,tree_solver,,nested,,
comprehensive-interventional_tree-tabarena_bioresponse-random_forest-p8,local,,tabarena_bioresponse,random_forest,interventional_tree,8,tree_solver,,nested,,
comprehensive-interventional_tree-tabarena_bioresponse-random_forest-p16,local,,tabarena_bioresponse,random_forest,interventional_tree,16,tree_solver,,nested,,
comprehensive-interventional_tree-tabarena_bioresponse-random_forest-p32,local,,tabarena_bioresponse,random_forest,interventional_tree,32,tree_solver,,nested,,
comprehensive-interventional_tree-tabarena_bioresponse-random_forest-p64,local,,tabarena_bioresponse,random_forest,interventional_tree,64,tree_solver,,nested,,
comprehensive-interventional_tree-tabarena_bioresponse-random_forest-p128,local,,tabarena_bioresponse,random_forest,interventional_tree,128,tree_solver,,nested,,
comprehensive-interventional_tree-tabarena_bioresponse-random_forest-p256,local,,tabarena_bioresponse,random_forest,interventional_tree,256,tree_solver,,nested,,
comprehensive-interventional_tree-tabarena_bioresponse-random_forest-p512,local,,tabarena_bioresponse,random_forest,interventional_tree,512,tree_solver,,nested,,
comprehensive-pathdependent_tree-tabarena_bioresponse-xgboost-p8,local,,tabarena_bioresponse,xgboost,pathdependent_tree,8,tree_solver,,nested,,
comprehensive-pathdependent_tree-tabarena_bioresponse-xgboost-p16,local,,tabarena_bioresponse,xgboost,pathdependent_tree,16,tree_solver,,nested,,
comprehensive-pathdependent_tree-tabarena_bioresponse-xgboost-p32,local,,tabarena_bioresponse,xgboost,pathdependent_tree,32,tree_solver,,nested,,
comprehensive-pathdependent_tree-tabarena_bioresponse-xgboost-p64,local,,tabarena_bioresponse,xgboost,pathdependent_tree,64,tree_solver,,nested,,
comprehensive-pathdependent_tree-tabarena_bioresponse-xgboost-p128,local,,tabarena_bioresponse,xgboost,pathdependent_tree,128,tree_solver,,nested,,
comprehensive-pathdependent_tree-tabarena_bioresponse-xgboost-p256,local,,tabarena_bioresponse,xgboost,pathdependent_tree,256,tree_solver,,nested,,
comprehensive-pathdependent_tree-tabarena_bioresponse-xgboost-p512,local,,tabarena_bioresponse,xgboost,pathdependent_tree,512,tree_solver,,nested,,
comprehensive-interventional_tree-tabarena_bioresponse-xgboost-p8,local,,tabarena_bioresponse,xgboost,interventional_tree,8,tree_solver,,nested,,
comprehensive-interventional_tree-tabarena_bioresponse-xgboost-p16,local,,tabarena_bioresponse,xgboost,interventional_tree,16,tree_solver,,nested,,
comprehensive-interventional_tree-tabarena_bioresponse-xgboost-p32,local,,tabarena_bioresponse,xgboost,interventional_tree,32,tree_solver,,nested,,
comprehensive-interventional_tree-tabarena_bioresponse-xgboost-p64,local,,tabarena_bioresponse,xgboost,interventional_tree,64,tree_solver,,nested,,
comprehensive-interventional_tree-tabarena_bioresponse-xgboost-p128,local,,tabarena_bioresponse,xgboost,interventional_tree,128,tree_solver,,nested,,
comprehensive-interventional_tree-tabarena_bioresponse-xgboost-p256,local,,tabarena_bioresponse,xgboost,interventional_tree,256,tree_solver,,nested,,
comprehensive-interventional_tree-tabarena_bioresponse-xgboost-p512,local,,tabarena_bioresponse,xgboost,interventional_tree,512,tree_solver,,nested,,
comprehensive-pathdependent_tree-tabarena_bioresponse-lightgbm-p8,local,,tabarena_bioresponse,lightgbm,pathdependent_tree,8,tree_solver,,nested,,
comprehensive-pathdependent_tree-tabarena_bioresponse-lightgbm-p16,local,,tabarena_bioresponse,lightgbm,pathdependent_tree,16,tree_solver,,nested,,
comprehensive-pathdependent_tree-tabarena_bioresponse-lightgbm-p32,local,,tabarena_bioresponse,lightgbm,pathdependent_tree,32,tree_solver,,nested,,
comprehensive-pathdependent_tree-tabarena_bioresponse-lightgbm-p64,local,,tabarena_bioresponse,lightgbm,pathdependent_tree,64,tree_solver,,nested,,
comprehensive-pathdependent_tree-tabarena_bioresponse-lightgbm-p128,local,,tabarena_bioresponse,lightgbm,pathdependent_tree,128,tree_solver,,nested,,
comprehensive-pathdependent_tree-tabarena_bioresponse-lightgbm-p256,local,,tabarena_bioresponse,lightgbm,pathdependent_tree,256,tree_solver,,nested,,
comprehensive-pathdependent_tree-tabarena_bioresponse-lightgbm-p512,local,,tabarena_bioresponse,lightgbm,pathdependent_tree,512,tree_solver,,nested,,
comprehensive-interventional_tree-tabarena_bioresponse-lightgbm-p8,local,,tabarena_bioresponse,lightgbm,interventional_tree,8,tree_solver,,nested,,
comprehensive-interventional_tree-tabarena_bioresponse-lightgbm-p16,local,,tabarena_bioresponse,lightgbm,interventional_tree,16,tree_solver,,nested,,
comprehensive-interventional_tree-tabarena_bioresponse-lightgbm-p32,local,,tabarena_bioresponse,lightgbm,interventional_tree,32,tree_solver,,nested,,
comprehensive-interventional_tree-tabarena_bioresponse-lightgbm-p64,local,,tabarena_bioresponse,lightgbm,interventional_tree,64,tree_solver,,nested,,
comprehensive-interventional_tree-tabarena_bioresponse-lightgbm-p128,local,,tabarena_bioresponse,lightgbm,interventional_tree,128,tree_solver,,nested,,
comprehensive-interventional_tree-tabarena_bioresponse-lightgbm-p256,local,,tabarena_bioresponse,lightgbm,interventional_tree,256,tree_solver,,nested,,
comprehensive-interventional_tree-tabarena_bioresponse-lightgbm-p512,local,,tabarena_bioresponse,lightgbm,interventional_tree,512,tree_solver,,nested,,
comprehensive-knn-tabarena_bioresponse-knn-p32-f12,data,neighbor_examples,tabarena_bioresponse,knn,knn,32,neighbor_solver,12,nested,5000,nested_stratified
comprehensive-knn-tabarena_bioresponse-knn-p64-f12,data,neighbor_examples,tabarena_bioresponse,knn,knn,64,neighbor_solver,12,nested,5000,nested_stratified
comprehensive-knn-tabarena_bioresponse-knn-p128-f12,data,neighbor_examples,tabarena_bioresponse,knn,knn,128,neighbor_solver,12,nested,5000,nested_stratified
comprehensive-knn-tabarena_bioresponse-knn-p256-f12,data,neighbor_examples,tabarena_bioresponse,knn,knn,256,neighbor_solver,12,nested,5000,nested_stratified
comprehensive-knn-tabarena_bioresponse-knn-p512-f12,data,neighbor_examples,tabarena_bioresponse,knn,knn,512,neighbor_solver,12,nested,5000,nested_stratified
comprehensive-knn-tabarena_bioresponse-knn-p1024-f12,data,neighbor_examples,tabarena_bioresponse,knn,knn,1024,neighbor_solver,12,nested,5000,nested_stratified
comprehensive-tnn-tabarena_bioresponse-tnn-p32-f12,data,neighbor_examples,tabarena_bioresponse,tnn,tnn,32,neighbor_solver,12,nested,5000,nested_stratified
comprehensive-tnn-tabarena_bioresponse-tnn-p64-f12,data,neighbor_examples,tabarena_bioresponse,tnn,tnn,64,neighbor_solver,12,nested,5000,nested_stratified
comprehensive-tnn-tabarena_bioresponse-tnn-p128-f12,data,neighbor_examples,tabarena_bioresponse,tnn,tnn,128,neighbor_solver,12,nested,5000,nested_stratified
comprehensive-tnn-tabarena_bioresponse-tnn-p256-f12,data,neighbor_examples,tabarena_bioresponse,tnn,tnn,256,neighbor_solver,12,nested,5000,nested_stratified
comprehensive-tnn-tabarena_bioresponse-tnn-p512-f12,data,neighbor_examples,tabarena_bioresponse,tnn,tnn,512,neighbor_solver,12,nested,5000,nested_stratified
comprehensive-tnn-tabarena_bioresponse-tnn-p1024-f12,data,neighbor_examples,tabarena_bioresponse,tnn,tnn,1024,neighbor_solver,12,nested,5000,nested_stratified
comprehensive-local_baseline-breast_cancer-linear-p4,local,,breast_cancer,linear,local_baseline,4,enumeration,,nested,,
comprehensive-local_baseline-breast_cancer-linear-p8,local,,breast_cancer,linear,local_baseline,8,enumeration,,nested,,
comprehensive-local_baseline-breast_cancer-linear-p12,local,,breast_cancer,linear,local_baseline,12,enumeration,,nested,,
comprehensive-local_baseline-breast_cancer-linear-p14,local,,breast_cancer,linear,local_baseline,14,enumeration,,nested,,
comprehensive-local_baseline-breast_cancer-linear-p16,local,,breast_cancer,linear,local_baseline,16,enumeration,,nested,,
comprehensive-dataset_valuation-breast_cancer-linear-p4-f12,data,retraining_groups,breast_cancer,linear,dataset_valuation,4,enumeration,12,nested,,
comprehensive-dataset_valuation-breast_cancer-linear-p8-f12,data,retraining_groups,breast_cancer,linear,dataset_valuation,8,enumeration,12,nested,,
comprehensive-dataset_valuation-breast_cancer-linear-p12-f12,data,retraining_groups,breast_cancer,linear,dataset_valuation,12,enumeration,12,nested,,
comprehensive-dataset_valuation-breast_cancer-linear-p14-f12,data,retraining_groups,breast_cancer,linear,dataset_valuation,14,enumeration,12,nested,,
comprehensive-dataset_valuation-breast_cancer-linear-p16-f12,data,retraining_groups,breast_cancer,linear,dataset_valuation,16,enumeration,12,nested,,
comprehensive-feature_selection-breast_cancer-linear-p4,features,,breast_cancer,linear,feature_selection,4,enumeration,,nested,,
comprehensive-feature_selection-breast_cancer-linear-p8,features,,breast_cancer,linear,feature_selection,8,enumeration,,nested,,
comprehensive-feature_selection-breast_cancer-linear-p12,features,,breast_cancer,linear,feature_selection,12,enumeration,,nested,,
comprehensive-feature_selection-breast_cancer-linear-p14,features,,breast_cancer,linear,feature_selection,14,enumeration,,nested,,
comprehensive-feature_selection-breast_cancer-linear-p16,features,,breast_cancer,linear,feature_selection,16,enumeration,,nested,,
comprehensive-local_baseline-breast_cancer-random_forest-p4,local,,breast_cancer,random_forest,local_baseline,4,enumeration,,nested,,
comprehensive-local_baseline-breast_cancer-random_forest-p8,local,,breast_cancer,random_forest,local_baseline,8,enumeration,,nested,,
comprehensive-local_baseline-breast_cancer-random_forest-p12,local,,breast_cancer,random_forest,local_baseline,12,enumeration,,nested,,
comprehensive-local_baseline-breast_cancer-random_forest-p14,local,,breast_cancer,random_forest,local_baseline,14,enumeration,,nested,,
comprehensive-local_baseline-breast_cancer-random_forest-p16,local,,breast_cancer,random_forest,local_baseline,16,enumeration,,nested,,
comprehensive-dataset_valuation-breast_cancer-random_forest-p4-f12,data,retraining_groups,breast_cancer,random_forest,dataset_valuation,4,enumeration,12,nested,,
comprehensive-dataset_valuation-breast_cancer-random_forest-p8-f12,data,retraining_groups,breast_cancer,random_forest,dataset_valuation,8,enumeration,12,nested,,
comprehensive-dataset_valuation-breast_cancer-random_forest-p12-f12,data,retraining_groups,breast_cancer,random_forest,dataset_valuation,12,enumeration,12,nested,,
comprehensive-dataset_valuation-breast_cancer-random_forest-p14-f12,data,retraining_groups,breast_cancer,random_forest,dataset_valuation,14,enumeration,12,nested,,
comprehensive-dataset_valuation-breast_cancer-random_forest-p16-f12,data,retraining_groups,breast_cancer,random_forest,dataset_valuation,16,enumeration,12,nested,,
comprehensive-feature_selection-breast_cancer-random_forest-p4,features,,breast_cancer,random_forest,feature_selection,4,enumeration,,nested,,
comprehensive-feature_selection-breast_cancer-random_forest-p8,features,,breast_cancer,random_forest,feature_selection,8,enumeration,,nested,,
comprehensive-feature_selection-breast_cancer-random_forest-p12,features,,breast_cancer,random_forest,feature_selection,12,enumeration,,nested,,
comprehensive-feature_selection-breast_cancer-random_forest-p14,features,,breast_cancer,random_forest,feature_selection,14,enumeration,,nested,,
comprehensive-feature_selection-breast_cancer-random_forest-p16,features,,breast_cancer,random_forest,feature_selection,16,enumeration,,nested,,
comprehensive-pathdependent_tree-breast_cancer-random_forest-p8,local,,breast_cancer,random_forest,pathdependent_tree,8,tree_solver,,nested,,
comprehensive-pathdependent_tree-breast_cancer-random_forest-p16,local,,breast_cancer,random_forest,pathdependent_tree,16,tree_solver,,nested,,
comprehensive-interventional_tree-breast_cancer-random_forest-p8,local,,breast_cancer,random_forest,interventional_tree,8,tree_solver,,nested,,
comprehensive-interventional_tree-breast_cancer-random_forest-p16,local,,breast_cancer,random_forest,interventional_tree,16,tree_solver,,nested,,
comprehensive-pathdependent_tree-breast_cancer-xgboost-p8,local,,breast_cancer,xgboost,pathdependent_tree,8,tree_solver,,nested,,
comprehensive-pathdependent_tree-breast_cancer-xgboost-p16,local,,breast_cancer,xgboost,pathdependent_tree,16,tree_solver,,nested,,
comprehensive-interventional_tree-breast_cancer-xgboost-p8,local,,breast_cancer,xgboost,interventional_tree,8,tree_solver,,nested,,
comprehensive-interventional_tree-breast_cancer-xgboost-p16,local,,breast_cancer,xgboost,interventional_tree,16,tree_solver,,nested,,
comprehensive-pathdependent_tree-breast_cancer-lightgbm-p8,local,,breast_cancer,lightgbm,pathdependent_tree,8,tree_solver,,nested,,
comprehensive-pathdependent_tree-breast_cancer-lightgbm-p16,local,,breast_cancer,lightgbm,pathdependent_tree,16,tree_solver,,nested,,
comprehensive-interventional_tree-breast_cancer-lightgbm-p8,local,,breast_cancer,lightgbm,interventional_tree,8,tree_solver,,nested,,
comprehensive-interventional_tree-breast_cancer-lightgbm-p16,local,,breast_cancer,lightgbm,interventional_tree,16,tree_solver,,nested,,
comprehensive-knn-breast_cancer-knn-p32-f12,data,neighbor_examples,breast_cancer,knn,knn,32,neighbor_solver,12,nested,5000,nested_stratified
comprehensive-knn-breast_cancer-knn-p64-f12,data,neighbor_examples,breast_cancer,knn,knn,64,neighbor_solver,12,nested,5000,nested_stratified
comprehensive-knn-breast_cancer-knn-p128-f12,data,neighbor_examples,breast_cancer,knn,knn,128,neighbor_solver,12,nested,5000,nested_stratified
comprehensive-knn-breast_cancer-knn-p256-f12,data,neighbor_examples,breast_cancer,knn,knn,256,neighbor_solver,12,nested,5000,nested_stratified
comprehensive-tnn-breast_cancer-tnn-p32-f12,data,neighbor_examples,breast_cancer,tnn,tnn,32,neighbor_solver,12,nested,5000,nested_stratified
comprehensive-tnn-breast_cancer-tnn-p64-f12,data,neighbor_examples,breast_cancer,tnn,tnn,64,neighbor_solver,12,nested,5000,nested_stratified
comprehensive-tnn-breast_cancer-tnn-p128-f12,data,neighbor_examples,breast_cancer,tnn,tnn,128,neighbor_solver,12,nested,5000,nested_stratified
comprehensive-tnn-breast_cancer-tnn-p256-f12,data,neighbor_examples,breast_cancer,tnn,tnn,256,neighbor_solver,12,nested,5000,nested_stratified
comprehensive-local_baseline-digits-linear-p4,local,,digits,linear,local_baseline,4,enumeration,,nested,,
comprehensive-local_baseline-digits-linear-p8,local,,digits,linear,local_baseline,8,enumeration,,nested,,
comprehensive-local_baseline-digits-linear-p12,local,,digits,linear,local_baseline,12,enumeration,,nested,,
comprehensive-local_baseline-digits-linear-p14,local,,digits,linear,local_baseline,14,enumeration,,nested,,
comprehensive-local_baseline-digits-linear-p16,local,,digits,linear,local_baseline,16,enumeration,,nested,,
comprehensive-dataset_valuation-digits-linear-p4-f12,data,retraining_groups,digits,linear,dataset_valuation,4,enumeration,12,nested,,
comprehensive-dataset_valuation-digits-linear-p8-f12,data,retraining_groups,digits,linear,dataset_valuation,8,enumeration,12,nested,,
comprehensive-dataset_valuation-digits-linear-p12-f12,data,retraining_groups,digits,linear,dataset_valuation,12,enumeration,12,nested,,
comprehensive-dataset_valuation-digits-linear-p14-f12,data,retraining_groups,digits,linear,dataset_valuation,14,enumeration,12,nested,,
comprehensive-dataset_valuation-digits-linear-p16-f12,data,retraining_groups,digits,linear,dataset_valuation,16,enumeration,12,nested,,
comprehensive-feature_selection-digits-linear-p4,features,,digits,linear,feature_selection,4,enumeration,,nested,,
comprehensive-feature_selection-digits-linear-p8,features,,digits,linear,feature_selection,8,enumeration,,nested,,
comprehensive-feature_selection-digits-linear-p12,features,,digits,linear,feature_selection,12,enumeration,,nested,,
comprehensive-feature_selection-digits-linear-p14,features,,digits,linear,feature_selection,14,enumeration,,nested,,
comprehensive-feature_selection-digits-linear-p16,features,,digits,linear,feature_selection,16,enumeration,,nested,,
comprehensive-local_baseline-digits-random_forest-p4,local,,digits,random_forest,local_baseline,4,enumeration,,nested,,
comprehensive-local_baseline-digits-random_forest-p8,local,,digits,random_forest,local_baseline,8,enumeration,,nested,,
comprehensive-local_baseline-digits-random_forest-p12,local,,digits,random_forest,local_baseline,12,enumeration,,nested,,
comprehensive-local_baseline-digits-random_forest-p14,local,,digits,random_forest,local_baseline,14,enumeration,,nested,,
comprehensive-local_baseline-digits-random_forest-p16,local,,digits,random_forest,local_baseline,16,enumeration,,nested,,
comprehensive-dataset_valuation-digits-random_forest-p4-f12,data,retraining_groups,digits,random_forest,dataset_valuation,4,enumeration,12,nested,,
comprehensive-dataset_valuation-digits-random_forest-p8-f12,data,retraining_groups,digits,random_forest,dataset_valuation,8,enumeration,12,nested,,
comprehensive-dataset_valuation-digits-random_forest-p12-f12,data,retraining_groups,digits,random_forest,dataset_valuation,12,enumeration,12,nested,,
comprehensive-dataset_valuation-digits-random_forest-p14-f12,data,retraining_groups,digits,random_forest,dataset_valuation,14,enumeration,12,nested,,
comprehensive-dataset_valuation-digits-random_forest-p16-f12,data,retraining_groups,digits,random_forest,dataset_valuation,16,enumeration,12,nested,,
comprehensive-feature_selection-digits-random_forest-p4,features,,digits,random_forest,feature_selection,4,enumeration,,nested,,
comprehensive-feature_selection-digits-random_forest-p8,features,,digits,random_forest,feature_selection,8,enumeration,,nested,,
comprehensive-feature_selection-digits-random_forest-p12,features,,digits,random_forest,feature_selection,12,enumeration,,nested,,
comprehensive-feature_selection-digits-random_forest-p14,features,,digits,random_forest,feature_selection,14,enumeration,,nested,,
comprehensive-feature_selection-digits-random_forest-p16,features,,digits,random_forest,feature_selection,16,enumeration,,nested,,
comprehensive-pathdependent_tree-digits-random_forest-p8,local,,digits,random_forest,pathdependent_tree,8,tree_solver,,nested,,
comprehensive-pathdependent_tree-digits-random_forest-p16,local,,digits,random_forest,pathdependent_tree,16,tree_solver,,nested,,
comprehensive-pathdependent_tree-digits-random_forest-p32,local,,digits,random_forest,pathdependent_tree,32,tree_solver,,nested,,
comprehensive-pathdependent_tree-digits-random_forest-p64,local,,digits,random_forest,pathdependent_tree,64,tree_solver,,nested,,
comprehensive-interventional_tree-digits-random_forest-p8,local,,digits,random_forest,interventional_tree,8,tree_solver,,nested,,
comprehensive-interventional_tree-digits-random_forest-p16,local,,digits,random_forest,interventional_tree,16,tree_solver,,nested,,
comprehensive-interventional_tree-digits-random_forest-p32,local,,digits,random_forest,interventional_tree,32,tree_solver,,nested,,
comprehensive-interventional_tree-digits-random_forest-p64,local,,digits,random_forest,interventional_tree,64,tree_solver,,nested,,
comprehensive-pathdependent_tree-digits-xgboost-p8,local,,digits,xgboost,pathdependent_tree,8,tree_solver,,nested,,
comprehensive-pathdependent_tree-digits-xgboost-p16,local,,digits,xgboost,pathdependent_tree,16,tree_solver,,nested,,
comprehensive-pathdependent_tree-digits-xgboost-p32,local,,digits,xgboost,pathdependent_tree,32,tree_solver,,nested,,
comprehensive-pathdependent_tree-digits-xgboost-p64,local,,digits,xgboost,pathdependent_tree,64,tree_solver,,nested,,
comprehensive-interventional_tree-digits-xgboost-p8,local,,digits,xgboost,interventional_tree,8,tree_solver,,nested,,
comprehensive-interventional_tree-digits-xgboost-p16,local,,digits,xgboost,interventional_tree,16,tree_solver,,nested,,
comprehensive-interventional_tree-digits-xgboost-p32,local,,digits,xgboost,interventional_tree,32,tree_solver,,nested,,
comprehensive-interventional_tree-digits-xgboost-p64,local,,digits,xgboost,interventional_tree,64,tree_solver,,nested,,
comprehensive-pathdependent_tree-digits-lightgbm-p8,local,,digits,lightgbm,pathdependent_tree,8,tree_solver,,nested,,
comprehensive-pathdependent_tree-digits-lightgbm-p16,local,,digits,lightgbm,pathdependent_tree,16,tree_solver,,nested,,
comprehensive-pathdependent_tree-digits-lightgbm-p32,local,,digits,lightgbm,pathdependent_tree,32,tree_solver,,nested,,
comprehensive-pathdependent_tree-digits-lightgbm-p64,local,,digits,lightgbm,pathdependent_tree,64,tree_solver,,nested,,
comprehensive-interventional_tree-digits-lightgbm-p8,local,,digits,lightgbm,interventional_tree,8,tree_solver,,nested,,
comprehensive-interventional_tree-digits-lightgbm-p16,local,,digits,lightgbm,interventional_tree,16,tree_solver,,nested,,
comprehensive-interventional_tree-digits-lightgbm-p32,local,,digits,lightgbm,interventional_tree,32,tree_solver,,nested,,
comprehensive-interventional_tree-digits-lightgbm-p64,local,,digits,lightgbm,interventional_tree,64,tree_solver,,nested,,
comprehensive-knn-digits-knn-p32-f12,data,neighbor_examples,digits,knn,knn,32,neighbor_solver,12,nested,5000,nested_stratified
comprehensive-knn-digits-knn-p64-f12,data,neighbor_examples,digits,knn,knn,64,neighbor_solver,12,nested,5000,nested_stratified
comprehensive-knn-digits-knn-p128-f12,data,neighbor_examples,digits,knn,knn,128,neighbor_solver,12,nested,5000,nested_stratified
comprehensive-knn-digits-knn-p256-f12,data,neighbor_examples,digits,knn,knn,256,neighbor_solver,12,nested,5000,nested_stratified
comprehensive-knn-digits-knn-p512-f12,data,neighbor_examples,digits,knn,knn,512,neighbor_solver,12,nested,5000,nested_stratified
comprehensive-knn-digits-knn-p1024-f12,data,neighbor_examples,digits,knn,knn,1024,neighbor_solver,12,nested,5000,nested_stratified
comprehensive-tnn-digits-tnn-p32-f12,data,neighbor_examples,digits,tnn,tnn,32,neighbor_solver,12,nested,5000,nested_stratified
comprehensive-tnn-digits-tnn-p64-f12,data,neighbor_examples,digits,tnn,tnn,64,neighbor_solver,12,nested,5000,nested_stratified
comprehensive-tnn-digits-tnn-p128-f12,data,neighbor_examples,digits,tnn,tnn,128,neighbor_solver,12,nested,5000,nested_stratified
comprehensive-tnn-digits-tnn-p256-f12,data,neighbor_examples,digits,tnn,tnn,256,neighbor_solver,12,nested,5000,nested_stratified
comprehensive-tnn-digits-tnn-p512-f12,data,neighbor_examples,digits,tnn,tnn,512,neighbor_solver,12,nested,5000,nested_stratified
comprehensive-tnn-digits-tnn-p1024-f12,data,neighbor_examples,digits,tnn,tnn,1024,neighbor_solver,12,nested,5000,nested_stratified
comprehensive-local_baseline-wine-linear-p4,local,,wine,linear,local_baseline,4,enumeration,,nested,,
comprehensive-local_baseline-wine-linear-p8,local,,wine,linear,local_baseline,8,enumeration,,nested,,
comprehensive-local_baseline-wine-linear-p12,local,,wine,linear,local_baseline,12,enumeration,,nested,,
comprehensive-local_baseline-wine-linear-p13,local,,wine,linear,local_baseline,13,enumeration,,nested,,
comprehensive-dataset_valuation-wine-linear-p4-f12,data,retraining_groups,wine,linear,dataset_valuation,4,enumeration,12,nested,,
comprehensive-dataset_valuation-wine-linear-p8-f12,data,retraining_groups,wine,linear,dataset_valuation,8,enumeration,12,nested,,
comprehensive-dataset_valuation-wine-linear-p12-f12,data,retraining_groups,wine,linear,dataset_valuation,12,enumeration,12,nested,,
comprehensive-dataset_valuation-wine-linear-p14-f12,data,retraining_groups,wine,linear,dataset_valuation,14,enumeration,12,nested,,
comprehensive-dataset_valuation-wine-linear-p16-f12,data,retraining_groups,wine,linear,dataset_valuation,16,enumeration,12,nested,,
comprehensive-feature_selection-wine-linear-p4,features,,wine,linear,feature_selection,4,enumeration,,nested,,
comprehensive-feature_selection-wine-linear-p8,features,,wine,linear,feature_selection,8,enumeration,,nested,,
comprehensive-feature_selection-wine-linear-p12,features,,wine,linear,feature_selection,12,enumeration,,nested,,
comprehensive-feature_selection-wine-linear-p13,features,,wine,linear,feature_selection,13,enumeration,,nested,,
comprehensive-local_baseline-wine-random_forest-p4,local,,wine,random_forest,local_baseline,4,enumeration,,nested,,
comprehensive-local_baseline-wine-random_forest-p8,local,,wine,random_forest,local_baseline,8,enumeration,,nested,,
comprehensive-local_baseline-wine-random_forest-p12,local,,wine,random_forest,local_baseline,12,enumeration,,nested,,
comprehensive-local_baseline-wine-random_forest-p13,local,,wine,random_forest,local_baseline,13,enumeration,,nested,,
comprehensive-dataset_valuation-wine-random_forest-p4-f12,data,retraining_groups,wine,random_forest,dataset_valuation,4,enumeration,12,nested,,
comprehensive-dataset_valuation-wine-random_forest-p8-f12,data,retraining_groups,wine,random_forest,dataset_valuation,8,enumeration,12,nested,,
comprehensive-dataset_valuation-wine-random_forest-p12-f12,data,retraining_groups,wine,random_forest,dataset_valuation,12,enumeration,12,nested,,
comprehensive-dataset_valuation-wine-random_forest-p14-f12,data,retraining_groups,wine,random_forest,dataset_valuation,14,enumeration,12,nested,,
comprehensive-dataset_valuation-wine-random_forest-p16-f12,data,retraining_groups,wine,random_forest,dataset_valuation,16,enumeration,12,nested,,
comprehensive-feature_selection-wine-random_forest-p4,features,,wine,random_forest,feature_selection,4,enumeration,,nested,,
comprehensive-feature_selection-wine-random_forest-p8,features,,wine,random_forest,feature_selection,8,enumeration,,nested,,
comprehensive-feature_selection-wine-random_forest-p12,features,,wine,random_forest,feature_selection,12,enumeration,,nested,,
comprehensive-feature_selection-wine-random_forest-p13,features,,wine,random_forest,feature_selection,13,enumeration,,nested,,
comprehensive-pathdependent_tree-wine-random_forest-p8,local,,wine,random_forest,pathdependent_tree,8,tree_solver,,nested,,
comprehensive-interventional_tree-wine-random_forest-p8,local,,wine,random_forest,interventional_tree,8,tree_solver,,nested,,
comprehensive-pathdependent_tree-wine-xgboost-p8,local,,wine,xgboost,pathdependent_tree,8,tree_solver,,nested,,
comprehensive-interventional_tree-wine-xgboost-p8,local,,wine,xgboost,interventional_tree,8,tree_solver,,nested,,
comprehensive-pathdependent_tree-wine-lightgbm-p8,local,,wine,lightgbm,pathdependent_tree,8,tree_solver,,nested,,
comprehensive-interventional_tree-wine-lightgbm-p8,local,,wine,lightgbm,interventional_tree,8,tree_solver,,nested,,
comprehensive-knn-wine-knn-p32-f12,data,neighbor_examples,wine,knn,knn,32,neighbor_solver,12,nested,5000,nested_stratified
comprehensive-knn-wine-knn-p64-f12,data,neighbor_examples,wine,knn,knn,64,neighbor_solver,12,nested,5000,nested_stratified
comprehensive-knn-wine-knn-p128-f12,data,neighbor_examples,wine,knn,knn,128,neighbor_solver,12,nested,5000,nested_stratified
comprehensive-tnn-wine-tnn-p32-f12,data,neighbor_examples,wine,tnn,tnn,32,neighbor_solver,12,nested,5000,nested_stratified
comprehensive-tnn-wine-tnn-p64-f12,data,neighbor_examples,wine,tnn,tnn,64,neighbor_solver,12,nested,5000,nested_stratified
comprehensive-tnn-wine-tnn-p128-f12,data,neighbor_examples,wine,tnn,tnn,128,neighbor_solver,12,nested,5000,nested_stratified
comprehensive-local_baseline-tabarena_amazon_employee_access-linear-p4,local,,tabarena_amazon_employee_access,linear,local_baseline,4,enumeration,,nested,,
comprehensive-local_baseline-tabarena_amazon_employee_access-linear-p8,local,,tabarena_amazon_employee_access,linear,local_baseline,8,enumeration,,nested,,
comprehensive-local_baseline-tabarena_amazon_employee_access-linear-p9,local,,tabarena_amazon_employee_access,linear,local_baseline,9,enumeration,,nested,,
comprehensive-dataset_valuation-tabarena_amazon_employee_access-linear-p4-f9,data,retraining_groups,tabarena_amazon_employee_access,linear,dataset_valuation,4,enumeration,9,nested,,
comprehensive-dataset_valuation-tabarena_amazon_employee_access-linear-p8-f9,data,retraining_groups,tabarena_amazon_employee_access,linear,dataset_valuation,8,enumeration,9,nested,,
comprehensive-dataset_valuation-tabarena_amazon_employee_access-linear-p12-f9,data,retraining_groups,tabarena_amazon_employee_access,linear,dataset_valuation,12,enumeration,9,nested,,
comprehensive-dataset_valuation-tabarena_amazon_employee_access-linear-p14-f9,data,retraining_groups,tabarena_amazon_employee_access,linear,dataset_valuation,14,enumeration,9,nested,,
comprehensive-dataset_valuation-tabarena_amazon_employee_access-linear-p16-f9,data,retraining_groups,tabarena_amazon_employee_access,linear,dataset_valuation,16,enumeration,9,nested,,
comprehensive-feature_selection-tabarena_amazon_employee_access-linear-p4,features,,tabarena_amazon_employee_access,linear,feature_selection,4,enumeration,,nested,,
comprehensive-feature_selection-tabarena_amazon_employee_access-linear-p8,features,,tabarena_amazon_employee_access,linear,feature_selection,8,enumeration,,nested,,
comprehensive-feature_selection-tabarena_amazon_employee_access-linear-p9,features,,tabarena_amazon_employee_access,linear,feature_selection,9,enumeration,,nested,,
comprehensive-local_baseline-tabarena_amazon_employee_access-random_forest-p4,local,,tabarena_amazon_employee_access,random_forest,local_baseline,4,enumeration,,nested,,
comprehensive-local_baseline-tabarena_amazon_employee_access-random_forest-p8,local,,tabarena_amazon_employee_access,random_forest,local_baseline,8,enumeration,,nested,,
comprehensive-local_baseline-tabarena_amazon_employee_access-random_forest-p9,local,,tabarena_amazon_employee_access,random_forest,local_baseline,9,enumeration,,nested,,
comprehensive-dataset_valuation-tabarena_amazon_employee_access-random_forest-p4-f9,data,retraining_groups,tabarena_amazon_employee_access,random_forest,dataset_valuation,4,enumeration,9,nested,,
comprehensive-dataset_valuation-tabarena_amazon_employee_access-random_forest-p8-f9,data,retraining_groups,tabarena_amazon_employee_access,random_forest,dataset_valuation,8,enumeration,9,nested,,
comprehensive-dataset_valuation-tabarena_amazon_employee_access-random_forest-p12-f9,data,retraining_groups,tabarena_amazon_employee_access,random_forest,dataset_valuation,12,enumeration,9,nested,,
comprehensive-dataset_valuation-tabarena_amazon_employee_access-random_forest-p14-f9,data,retraining_groups,tabarena_amazon_employee_access,random_forest,dataset_valuation,14,enumeration,9,nested,,
comprehensive-dataset_valuation-tabarena_amazon_employee_access-random_forest-p16-f9,data,retraining_groups,tabarena_amazon_employee_access,random_forest,dataset_valuation,16,enumeration,9,nested,,
comprehensive-feature_selection-tabarena_amazon_employee_access-random_forest-p4,features,,tabarena_amazon_employee_access,random_forest,feature_selection,4,enumeration,,nested,,
comprehensive-feature_selection-tabarena_amazon_employee_access-random_forest-p8,features,,tabarena_amazon_employee_access,random_forest,feature_selection,8,enumeration,,nested,,
comprehensive-feature_selection-tabarena_amazon_employee_access-random_forest-p9,features,,tabarena_amazon_employee_access,random_forest,feature_selection,9,enumeration,,nested,,
comprehensive-pathdependent_tree-tabarena_amazon_employee_access-random_forest-p8,local,,tabarena_amazon_employee_access,random_forest,pathdependent_tree,8,tree_solver,,nested,,
comprehensive-interventional_tree-tabarena_amazon_employee_access-random_forest-p8,local,,tabarena_amazon_employee_access,random_forest,interventional_tree,8,tree_solver,,nested,,
comprehensive-pathdependent_tree-tabarena_amazon_employee_access-xgboost-p8,local,,tabarena_amazon_employee_access,xgboost,pathdependent_tree,8,tree_solver,,nested,,
comprehensive-interventional_tree-tabarena_amazon_employee_access-xgboost-p8,local,,tabarena_amazon_employee_access,xgboost,interventional_tree,8,tree_solver,,nested,,
comprehensive-pathdependent_tree-tabarena_amazon_employee_access-lightgbm-p8,local,,tabarena_amazon_employee_access,lightgbm,pathdependent_tree,8,tree_solver,,nested,,
comprehensive-interventional_tree-tabarena_amazon_employee_access-lightgbm-p8,local,,tabarena_amazon_employee_access,lightgbm,interventional_tree,8,tree_solver,,nested,,
comprehensive-knn-tabarena_amazon_employee_access-knn-p32-f9,data,neighbor_examples,tabarena_amazon_employee_access,knn,knn,32,neighbor_solver,9,nested,5000,nested_stratified
comprehensive-knn-tabarena_amazon_employee_access-knn-p64-f9,data,neighbor_examples,tabarena_amazon_employee_access,knn,knn,64,neighbor_solver,9,nested,5000,nested_stratified
comprehensive-knn-tabarena_amazon_employee_access-knn-p128-f9,data,neighbor_examples,tabarena_amazon_employee_access,knn,knn,128,neighbor_solver,9,nested,5000,nested_stratified
comprehensive-knn-tabarena_amazon_employee_access-knn-p256-f9,data,neighbor_examples,tabarena_amazon_employee_access,knn,knn,256,neighbor_solver,9,nested,5000,nested_stratified
comprehensive-knn-tabarena_amazon_employee_access-knn-p512-f9,data,neighbor_examples,tabarena_amazon_employee_access,knn,knn,512,neighbor_solver,9,nested,5000,nested_stratified
comprehensive-knn-tabarena_amazon_employee_access-knn-p1024-f9,data,neighbor_examples,tabarena_amazon_employee_access,knn,knn,1024,neighbor_solver,9,nested,5000,nested_stratified
comprehensive-tnn-tabarena_amazon_employee_access-tnn-p32-f9,data,neighbor_examples,tabarena_amazon_employee_access,tnn,tnn,32,neighbor_solver,9,nested,5000,nested_stratified
comprehensive-tnn-tabarena_amazon_employee_access-tnn-p64-f9,data,neighbor_examples,tabarena_amazon_employee_access,tnn,tnn,64,neighbor_solver,9,nested,5000,nested_stratified
comprehensive-tnn-tabarena_amazon_employee_access-tnn-p128-f9,data,neighbor_examples,tabarena_amazon_employee_access,tnn,tnn,128,neighbor_solver,9,nested,5000,nested_stratified
comprehensive-tnn-tabarena_amazon_employee_access-tnn-p256-f9,data,neighbor_examples,tabarena_amazon_employee_access,tnn,tnn,256,neighbor_solver,9,nested,5000,nested_stratified
comprehensive-tnn-tabarena_amazon_employee_access-tnn-p512-f9,data,neighbor_examples,tabarena_amazon_employee_access,tnn,tnn,512,neighbor_solver,9,nested,5000,nested_stratified
comprehensive-tnn-tabarena_amazon_employee_access-tnn-p1024-f9,data,neighbor_examples,tabarena_amazon_employee_access,tnn,tnn,1024,neighbor_solver,9,nested,5000,nested_stratified
comprehensive-local_baseline-tabarena_aps_failure-linear-p4,local,,tabarena_aps_failure,linear,local_baseline,4,enumeration,,nested,,
comprehensive-local_baseline-tabarena_aps_failure-linear-p8,local,,tabarena_aps_failure,linear,local_baseline,8,enumeration,,nested,,
comprehensive-local_baseline-tabarena_aps_failure-linear-p12,local,,tabarena_aps_failure,linear,local_baseline,12,enumeration,,nested,,
comprehensive-local_baseline-tabarena_aps_failure-linear-p14,local,,tabarena_aps_failure,linear,local_baseline,14,enumeration,,nested,,
comprehensive-local_baseline-tabarena_aps_failure-linear-p16,local,,tabarena_aps_failure,linear,local_baseline,16,enumeration,,nested,,
comprehensive-dataset_valuation-tabarena_aps_failure-linear-p4-f12,data,retraining_groups,tabarena_aps_failure,linear,dataset_valuation,4,enumeration,12,nested,,
comprehensive-dataset_valuation-tabarena_aps_failure-linear-p8-f12,data,retraining_groups,tabarena_aps_failure,linear,dataset_valuation,8,enumeration,12,nested,,
comprehensive-dataset_valuation-tabarena_aps_failure-linear-p12-f12,data,retraining_groups,tabarena_aps_failure,linear,dataset_valuation,12,enumeration,12,nested,,
comprehensive-dataset_valuation-tabarena_aps_failure-linear-p14-f12,data,retraining_groups,tabarena_aps_failure,linear,dataset_valuation,14,enumeration,12,nested,,
comprehensive-dataset_valuation-tabarena_aps_failure-linear-p16-f12,data,retraining_groups,tabarena_aps_failure,linear,dataset_valuation,16,enumeration,12,nested,,
comprehensive-feature_selection-tabarena_aps_failure-linear-p4,features,,tabarena_aps_failure,linear,feature_selection,4,enumeration,,nested,,
comprehensive-feature_selection-tabarena_aps_failure-linear-p8,features,,tabarena_aps_failure,linear,feature_selection,8,enumeration,,nested,,
comprehensive-feature_selection-tabarena_aps_failure-linear-p12,features,,tabarena_aps_failure,linear,feature_selection,12,enumeration,,nested,,
comprehensive-feature_selection-tabarena_aps_failure-linear-p14,features,,tabarena_aps_failure,linear,feature_selection,14,enumeration,,nested,,
comprehensive-feature_selection-tabarena_aps_failure-linear-p16,features,,tabarena_aps_failure,linear,feature_selection,16,enumeration,,nested,,
comprehensive-local_baseline-tabarena_aps_failure-random_forest-p4,local,,tabarena_aps_failure,random_forest,local_baseline,4,enumeration,,nested,,
comprehensive-local_baseline-tabarena_aps_failure-random_forest-p8,local,,tabarena_aps_failure,random_forest,local_baseline,8,enumeration,,nested,,
comprehensive-local_baseline-tabarena_aps_failure-random_forest-p12,local,,tabarena_aps_failure,random_forest,local_baseline,12,enumeration,,nested,,
comprehensive-local_baseline-tabarena_aps_failure-random_forest-p14,local,,tabarena_aps_failure,random_forest,local_baseline,14,enumeration,,nested,,
comprehensive-local_baseline-tabarena_aps_failure-random_forest-p16,local,,tabarena_aps_failure,random_forest,local_baseline,16,enumeration,,nested,,
comprehensive-dataset_valuation-tabarena_aps_failure-random_forest-p4-f12,data,retraining_groups,tabarena_aps_failure,random_forest,dataset_valuation,4,enumeration,12,nested,,
comprehensive-dataset_valuation-tabarena_aps_failure-random_forest-p8-f12,data,retraining_groups,tabarena_aps_failure,random_forest,dataset_valuation,8,enumeration,12,nested,,
comprehensive-dataset_valuation-tabarena_aps_failure-random_forest-p12-f12,data,retraining_groups,tabarena_aps_failure,random_forest,dataset_valuation,12,enumeration,12,nested,,
comprehensive-dataset_valuation-tabarena_aps_failure-random_forest-p14-f12,data,retraining_groups,tabarena_aps_failure,random_forest,dataset_valuation,14,enumeration,12,nested,,
comprehensive-dataset_valuation-tabarena_aps_failure-random_forest-p16-f12,data,retraining_groups,tabarena_aps_failure,random_forest,dataset_valuation,16,enumeration,12,nested,,
comprehensive-feature_selection-tabarena_aps_failure-random_forest-p4,features,,tabarena_aps_failure,random_forest,feature_selection,4,enumeration,,nested,,
comprehensive-feature_selection-tabarena_aps_failure-random_forest-p8,features,,tabarena_aps_failure,random_forest,feature_selection,8,enumeration,,nested,,
comprehensive-feature_selection-tabarena_aps_failure-random_forest-p12,features,,tabarena_aps_failure,random_forest,feature_selection,12,enumeration,,nested,,
comprehensive-feature_selection-tabarena_aps_failure-random_forest-p14,features,,tabarena_aps_failure,random_forest,feature_selection,14,enumeration,,nested,,
comprehensive-feature_selection-tabarena_aps_failure-random_forest-p16,features,,tabarena_aps_failure,random_forest,feature_selection,16,enumeration,,nested,,
comprehensive-pathdependent_tree-tabarena_aps_failure-random_forest-p8,local,,tabarena_aps_failure,random_forest,pathdependent_tree,8,tree_solver,,nested,,
comprehensive-pathdependent_tree-tabarena_aps_failure-random_forest-p16,local,,tabarena_aps_failure,random_forest,pathdependent_tree,16,tree_solver,,nested,,
comprehensive-pathdependent_tree-tabarena_aps_failure-random_forest-p32,local,,tabarena_aps_failure,random_forest,pathdependent_tree,32,tree_solver,,nested,,
comprehensive-pathdependent_tree-tabarena_aps_failure-random_forest-p64,local,,tabarena_aps_failure,random_forest,pathdependent_tree,64,tree_solver,,nested,,
comprehensive-pathdependent_tree-tabarena_aps_failure-random_forest-p128,local,,tabarena_aps_failure,random_forest,pathdependent_tree,128,tree_solver,,nested,,
comprehensive-interventional_tree-tabarena_aps_failure-random_forest-p8,local,,tabarena_aps_failure,random_forest,interventional_tree,8,tree_solver,,nested,,
comprehensive-interventional_tree-tabarena_aps_failure-random_forest-p16,local,,tabarena_aps_failure,random_forest,interventional_tree,16,tree_solver,,nested,,
comprehensive-interventional_tree-tabarena_aps_failure-random_forest-p32,local,,tabarena_aps_failure,random_forest,interventional_tree,32,tree_solver,,nested,,
comprehensive-interventional_tree-tabarena_aps_failure-random_forest-p64,local,,tabarena_aps_failure,random_forest,interventional_tree,64,tree_solver,,nested,,
comprehensive-interventional_tree-tabarena_aps_failure-random_forest-p128,local,,tabarena_aps_failure,random_forest,interventional_tree,128,tree_solver,,nested,,
comprehensive-pathdependent_tree-tabarena_aps_failure-xgboost-p8,local,,tabarena_aps_failure,xgboost,pathdependent_tree,8,tree_solver,,nested,,
comprehensive-pathdependent_tree-tabarena_aps_failure-xgboost-p16,local,,tabarena_aps_failure,xgboost,pathdependent_tree,16,tree_solver,,nested,,
comprehensive-pathdependent_tree-tabarena_aps_failure-xgboost-p32,local,,tabarena_aps_failure,xgboost,pathdependent_tree,32,tree_solver,,nested,,
comprehensive-pathdependent_tree-tabarena_aps_failure-xgboost-p64,local,,tabarena_aps_failure,xgboost,pathdependent_tree,64,tree_solver,,nested,,
comprehensive-pathdependent_tree-tabarena_aps_failure-xgboost-p128,local,,tabarena_aps_failure,xgboost,pathdependent_tree,128,tree_solver,,nested,,
comprehensive-interventional_tree-tabarena_aps_failure-xgboost-p8,local,,tabarena_aps_failure,xgboost,interventional_tree,8,tree_solver,,nested,,
comprehensive-interventional_tree-tabarena_aps_failure-xgboost-p16,local,,tabarena_aps_failure,xgboost,interventional_tree,16,tree_solver,,nested,,
comprehensive-interventional_tree-tabarena_aps_failure-xgboost-p32,local,,tabarena_aps_failure,xgboost,interventional_tree,32,tree_solver,,nested,,
comprehensive-interventional_tree-tabarena_aps_failure-xgboost-p64,local,,tabarena_aps_failure,xgboost,interventional_tree,64,tree_solver,,nested,,
comprehensive-interventional_tree-tabarena_aps_failure-xgboost-p128,local,,tabarena_aps_failure,xgboost,interventional_tree,128,tree_solver,,nested,,
comprehensive-pathdependent_tree-tabarena_aps_failure-lightgbm-p8,local,,tabarena_aps_failure,lightgbm,pathdependent_tree,8,tree_solver,,nested,,
comprehensive-pathdependent_tree-tabarena_aps_failure-lightgbm-p16,local,,tabarena_aps_failure,lightgbm,pathdependent_tree,16,tree_solver,,nested,,
comprehensive-pathdependent_tree-tabarena_aps_failure-lightgbm-p32,local,,tabarena_aps_failure,lightgbm,pathdependent_tree,32,tree_solver,,nested,,
comprehensive-pathdependent_tree-tabarena_aps_failure-lightgbm-p64,local,,tabarena_aps_failure,lightgbm,pathdependent_tree,64,tree_solver,,nested,,
comprehensive-pathdependent_tree-tabarena_aps_failure-lightgbm-p128,local,,tabarena_aps_failure,lightgbm,pathdependent_tree,128,tree_solver,,nested,,
comprehensive-interventional_tree-tabarena_aps_failure-lightgbm-p8,local,,tabarena_aps_failure,lightgbm,interventional_tree,8,tree_solver,,nested,,
comprehensive-interventional_tree-tabarena_aps_failure-lightgbm-p16,local,,tabarena_aps_failure,lightgbm,interventional_tree,16,tree_solver,,nested,,
comprehensive-interventional_tree-tabarena_aps_failure-lightgbm-p32,local,,tabarena_aps_failure,lightgbm,interventional_tree,32,tree_solver,,nested,,
comprehensive-interventional_tree-tabarena_aps_failure-lightgbm-p64,local,,tabarena_aps_failure,lightgbm,interventional_tree,64,tree_solver,,nested,,
comprehensive-interventional_tree-tabarena_aps_failure-lightgbm-p128,local,,tabarena_aps_failure,lightgbm,interventional_tree,128,tree_solver,,nested,,
comprehensive-knn-tabarena_aps_failure-knn-p32-f12,data,neighbor_examples,tabarena_aps_failure,knn,knn,32,neighbor_solver,12,nested,5000,nested_stratified
comprehensive-knn-tabarena_aps_failure-knn-p64-f12,data,neighbor_examples,tabarena_aps_failure,knn,knn,64,neighbor_solver,12,nested,5000,nested_stratified
comprehensive-knn-tabarena_aps_failure-knn-p128-f12,data,neighbor_examples,tabarena_aps_failure,knn,knn,128,neighbor_solver,12,nested,5000,nested_stratified
comprehensive-knn-tabarena_aps_failure-knn-p256-f12,data,neighbor_examples,tabarena_aps_failure,knn,knn,256,neighbor_solver,12,nested,5000,nested_stratified
comprehensive-knn-tabarena_aps_failure-knn-p512-f12,data,neighbor_examples,tabarena_aps_failure,knn,knn,512,neighbor_solver,12,nested,5000,nested_stratified
comprehensive-knn-tabarena_aps_failure-knn-p1024-f12,data,neighbor_examples,tabarena_aps_failure,knn,knn,1024,neighbor_solver,12,nested,5000,nested_stratified
comprehensive-tnn-tabarena_aps_failure-tnn-p32-f12,data,neighbor_examples,tabarena_aps_failure,tnn,tnn,32,neighbor_solver,12,nested,5000,nested_stratified
comprehensive-tnn-tabarena_aps_failure-tnn-p64-f12,data,neighbor_examples,tabarena_aps_failure,tnn,tnn,64,neighbor_solver,12,nested,5000,nested_stratified
comprehensive-tnn-tabarena_aps_failure-tnn-p128-f12,data,neighbor_examples,tabarena_aps_failure,tnn,tnn,128,neighbor_solver,12,nested,5000,nested_stratified
comprehensive-tnn-tabarena_aps_failure-tnn-p256-f12,data,neighbor_examples,tabarena_aps_failure,tnn,tnn,256,neighbor_solver,12,nested,5000,nested_stratified
comprehensive-tnn-tabarena_aps_failure-tnn-p512-f12,data,neighbor_examples,tabarena_aps_failure,tnn,tnn,512,neighbor_solver,12,nested,5000,nested_stratified
comprehensive-tnn-tabarena_aps_failure-tnn-p1024-f12,data,neighbor_examples,tabarena_aps_failure,tnn,tnn,1024,neighbor_solver,12,nested,5000,nested_stratified
comprehensive-local_baseline-tabarena_anneal-linear-p4,local,,tabarena_anneal,linear,local_baseline,4,enumeration,,nested,,
comprehensive-local_baseline-tabarena_anneal-linear-p8,local,,tabarena_anneal,linear,local_baseline,8,enumeration,,nested,,
comprehensive-local_baseline-tabarena_anneal-linear-p12,local,,tabarena_anneal,linear,local_baseline,12,enumeration,,nested,,
comprehensive-local_baseline-tabarena_anneal-linear-p14,local,,tabarena_anneal,linear,local_baseline,14,enumeration,,nested,,
comprehensive-local_baseline-tabarena_anneal-linear-p16,local,,tabarena_anneal,linear,local_baseline,16,enumeration,,nested,,
comprehensive-dataset_valuation-tabarena_anneal-linear-p4-f12,data,retraining_groups,tabarena_anneal,linear,dataset_valuation,4,enumeration,12,nested,,
comprehensive-dataset_valuation-tabarena_anneal-linear-p8-f12,data,retraining_groups,tabarena_anneal,linear,dataset_valuation,8,enumeration,12,nested,,
comprehensive-dataset_valuation-tabarena_anneal-linear-p12-f12,data,retraining_groups,tabarena_anneal,linear,dataset_valuation,12,enumeration,12,nested,,
comprehensive-dataset_valuation-tabarena_anneal-linear-p14-f12,data,retraining_groups,tabarena_anneal,linear,dataset_valuation,14,enumeration,12,nested,,
comprehensive-dataset_valuation-tabarena_anneal-linear-p16-f12,data,retraining_groups,tabarena_anneal,linear,dataset_valuation,16,enumeration,12,nested,,
comprehensive-feature_selection-tabarena_anneal-linear-p4,features,,tabarena_anneal,linear,feature_selection,4,enumeration,,nested,,
comprehensive-feature_selection-tabarena_anneal-linear-p8,features,,tabarena_anneal,linear,feature_selection,8,enumeration,,nested,,
comprehensive-feature_selection-tabarena_anneal-linear-p12,features,,tabarena_anneal,linear,feature_selection,12,enumeration,,nested,,
comprehensive-feature_selection-tabarena_anneal-linear-p14,features,,tabarena_anneal,linear,feature_selection,14,enumeration,,nested,,
comprehensive-feature_selection-tabarena_anneal-linear-p16,features,,tabarena_anneal,linear,feature_selection,16,enumeration,,nested,,
comprehensive-local_baseline-tabarena_anneal-random_forest-p4,local,,tabarena_anneal,random_forest,local_baseline,4,enumeration,,nested,,
comprehensive-local_baseline-tabarena_anneal-random_forest-p8,local,,tabarena_anneal,random_forest,local_baseline,8,enumeration,,nested,,
comprehensive-local_baseline-tabarena_anneal-random_forest-p12,local,,tabarena_anneal,random_forest,local_baseline,12,enumeration,,nested,,
comprehensive-local_baseline-tabarena_anneal-random_forest-p14,local,,tabarena_anneal,random_forest,local_baseline,14,enumeration,,nested,,
comprehensive-local_baseline-tabarena_anneal-random_forest-p16,local,,tabarena_anneal,random_forest,local_baseline,16,enumeration,,nested,,
comprehensive-dataset_valuation-tabarena_anneal-random_forest-p4-f12,data,retraining_groups,tabarena_anneal,random_forest,dataset_valuation,4,enumeration,12,nested,,
comprehensive-dataset_valuation-tabarena_anneal-random_forest-p8-f12,data,retraining_groups,tabarena_anneal,random_forest,dataset_valuation,8,enumeration,12,nested,,
comprehensive-dataset_valuation-tabarena_anneal-random_forest-p12-f12,data,retraining_groups,tabarena_anneal,random_forest,dataset_valuation,12,enumeration,12,nested,,
comprehensive-dataset_valuation-tabarena_anneal-random_forest-p14-f12,data,retraining_groups,tabarena_anneal,random_forest,dataset_valuation,14,enumeration,12,nested,,
comprehensive-dataset_valuation-tabarena_anneal-random_forest-p16-f12,data,retraining_groups,tabarena_anneal,random_forest,dataset_valuation,16,enumeration,12,nested,,
comprehensive-feature_selection-tabarena_anneal-random_forest-p4,features,,tabarena_anneal,random_forest,feature_selection,4,enumeration,,nested,,
comprehensive-feature_selection-tabarena_anneal-random_forest-p8,features,,tabarena_anneal,random_forest,feature_selection,8,enumeration,,nested,,
comprehensive-feature_selection-tabarena_anneal-random_forest-p12,features,,tabarena_anneal,random_forest,feature_selection,12,enumeration,,nested,,
comprehensive-feature_selection-tabarena_anneal-random_forest-p14,features,,tabarena_anneal,random_forest,feature_selection,14,enumeration,,nested,,
comprehensive-feature_selection-tabarena_anneal-random_forest-p16,features,,tabarena_anneal,random_forest,feature_selection,16,enumeration,,nested,,
comprehensive-pathdependent_tree-tabarena_anneal-random_forest-p8,local,,tabarena_anneal,random_forest,pathdependent_tree,8,tree_solver,,nested,,
comprehensive-pathdependent_tree-tabarena_anneal-random_forest-p16,local,,tabarena_anneal,random_forest,pathdependent_tree,16,tree_solver,,nested,,
comprehensive-pathdependent_tree-tabarena_anneal-random_forest-p32,local,,tabarena_anneal,random_forest,pathdependent_tree,32,tree_solver,,nested,,
comprehensive-interventional_tree-tabarena_anneal-random_forest-p8,local,,tabarena_anneal,random_forest,interventional_tree,8,tree_solver,,nested,,
comprehensive-interventional_tree-tabarena_anneal-random_forest-p16,local,,tabarena_anneal,random_forest,interventional_tree,16,tree_solver,,nested,,
comprehensive-interventional_tree-tabarena_anneal-random_forest-p32,local,,tabarena_anneal,random_forest,interventional_tree,32,tree_solver,,nested,,
comprehensive-pathdependent_tree-tabarena_anneal-xgboost-p8,local,,tabarena_anneal,xgboost,pathdependent_tree,8,tree_solver,,nested,,
comprehensive-pathdependent_tree-tabarena_anneal-xgboost-p16,local,,tabarena_anneal,xgboost,pathdependent_tree,16,tree_solver,,nested,,
comprehensive-pathdependent_tree-tabarena_anneal-xgboost-p32,local,,tabarena_anneal,xgboost,pathdependent_tree,32,tree_solver,,nested,,
comprehensive-interventional_tree-tabarena_anneal-xgboost-p8,local,,tabarena_anneal,xgboost,interventional_tree,8,tree_solver,,nested,,
comprehensive-interventional_tree-tabarena_anneal-xgboost-p16,local,,tabarena_anneal,xgboost,interventional_tree,16,tree_solver,,nested,,
comprehensive-interventional_tree-tabarena_anneal-xgboost-p32,local,,tabarena_anneal,xgboost,interventional_tree,32,tree_solver,,nested,,
comprehensive-pathdependent_tree-tabarena_anneal-lightgbm-p8,local,,tabarena_anneal,lightgbm,pathdependent_tree,8,tree_solver,,nested,,
comprehensive-pathdependent_tree-tabarena_anneal-lightgbm-p16,local,,tabarena_anneal,lightgbm,pathdependent_tree,16,tree_solver,,nested,,
comprehensive-pathdependent_tree-tabarena_anneal-lightgbm-p32,local,,tabarena_anneal,lightgbm,pathdependent_tree,32,tree_solver,,nested,,
comprehensive-interventional_tree-tabarena_anneal-lightgbm-p8,local,,tabarena_anneal,lightgbm,interventional_tree,8,tree_solver,,nested,,
comprehensive-interventional_tree-tabarena_anneal-lightgbm-p16,local,,tabarena_anneal,lightgbm,interventional_tree,16,tree_solver,,nested,,
comprehensive-interventional_tree-tabarena_anneal-lightgbm-p32,local,,tabarena_anneal,lightgbm,interventional_tree,32,tree_solver,,nested,,
comprehensive-knn-tabarena_anneal-knn-p32-f12,data,neighbor_examples,tabarena_anneal,knn,knn,32,neighbor_solver,12,nested,5000,nested_stratified
comprehensive-knn-tabarena_anneal-knn-p64-f12,data,neighbor_examples,tabarena_anneal,knn,knn,64,neighbor_solver,12,nested,5000,nested_stratified
comprehensive-knn-tabarena_anneal-knn-p128-f12,data,neighbor_examples,tabarena_anneal,knn,knn,128,neighbor_solver,12,nested,5000,nested_stratified
comprehensive-knn-tabarena_anneal-knn-p256-f12,data,neighbor_examples,tabarena_anneal,knn,knn,256,neighbor_solver,12,nested,5000,nested_stratified
comprehensive-knn-tabarena_anneal-knn-p512-f12,data,neighbor_examples,tabarena_anneal,knn,knn,512,neighbor_solver,12,nested,5000,nested_stratified
comprehensive-tnn-tabarena_anneal-tnn-p32-f12,data,neighbor_examples,tabarena_anneal,tnn,tnn,32,neighbor_solver,12,nested,5000,nested_stratified
comprehensive-tnn-tabarena_anneal-tnn-p64-f12,data,neighbor_examples,tabarena_anneal,tnn,tnn,64,neighbor_solver,12,nested,5000,nested_stratified
comprehensive-tnn-tabarena_anneal-tnn-p128-f12,data,neighbor_examples,tabarena_anneal,tnn,tnn,128,neighbor_solver,12,nested,5000,nested_stratified
comprehensive-tnn-tabarena_anneal-tnn-p256-f12,data,neighbor_examples,tabarena_anneal,tnn,tnn,256,neighbor_solver,12,nested,5000,nested_stratified
comprehensive-tnn-tabarena_anneal-tnn-p512-f12,data,neighbor_examples,tabarena_anneal,tnn,tnn,512,neighbor_solver,12,nested,5000,nested_stratified
comprehensive-local_baseline-tabarena_splice-linear-p4,local,,tabarena_splice,linear,local_baseline,4,enumeration,,nested,,
comprehensive-local_baseline-tabarena_splice-linear-p8,local,,tabarena_splice,linear,local_baseline,8,enumeration,,nested,,
comprehensive-local_baseline-tabarena_splice-linear-p12,local,,tabarena_splice,linear,local_baseline,12,enumeration,,nested,,
comprehensive-local_baseline-tabarena_splice-linear-p14,local,,tabarena_splice,linear,local_baseline,14,enumeration,,nested,,
comprehensive-local_baseline-tabarena_splice-linear-p16,local,,tabarena_splice,linear,local_baseline,16,enumeration,,nested,,
comprehensive-dataset_valuation-tabarena_splice-linear-p4-f12,data,retraining_groups,tabarena_splice,linear,dataset_valuation,4,enumeration,12,nested,,
comprehensive-dataset_valuation-tabarena_splice-linear-p8-f12,data,retraining_groups,tabarena_splice,linear,dataset_valuation,8,enumeration,12,nested,,
comprehensive-dataset_valuation-tabarena_splice-linear-p12-f12,data,retraining_groups,tabarena_splice,linear,dataset_valuation,12,enumeration,12,nested,,
comprehensive-dataset_valuation-tabarena_splice-linear-p14-f12,data,retraining_groups,tabarena_splice,linear,dataset_valuation,14,enumeration,12,nested,,
comprehensive-dataset_valuation-tabarena_splice-linear-p16-f12,data,retraining_groups,tabarena_splice,linear,dataset_valuation,16,enumeration,12,nested,,
comprehensive-feature_selection-tabarena_splice-linear-p4,features,,tabarena_splice,linear,feature_selection,4,enumeration,,nested,,
comprehensive-feature_selection-tabarena_splice-linear-p8,features,,tabarena_splice,linear,feature_selection,8,enumeration,,nested,,
comprehensive-feature_selection-tabarena_splice-linear-p12,features,,tabarena_splice,linear,feature_selection,12,enumeration,,nested,,
comprehensive-feature_selection-tabarena_splice-linear-p14,features,,tabarena_splice,linear,feature_selection,14,enumeration,,nested,,
comprehensive-feature_selection-tabarena_splice-linear-p16,features,,tabarena_splice,linear,feature_selection,16,enumeration,,nested,,
comprehensive-local_baseline-tabarena_splice-random_forest-p4,local,,tabarena_splice,random_forest,local_baseline,4,enumeration,,nested,,
comprehensive-local_baseline-tabarena_splice-random_forest-p8,local,,tabarena_splice,random_forest,local_baseline,8,enumeration,,nested,,
comprehensive-local_baseline-tabarena_splice-random_forest-p12,local,,tabarena_splice,random_forest,local_baseline,12,enumeration,,nested,,
comprehensive-local_baseline-tabarena_splice-random_forest-p14,local,,tabarena_splice,random_forest,local_baseline,14,enumeration,,nested,,
comprehensive-local_baseline-tabarena_splice-random_forest-p16,local,,tabarena_splice,random_forest,local_baseline,16,enumeration,,nested,,
comprehensive-dataset_valuation-tabarena_splice-random_forest-p4-f12,data,retraining_groups,tabarena_splice,random_forest,dataset_valuation,4,enumeration,12,nested,,
comprehensive-dataset_valuation-tabarena_splice-random_forest-p8-f12,data,retraining_groups,tabarena_splice,random_forest,dataset_valuation,8,enumeration,12,nested,,
comprehensive-dataset_valuation-tabarena_splice-random_forest-p12-f12,data,retraining_groups,tabarena_splice,random_forest,dataset_valuation,12,enumeration,12,nested,,
comprehensive-dataset_valuation-tabarena_splice-random_forest-p14-f12,data,retraining_groups,tabarena_splice,random_forest,dataset_valuation,14,enumeration,12,nested,,
comprehensive-dataset_valuation-tabarena_splice-random_forest-p16-f12,data,retraining_groups,tabarena_splice,random_forest,dataset_valuation,16,enumeration,12,nested,,
comprehensive-feature_selection-tabarena_splice-random_forest-p4,features,,tabarena_splice,random_forest,feature_selection,4,enumeration,,nested,,
comprehensive-feature_selection-tabarena_splice-random_forest-p8,features,,tabarena_splice,random_forest,feature_selection,8,enumeration,,nested,,
comprehensive-feature_selection-tabarena_splice-random_forest-p12,features,,tabarena_splice,random_forest,feature_selection,12,enumeration,,nested,,
comprehensive-feature_selection-tabarena_splice-random_forest-p14,features,,tabarena_splice,random_forest,feature_selection,14,enumeration,,nested,,
comprehensive-feature_selection-tabarena_splice-random_forest-p16,features,,tabarena_splice,random_forest,feature_selection,16,enumeration,,nested,,
comprehensive-pathdependent_tree-tabarena_splice-random_forest-p8,local,,tabarena_splice,random_forest,pathdependent_tree,8,tree_solver,,nested,,
comprehensive-pathdependent_tree-tabarena_splice-random_forest-p16,local,,tabarena_splice,random_forest,pathdependent_tree,16,tree_solver,,nested,,
comprehensive-pathdependent_tree-tabarena_splice-random_forest-p32,local,,tabarena_splice,random_forest,pathdependent_tree,32,tree_solver,,nested,,
comprehensive-interventional_tree-tabarena_splice-random_forest-p8,local,,tabarena_splice,random_forest,interventional_tree,8,tree_solver,,nested,,
comprehensive-interventional_tree-tabarena_splice-random_forest-p16,local,,tabarena_splice,random_forest,interventional_tree,16,tree_solver,,nested,,
comprehensive-interventional_tree-tabarena_splice-random_forest-p32,local,,tabarena_splice,random_forest,interventional_tree,32,tree_solver,,nested,,
comprehensive-pathdependent_tree-tabarena_splice-xgboost-p8,local,,tabarena_splice,xgboost,pathdependent_tree,8,tree_solver,,nested,,
comprehensive-pathdependent_tree-tabarena_splice-xgboost-p16,local,,tabarena_splice,xgboost,pathdependent_tree,16,tree_solver,,nested,,
comprehensive-pathdependent_tree-tabarena_splice-xgboost-p32,local,,tabarena_splice,xgboost,pathdependent_tree,32,tree_solver,,nested,,
comprehensive-interventional_tree-tabarena_splice-xgboost-p8,local,,tabarena_splice,xgboost,interventional_tree,8,tree_solver,,nested,,
comprehensive-interventional_tree-tabarena_splice-xgboost-p16,local,,tabarena_splice,xgboost,interventional_tree,16,tree_solver,,nested,,
comprehensive-interventional_tree-tabarena_splice-xgboost-p32,local,,tabarena_splice,xgboost,interventional_tree,32,tree_solver,,nested,,
comprehensive-pathdependent_tree-tabarena_splice-lightgbm-p8,local,,tabarena_splice,lightgbm,pathdependent_tree,8,tree_solver,,nested,,
comprehensive-pathdependent_tree-tabarena_splice-lightgbm-p16,local,,tabarena_splice,lightgbm,pathdependent_tree,16,tree_solver,,nested,,
comprehensive-pathdependent_tree-tabarena_splice-lightgbm-p32,local,,tabarena_splice,lightgbm,pathdependent_tree,32,tree_solver,,nested,,
comprehensive-interventional_tree-tabarena_splice-lightgbm-p8,local,,tabarena_splice,lightgbm,interventional_tree,8,tree_solver,,nested,,
comprehensive-interventional_tree-tabarena_splice-lightgbm-p16,local,,tabarena_splice,lightgbm,interventional_tree,16,tree_solver,,nested,,
comprehensive-interventional_tree-tabarena_splice-lightgbm-p32,local,,tabarena_splice,lightgbm,interventional_tree,32,tree_solver,,nested,,
comprehensive-knn-tabarena_splice-knn-p32-f12,data,neighbor_examples,tabarena_splice,knn,knn,32,neighbor_solver,12,nested,5000,nested_stratified
comprehensive-knn-tabarena_splice-knn-p64-f12,data,neighbor_examples,tabarena_splice,knn,knn,64,neighbor_solver,12,nested,5000,nested_stratified
comprehensive-knn-tabarena_splice-knn-p128-f12,data,neighbor_examples,tabarena_splice,knn,knn,128,neighbor_solver,12,nested,5000,nested_stratified
comprehensive-knn-tabarena_splice-knn-p256-f12,data,neighbor_examples,tabarena_splice,knn,knn,256,neighbor_solver,12,nested,5000,nested_stratified
comprehensive-knn-tabarena_splice-knn-p512-f12,data,neighbor_examples,tabarena_splice,knn,knn,512,neighbor_solver,12,nested,5000,nested_stratified
comprehensive-knn-tabarena_splice-knn-p1024-f12,data,neighbor_examples,tabarena_splice,knn,knn,1024,neighbor_solver,12,nested,5000,nested_stratified
comprehensive-tnn-tabarena_splice-tnn-p32-f12,data,neighbor_examples,tabarena_splice,tnn,tnn,32,neighbor_solver,12,nested,5000,nested_stratified
comprehensive-tnn-tabarena_splice-tnn-p64-f12,data,neighbor_examples,tabarena_splice,tnn,tnn,64,neighbor_solver,12,nested,5000,nested_stratified
comprehensive-tnn-tabarena_splice-tnn-p128-f12,data,neighbor_examples,tabarena_splice,tnn,tnn,128,neighbor_solver,12,nested,5000,nested_stratified
comprehensive-tnn-tabarena_splice-tnn-p256-f12,data,neighbor_examples,tabarena_splice,tnn,tnn,256,neighbor_solver,12,nested,5000,nested_stratified
comprehensive-tnn-tabarena_splice-tnn-p512-f12,data,neighbor_examples,tabarena_splice,tnn,tnn,512,neighbor_solver,12,nested,5000,nested_stratified
comprehensive-tnn-tabarena_splice-tnn-p1024-f12,data,neighbor_examples,tabarena_splice,tnn,tnn,1024,neighbor_solver,12,nested,5000,nested_stratified
comprehensive-local_baseline-tabarena_credit_card_default-linear-p4,local,,tabarena_credit_card_default,linear,local_baseline,4,enumeration,,nested,,
comprehensive-local_baseline-tabarena_credit_card_default-linear-p8,local,,tabarena_credit_card_default,linear,local_baseline,8,enumeration,,nested,,
comprehensive-local_baseline-tabarena_credit_card_default-linear-p12,local,,tabarena_credit_card_default,linear,local_baseline,12,enumeration,,nested,,
comprehensive-local_baseline-tabarena_credit_card_default-linear-p14,local,,tabarena_credit_card_default,linear,local_baseline,14,enumeration,,nested,,
comprehensive-local_baseline-tabarena_credit_card_default-linear-p16,local,,tabarena_credit_card_default,linear,local_baseline,16,enumeration,,nested,,
comprehensive-dataset_valuation-tabarena_credit_card_default-linear-p4-f12,data,retraining_groups,tabarena_credit_card_default,linear,dataset_valuation,4,enumeration,12,nested,,
comprehensive-dataset_valuation-tabarena_credit_card_default-linear-p8-f12,data,retraining_groups,tabarena_credit_card_default,linear,dataset_valuation,8,enumeration,12,nested,,
comprehensive-dataset_valuation-tabarena_credit_card_default-linear-p12-f12,data,retraining_groups,tabarena_credit_card_default,linear,dataset_valuation,12,enumeration,12,nested,,
comprehensive-dataset_valuation-tabarena_credit_card_default-linear-p14-f12,data,retraining_groups,tabarena_credit_card_default,linear,dataset_valuation,14,enumeration,12,nested,,
comprehensive-dataset_valuation-tabarena_credit_card_default-linear-p16-f12,data,retraining_groups,tabarena_credit_card_default,linear,dataset_valuation,16,enumeration,12,nested,,
comprehensive-feature_selection-tabarena_credit_card_default-linear-p4,features,,tabarena_credit_card_default,linear,feature_selection,4,enumeration,,nested,,
comprehensive-feature_selection-tabarena_credit_card_default-linear-p8,features,,tabarena_credit_card_default,linear,feature_selection,8,enumeration,,nested,,
comprehensive-feature_selection-tabarena_credit_card_default-linear-p12,features,,tabarena_credit_card_default,linear,feature_selection,12,enumeration,,nested,,
comprehensive-feature_selection-tabarena_credit_card_default-linear-p14,features,,tabarena_credit_card_default,linear,feature_selection,14,enumeration,,nested,,
comprehensive-feature_selection-tabarena_credit_card_default-linear-p16,features,,tabarena_credit_card_default,linear,feature_selection,16,enumeration,,nested,,
comprehensive-local_baseline-tabarena_credit_card_default-random_forest-p4,local,,tabarena_credit_card_default,random_forest,local_baseline,4,enumeration,,nested,,
comprehensive-local_baseline-tabarena_credit_card_default-random_forest-p8,local,,tabarena_credit_card_default,random_forest,local_baseline,8,enumeration,,nested,,
comprehensive-local_baseline-tabarena_credit_card_default-random_forest-p12,local,,tabarena_credit_card_default,random_forest,local_baseline,12,enumeration,,nested,,
comprehensive-local_baseline-tabarena_credit_card_default-random_forest-p14,local,,tabarena_credit_card_default,random_forest,local_baseline,14,enumeration,,nested,,
comprehensive-local_baseline-tabarena_credit_card_default-random_forest-p16,local,,tabarena_credit_card_default,random_forest,local_baseline,16,enumeration,,nested,,
comprehensive-dataset_valuation-tabarena_credit_card_default-random_forest-p4-f12,data,retraining_groups,tabarena_credit_card_default,random_forest,dataset_valuation,4,enumeration,12,nested,,
comprehensive-dataset_valuation-tabarena_credit_card_default-random_forest-p8-f12,data,retraining_groups,tabarena_credit_card_default,random_forest,dataset_valuation,8,enumeration,12,nested,,
comprehensive-dataset_valuation-tabarena_credit_card_default-random_forest-p12-f12,data,retraining_groups,tabarena_credit_card_default,random_forest,dataset_valuation,12,enumeration,12,nested,,
comprehensive-dataset_valuation-tabarena_credit_card_default-random_forest-p14-f12,data,retraining_groups,tabarena_credit_card_default,random_forest,dataset_valuation,14,enumeration,12,nested,,
comprehensive-dataset_valuation-tabarena_credit_card_default-random_forest-p16-f12,data,retraining_groups,tabarena_credit_card_default,random_forest,dataset_valuation,16,enumeration,12,nested,,
comprehensive-feature_selection-tabarena_credit_card_default-random_forest-p4,features,,tabarena_credit_card_default,random_forest,feature_selection,4,enumeration,,nested,,
comprehensive-feature_selection-tabarena_credit_card_default-random_forest-p8,features,,tabarena_credit_card_default,random_forest,feature_selection,8,enumeration,,nested,,
comprehensive-feature_selection-tabarena_credit_card_default-random_forest-p12,features,,tabarena_credit_card_default,random_forest,feature_selection,12,enumeration,,nested,,
comprehensive-feature_selection-tabarena_credit_card_default-random_forest-p14,features,,tabarena_credit_card_default,random_forest,feature_selection,14,enumeration,,nested,,
comprehensive-feature_selection-tabarena_credit_card_default-random_forest-p16,features,,tabarena_credit_card_default,random_forest,feature_selection,16,enumeration,,nested,,
comprehensive-pathdependent_tree-tabarena_credit_card_default-random_forest-p8,local,,tabarena_credit_card_default,random_forest,pathdependent_tree,8,tree_solver,,nested,,
comprehensive-pathdependent_tree-tabarena_credit_card_default-random_forest-p16,local,,tabarena_credit_card_default,random_forest,pathdependent_tree,16,tree_solver,,nested,,
comprehensive-interventional_tree-tabarena_credit_card_default-random_forest-p8,local,,tabarena_credit_card_default,random_forest,interventional_tree,8,tree_solver,,nested,,
comprehensive-interventional_tree-tabarena_credit_card_default-random_forest-p16,local,,tabarena_credit_card_default,random_forest,interventional_tree,16,tree_solver,,nested,,
comprehensive-pathdependent_tree-tabarena_credit_card_default-xgboost-p8,local,,tabarena_credit_card_default,xgboost,pathdependent_tree,8,tree_solver,,nested,,
comprehensive-pathdependent_tree-tabarena_credit_card_default-xgboost-p16,local,,tabarena_credit_card_default,xgboost,pathdependent_tree,16,tree_solver,,nested,,
comprehensive-interventional_tree-tabarena_credit_card_default-xgboost-p8,local,,tabarena_credit_card_default,xgboost,interventional_tree,8,tree_solver,,nested,,
comprehensive-interventional_tree-tabarena_credit_card_default-xgboost-p16,local,,tabarena_credit_card_default,xgboost,interventional_tree,16,tree_solver,,nested,,
comprehensive-pathdependent_tree-tabarena_credit_card_default-lightgbm-p8,local,,tabarena_credit_card_default,lightgbm,pathdependent_tree,8,tree_solver,,nested,,
comprehensive-pathdependent_tree-tabarena_credit_card_default-lightgbm-p16,local,,tabarena_credit_card_default,lightgbm,pathdependent_tree,16,tree_solver,,nested,,
comprehensive-interventional_tree-tabarena_credit_card_default-lightgbm-p8,local,,tabarena_credit_card_default,lightgbm,interventional_tree,8,tree_solver,,nested,,
comprehensive-interventional_tree-tabarena_credit_card_default-lightgbm-p16,local,,tabarena_credit_card_default,lightgbm,interventional_tree,16,tree_solver,,nested,,
comprehensive-knn-tabarena_credit_card_default-knn-p32-f12,data,neighbor_examples,tabarena_credit_card_default,knn,knn,32,neighbor_solver,12,nested,5000,nested_stratified
comprehensive-knn-tabarena_credit_card_default-knn-p64-f12,data,neighbor_examples,tabarena_credit_card_default,knn,knn,64,neighbor_solver,12,nested,5000,nested_stratified
comprehensive-knn-tabarena_credit_card_default-knn-p128-f12,data,neighbor_examples,tabarena_credit_card_default,knn,knn,128,neighbor_solver,12,nested,5000,nested_stratified
comprehensive-knn-tabarena_credit_card_default-knn-p256-f12,data,neighbor_examples,tabarena_credit_card_default,knn,knn,256,neighbor_solver,12,nested,5000,nested_stratified
comprehensive-knn-tabarena_credit_card_default-knn-p512-f12,data,neighbor_examples,tabarena_credit_card_default,knn,knn,512,neighbor_solver,12,nested,5000,nested_stratified
comprehensive-knn-tabarena_credit_card_default-knn-p1024-f12,data,neighbor_examples,tabarena_credit_card_default,knn,knn,1024,neighbor_solver,12,nested,5000,nested_stratified
comprehensive-tnn-tabarena_credit_card_default-tnn-p32-f12,data,neighbor_examples,tabarena_credit_card_default,tnn,tnn,32,neighbor_solver,12,nested,5000,nested_stratified
comprehensive-tnn-tabarena_credit_card_default-tnn-p64-f12,data,neighbor_examples,tabarena_credit_card_default,tnn,tnn,64,neighbor_solver,12,nested,5000,nested_stratified
comprehensive-tnn-tabarena_credit_card_default-tnn-p128-f12,data,neighbor_examples,tabarena_credit_card_default,tnn,tnn,128,neighbor_solver,12,nested,5000,nested_stratified
comprehensive-tnn-tabarena_credit_card_default-tnn-p256-f12,data,neighbor_examples,tabarena_credit_card_default,tnn,tnn,256,neighbor_solver,12,nested,5000,nested_stratified
comprehensive-tnn-tabarena_credit_card_default-tnn-p512-f12,data,neighbor_examples,tabarena_credit_card_default,tnn,tnn,512,neighbor_solver,12,nested,5000,nested_stratified
comprehensive-tnn-tabarena_credit_card_default-tnn-p1024-f12,data,neighbor_examples,tabarena_credit_card_default,tnn,tnn,1024,neighbor_solver,12,nested,5000,nested_stratified
comprehensive-local_baseline-wine_quality-linear-p4,local,,wine_quality,linear,local_baseline,4,enumeration,,nested,,
comprehensive-local_baseline-wine_quality-linear-p8,local,,wine_quality,linear,local_baseline,8,enumeration,,nested,,
comprehensive-local_baseline-wine_quality-linear-p12,local,,wine_quality,linear,local_baseline,12,enumeration,,nested,,
comprehensive-dataset_valuation-wine_quality-linear-p4-f12,data,retraining_groups,wine_quality,linear,dataset_valuation,4,enumeration,12,nested,,
comprehensive-dataset_valuation-wine_quality-linear-p8-f12,data,retraining_groups,wine_quality,linear,dataset_valuation,8,enumeration,12,nested,,
comprehensive-dataset_valuation-wine_quality-linear-p12-f12,data,retraining_groups,wine_quality,linear,dataset_valuation,12,enumeration,12,nested,,
comprehensive-dataset_valuation-wine_quality-linear-p14-f12,data,retraining_groups,wine_quality,linear,dataset_valuation,14,enumeration,12,nested,,
comprehensive-dataset_valuation-wine_quality-linear-p16-f12,data,retraining_groups,wine_quality,linear,dataset_valuation,16,enumeration,12,nested,,
comprehensive-feature_selection-wine_quality-linear-p4,features,,wine_quality,linear,feature_selection,4,enumeration,,nested,,
comprehensive-feature_selection-wine_quality-linear-p8,features,,wine_quality,linear,feature_selection,8,enumeration,,nested,,
comprehensive-feature_selection-wine_quality-linear-p12,features,,wine_quality,linear,feature_selection,12,enumeration,,nested,,
comprehensive-local_baseline-wine_quality-random_forest-p4,local,,wine_quality,random_forest,local_baseline,4,enumeration,,nested,,
comprehensive-local_baseline-wine_quality-random_forest-p8,local,,wine_quality,random_forest,local_baseline,8,enumeration,,nested,,
comprehensive-local_baseline-wine_quality-random_forest-p12,local,,wine_quality,random_forest,local_baseline,12,enumeration,,nested,,
comprehensive-dataset_valuation-wine_quality-random_forest-p4-f12,data,retraining_groups,wine_quality,random_forest,dataset_valuation,4,enumeration,12,nested,,
comprehensive-dataset_valuation-wine_quality-random_forest-p8-f12,data,retraining_groups,wine_quality,random_forest,dataset_valuation,8,enumeration,12,nested,,
comprehensive-dataset_valuation-wine_quality-random_forest-p12-f12,data,retraining_groups,wine_quality,random_forest,dataset_valuation,12,enumeration,12,nested,,
comprehensive-dataset_valuation-wine_quality-random_forest-p14-f12,data,retraining_groups,wine_quality,random_forest,dataset_valuation,14,enumeration,12,nested,,
comprehensive-dataset_valuation-wine_quality-random_forest-p16-f12,data,retraining_groups,wine_quality,random_forest,dataset_valuation,16,enumeration,12,nested,,
comprehensive-feature_selection-wine_quality-random_forest-p4,features,,wine_quality,random_forest,feature_selection,4,enumeration,,nested,,
comprehensive-feature_selection-wine_quality-random_forest-p8,features,,wine_quality,random_forest,feature_selection,8,enumeration,,nested,,
comprehensive-feature_selection-wine_quality-random_forest-p12,features,,wine_quality,random_forest,feature_selection,12,enumeration,,nested,,
comprehensive-pathdependent_tree-wine_quality-random_forest-p8,local,,wine_quality,random_forest,pathdependent_tree,8,tree_solver,,nested,,
comprehensive-interventional_tree-wine_quality-random_forest-p8,local,,wine_quality,random_forest,interventional_tree,8,tree_solver,,nested,,
comprehensive-pathdependent_tree-wine_quality-xgboost-p8,local,,wine_quality,xgboost,pathdependent_tree,8,tree_solver,,nested,,
comprehensive-interventional_tree-wine_quality-xgboost-p8,local,,wine_quality,xgboost,interventional_tree,8,tree_solver,,nested,,
comprehensive-pathdependent_tree-wine_quality-lightgbm-p8,local,,wine_quality,lightgbm,pathdependent_tree,8,tree_solver,,nested,,
comprehensive-interventional_tree-wine_quality-lightgbm-p8,local,,wine_quality,lightgbm,interventional_tree,8,tree_solver,,nested,,
comprehensive-local_baseline-communities_and_crime-linear-p4,local,,communities_and_crime,linear,local_baseline,4,enumeration,,nested,,
comprehensive-local_baseline-communities_and_crime-linear-p8,local,,communities_and_crime,linear,local_baseline,8,enumeration,,nested,,
comprehensive-local_baseline-communities_and_crime-linear-p12,local,,communities_and_crime,linear,local_baseline,12,enumeration,,nested,,
comprehensive-local_baseline-communities_and_crime-linear-p14,local,,communities_and_crime,linear,local_baseline,14,enumeration,,nested,,
comprehensive-local_baseline-communities_and_crime-linear-p16,local,,communities_and_crime,linear,local_baseline,16,enumeration,,nested,,
comprehensive-dataset_valuation-communities_and_crime-linear-p4-f12,data,retraining_groups,communities_and_crime,linear,dataset_valuation,4,enumeration,12,nested,,
comprehensive-dataset_valuation-communities_and_crime-linear-p8-f12,data,retraining_groups,communities_and_crime,linear,dataset_valuation,8,enumeration,12,nested,,
comprehensive-dataset_valuation-communities_and_crime-linear-p12-f12,data,retraining_groups,communities_and_crime,linear,dataset_valuation,12,enumeration,12,nested,,
comprehensive-dataset_valuation-communities_and_crime-linear-p14-f12,data,retraining_groups,communities_and_crime,linear,dataset_valuation,14,enumeration,12,nested,,
comprehensive-dataset_valuation-communities_and_crime-linear-p16-f12,data,retraining_groups,communities_and_crime,linear,dataset_valuation,16,enumeration,12,nested,,
comprehensive-feature_selection-communities_and_crime-linear-p4,features,,communities_and_crime,linear,feature_selection,4,enumeration,,nested,,
comprehensive-feature_selection-communities_and_crime-linear-p8,features,,communities_and_crime,linear,feature_selection,8,enumeration,,nested,,
comprehensive-feature_selection-communities_and_crime-linear-p12,features,,communities_and_crime,linear,feature_selection,12,enumeration,,nested,,
comprehensive-feature_selection-communities_and_crime-linear-p14,features,,communities_and_crime,linear,feature_selection,14,enumeration,,nested,,
comprehensive-feature_selection-communities_and_crime-linear-p16,features,,communities_and_crime,linear,feature_selection,16,enumeration,,nested,,
comprehensive-local_baseline-communities_and_crime-random_forest-p4,local,,communities_and_crime,random_forest,local_baseline,4,enumeration,,nested,,
comprehensive-local_baseline-communities_and_crime-random_forest-p8,local,,communities_and_crime,random_forest,local_baseline,8,enumeration,,nested,,
comprehensive-local_baseline-communities_and_crime-random_forest-p12,local,,communities_and_crime,random_forest,local_baseline,12,enumeration,,nested,,
comprehensive-local_baseline-communities_and_crime-random_forest-p14,local,,communities_and_crime,random_forest,local_baseline,14,enumeration,,nested,,
comprehensive-local_baseline-communities_and_crime-random_forest-p16,local,,communities_and_crime,random_forest,local_baseline,16,enumeration,,nested,,
comprehensive-dataset_valuation-communities_and_crime-random_forest-p4-f12,data,retraining_groups,communities_and_crime,random_forest,dataset_valuation,4,enumeration,12,nested,,
comprehensive-dataset_valuation-communities_and_crime-random_forest-p8-f12,data,retraining_groups,communities_and_crime,random_forest,dataset_valuation,8,enumeration,12,nested,,
comprehensive-dataset_valuation-communities_and_crime-random_forest-p12-f12,data,retraining_groups,communities_and_crime,random_forest,dataset_valuation,12,enumeration,12,nested,,
comprehensive-dataset_valuation-communities_and_crime-random_forest-p14-f12,data,retraining_groups,communities_and_crime,random_forest,dataset_valuation,14,enumeration,12,nested,,
comprehensive-dataset_valuation-communities_and_crime-random_forest-p16-f12,data,retraining_groups,communities_and_crime,random_forest,dataset_valuation,16,enumeration,12,nested,,
comprehensive-feature_selection-communities_and_crime-random_forest-p4,features,,communities_and_crime,random_forest,feature_selection,4,enumeration,,nested,,
comprehensive-feature_selection-communities_and_crime-random_forest-p8,features,,communities_and_crime,random_forest,feature_selection,8,enumeration,,nested,,
comprehensive-feature_selection-communities_and_crime-random_forest-p12,features,,communities_and_crime,random_forest,feature_selection,12,enumeration,,nested,,
comprehensive-feature_selection-communities_and_crime-random_forest-p14,features,,communities_and_crime,random_forest,feature_selection,14,enumeration,,nested,,
comprehensive-feature_selection-communities_and_crime-random_forest-p16,features,,communities_and_crime,random_forest,feature_selection,16,enumeration,,nested,,
comprehensive-pathdependent_tree-communities_and_crime-random_forest-p8,local,,communities_and_crime,random_forest,pathdependent_tree,8,tree_solver,,nested,,
comprehensive-pathdependent_tree-communities_and_crime-random_forest-p16,local,,communities_and_crime,random_forest,pathdependent_tree,16,tree_solver,,nested,,
comprehensive-pathdependent_tree-communities_and_crime-random_forest-p32,local,,communities_and_crime,random_forest,pathdependent_tree,32,tree_solver,,nested,,
comprehensive-pathdependent_tree-communities_and_crime-random_forest-p64,local,,communities_and_crime,random_forest,pathdependent_tree,64,tree_solver,,nested,,
comprehensive-interventional_tree-communities_and_crime-random_forest-p8,local,,communities_and_crime,random_forest,interventional_tree,8,tree_solver,,nested,,
comprehensive-interventional_tree-communities_and_crime-random_forest-p16,local,,communities_and_crime,random_forest,interventional_tree,16,tree_solver,,nested,,
comprehensive-interventional_tree-communities_and_crime-random_forest-p32,local,,communities_and_crime,random_forest,interventional_tree,32,tree_solver,,nested,,
comprehensive-interventional_tree-communities_and_crime-random_forest-p64,local,,communities_and_crime,random_forest,interventional_tree,64,tree_solver,,nested,,
comprehensive-pathdependent_tree-communities_and_crime-xgboost-p8,local,,communities_and_crime,xgboost,pathdependent_tree,8,tree_solver,,nested,,
comprehensive-pathdependent_tree-communities_and_crime-xgboost-p16,local,,communities_and_crime,xgboost,pathdependent_tree,16,tree_solver,,nested,,
comprehensive-pathdependent_tree-communities_and_crime-xgboost-p32,local,,communities_and_crime,xgboost,pathdependent_tree,32,tree_solver,,nested,,
comprehensive-pathdependent_tree-communities_and_crime-xgboost-p64,local,,communities_and_crime,xgboost,pathdependent_tree,64,tree_solver,,nested,,
comprehensive-interventional_tree-communities_and_crime-xgboost-p8,local,,communities_and_crime,xgboost,interventional_tree,8,tree_solver,,nested,,
comprehensive-interventional_tree-communities_and_crime-xgboost-p16,local,,communities_and_crime,xgboost,interventional_tree,16,tree_solver,,nested,,
comprehensive-interventional_tree-communities_and_crime-xgboost-p32,local,,communities_and_crime,xgboost,interventional_tree,32,tree_solver,,nested,,
comprehensive-interventional_tree-communities_and_crime-xgboost-p64,local,,communities_and_crime,xgboost,interventional_tree,64,tree_solver,,nested,,
comprehensive-pathdependent_tree-communities_and_crime-lightgbm-p8,local,,communities_and_crime,lightgbm,pathdependent_tree,8,tree_solver,,nested,,
comprehensive-pathdependent_tree-communities_and_crime-lightgbm-p16,local,,communities_and_crime,lightgbm,pathdependent_tree,16,tree_solver,,nested,,
comprehensive-pathdependent_tree-communities_and_crime-lightgbm-p32,local,,communities_and_crime,lightgbm,pathdependent_tree,32,tree_solver,,nested,,
comprehensive-pathdependent_tree-communities_and_crime-lightgbm-p64,local,,communities_and_crime,lightgbm,pathdependent_tree,64,tree_solver,,nested,,
comprehensive-interventional_tree-communities_and_crime-lightgbm-p8,local,,communities_and_crime,lightgbm,interventional_tree,8,tree_solver,,nested,,
comprehensive-interventional_tree-communities_and_crime-lightgbm-p16,local,,communities_and_crime,lightgbm,interventional_tree,16,tree_solver,,nested,,
comprehensive-interventional_tree-communities_and_crime-lightgbm-p32,local,,communities_and_crime,lightgbm,interventional_tree,32,tree_solver,,nested,,
comprehensive-interventional_tree-communities_and_crime-lightgbm-p64,local,,communities_and_crime,lightgbm,interventional_tree,64,tree_solver,,nested,,
comprehensive-local_baseline-nhanesi-linear-p4,local,,nhanesi,linear,local_baseline,4,enumeration,,nested,,
comprehensive-local_baseline-nhanesi-linear-p8,local,,nhanesi,linear,local_baseline,8,enumeration,,nested,,
comprehensive-local_baseline-nhanesi-linear-p12,local,,nhanesi,linear,local_baseline,12,enumeration,,nested,,
comprehensive-local_baseline-nhanesi-linear-p14,local,,nhanesi,linear,local_baseline,14,enumeration,,nested,,
comprehensive-local_baseline-nhanesi-linear-p16,local,,nhanesi,linear,local_baseline,16,enumeration,,nested,,
comprehensive-dataset_valuation-nhanesi-linear-p4-f12,data,retraining_groups,nhanesi,linear,dataset_valuation,4,enumeration,12,nested,,
comprehensive-dataset_valuation-nhanesi-linear-p8-f12,data,retraining_groups,nhanesi,linear,dataset_valuation,8,enumeration,12,nested,,
comprehensive-dataset_valuation-nhanesi-linear-p12-f12,data,retraining_groups,nhanesi,linear,dataset_valuation,12,enumeration,12,nested,,
comprehensive-dataset_valuation-nhanesi-linear-p14-f12,data,retraining_groups,nhanesi,linear,dataset_valuation,14,enumeration,12,nested,,
comprehensive-dataset_valuation-nhanesi-linear-p16-f12,data,retraining_groups,nhanesi,linear,dataset_valuation,16,enumeration,12,nested,,
comprehensive-feature_selection-nhanesi-linear-p4,features,,nhanesi,linear,feature_selection,4,enumeration,,nested,,
comprehensive-feature_selection-nhanesi-linear-p8,features,,nhanesi,linear,feature_selection,8,enumeration,,nested,,
comprehensive-feature_selection-nhanesi-linear-p12,features,,nhanesi,linear,feature_selection,12,enumeration,,nested,,
comprehensive-feature_selection-nhanesi-linear-p14,features,,nhanesi,linear,feature_selection,14,enumeration,,nested,,
comprehensive-feature_selection-nhanesi-linear-p16,features,,nhanesi,linear,feature_selection,16,enumeration,,nested,,
comprehensive-local_baseline-nhanesi-random_forest-p4,local,,nhanesi,random_forest,local_baseline,4,enumeration,,nested,,
comprehensive-local_baseline-nhanesi-random_forest-p8,local,,nhanesi,random_forest,local_baseline,8,enumeration,,nested,,
comprehensive-local_baseline-nhanesi-random_forest-p12,local,,nhanesi,random_forest,local_baseline,12,enumeration,,nested,,
comprehensive-local_baseline-nhanesi-random_forest-p14,local,,nhanesi,random_forest,local_baseline,14,enumeration,,nested,,
comprehensive-local_baseline-nhanesi-random_forest-p16,local,,nhanesi,random_forest,local_baseline,16,enumeration,,nested,,
comprehensive-dataset_valuation-nhanesi-random_forest-p4-f12,data,retraining_groups,nhanesi,random_forest,dataset_valuation,4,enumeration,12,nested,,
comprehensive-dataset_valuation-nhanesi-random_forest-p8-f12,data,retraining_groups,nhanesi,random_forest,dataset_valuation,8,enumeration,12,nested,,
comprehensive-dataset_valuation-nhanesi-random_forest-p12-f12,data,retraining_groups,nhanesi,random_forest,dataset_valuation,12,enumeration,12,nested,,
comprehensive-dataset_valuation-nhanesi-random_forest-p14-f12,data,retraining_groups,nhanesi,random_forest,dataset_valuation,14,enumeration,12,nested,,
comprehensive-dataset_valuation-nhanesi-random_forest-p16-f12,data,retraining_groups,nhanesi,random_forest,dataset_valuation,16,enumeration,12,nested,,
comprehensive-feature_selection-nhanesi-random_forest-p4,features,,nhanesi,random_forest,feature_selection,4,enumeration,,nested,,
comprehensive-feature_selection-nhanesi-random_forest-p8,features,,nhanesi,random_forest,feature_selection,8,enumeration,,nested,,
comprehensive-feature_selection-nhanesi-random_forest-p12,features,,nhanesi,random_forest,feature_selection,12,enumeration,,nested,,
comprehensive-feature_selection-nhanesi-random_forest-p14,features,,nhanesi,random_forest,feature_selection,14,enumeration,,nested,,
comprehensive-feature_selection-nhanesi-random_forest-p16,features,,nhanesi,random_forest,feature_selection,16,enumeration,,nested,,
comprehensive-pathdependent_tree-nhanesi-random_forest-p8,local,,nhanesi,random_forest,pathdependent_tree,8,tree_solver,,nested,,
comprehensive-pathdependent_tree-nhanesi-random_forest-p16,local,,nhanesi,random_forest,pathdependent_tree,16,tree_solver,,nested,,
comprehensive-pathdependent_tree-nhanesi-random_forest-p32,local,,nhanesi,random_forest,pathdependent_tree,32,tree_solver,,nested,,
comprehensive-pathdependent_tree-nhanesi-random_forest-p64,local,,nhanesi,random_forest,pathdependent_tree,64,tree_solver,,nested,,
comprehensive-interventional_tree-nhanesi-random_forest-p8,local,,nhanesi,random_forest,interventional_tree,8,tree_solver,,nested,,
comprehensive-interventional_tree-nhanesi-random_forest-p16,local,,nhanesi,random_forest,interventional_tree,16,tree_solver,,nested,,
comprehensive-interventional_tree-nhanesi-random_forest-p32,local,,nhanesi,random_forest,interventional_tree,32,tree_solver,,nested,,
comprehensive-interventional_tree-nhanesi-random_forest-p64,local,,nhanesi,random_forest,interventional_tree,64,tree_solver,,nested,,
comprehensive-pathdependent_tree-nhanesi-xgboost-p8,local,,nhanesi,xgboost,pathdependent_tree,8,tree_solver,,nested,,
comprehensive-pathdependent_tree-nhanesi-xgboost-p16,local,,nhanesi,xgboost,pathdependent_tree,16,tree_solver,,nested,,
comprehensive-pathdependent_tree-nhanesi-xgboost-p32,local,,nhanesi,xgboost,pathdependent_tree,32,tree_solver,,nested,,
comprehensive-pathdependent_tree-nhanesi-xgboost-p64,local,,nhanesi,xgboost,pathdependent_tree,64,tree_solver,,nested,,
comprehensive-interventional_tree-nhanesi-xgboost-p8,local,,nhanesi,xgboost,interventional_tree,8,tree_solver,,nested,,
comprehensive-interventional_tree-nhanesi-xgboost-p16,local,,nhanesi,xgboost,interventional_tree,16,tree_solver,,nested,,
comprehensive-interventional_tree-nhanesi-xgboost-p32,local,,nhanesi,xgboost,interventional_tree,32,tree_solver,,nested,,
comprehensive-interventional_tree-nhanesi-xgboost-p64,local,,nhanesi,xgboost,interventional_tree,64,tree_solver,,nested,,
comprehensive-pathdependent_tree-nhanesi-lightgbm-p8,local,,nhanesi,lightgbm,pathdependent_tree,8,tree_solver,,nested,,
comprehensive-pathdependent_tree-nhanesi-lightgbm-p16,local,,nhanesi,lightgbm,pathdependent_tree,16,tree_solver,,nested,,
comprehensive-pathdependent_tree-nhanesi-lightgbm-p32,local,,nhanesi,lightgbm,pathdependent_tree,32,tree_solver,,nested,,
comprehensive-pathdependent_tree-nhanesi-lightgbm-p64,local,,nhanesi,lightgbm,pathdependent_tree,64,tree_solver,,nested,,
comprehensive-interventional_tree-nhanesi-lightgbm-p8,local,,nhanesi,lightgbm,interventional_tree,8,tree_solver,,nested,,
comprehensive-interventional_tree-nhanesi-lightgbm-p16,local,,nhanesi,lightgbm,interventional_tree,16,tree_solver,,nested,,
comprehensive-interventional_tree-nhanesi-lightgbm-p32,local,,nhanesi,lightgbm,interventional_tree,32,tree_solver,,nested,,
comprehensive-interventional_tree-nhanesi-lightgbm-p64,local,,nhanesi,lightgbm,interventional_tree,64,tree_solver,,nested,,
comprehensive-local_baseline-tabarena_qsar_tid11-linear-p4,local,,tabarena_qsar_tid11,linear,local_baseline,4,enumeration,,nested,,
comprehensive-local_baseline-tabarena_qsar_tid11-linear-p8,local,,tabarena_qsar_tid11,linear,local_baseline,8,enumeration,,nested,,
comprehensive-local_baseline-tabarena_qsar_tid11-linear-p12,local,,tabarena_qsar_tid11,linear,local_baseline,12,enumeration,,nested,,
comprehensive-local_baseline-tabarena_qsar_tid11-linear-p14,local,,tabarena_qsar_tid11,linear,local_baseline,14,enumeration,,nested,,
comprehensive-local_baseline-tabarena_qsar_tid11-linear-p16,local,,tabarena_qsar_tid11,linear,local_baseline,16,enumeration,,nested,,
comprehensive-dataset_valuation-tabarena_qsar_tid11-linear-p4-f12,data,retraining_groups,tabarena_qsar_tid11,linear,dataset_valuation,4,enumeration,12,nested,,
comprehensive-dataset_valuation-tabarena_qsar_tid11-linear-p8-f12,data,retraining_groups,tabarena_qsar_tid11,linear,dataset_valuation,8,enumeration,12,nested,,
comprehensive-dataset_valuation-tabarena_qsar_tid11-linear-p12-f12,data,retraining_groups,tabarena_qsar_tid11,linear,dataset_valuation,12,enumeration,12,nested,,
comprehensive-dataset_valuation-tabarena_qsar_tid11-linear-p14-f12,data,retraining_groups,tabarena_qsar_tid11,linear,dataset_valuation,14,enumeration,12,nested,,
comprehensive-dataset_valuation-tabarena_qsar_tid11-linear-p16-f12,data,retraining_groups,tabarena_qsar_tid11,linear,dataset_valuation,16,enumeration,12,nested,,
comprehensive-feature_selection-tabarena_qsar_tid11-linear-p4,features,,tabarena_qsar_tid11,linear,feature_selection,4,enumeration,,nested,,
comprehensive-feature_selection-tabarena_qsar_tid11-linear-p8,features,,tabarena_qsar_tid11,linear,feature_selection,8,enumeration,,nested,,
comprehensive-feature_selection-tabarena_qsar_tid11-linear-p12,features,,tabarena_qsar_tid11,linear,feature_selection,12,enumeration,,nested,,
comprehensive-feature_selection-tabarena_qsar_tid11-linear-p14,features,,tabarena_qsar_tid11,linear,feature_selection,14,enumeration,,nested,,
comprehensive-feature_selection-tabarena_qsar_tid11-linear-p16,features,,tabarena_qsar_tid11,linear,feature_selection,16,enumeration,,nested,,
comprehensive-local_baseline-tabarena_qsar_tid11-random_forest-p4,local,,tabarena_qsar_tid11,random_forest,local_baseline,4,enumeration,,nested,,
comprehensive-local_baseline-tabarena_qsar_tid11-random_forest-p8,local,,tabarena_qsar_tid11,random_forest,local_baseline,8,enumeration,,nested,,
comprehensive-local_baseline-tabarena_qsar_tid11-random_forest-p12,local,,tabarena_qsar_tid11,random_forest,local_baseline,12,enumeration,,nested,,
comprehensive-local_baseline-tabarena_qsar_tid11-random_forest-p14,local,,tabarena_qsar_tid11,random_forest,local_baseline,14,enumeration,,nested,,
comprehensive-local_baseline-tabarena_qsar_tid11-random_forest-p16,local,,tabarena_qsar_tid11,random_forest,local_baseline,16,enumeration,,nested,,
comprehensive-dataset_valuation-tabarena_qsar_tid11-random_forest-p4-f12,data,retraining_groups,tabarena_qsar_tid11,random_forest,dataset_valuation,4,enumeration,12,nested,,
comprehensive-dataset_valuation-tabarena_qsar_tid11-random_forest-p8-f12,data,retraining_groups,tabarena_qsar_tid11,random_forest,dataset_valuation,8,enumeration,12,nested,,
comprehensive-dataset_valuation-tabarena_qsar_tid11-random_forest-p12-f12,data,retraining_groups,tabarena_qsar_tid11,random_forest,dataset_valuation,12,enumeration,12,nested,,
comprehensive-dataset_valuation-tabarena_qsar_tid11-random_forest-p14-f12,data,retraining_groups,tabarena_qsar_tid11,random_forest,dataset_valuation,14,enumeration,12,nested,,
comprehensive-dataset_valuation-tabarena_qsar_tid11-random_forest-p16-f12,data,retraining_groups,tabarena_qsar_tid11,random_forest,dataset_valuation,16,enumeration,12,nested,,
comprehensive-feature_selection-tabarena_qsar_tid11-random_forest-p4,features,,tabarena_qsar_tid11,random_forest,feature_selection,4,enumeration,,nested,,
comprehensive-feature_selection-tabarena_qsar_tid11-random_forest-p8,features,,tabarena_qsar_tid11,random_forest,feature_selection,8,enumeration,,nested,,
comprehensive-feature_selection-tabarena_qsar_tid11-random_forest-p12,features,,tabarena_qsar_tid11,random_forest,feature_selection,12,enumeration,,nested,,
comprehensive-feature_selection-tabarena_qsar_tid11-random_forest-p14,features,,tabarena_qsar_tid11,random_forest,feature_selection,14,enumeration,,nested,,
comprehensive-feature_selection-tabarena_qsar_tid11-random_forest-p16,features,,tabarena_qsar_tid11,random_forest,feature_selection,16,enumeration,,nested,,
comprehensive-pathdependent_tree-tabarena_qsar_tid11-random_forest-p8,local,,tabarena_qsar_tid11,random_forest,pathdependent_tree,8,tree_solver,,nested,,
comprehensive-pathdependent_tree-tabarena_qsar_tid11-random_forest-p16,local,,tabarena_qsar_tid11,random_forest,pathdependent_tree,16,tree_solver,,nested,,
comprehensive-pathdependent_tree-tabarena_qsar_tid11-random_forest-p32,local,,tabarena_qsar_tid11,random_forest,pathdependent_tree,32,tree_solver,,nested,,
comprehensive-pathdependent_tree-tabarena_qsar_tid11-random_forest-p64,local,,tabarena_qsar_tid11,random_forest,pathdependent_tree,64,tree_solver,,nested,,
comprehensive-pathdependent_tree-tabarena_qsar_tid11-random_forest-p128,local,,tabarena_qsar_tid11,random_forest,pathdependent_tree,128,tree_solver,,nested,,
comprehensive-pathdependent_tree-tabarena_qsar_tid11-random_forest-p256,local,,tabarena_qsar_tid11,random_forest,pathdependent_tree,256,tree_solver,,nested,,
comprehensive-pathdependent_tree-tabarena_qsar_tid11-random_forest-p512,local,,tabarena_qsar_tid11,random_forest,pathdependent_tree,512,tree_solver,,nested,,
comprehensive-interventional_tree-tabarena_qsar_tid11-random_forest-p8,local,,tabarena_qsar_tid11,random_forest,interventional_tree,8,tree_solver,,nested,,
comprehensive-interventional_tree-tabarena_qsar_tid11-random_forest-p16,local,,tabarena_qsar_tid11,random_forest,interventional_tree,16,tree_solver,,nested,,
comprehensive-interventional_tree-tabarena_qsar_tid11-random_forest-p32,local,,tabarena_qsar_tid11,random_forest,interventional_tree,32,tree_solver,,nested,,
comprehensive-interventional_tree-tabarena_qsar_tid11-random_forest-p64,local,,tabarena_qsar_tid11,random_forest,interventional_tree,64,tree_solver,,nested,,
comprehensive-interventional_tree-tabarena_qsar_tid11-random_forest-p128,local,,tabarena_qsar_tid11,random_forest,interventional_tree,128,tree_solver,,nested,,
comprehensive-interventional_tree-tabarena_qsar_tid11-random_forest-p256,local,,tabarena_qsar_tid11,random_forest,interventional_tree,256,tree_solver,,nested,,
comprehensive-interventional_tree-tabarena_qsar_tid11-random_forest-p512,local,,tabarena_qsar_tid11,random_forest,interventional_tree,512,tree_solver,,nested,,
comprehensive-pathdependent_tree-tabarena_qsar_tid11-xgboost-p8,local,,tabarena_qsar_tid11,xgboost,pathdependent_tree,8,tree_solver,,nested,,
comprehensive-pathdependent_tree-tabarena_qsar_tid11-xgboost-p16,local,,tabarena_qsar_tid11,xgboost,pathdependent_tree,16,tree_solver,,nested,,
comprehensive-pathdependent_tree-tabarena_qsar_tid11-xgboost-p32,local,,tabarena_qsar_tid11,xgboost,pathdependent_tree,32,tree_solver,,nested,,
comprehensive-pathdependent_tree-tabarena_qsar_tid11-xgboost-p64,local,,tabarena_qsar_tid11,xgboost,pathdependent_tree,64,tree_solver,,nested,,
comprehensive-pathdependent_tree-tabarena_qsar_tid11-xgboost-p128,local,,tabarena_qsar_tid11,xgboost,pathdependent_tree,128,tree_solver,,nested,,
comprehensive-pathdependent_tree-tabarena_qsar_tid11-xgboost-p256,local,,tabarena_qsar_tid11,xgboost,pathdependent_tree,256,tree_solver,,nested,,
comprehensive-pathdependent_tree-tabarena_qsar_tid11-xgboost-p512,local,,tabarena_qsar_tid11,xgboost,pathdependent_tree,512,tree_solver,,nested,,
comprehensive-interventional_tree-tabarena_qsar_tid11-xgboost-p8,local,,tabarena_qsar_tid11,xgboost,interventional_tree,8,tree_solver,,nested,,
comprehensive-interventional_tree-tabarena_qsar_tid11-xgboost-p16,local,,tabarena_qsar_tid11,xgboost,interventional_tree,16,tree_solver,,nested,,
comprehensive-interventional_tree-tabarena_qsar_tid11-xgboost-p32,local,,tabarena_qsar_tid11,xgboost,interventional_tree,32,tree_solver,,nested,,
comprehensive-interventional_tree-tabarena_qsar_tid11-xgboost-p64,local,,tabarena_qsar_tid11,xgboost,interventional_tree,64,tree_solver,,nested,,
comprehensive-interventional_tree-tabarena_qsar_tid11-xgboost-p128,local,,tabarena_qsar_tid11,xgboost,interventional_tree,128,tree_solver,,nested,,
comprehensive-interventional_tree-tabarena_qsar_tid11-xgboost-p256,local,,tabarena_qsar_tid11,xgboost,interventional_tree,256,tree_solver,,nested,,
comprehensive-interventional_tree-tabarena_qsar_tid11-xgboost-p512,local,,tabarena_qsar_tid11,xgboost,interventional_tree,512,tree_solver,,nested,,
comprehensive-pathdependent_tree-tabarena_qsar_tid11-lightgbm-p8,local,,tabarena_qsar_tid11,lightgbm,pathdependent_tree,8,tree_solver,,nested,,
comprehensive-pathdependent_tree-tabarena_qsar_tid11-lightgbm-p16,local,,tabarena_qsar_tid11,lightgbm,pathdependent_tree,16,tree_solver,,nested,,
comprehensive-pathdependent_tree-tabarena_qsar_tid11-lightgbm-p32,local,,tabarena_qsar_tid11,lightgbm,pathdependent_tree,32,tree_solver,,nested,,
comprehensive-pathdependent_tree-tabarena_qsar_tid11-lightgbm-p64,local,,tabarena_qsar_tid11,lightgbm,pathdependent_tree,64,tree_solver,,nested,,
comprehensive-pathdependent_tree-tabarena_qsar_tid11-lightgbm-p128,local,,tabarena_qsar_tid11,lightgbm,pathdependent_tree,128,tree_solver,,nested,,
comprehensive-pathdependent_tree-tabarena_qsar_tid11-lightgbm-p256,local,,tabarena_qsar_tid11,lightgbm,pathdependent_tree,256,tree_solver,,nested,,
comprehensive-pathdependent_tree-tabarena_qsar_tid11-lightgbm-p512,local,,tabarena_qsar_tid11,lightgbm,pathdependent_tree,512,tree_solver,,nested,,
comprehensive-interventional_tree-tabarena_qsar_tid11-lightgbm-p8,local,,tabarena_qsar_tid11,lightgbm,interventional_tree,8,tree_solver,,nested,,
comprehensive-interventional_tree-tabarena_qsar_tid11-lightgbm-p16,local,,tabarena_qsar_tid11,lightgbm,interventional_tree,16,tree_solver,,nested,,
comprehensive-interventional_tree-tabarena_qsar_tid11-lightgbm-p32,local,,tabarena_qsar_tid11,lightgbm,interventional_tree,32,tree_solver,,nested,,
comprehensive-interventional_tree-tabarena_qsar_tid11-lightgbm-p64,local,,tabarena_qsar_tid11,lightgbm,interventional_tree,64,tree_solver,,nested,,
comprehensive-interventional_tree-tabarena_qsar_tid11-lightgbm-p128,local,,tabarena_qsar_tid11,lightgbm,interventional_tree,128,tree_solver,,nested,,
comprehensive-interventional_tree-tabarena_qsar_tid11-lightgbm-p256,local,,tabarena_qsar_tid11,lightgbm,interventional_tree,256,tree_solver,,nested,,
comprehensive-interventional_tree-tabarena_qsar_tid11-lightgbm-p512,local,,tabarena_qsar_tid11,lightgbm,interventional_tree,512,tree_solver,,nested,,
comprehensive-local_baseline-tabarena_miami_housing-linear-p4,local,,tabarena_miami_housing,linear,local_baseline,4,enumeration,,nested,,
comprehensive-local_baseline-tabarena_miami_housing-linear-p8,local,,tabarena_miami_housing,linear,local_baseline,8,enumeration,,nested,,
comprehensive-local_baseline-tabarena_miami_housing-linear-p12,local,,tabarena_miami_housing,linear,local_baseline,12,enumeration,,nested,,
comprehensive-local_baseline-tabarena_miami_housing-linear-p14,local,,tabarena_miami_housing,linear,local_baseline,14,enumeration,,nested,,
comprehensive-local_baseline-tabarena_miami_housing-linear-p15,local,,tabarena_miami_housing,linear,local_baseline,15,enumeration,,nested,,
comprehensive-dataset_valuation-tabarena_miami_housing-linear-p4-f12,data,retraining_groups,tabarena_miami_housing,linear,dataset_valuation,4,enumeration,12,nested,,
comprehensive-dataset_valuation-tabarena_miami_housing-linear-p8-f12,data,retraining_groups,tabarena_miami_housing,linear,dataset_valuation,8,enumeration,12,nested,,
comprehensive-dataset_valuation-tabarena_miami_housing-linear-p12-f12,data,retraining_groups,tabarena_miami_housing,linear,dataset_valuation,12,enumeration,12,nested,,
comprehensive-dataset_valuation-tabarena_miami_housing-linear-p14-f12,data,retraining_groups,tabarena_miami_housing,linear,dataset_valuation,14,enumeration,12,nested,,
comprehensive-dataset_valuation-tabarena_miami_housing-linear-p16-f12,data,retraining_groups,tabarena_miami_housing,linear,dataset_valuation,16,enumeration,12,nested,,
comprehensive-feature_selection-tabarena_miami_housing-linear-p4,features,,tabarena_miami_housing,linear,feature_selection,4,enumeration,,nested,,
comprehensive-feature_selection-tabarena_miami_housing-linear-p8,features,,tabarena_miami_housing,linear,feature_selection,8,enumeration,,nested,,
comprehensive-feature_selection-tabarena_miami_housing-linear-p12,features,,tabarena_miami_housing,linear,feature_selection,12,enumeration,,nested,,
comprehensive-feature_selection-tabarena_miami_housing-linear-p14,features,,tabarena_miami_housing,linear,feature_selection,14,enumeration,,nested,,
comprehensive-feature_selection-tabarena_miami_housing-linear-p15,features,,tabarena_miami_housing,linear,feature_selection,15,enumeration,,nested,,
comprehensive-local_baseline-tabarena_miami_housing-random_forest-p4,local,,tabarena_miami_housing,random_forest,local_baseline,4,enumeration,,nested,,
comprehensive-local_baseline-tabarena_miami_housing-random_forest-p8,local,,tabarena_miami_housing,random_forest,local_baseline,8,enumeration,,nested,,
comprehensive-local_baseline-tabarena_miami_housing-random_forest-p12,local,,tabarena_miami_housing,random_forest,local_baseline,12,enumeration,,nested,,
comprehensive-local_baseline-tabarena_miami_housing-random_forest-p14,local,,tabarena_miami_housing,random_forest,local_baseline,14,enumeration,,nested,,
comprehensive-local_baseline-tabarena_miami_housing-random_forest-p15,local,,tabarena_miami_housing,random_forest,local_baseline,15,enumeration,,nested,,
comprehensive-dataset_valuation-tabarena_miami_housing-random_forest-p4-f12,data,retraining_groups,tabarena_miami_housing,random_forest,dataset_valuation,4,enumeration,12,nested,,
comprehensive-dataset_valuation-tabarena_miami_housing-random_forest-p8-f12,data,retraining_groups,tabarena_miami_housing,random_forest,dataset_valuation,8,enumeration,12,nested,,
comprehensive-dataset_valuation-tabarena_miami_housing-random_forest-p12-f12,data,retraining_groups,tabarena_miami_housing,random_forest,dataset_valuation,12,enumeration,12,nested,,
comprehensive-dataset_valuation-tabarena_miami_housing-random_forest-p14-f12,data,retraining_groups,tabarena_miami_housing,random_forest,dataset_valuation,14,enumeration,12,nested,,
comprehensive-dataset_valuation-tabarena_miami_housing-random_forest-p16-f12,data,retraining_groups,tabarena_miami_housing,random_forest,dataset_valuation,16,enumeration,12,nested,,
comprehensive-feature_selection-tabarena_miami_housing-random_forest-p4,features,,tabarena_miami_housing,random_forest,feature_selection,4,enumeration,,nested,,
comprehensive-feature_selection-tabarena_miami_housing-random_forest-p8,features,,tabarena_miami_housing,random_forest,feature_selection,8,enumeration,,nested,,
comprehensive-feature_selection-tabarena_miami_housing-random_forest-p12,features,,tabarena_miami_housing,random_forest,feature_selection,12,enumeration,,nested,,
comprehensive-feature_selection-tabarena_miami_housing-random_forest-p14,features,,tabarena_miami_housing,random_forest,feature_selection,14,enumeration,,nested,,
comprehensive-feature_selection-tabarena_miami_housing-random_forest-p15,features,,tabarena_miami_housing,random_forest,feature_selection,15,enumeration,,nested,,
comprehensive-pathdependent_tree-tabarena_miami_housing-random_forest-p8,local,,tabarena_miami_housing,random_forest,pathdependent_tree,8,tree_solver,,nested,,
comprehensive-interventional_tree-tabarena_miami_housing-random_forest-p8,local,,tabarena_miami_housing,random_forest,interventional_tree,8,tree_solver,,nested,,
comprehensive-pathdependent_tree-tabarena_miami_housing-xgboost-p8,local,,tabarena_miami_housing,xgboost,pathdependent_tree,8,tree_solver,,nested,,
comprehensive-interventional_tree-tabarena_miami_housing-xgboost-p8,local,,tabarena_miami_housing,xgboost,interventional_tree,8,tree_solver,,nested,,
comprehensive-pathdependent_tree-tabarena_miami_housing-lightgbm-p8,local,,tabarena_miami_housing,lightgbm,pathdependent_tree,8,tree_solver,,nested,,
comprehensive-interventional_tree-tabarena_miami_housing-lightgbm-p8,local,,tabarena_miami_housing,lightgbm,interventional_tree,8,tree_solver,,nested,,
comprehensive-local_baseline-tabarena_superconductivity-linear-p4,local,,tabarena_superconductivity,linear,local_baseline,4,enumeration,,nested,,
comprehensive-local_baseline-tabarena_superconductivity-linear-p8,local,,tabarena_superconductivity,linear,local_baseline,8,enumeration,,nested,,
comprehensive-local_baseline-tabarena_superconductivity-linear-p12,local,,tabarena_superconductivity,linear,local_baseline,12,enumeration,,nested,,
comprehensive-local_baseline-tabarena_superconductivity-linear-p14,local,,tabarena_superconductivity,linear,local_baseline,14,enumeration,,nested,,
comprehensive-local_baseline-tabarena_superconductivity-linear-p16,local,,tabarena_superconductivity,linear,local_baseline,16,enumeration,,nested,,
comprehensive-dataset_valuation-tabarena_superconductivity-linear-p4-f12,data,retraining_groups,tabarena_superconductivity,linear,dataset_valuation,4,enumeration,12,nested,,
comprehensive-dataset_valuation-tabarena_superconductivity-linear-p8-f12,data,retraining_groups,tabarena_superconductivity,linear,dataset_valuation,8,enumeration,12,nested,,
comprehensive-dataset_valuation-tabarena_superconductivity-linear-p12-f12,data,retraining_groups,tabarena_superconductivity,linear,dataset_valuation,12,enumeration,12,nested,,
comprehensive-dataset_valuation-tabarena_superconductivity-linear-p14-f12,data,retraining_groups,tabarena_superconductivity,linear,dataset_valuation,14,enumeration,12,nested,,
comprehensive-dataset_valuation-tabarena_superconductivity-linear-p16-f12,data,retraining_groups,tabarena_superconductivity,linear,dataset_valuation,16,enumeration,12,nested,,
comprehensive-feature_selection-tabarena_superconductivity-linear-p4,features,,tabarena_superconductivity,linear,feature_selection,4,enumeration,,nested,,
comprehensive-feature_selection-tabarena_superconductivity-linear-p8,features,,tabarena_superconductivity,linear,feature_selection,8,enumeration,,nested,,
comprehensive-feature_selection-tabarena_superconductivity-linear-p12,features,,tabarena_superconductivity,linear,feature_selection,12,enumeration,,nested,,
comprehensive-feature_selection-tabarena_superconductivity-linear-p14,features,,tabarena_superconductivity,linear,feature_selection,14,enumeration,,nested,,
comprehensive-feature_selection-tabarena_superconductivity-linear-p16,features,,tabarena_superconductivity,linear,feature_selection,16,enumeration,,nested,,
comprehensive-local_baseline-tabarena_superconductivity-random_forest-p4,local,,tabarena_superconductivity,random_forest,local_baseline,4,enumeration,,nested,,
comprehensive-local_baseline-tabarena_superconductivity-random_forest-p8,local,,tabarena_superconductivity,random_forest,local_baseline,8,enumeration,,nested,,
comprehensive-local_baseline-tabarena_superconductivity-random_forest-p12,local,,tabarena_superconductivity,random_forest,local_baseline,12,enumeration,,nested,,
comprehensive-local_baseline-tabarena_superconductivity-random_forest-p14,local,,tabarena_superconductivity,random_forest,local_baseline,14,enumeration,,nested,,
comprehensive-local_baseline-tabarena_superconductivity-random_forest-p16,local,,tabarena_superconductivity,random_forest,local_baseline,16,enumeration,,nested,,
comprehensive-dataset_valuation-tabarena_superconductivity-random_forest-p4-f12,data,retraining_groups,tabarena_superconductivity,random_forest,dataset_valuation,4,enumeration,12,nested,,
comprehensive-dataset_valuation-tabarena_superconductivity-random_forest-p8-f12,data,retraining_groups,tabarena_superconductivity,random_forest,dataset_valuation,8,enumeration,12,nested,,
comprehensive-dataset_valuation-tabarena_superconductivity-random_forest-p12-f12,data,retraining_groups,tabarena_superconductivity,random_forest,dataset_valuation,12,enumeration,12,nested,,
comprehensive-dataset_valuation-tabarena_superconductivity-random_forest-p14-f12,data,retraining_groups,tabarena_superconductivity,random_forest,dataset_valuation,14,enumeration,12,nested,,
comprehensive-dataset_valuation-tabarena_superconductivity-random_forest-p16-f12,data,retraining_groups,tabarena_superconductivity,random_forest,dataset_valuation,16,enumeration,12,nested,,
comprehensive-feature_selection-tabarena_superconductivity-random_forest-p4,features,,tabarena_superconductivity,random_forest,feature_selection,4,enumeration,,nested,,
comprehensive-feature_selection-tabarena_superconductivity-random_forest-p8,features,,tabarena_superconductivity,random_forest,feature_selection,8,enumeration,,nested,,
comprehensive-feature_selection-tabarena_superconductivity-random_forest-p12,features,,tabarena_superconductivity,random_forest,feature_selection,12,enumeration,,nested,,
comprehensive-feature_selection-tabarena_superconductivity-random_forest-p14,features,,tabarena_superconductivity,random_forest,feature_selection,14,enumeration,,nested,,
comprehensive-feature_selection-tabarena_superconductivity-random_forest-p16,features,,tabarena_superconductivity,random_forest,feature_selection,16,enumeration,,nested,,
comprehensive-pathdependent_tree-tabarena_superconductivity-random_forest-p8,local,,tabarena_superconductivity,random_forest,pathdependent_tree,8,tree_solver,,nested,,
comprehensive-pathdependent_tree-tabarena_superconductivity-random_forest-p16,local,,tabarena_superconductivity,random_forest,pathdependent_tree,16,tree_solver,,nested,,
comprehensive-pathdependent_tree-tabarena_superconductivity-random_forest-p32,local,,tabarena_superconductivity,random_forest,pathdependent_tree,32,tree_solver,,nested,,
comprehensive-pathdependent_tree-tabarena_superconductivity-random_forest-p64,local,,tabarena_superconductivity,random_forest,pathdependent_tree,64,tree_solver,,nested,,
comprehensive-interventional_tree-tabarena_superconductivity-random_forest-p8,local,,tabarena_superconductivity,random_forest,interventional_tree,8,tree_solver,,nested,,
comprehensive-interventional_tree-tabarena_superconductivity-random_forest-p16,local,,tabarena_superconductivity,random_forest,interventional_tree,16,tree_solver,,nested,,
comprehensive-interventional_tree-tabarena_superconductivity-random_forest-p32,local,,tabarena_superconductivity,random_forest,interventional_tree,32,tree_solver,,nested,,
comprehensive-interventional_tree-tabarena_superconductivity-random_forest-p64,local,,tabarena_superconductivity,random_forest,interventional_tree,64,tree_solver,,nested,,
comprehensive-pathdependent_tree-tabarena_superconductivity-xgboost-p8,local,,tabarena_superconductivity,xgboost,pathdependent_tree,8,tree_solver,,nested,,
comprehensive-pathdependent_tree-tabarena_superconductivity-xgboost-p16,local,,tabarena_superconductivity,xgboost,pathdependent_tree,16,tree_solver,,nested,,
comprehensive-pathdependent_tree-tabarena_superconductivity-xgboost-p32,local,,tabarena_superconductivity,xgboost,pathdependent_tree,32,tree_solver,,nested,,
comprehensive-pathdependent_tree-tabarena_superconductivity-xgboost-p64,local,,tabarena_superconductivity,xgboost,pathdependent_tree,64,tree_solver,,nested,,
comprehensive-interventional_tree-tabarena_superconductivity-xgboost-p8,local,,tabarena_superconductivity,xgboost,interventional_tree,8,tree_solver,,nested,,
comprehensive-interventional_tree-tabarena_superconductivity-xgboost-p16,local,,tabarena_superconductivity,xgboost,interventional_tree,16,tree_solver,,nested,,
comprehensive-interventional_tree-tabarena_superconductivity-xgboost-p32,local,,tabarena_superconductivity,xgboost,interventional_tree,32,tree_solver,,nested,,
comprehensive-interventional_tree-tabarena_superconductivity-xgboost-p64,local,,tabarena_superconductivity,xgboost,interventional_tree,64,tree_solver,,nested,,
comprehensive-pathdependent_tree-tabarena_superconductivity-lightgbm-p8,local,,tabarena_superconductivity,lightgbm,pathdependent_tree,8,tree_solver,,nested,,
comprehensive-pathdependent_tree-tabarena_superconductivity-lightgbm-p16,local,,tabarena_superconductivity,lightgbm,pathdependent_tree,16,tree_solver,,nested,,
comprehensive-pathdependent_tree-tabarena_superconductivity-lightgbm-p32,local,,tabarena_superconductivity,lightgbm,pathdependent_tree,32,tree_solver,,nested,,
comprehensive-pathdependent_tree-tabarena_superconductivity-lightgbm-p64,local,,tabarena_superconductivity,lightgbm,pathdependent_tree,64,tree_solver,,nested,,
comprehensive-interventional_tree-tabarena_superconductivity-lightgbm-p8,local,,tabarena_superconductivity,lightgbm,interventional_tree,8,tree_solver,,nested,,
comprehensive-interventional_tree-tabarena_superconductivity-lightgbm-p16,local,,tabarena_superconductivity,lightgbm,interventional_tree,16,tree_solver,,nested,,
comprehensive-interventional_tree-tabarena_superconductivity-lightgbm-p32,local,,tabarena_superconductivity,lightgbm,interventional_tree,32,tree_solver,,nested,,
comprehensive-interventional_tree-tabarena_superconductivity-lightgbm-p64,local,,tabarena_superconductivity,lightgbm,interventional_tree,64,tree_solver,,nested,,
comprehensive-local_baseline-california_housing-linear-p4,local,,california_housing,linear,local_baseline,4,enumeration,,nested,,
comprehensive-local_baseline-california_housing-linear-p8,local,,california_housing,linear,local_baseline,8,enumeration,,nested,,
comprehensive-dataset_valuation-california_housing-linear-p4-f8,data,retraining_groups,california_housing,linear,dataset_valuation,4,enumeration,8,nested,,
comprehensive-dataset_valuation-california_housing-linear-p8-f8,data,retraining_groups,california_housing,linear,dataset_valuation,8,enumeration,8,nested,,
comprehensive-dataset_valuation-california_housing-linear-p12-f8,data,retraining_groups,california_housing,linear,dataset_valuation,12,enumeration,8,nested,,
comprehensive-dataset_valuation-california_housing-linear-p14-f8,data,retraining_groups,california_housing,linear,dataset_valuation,14,enumeration,8,nested,,
comprehensive-dataset_valuation-california_housing-linear-p16-f8,data,retraining_groups,california_housing,linear,dataset_valuation,16,enumeration,8,nested,,
comprehensive-feature_selection-california_housing-linear-p4,features,,california_housing,linear,feature_selection,4,enumeration,,nested,,
comprehensive-feature_selection-california_housing-linear-p8,features,,california_housing,linear,feature_selection,8,enumeration,,nested,,
comprehensive-local_baseline-california_housing-random_forest-p4,local,,california_housing,random_forest,local_baseline,4,enumeration,,nested,,
comprehensive-local_baseline-california_housing-random_forest-p8,local,,california_housing,random_forest,local_baseline,8,enumeration,,nested,,
comprehensive-dataset_valuation-california_housing-random_forest-p4-f8,data,retraining_groups,california_housing,random_forest,dataset_valuation,4,enumeration,8,nested,,
comprehensive-dataset_valuation-california_housing-random_forest-p8-f8,data,retraining_groups,california_housing,random_forest,dataset_valuation,8,enumeration,8,nested,,
comprehensive-dataset_valuation-california_housing-random_forest-p12-f8,data,retraining_groups,california_housing,random_forest,dataset_valuation,12,enumeration,8,nested,,
comprehensive-dataset_valuation-california_housing-random_forest-p14-f8,data,retraining_groups,california_housing,random_forest,dataset_valuation,14,enumeration,8,nested,,
comprehensive-dataset_valuation-california_housing-random_forest-p16-f8,data,retraining_groups,california_housing,random_forest,dataset_valuation,16,enumeration,8,nested,,
comprehensive-feature_selection-california_housing-random_forest-p4,features,,california_housing,random_forest,feature_selection,4,enumeration,,nested,,
comprehensive-feature_selection-california_housing-random_forest-p8,features,,california_housing,random_forest,feature_selection,8,enumeration,,nested,,
comprehensive-pathdependent_tree-california_housing-random_forest-p8,local,,california_housing,random_forest,pathdependent_tree,8,tree_solver,,nested,,
comprehensive-interventional_tree-california_housing-random_forest-p8,local,,california_housing,random_forest,interventional_tree,8,tree_solver,,nested,,
comprehensive-pathdependent_tree-california_housing-xgboost-p8,local,,california_housing,xgboost,pathdependent_tree,8,tree_solver,,nested,,
comprehensive-interventional_tree-california_housing-xgboost-p8,local,,california_housing,xgboost,interventional_tree,8,tree_solver,,nested,,
comprehensive-pathdependent_tree-california_housing-lightgbm-p8,local,,california_housing,lightgbm,pathdependent_tree,8,tree_solver,,nested,,
comprehensive-interventional_tree-california_housing-lightgbm-p8,local,,california_housing,lightgbm,interventional_tree,8,tree_solver,,nested,,
comprehensive-local_baseline-diabetes-linear-p4,local,,diabetes,linear,local_baseline,4,enumeration,,nested,,
comprehensive-local_baseline-diabetes-linear-p8,local,,diabetes,linear,local_baseline,8,enumeration,,nested,,
comprehensive-local_baseline-diabetes-linear-p10,local,,diabetes,linear,local_baseline,10,enumeration,,nested,,
comprehensive-dataset_valuation-diabetes-linear-p4-f10,data,retraining_groups,diabetes,linear,dataset_valuation,4,enumeration,10,nested,,
comprehensive-dataset_valuation-diabetes-linear-p8-f10,data,retraining_groups,diabetes,linear,dataset_valuation,8,enumeration,10,nested,,
comprehensive-dataset_valuation-diabetes-linear-p12-f10,data,retraining_groups,diabetes,linear,dataset_valuation,12,enumeration,10,nested,,
comprehensive-dataset_valuation-diabetes-linear-p14-f10,data,retraining_groups,diabetes,linear,dataset_valuation,14,enumeration,10,nested,,
comprehensive-dataset_valuation-diabetes-linear-p16-f10,data,retraining_groups,diabetes,linear,dataset_valuation,16,enumeration,10,nested,,
comprehensive-feature_selection-diabetes-linear-p4,features,,diabetes,linear,feature_selection,4,enumeration,,nested,,
comprehensive-feature_selection-diabetes-linear-p8,features,,diabetes,linear,feature_selection,8,enumeration,,nested,,
comprehensive-feature_selection-diabetes-linear-p10,features,,diabetes,linear,feature_selection,10,enumeration,,nested,,
comprehensive-local_baseline-diabetes-random_forest-p4,local,,diabetes,random_forest,local_baseline,4,enumeration,,nested,,
comprehensive-local_baseline-diabetes-random_forest-p8,local,,diabetes,random_forest,local_baseline,8,enumeration,,nested,,
comprehensive-local_baseline-diabetes-random_forest-p10,local,,diabetes,random_forest,local_baseline,10,enumeration,,nested,,
comprehensive-dataset_valuation-diabetes-random_forest-p4-f10,data,retraining_groups,diabetes,random_forest,dataset_valuation,4,enumeration,10,nested,,
comprehensive-dataset_valuation-diabetes-random_forest-p8-f10,data,retraining_groups,diabetes,random_forest,dataset_valuation,8,enumeration,10,nested,,
comprehensive-dataset_valuation-diabetes-random_forest-p12-f10,data,retraining_groups,diabetes,random_forest,dataset_valuation,12,enumeration,10,nested,,
comprehensive-dataset_valuation-diabetes-random_forest-p14-f10,data,retraining_groups,diabetes,random_forest,dataset_valuation,14,enumeration,10,nested,,
comprehensive-dataset_valuation-diabetes-random_forest-p16-f10,data,retraining_groups,diabetes,random_forest,dataset_valuation,16,enumeration,10,nested,,
comprehensive-feature_selection-diabetes-random_forest-p4,features,,diabetes,random_forest,feature_selection,4,enumeration,,nested,,
comprehensive-feature_selection-diabetes-random_forest-p8,features,,diabetes,random_forest,feature_selection,8,enumeration,,nested,,
comprehensive-feature_selection-diabetes-random_forest-p10,features,,diabetes,random_forest,feature_selection,10,enumeration,,nested,,
comprehensive-pathdependent_tree-diabetes-random_forest-p8,local,,diabetes,random_forest,pathdependent_tree,8,tree_solver,,nested,,
comprehensive-interventional_tree-diabetes-random_forest-p8,local,,diabetes,random_forest,interventional_tree,8,tree_solver,,nested,,
comprehensive-pathdependent_tree-diabetes-xgboost-p8,local,,diabetes,xgboost,pathdependent_tree,8,tree_solver,,nested,,
comprehensive-interventional_tree-diabetes-xgboost-p8,local,,diabetes,xgboost,interventional_tree,8,tree_solver,,nested,,
comprehensive-pathdependent_tree-diabetes-lightgbm-p8,local,,diabetes,lightgbm,pathdependent_tree,8,tree_solver,,nested,,
comprehensive-interventional_tree-diabetes-lightgbm-p8,local,,diabetes,lightgbm,interventional_tree,8,tree_solver,,nested,,
comprehensive-local_baseline-bike_sharing-linear-p4,local,,bike_sharing,linear,local_baseline,4,enumeration,,nested,,
comprehensive-local_baseline-bike_sharing-linear-p8,local,,bike_sharing,linear,local_baseline,8,enumeration,,nested,,
comprehensive-local_baseline-bike_sharing-linear-p12,local,,bike_sharing,linear,local_baseline,12,enumeration,,nested,,
comprehensive-dataset_valuation-bike_sharing-linear-p4-f12,data,retraining_groups,bike_sharing,linear,dataset_valuation,4,enumeration,12,nested,,
comprehensive-dataset_valuation-bike_sharing-linear-p8-f12,data,retraining_groups,bike_sharing,linear,dataset_valuation,8,enumeration,12,nested,,
comprehensive-dataset_valuation-bike_sharing-linear-p12-f12,data,retraining_groups,bike_sharing,linear,dataset_valuation,12,enumeration,12,nested,,
comprehensive-dataset_valuation-bike_sharing-linear-p14-f12,data,retraining_groups,bike_sharing,linear,dataset_valuation,14,enumeration,12,nested,,
comprehensive-dataset_valuation-bike_sharing-linear-p16-f12,data,retraining_groups,bike_sharing,linear,dataset_valuation,16,enumeration,12,nested,,
comprehensive-feature_selection-bike_sharing-linear-p4,features,,bike_sharing,linear,feature_selection,4,enumeration,,nested,,
comprehensive-feature_selection-bike_sharing-linear-p8,features,,bike_sharing,linear,feature_selection,8,enumeration,,nested,,
comprehensive-feature_selection-bike_sharing-linear-p12,features,,bike_sharing,linear,feature_selection,12,enumeration,,nested,,
comprehensive-local_baseline-bike_sharing-random_forest-p4,local,,bike_sharing,random_forest,local_baseline,4,enumeration,,nested,,
comprehensive-local_baseline-bike_sharing-random_forest-p8,local,,bike_sharing,random_forest,local_baseline,8,enumeration,,nested,,
comprehensive-local_baseline-bike_sharing-random_forest-p12,local,,bike_sharing,random_forest,local_baseline,12,enumeration,,nested,,
comprehensive-dataset_valuation-bike_sharing-random_forest-p4-f12,data,retraining_groups,bike_sharing,random_forest,dataset_valuation,4,enumeration,12,nested,,
comprehensive-dataset_valuation-bike_sharing-random_forest-p8-f12,data,retraining_groups,bike_sharing,random_forest,dataset_valuation,8,enumeration,12,nested,,
comprehensive-dataset_valuation-bike_sharing-random_forest-p12-f12,data,retraining_groups,bike_sharing,random_forest,dataset_valuation,12,enumeration,12,nested,,
comprehensive-dataset_valuation-bike_sharing-random_forest-p14-f12,data,retraining_groups,bike_sharing,random_forest,dataset_valuation,14,enumeration,12,nested,,
comprehensive-dataset_valuation-bike_sharing-random_forest-p16-f12,data,retraining_groups,bike_sharing,random_forest,dataset_valuation,16,enumeration,12,nested,,
comprehensive-feature_selection-bike_sharing-random_forest-p4,features,,bike_sharing,random_forest,feature_selection,4,enumeration,,nested,,
comprehensive-feature_selection-bike_sharing-random_forest-p8,features,,bike_sharing,random_forest,feature_selection,8,enumeration,,nested,,
comprehensive-feature_selection-bike_sharing-random_forest-p12,features,,bike_sharing,random_forest,feature_selection,12,enumeration,,nested,,
comprehensive-pathdependent_tree-bike_sharing-random_forest-p8,local,,bike_sharing,random_forest,pathdependent_tree,8,tree_solver,,nested,,
comprehensive-interventional_tree-bike_sharing-random_forest-p8,local,,bike_sharing,random_forest,interventional_tree,8,tree_solver,,nested,,
comprehensive-pathdependent_tree-bike_sharing-xgboost-p8,local,,bike_sharing,xgboost,pathdependent_tree,8,tree_solver,,nested,,
comprehensive-interventional_tree-bike_sharing-xgboost-p8,local,,bike_sharing,xgboost,interventional_tree,8,tree_solver,,nested,,
comprehensive-pathdependent_tree-bike_sharing-lightgbm-p8,local,,bike_sharing,lightgbm,pathdependent_tree,8,tree_solver,,nested,,
comprehensive-interventional_tree-bike_sharing-lightgbm-p8,local,,bike_sharing,lightgbm,interventional_tree,8,tree_solver,,nested,,
comprehensive-local_baseline-tabarena_airfoil_self_noise-linear-p4,local,,tabarena_airfoil_self_noise,linear,local_baseline,4,enumeration,,nested,,
comprehensive-local_baseline-tabarena_airfoil_self_noise-linear-p5,local,,tabarena_airfoil_self_noise,linear,local_baseline,5,enumeration,,nested,,
comprehensive-dataset_valuation-tabarena_airfoil_self_noise-linear-p4-f5,data,retraining_groups,tabarena_airfoil_self_noise,linear,dataset_valuation,4,enumeration,5,nested,,
comprehensive-dataset_valuation-tabarena_airfoil_self_noise-linear-p8-f5,data,retraining_groups,tabarena_airfoil_self_noise,linear,dataset_valuation,8,enumeration,5,nested,,
comprehensive-dataset_valuation-tabarena_airfoil_self_noise-linear-p12-f5,data,retraining_groups,tabarena_airfoil_self_noise,linear,dataset_valuation,12,enumeration,5,nested,,
comprehensive-dataset_valuation-tabarena_airfoil_self_noise-linear-p14-f5,data,retraining_groups,tabarena_airfoil_self_noise,linear,dataset_valuation,14,enumeration,5,nested,,
comprehensive-dataset_valuation-tabarena_airfoil_self_noise-linear-p16-f5,data,retraining_groups,tabarena_airfoil_self_noise,linear,dataset_valuation,16,enumeration,5,nested,,
comprehensive-feature_selection-tabarena_airfoil_self_noise-linear-p4,features,,tabarena_airfoil_self_noise,linear,feature_selection,4,enumeration,,nested,,
comprehensive-feature_selection-tabarena_airfoil_self_noise-linear-p5,features,,tabarena_airfoil_self_noise,linear,feature_selection,5,enumeration,,nested,,
comprehensive-local_baseline-tabarena_airfoil_self_noise-random_forest-p4,local,,tabarena_airfoil_self_noise,random_forest,local_baseline,4,enumeration,,nested,,
comprehensive-local_baseline-tabarena_airfoil_self_noise-random_forest-p5,local,,tabarena_airfoil_self_noise,random_forest,local_baseline,5,enumeration,,nested,,
comprehensive-dataset_valuation-tabarena_airfoil_self_noise-random_forest-p4-f5,data,retraining_groups,tabarena_airfoil_self_noise,random_forest,dataset_valuation,4,enumeration,5,nested,,
comprehensive-dataset_valuation-tabarena_airfoil_self_noise-random_forest-p8-f5,data,retraining_groups,tabarena_airfoil_self_noise,random_forest,dataset_valuation,8,enumeration,5,nested,,
comprehensive-dataset_valuation-tabarena_airfoil_self_noise-random_forest-p12-f5,data,retraining_groups,tabarena_airfoil_self_noise,random_forest,dataset_valuation,12,enumeration,5,nested,,
comprehensive-dataset_valuation-tabarena_airfoil_self_noise-random_forest-p14-f5,data,retraining_groups,tabarena_airfoil_self_noise,random_forest,dataset_valuation,14,enumeration,5,nested,,
comprehensive-dataset_valuation-tabarena_airfoil_self_noise-random_forest-p16-f5,data,retraining_groups,tabarena_airfoil_self_noise,random_forest,dataset_valuation,16,enumeration,5,nested,,
comprehensive-feature_selection-tabarena_airfoil_self_noise-random_forest-p4,features,,tabarena_airfoil_self_noise,random_forest,feature_selection,4,enumeration,,nested,,
comprehensive-feature_selection-tabarena_airfoil_self_noise-random_forest-p5,features,,tabarena_airfoil_self_noise,random_forest,feature_selection,5,enumeration,,nested,,
comprehensive-local_baseline-tabarena_concrete_strength-linear-p4,local,,tabarena_concrete_strength,linear,local_baseline,4,enumeration,,nested,,
comprehensive-local_baseline-tabarena_concrete_strength-linear-p8,local,,tabarena_concrete_strength,linear,local_baseline,8,enumeration,,nested,,
comprehensive-dataset_valuation-tabarena_concrete_strength-linear-p4-f8,data,retraining_groups,tabarena_concrete_strength,linear,dataset_valuation,4,enumeration,8,nested,,
comprehensive-dataset_valuation-tabarena_concrete_strength-linear-p8-f8,data,retraining_groups,tabarena_concrete_strength,linear,dataset_valuation,8,enumeration,8,nested,,
comprehensive-dataset_valuation-tabarena_concrete_strength-linear-p12-f8,data,retraining_groups,tabarena_concrete_strength,linear,dataset_valuation,12,enumeration,8,nested,,
comprehensive-dataset_valuation-tabarena_concrete_strength-linear-p14-f8,data,retraining_groups,tabarena_concrete_strength,linear,dataset_valuation,14,enumeration,8,nested,,
comprehensive-dataset_valuation-tabarena_concrete_strength-linear-p16-f8,data,retraining_groups,tabarena_concrete_strength,linear,dataset_valuation,16,enumeration,8,nested,,
comprehensive-feature_selection-tabarena_concrete_strength-linear-p4,features,,tabarena_concrete_strength,linear,feature_selection,4,enumeration,,nested,,
comprehensive-feature_selection-tabarena_concrete_strength-linear-p8,features,,tabarena_concrete_strength,linear,feature_selection,8,enumeration,,nested,,
comprehensive-local_baseline-tabarena_concrete_strength-random_forest-p4,local,,tabarena_concrete_strength,random_forest,local_baseline,4,enumeration,,nested,,
comprehensive-local_baseline-tabarena_concrete_strength-random_forest-p8,local,,tabarena_concrete_strength,random_forest,local_baseline,8,enumeration,,nested,,
comprehensive-dataset_valuation-tabarena_concrete_strength-random_forest-p4-f8,data,retraining_groups,tabarena_concrete_strength,random_forest,dataset_valuation,4,enumeration,8,nested,,
comprehensive-dataset_valuation-tabarena_concrete_strength-random_forest-p8-f8,data,retraining_groups,tabarena_concrete_strength,random_forest,dataset_valuation,8,enumeration,8,nested,,
comprehensive-dataset_valuation-tabarena_concrete_strength-random_forest-p12-f8,data,retraining_groups,tabarena_concrete_strength,random_forest,dataset_valuation,12,enumeration,8,nested,,
comprehensive-dataset_valuation-tabarena_concrete_strength-random_forest-p14-f8,data,retraining_groups,tabarena_concrete_strength,random_forest,dataset_valuation,14,enumeration,8,nested,,
comprehensive-dataset_valuation-tabarena_concrete_strength-random_forest-p16-f8,data,retraining_groups,tabarena_concrete_strength,random_forest,dataset_valuation,16,enumeration,8,nested,,
comprehensive-feature_selection-tabarena_concrete_strength-random_forest-p4,features,,tabarena_concrete_strength,random_forest,feature_selection,4,enumeration,,nested,,
comprehensive-feature_selection-tabarena_concrete_strength-random_forest-p8,features,,tabarena_concrete_strength,random_forest,feature_selection,8,enumeration,,nested,,
comprehensive-pathdependent_tree-tabarena_concrete_strength-random_forest-p8,local,,tabarena_concrete_strength,random_forest,pathdependent_tree,8,tree_solver,,nested,,
comprehensive-interventional_tree-tabarena_concrete_strength-random_forest-p8,local,,tabarena_concrete_strength,random_forest,interventional_tree,8,tree_solver,,nested,,
comprehensive-pathdependent_tree-tabarena_concrete_strength-xgboost-p8,local,,tabarena_concrete_strength,xgboost,pathdependent_tree,8,tree_solver,,nested,,
comprehensive-interventional_tree-tabarena_concrete_strength-xgboost-p8,local,,tabarena_concrete_strength,xgboost,interventional_tree,8,tree_solver,,nested,,
comprehensive-pathdependent_tree-tabarena_concrete_strength-lightgbm-p8,local,,tabarena_concrete_strength,lightgbm,pathdependent_tree,8,tree_solver,,nested,,
comprehensive-interventional_tree-tabarena_concrete_strength-lightgbm-p8,local,,tabarena_concrete_strength,lightgbm,interventional_tree,8,tree_solver,,nested,,
comprehensive-local_baseline-tabarena_protein-linear-p4,local,,tabarena_protein,linear,local_baseline,4,enumeration,,nested,,
comprehensive-local_baseline-tabarena_protein-linear-p8,local,,tabarena_protein,linear,local_baseline,8,enumeration,,nested,,
comprehensive-local_baseline-tabarena_protein-linear-p9,local,,tabarena_protein,linear,local_baseline,9,enumeration,,nested,,
comprehensive-dataset_valuation-tabarena_protein-linear-p4-f9,data,retraining_groups,tabarena_protein,linear,dataset_valuation,4,enumeration,9,nested,,
comprehensive-dataset_valuation-tabarena_protein-linear-p8-f9,data,retraining_groups,tabarena_protein,linear,dataset_valuation,8,enumeration,9,nested,,
comprehensive-dataset_valuation-tabarena_protein-linear-p12-f9,data,retraining_groups,tabarena_protein,linear,dataset_valuation,12,enumeration,9,nested,,
comprehensive-dataset_valuation-tabarena_protein-linear-p14-f9,data,retraining_groups,tabarena_protein,linear,dataset_valuation,14,enumeration,9,nested,,
comprehensive-dataset_valuation-tabarena_protein-linear-p16-f9,data,retraining_groups,tabarena_protein,linear,dataset_valuation,16,enumeration,9,nested,,
comprehensive-feature_selection-tabarena_protein-linear-p4,features,,tabarena_protein,linear,feature_selection,4,enumeration,,nested,,
comprehensive-feature_selection-tabarena_protein-linear-p8,features,,tabarena_protein,linear,feature_selection,8,enumeration,,nested,,
comprehensive-feature_selection-tabarena_protein-linear-p9,features,,tabarena_protein,linear,feature_selection,9,enumeration,,nested,,
comprehensive-local_baseline-tabarena_protein-random_forest-p4,local,,tabarena_protein,random_forest,local_baseline,4,enumeration,,nested,,
comprehensive-local_baseline-tabarena_protein-random_forest-p8,local,,tabarena_protein,random_forest,local_baseline,8,enumeration,,nested,,
comprehensive-local_baseline-tabarena_protein-random_forest-p9,local,,tabarena_protein,random_forest,local_baseline,9,enumeration,,nested,,
comprehensive-dataset_valuation-tabarena_protein-random_forest-p4-f9,data,retraining_groups,tabarena_protein,random_forest,dataset_valuation,4,enumeration,9,nested,,
comprehensive-dataset_valuation-tabarena_protein-random_forest-p8-f9,data,retraining_groups,tabarena_protein,random_forest,dataset_valuation,8,enumeration,9,nested,,
comprehensive-dataset_valuation-tabarena_protein-random_forest-p12-f9,data,retraining_groups,tabarena_protein,random_forest,dataset_valuation,12,enumeration,9,nested,,
comprehensive-dataset_valuation-tabarena_protein-random_forest-p14-f9,data,retraining_groups,tabarena_protein,random_forest,dataset_valuation,14,enumeration,9,nested,,
comprehensive-dataset_valuation-tabarena_protein-random_forest-p16-f9,data,retraining_groups,tabarena_protein,random_forest,dataset_valuation,16,enumeration,9,nested,,
comprehensive-feature_selection-tabarena_protein-random_forest-p4,features,,tabarena_protein,random_forest,feature_selection,4,enumeration,,nested,,
comprehensive-feature_selection-tabarena_protein-random_forest-p8,features,,tabarena_protein,random_forest,feature_selection,8,enumeration,,nested,,
comprehensive-feature_selection-tabarena_protein-random_forest-p9,features,,tabarena_protein,random_forest,feature_selection,9,enumeration,,nested,,
comprehensive-pathdependent_tree-tabarena_protein-random_forest-p8,local,,tabarena_protein,random_forest,pathdependent_tree,8,tree_solver,,nested,,
comprehensive-interventional_tree-tabarena_protein-random_forest-p8,local,,tabarena_protein,random_forest,interventional_tree,8,tree_solver,,nested,,
comprehensive-pathdependent_tree-tabarena_protein-xgboost-p8,local,,tabarena_protein,xgboost,pathdependent_tree,8,tree_solver,,nested,,
comprehensive-interventional_tree-tabarena_protein-xgboost-p8,local,,tabarena_protein,xgboost,interventional_tree,8,tree_solver,,nested,,
comprehensive-pathdependent_tree-tabarena_protein-lightgbm-p8,local,,tabarena_protein,lightgbm,pathdependent_tree,8,tree_solver,,nested,,
comprehensive-interventional_tree-tabarena_protein-lightgbm-p8,local,,tabarena_protein,lightgbm,interventional_tree,8,tree_solver,,nested,,
comprehensive-local_baseline-adult_census-xgboost-p12,local,,adult_census,xgboost,local_baseline,12,enumeration,,nested,,
comprehensive-dataset_valuation-adult_census-xgboost-p12-f12,data,retraining_groups,adult_census,xgboost,dataset_valuation,12,enumeration,12,nested,,
comprehensive-feature_selection-adult_census-xgboost-p12,features,,adult_census,xgboost,feature_selection,12,enumeration,,nested,,
comprehensive-local_baseline-adult_census-lightgbm-p12,local,,adult_census,lightgbm,local_baseline,12,enumeration,,nested,,
comprehensive-dataset_valuation-adult_census-lightgbm-p12-f12,data,retraining_groups,adult_census,lightgbm,dataset_valuation,12,enumeration,12,nested,,
comprehensive-feature_selection-adult_census-lightgbm-p12,features,,adult_census,lightgbm,feature_selection,12,enumeration,,nested,,
comprehensive-local_baseline-adult_census-rbf_svm-p12,local,,adult_census,rbf_svm,local_baseline,12,enumeration,,nested,,
comprehensive-feature_selection-adult_census-rbf_svm-p12,features,,adult_census,rbf_svm,feature_selection,12,enumeration,,nested,,
comprehensive-local_baseline-adult_census-mlp-p12,local,,adult_census,mlp,local_baseline,12,enumeration,,nested,,
comprehensive-dataset_valuation-adult_census-mlp-p12-f12,data,retraining_groups,adult_census,mlp,dataset_valuation,12,enumeration,12,nested,,
comprehensive-feature_selection-adult_census-mlp-p12,features,,adult_census,mlp,feature_selection,12,enumeration,,nested,,
comprehensive-dataset_valuation-adult_census-linear-p12-f8,data,retraining_groups,adult_census,linear,dataset_valuation,12,enumeration,8,nested,,
comprehensive-dataset_valuation-adult_census-linear-p12-f14,data,retraining_groups,adult_census,linear,dataset_valuation,12,enumeration,14,nested,,
comprehensive-dataset_valuation-adult_census-random_forest-p12-f8,data,retraining_groups,adult_census,random_forest,dataset_valuation,12,enumeration,8,nested,,
comprehensive-dataset_valuation-adult_census-random_forest-p12-f14,data,retraining_groups,adult_census,random_forest,dataset_valuation,12,enumeration,14,nested,,
comprehensive-local_baseline-breast_cancer-xgboost-p12,local,,breast_cancer,xgboost,local_baseline,12,enumeration,,nested,,
comprehensive-dataset_valuation-breast_cancer-xgboost-p12-f12,data,retraining_groups,breast_cancer,xgboost,dataset_valuation,12,enumeration,12,nested,,
comprehensive-feature_selection-breast_cancer-xgboost-p12,features,,breast_cancer,xgboost,feature_selection,12,enumeration,,nested,,
comprehensive-local_baseline-breast_cancer-lightgbm-p12,local,,breast_cancer,lightgbm,local_baseline,12,enumeration,,nested,,
comprehensive-dataset_valuation-breast_cancer-lightgbm-p12-f12,data,retraining_groups,breast_cancer,lightgbm,dataset_valuation,12,enumeration,12,nested,,
comprehensive-feature_selection-breast_cancer-lightgbm-p12,features,,breast_cancer,lightgbm,feature_selection,12,enumeration,,nested,,
comprehensive-local_baseline-breast_cancer-rbf_svm-p12,local,,breast_cancer,rbf_svm,local_baseline,12,enumeration,,nested,,
comprehensive-feature_selection-breast_cancer-rbf_svm-p12,features,,breast_cancer,rbf_svm,feature_selection,12,enumeration,,nested,,
comprehensive-local_baseline-breast_cancer-mlp-p12,local,,breast_cancer,mlp,local_baseline,12,enumeration,,nested,,
comprehensive-dataset_valuation-breast_cancer-mlp-p12-f12,data,retraining_groups,breast_cancer,mlp,dataset_valuation,12,enumeration,12,nested,,
comprehensive-feature_selection-breast_cancer-mlp-p12,features,,breast_cancer,mlp,feature_selection,12,enumeration,,nested,,
comprehensive-dataset_valuation-breast_cancer-linear-p12-f8,data,retraining_groups,breast_cancer,linear,dataset_valuation,12,enumeration,8,nested,,
comprehensive-dataset_valuation-breast_cancer-linear-p12-f16,data,retraining_groups,breast_cancer,linear,dataset_valuation,12,enumeration,16,nested,,
comprehensive-dataset_valuation-breast_cancer-linear-p12-f30,data,retraining_groups,breast_cancer,linear,dataset_valuation,12,enumeration,30,nested,,
comprehensive-dataset_valuation-breast_cancer-random_forest-p12-f8,data,retraining_groups,breast_cancer,random_forest,dataset_valuation,12,enumeration,8,nested,,
comprehensive-dataset_valuation-breast_cancer-random_forest-p12-f16,data,retraining_groups,breast_cancer,random_forest,dataset_valuation,12,enumeration,16,nested,,
comprehensive-dataset_valuation-breast_cancer-random_forest-p12-f30,data,retraining_groups,breast_cancer,random_forest,dataset_valuation,12,enumeration,30,nested,,
comprehensive-local_baseline-digits-xgboost-p12,local,,digits,xgboost,local_baseline,12,enumeration,,nested,,
comprehensive-dataset_valuation-digits-xgboost-p12-f12,data,retraining_groups,digits,xgboost,dataset_valuation,12,enumeration,12,nested,,
comprehensive-feature_selection-digits-xgboost-p12,features,,digits,xgboost,feature_selection,12,enumeration,,nested,,
comprehensive-local_baseline-digits-lightgbm-p12,local,,digits,lightgbm,local_baseline,12,enumeration,,nested,,
comprehensive-dataset_valuation-digits-lightgbm-p12-f12,data,retraining_groups,digits,lightgbm,dataset_valuation,12,enumeration,12,nested,,
comprehensive-feature_selection-digits-lightgbm-p12,features,,digits,lightgbm,feature_selection,12,enumeration,,nested,,
comprehensive-local_baseline-digits-rbf_svm-p12,local,,digits,rbf_svm,local_baseline,12,enumeration,,nested,,
comprehensive-feature_selection-digits-rbf_svm-p12,features,,digits,rbf_svm,feature_selection,12,enumeration,,nested,,
comprehensive-local_baseline-digits-mlp-p12,local,,digits,mlp,local_baseline,12,enumeration,,nested,,
comprehensive-dataset_valuation-digits-mlp-p12-f12,data,retraining_groups,digits,mlp,dataset_valuation,12,enumeration,12,nested,,
comprehensive-feature_selection-digits-mlp-p12,features,,digits,mlp,feature_selection,12,enumeration,,nested,,
comprehensive-dataset_valuation-digits-linear-p12-f8,data,retraining_groups,digits,linear,dataset_valuation,12,enumeration,8,nested,,
comprehensive-dataset_valuation-digits-linear-p12-f16,data,retraining_groups,digits,linear,dataset_valuation,12,enumeration,16,nested,,
comprehensive-dataset_valuation-digits-linear-p12-f32,data,retraining_groups,digits,linear,dataset_valuation,12,enumeration,32,nested,,
comprehensive-dataset_valuation-digits-linear-p12-f64,data,retraining_groups,digits,linear,dataset_valuation,12,enumeration,64,nested,,
comprehensive-dataset_valuation-digits-random_forest-p12-f8,data,retraining_groups,digits,random_forest,dataset_valuation,12,enumeration,8,nested,,
comprehensive-dataset_valuation-digits-random_forest-p12-f16,data,retraining_groups,digits,random_forest,dataset_valuation,12,enumeration,16,nested,,
comprehensive-dataset_valuation-digits-random_forest-p12-f32,data,retraining_groups,digits,random_forest,dataset_valuation,12,enumeration,32,nested,,
comprehensive-dataset_valuation-digits-random_forest-p12-f64,data,retraining_groups,digits,random_forest,dataset_valuation,12,enumeration,64,nested,,
comprehensive-local_baseline-tabarena_bioresponse-xgboost-p12,local,,tabarena_bioresponse,xgboost,local_baseline,12,enumeration,,nested,,
comprehensive-dataset_valuation-tabarena_bioresponse-xgboost-p12-f12,data,retraining_groups,tabarena_bioresponse,xgboost,dataset_valuation,12,enumeration,12,nested,,
comprehensive-feature_selection-tabarena_bioresponse-xgboost-p12,features,,tabarena_bioresponse,xgboost,feature_selection,12,enumeration,,nested,,
comprehensive-local_baseline-tabarena_bioresponse-lightgbm-p12,local,,tabarena_bioresponse,lightgbm,local_baseline,12,enumeration,,nested,,
comprehensive-dataset_valuation-tabarena_bioresponse-lightgbm-p12-f12,data,retraining_groups,tabarena_bioresponse,lightgbm,dataset_valuation,12,enumeration,12,nested,,
comprehensive-feature_selection-tabarena_bioresponse-lightgbm-p12,features,,tabarena_bioresponse,lightgbm,feature_selection,12,enumeration,,nested,,
comprehensive-local_baseline-tabarena_bioresponse-rbf_svm-p12,local,,tabarena_bioresponse,rbf_svm,local_baseline,12,enumeration,,nested,,
comprehensive-feature_selection-tabarena_bioresponse-rbf_svm-p12,features,,tabarena_bioresponse,rbf_svm,feature_selection,12,enumeration,,nested,,
comprehensive-local_baseline-tabarena_bioresponse-mlp-p12,local,,tabarena_bioresponse,mlp,local_baseline,12,enumeration,,nested,,
comprehensive-dataset_valuation-tabarena_bioresponse-mlp-p12-f12,data,retraining_groups,tabarena_bioresponse,mlp,dataset_valuation,12,enumeration,12,nested,,
comprehensive-feature_selection-tabarena_bioresponse-mlp-p12,features,,tabarena_bioresponse,mlp,feature_selection,12,enumeration,,nested,,
comprehensive-dataset_valuation-tabarena_bioresponse-linear-p12-f8,data,retraining_groups,tabarena_bioresponse,linear,dataset_valuation,12,enumeration,8,nested,,
comprehensive-dataset_valuation-tabarena_bioresponse-linear-p12-f16,data,retraining_groups,tabarena_bioresponse,linear,dataset_valuation,12,enumeration,16,nested,,
comprehensive-dataset_valuation-tabarena_bioresponse-linear-p12-f32,data,retraining_groups,tabarena_bioresponse,linear,dataset_valuation,12,enumeration,32,nested,,
comprehensive-dataset_valuation-tabarena_bioresponse-linear-p12-f64,data,retraining_groups,tabarena_bioresponse,linear,dataset_valuation,12,enumeration,64,nested,,
comprehensive-dataset_valuation-tabarena_bioresponse-linear-p12-f128,data,retraining_groups,tabarena_bioresponse,linear,dataset_valuation,12,enumeration,128,nested,,
comprehensive-dataset_valuation-tabarena_bioresponse-linear-p12-f1776,data,retraining_groups,tabarena_bioresponse,linear,dataset_valuation,12,enumeration,1776,nested,,
comprehensive-dataset_valuation-tabarena_bioresponse-random_forest-p12-f8,data,retraining_groups,tabarena_bioresponse,random_forest,dataset_valuation,12,enumeration,8,nested,,
comprehensive-dataset_valuation-tabarena_bioresponse-random_forest-p12-f16,data,retraining_groups,tabarena_bioresponse,random_forest,dataset_valuation,12,enumeration,16,nested,,
comprehensive-dataset_valuation-tabarena_bioresponse-random_forest-p12-f32,data,retraining_groups,tabarena_bioresponse,random_forest,dataset_valuation,12,enumeration,32,nested,,
comprehensive-dataset_valuation-tabarena_bioresponse-random_forest-p12-f64,data,retraining_groups,tabarena_bioresponse,random_forest,dataset_valuation,12,enumeration,64,nested,,
comprehensive-dataset_valuation-tabarena_bioresponse-random_forest-p12-f128,data,retraining_groups,tabarena_bioresponse,random_forest,dataset_valuation,12,enumeration,128,nested,,
comprehensive-dataset_valuation-tabarena_bioresponse-random_forest-p12-f1776,data,retraining_groups,tabarena_bioresponse,random_forest,dataset_valuation,12,enumeration,1776,nested,,
comprehensive-local_baseline-wine_quality-xgboost-p12,local,,wine_quality,xgboost,local_baseline,12,enumeration,,nested,,
comprehensive-dataset_valuation-wine_quality-xgboost-p12-f12,data,retraining_groups,wine_quality,xgboost,dataset_valuation,12,enumeration,12,nested,,
comprehensive-feature_selection-wine_quality-xgboost-p12,features,,wine_quality,xgboost,feature_selection,12,enumeration,,nested,,
comprehensive-local_baseline-wine_quality-lightgbm-p12,local,,wine_quality,lightgbm,local_baseline,12,enumeration,,nested,,
comprehensive-dataset_valuation-wine_quality-lightgbm-p12-f12,data,retraining_groups,wine_quality,lightgbm,dataset_valuation,12,enumeration,12,nested,,
comprehensive-feature_selection-wine_quality-lightgbm-p12,features,,wine_quality,lightgbm,feature_selection,12,enumeration,,nested,,
comprehensive-local_baseline-wine_quality-rbf_svm-p12,local,,wine_quality,rbf_svm,local_baseline,12,enumeration,,nested,,
comprehensive-feature_selection-wine_quality-rbf_svm-p12,features,,wine_quality,rbf_svm,feature_selection,12,enumeration,,nested,,
comprehensive-local_baseline-wine_quality-mlp-p12,local,,wine_quality,mlp,local_baseline,12,enumeration,,nested,,
comprehensive-dataset_valuation-wine_quality-mlp-p12-f12,data,retraining_groups,wine_quality,mlp,dataset_valuation,12,enumeration,12,nested,,
comprehensive-feature_selection-wine_quality-mlp-p12,features,,wine_quality,mlp,feature_selection,12,enumeration,,nested,,
comprehensive-dataset_valuation-wine_quality-linear-p12-f8,data,retraining_groups,wine_quality,linear,dataset_valuation,12,enumeration,8,nested,,
comprehensive-dataset_valuation-wine_quality-random_forest-p12-f8,data,retraining_groups,wine_quality,random_forest,dataset_valuation,12,enumeration,8,nested,,
comprehensive-local_baseline-tabarena_miami_housing-xgboost-p12,local,,tabarena_miami_housing,xgboost,local_baseline,12,enumeration,,nested,,
comprehensive-dataset_valuation-tabarena_miami_housing-xgboost-p12-f12,data,retraining_groups,tabarena_miami_housing,xgboost,dataset_valuation,12,enumeration,12,nested,,
comprehensive-feature_selection-tabarena_miami_housing-xgboost-p12,features,,tabarena_miami_housing,xgboost,feature_selection,12,enumeration,,nested,,
comprehensive-local_baseline-tabarena_miami_housing-lightgbm-p12,local,,tabarena_miami_housing,lightgbm,local_baseline,12,enumeration,,nested,,
comprehensive-dataset_valuation-tabarena_miami_housing-lightgbm-p12-f12,data,retraining_groups,tabarena_miami_housing,lightgbm,dataset_valuation,12,enumeration,12,nested,,
comprehensive-feature_selection-tabarena_miami_housing-lightgbm-p12,features,,tabarena_miami_housing,lightgbm,feature_selection,12,enumeration,,nested,,
comprehensive-local_baseline-tabarena_miami_housing-rbf_svm-p12,local,,tabarena_miami_housing,rbf_svm,local_baseline,12,enumeration,,nested,,
comprehensive-feature_selection-tabarena_miami_housing-rbf_svm-p12,features,,tabarena_miami_housing,rbf_svm,feature_selection,12,enumeration,,nested,,
comprehensive-local_baseline-tabarena_miami_housing-mlp-p12,local,,tabarena_miami_housing,mlp,local_baseline,12,enumeration,,nested,,
comprehensive-dataset_valuation-tabarena_miami_housing-mlp-p12-f12,data,retraining_groups,tabarena_miami_housing,mlp,dataset_valuation,12,enumeration,12,nested,,
comprehensive-feature_selection-tabarena_miami_housing-mlp-p12,features,,tabarena_miami_housing,mlp,feature_selection,12,enumeration,,nested,,
comprehensive-dataset_valuation-tabarena_miami_housing-linear-p12-f8,data,retraining_groups,tabarena_miami_housing,linear,dataset_valuation,12,enumeration,8,nested,,
comprehensive-dataset_valuation-tabarena_miami_housing-linear-p12-f15,data,retraining_groups,tabarena_miami_housing,linear,dataset_valuation,12,enumeration,15,nested,,
comprehensive-dataset_valuation-tabarena_miami_housing-random_forest-p12-f8,data,retraining_groups,tabarena_miami_housing,random_forest,dataset_valuation,12,enumeration,8,nested,,
comprehensive-dataset_valuation-tabarena_miami_housing-random_forest-p12-f15,data,retraining_groups,tabarena_miami_housing,random_forest,dataset_valuation,12,enumeration,15,nested,,
comprehensive-local_baseline-tabarena_superconductivity-xgboost-p12,local,,tabarena_superconductivity,xgboost,local_baseline,12,enumeration,,nested,,
comprehensive-dataset_valuation-tabarena_superconductivity-xgboost-p12-f12,data,retraining_groups,tabarena_superconductivity,xgboost,dataset_valuation,12,enumeration,12,nested,,
comprehensive-feature_selection-tabarena_superconductivity-xgboost-p12,features,,tabarena_superconductivity,xgboost,feature_selection,12,enumeration,,nested,,
comprehensive-local_baseline-tabarena_superconductivity-lightgbm-p12,local,,tabarena_superconductivity,lightgbm,local_baseline,12,enumeration,,nested,,
comprehensive-dataset_valuation-tabarena_superconductivity-lightgbm-p12-f12,data,retraining_groups,tabarena_superconductivity,lightgbm,dataset_valuation,12,enumeration,12,nested,,
comprehensive-feature_selection-tabarena_superconductivity-lightgbm-p12,features,,tabarena_superconductivity,lightgbm,feature_selection,12,enumeration,,nested,,
comprehensive-local_baseline-tabarena_superconductivity-rbf_svm-p12,local,,tabarena_superconductivity,rbf_svm,local_baseline,12,enumeration,,nested,,
comprehensive-feature_selection-tabarena_superconductivity-rbf_svm-p12,features,,tabarena_superconductivity,rbf_svm,feature_selection,12,enumeration,,nested,,
comprehensive-local_baseline-tabarena_superconductivity-mlp-p12,local,,tabarena_superconductivity,mlp,local_baseline,12,enumeration,,nested,,
comprehensive-dataset_valuation-tabarena_superconductivity-mlp-p12-f12,data,retraining_groups,tabarena_superconductivity,mlp,dataset_valuation,12,enumeration,12,nested,,
comprehensive-feature_selection-tabarena_superconductivity-mlp-p12,features,,tabarena_superconductivity,mlp,feature_selection,12,enumeration,,nested,,
comprehensive-dataset_valuation-tabarena_superconductivity-linear-p12-f8,data,retraining_groups,tabarena_superconductivity,linear,dataset_valuation,12,enumeration,8,nested,,
comprehensive-dataset_valuation-tabarena_superconductivity-linear-p12-f16,data,retraining_groups,tabarena_superconductivity,linear,dataset_valuation,12,enumeration,16,nested,,
comprehensive-dataset_valuation-tabarena_superconductivity-linear-p12-f32,data,retraining_groups,tabarena_superconductivity,linear,dataset_valuation,12,enumeration,32,nested,,
comprehensive-dataset_valuation-tabarena_superconductivity-linear-p12-f64,data,retraining_groups,tabarena_superconductivity,linear,dataset_valuation,12,enumeration,64,nested,,
comprehensive-dataset_valuation-tabarena_superconductivity-linear-p12-f81,data,retraining_groups,tabarena_superconductivity,linear,dataset_valuation,12,enumeration,81,nested,,
comprehensive-dataset_valuation-tabarena_superconductivity-random_forest-p12-f8,data,retraining_groups,tabarena_superconductivity,random_forest,dataset_valuation,12,enumeration,8,nested,,
comprehensive-dataset_valuation-tabarena_superconductivity-random_forest-p12-f16,data,retraining_groups,tabarena_superconductivity,random_forest,dataset_valuation,12,enumeration,16,nested,,
comprehensive-dataset_valuation-tabarena_superconductivity-random_forest-p12-f32,data,retraining_groups,tabarena_superconductivity,random_forest,dataset_valuation,12,enumeration,32,nested,,
comprehensive-dataset_valuation-tabarena_superconductivity-random_forest-p12-f64,data,retraining_groups,tabarena_superconductivity,random_forest,dataset_valuation,12,enumeration,64,nested,,
comprehensive-dataset_valuation-tabarena_superconductivity-random_forest-p12-f81,data,retraining_groups,tabarena_superconductivity,random_forest,dataset_valuation,12,enumeration,81,nested,,
comprehensive-local_baseline-tabarena_qsar_tid11-xgboost-p12,local,,tabarena_qsar_tid11,xgboost,local_baseline,12,enumeration,,nested,,
comprehensive-dataset_valuation-tabarena_qsar_tid11-xgboost-p12-f12,data,retraining_groups,tabarena_qsar_tid11,xgboost,dataset_valuation,12,enumeration,12,nested,,
comprehensive-feature_selection-tabarena_qsar_tid11-xgboost-p12,features,,tabarena_qsar_tid11,xgboost,feature_selection,12,enumeration,,nested,,
comprehensive-local_baseline-tabarena_qsar_tid11-lightgbm-p12,local,,tabarena_qsar_tid11,lightgbm,local_baseline,12,enumeration,,nested,,
comprehensive-dataset_valuation-tabarena_qsar_tid11-lightgbm-p12-f12,data,retraining_groups,tabarena_qsar_tid11,lightgbm,dataset_valuation,12,enumeration,12,nested,,
comprehensive-feature_selection-tabarena_qsar_tid11-lightgbm-p12,features,,tabarena_qsar_tid11,lightgbm,feature_selection,12,enumeration,,nested,,
comprehensive-local_baseline-tabarena_qsar_tid11-rbf_svm-p12,local,,tabarena_qsar_tid11,rbf_svm,local_baseline,12,enumeration,,nested,,
comprehensive-feature_selection-tabarena_qsar_tid11-rbf_svm-p12,features,,tabarena_qsar_tid11,rbf_svm,feature_selection,12,enumeration,,nested,,
comprehensive-local_baseline-tabarena_qsar_tid11-mlp-p12,local,,tabarena_qsar_tid11,mlp,local_baseline,12,enumeration,,nested,,
comprehensive-dataset_valuation-tabarena_qsar_tid11-mlp-p12-f12,data,retraining_groups,tabarena_qsar_tid11,mlp,dataset_valuation,12,enumeration,12,nested,,
comprehensive-feature_selection-tabarena_qsar_tid11-mlp-p12,features,,tabarena_qsar_tid11,mlp,feature_selection,12,enumeration,,nested,,
comprehensive-dataset_valuation-tabarena_qsar_tid11-linear-p12-f8,data,retraining_groups,tabarena_qsar_tid11,linear,dataset_valuation,12,enumeration,8,nested,,
comprehensive-dataset_valuation-tabarena_qsar_tid11-linear-p12-f16,data,retraining_groups,tabarena_qsar_tid11,linear,dataset_valuation,12,enumeration,16,nested,,
comprehensive-dataset_valuation-tabarena_qsar_tid11-linear-p12-f32,data,retraining_groups,tabarena_qsar_tid11,linear,dataset_valuation,12,enumeration,32,nested,,
comprehensive-dataset_valuation-tabarena_qsar_tid11-linear-p12-f64,data,retraining_groups,tabarena_qsar_tid11,linear,dataset_valuation,12,enumeration,64,nested,,
comprehensive-dataset_valuation-tabarena_qsar_tid11-linear-p12-f128,data,retraining_groups,tabarena_qsar_tid11,linear,dataset_valuation,12,enumeration,128,nested,,
comprehensive-dataset_valuation-tabarena_qsar_tid11-linear-p12-f1024,data,retraining_groups,tabarena_qsar_tid11,linear,dataset_valuation,12,enumeration,1024,nested,,
comprehensive-dataset_valuation-tabarena_qsar_tid11-random_forest-p12-f8,data,retraining_groups,tabarena_qsar_tid11,random_forest,dataset_valuation,12,enumeration,8,nested,,
comprehensive-dataset_valuation-tabarena_qsar_tid11-random_forest-p12-f16,data,retraining_groups,tabarena_qsar_tid11,random_forest,dataset_valuation,12,enumeration,16,nested,,
comprehensive-dataset_valuation-tabarena_qsar_tid11-random_forest-p12-f32,data,retraining_groups,tabarena_qsar_tid11,random_forest,dataset_valuation,12,enumeration,32,nested,,
comprehensive-dataset_valuation-tabarena_qsar_tid11-random_forest-p12-f64,data,retraining_groups,tabarena_qsar_tid11,random_forest,dataset_valuation,12,enumeration,64,nested,,
comprehensive-dataset_valuation-tabarena_qsar_tid11-random_forest-p12-f128,data,retraining_groups,tabarena_qsar_tid11,random_forest,dataset_valuation,12,enumeration,128,nested,,
comprehensive-dataset_valuation-tabarena_qsar_tid11-random_forest-p12-f1024,data,retraining_groups,tabarena_qsar_tid11,random_forest,dataset_valuation,12,enumeration,1024,nested,,
