{
  "object_name": "Game",
  "data_type": "game",
  "version": "1.4.2.dev29+g3d3c3a7e6.d20260421",
  "created_from": null,
  "description": null,
  "parameters": {},
  "timestamp": "2026-04-21T12:25:56.031780+00:00Z",
  "metadata": {
    "n_players": 8,
    "game_name": "Game_object",
    "normalization_value": -2.463562972234608,
    "precompute_flag": false,
    "precomputed": true,
    "player_names": null
  },
  "data": {
    "Empty": -2.463562972234608,
    "0": 0.06807184689863532,
    "1": -2.2131011951947652,
    "2": -7.410368756816823,
    "3": -1.3617360440681878,
    "4": -1.4909323069223328,
    "5": -4.1485964481274715,
    "6": -2.4102972166824954,
    "7": 0.03334024393093027,
    "0,1": -1.1122177423062474,
    "0,2": -2.37195830093716,
    "0,3": -2.36917726692864,
    "0,4": -0.5858805832672349,
    "0,5": 0.5451890885477445,
    "0,6": -0.4595366256737661,
    "0,7": 0.41129087203413617,
    "1,2": 0.30222686732706616,
    "1,3": -0.5762672443152039,
    "1,4": -6.761682746541815,
    "1,5": -1.4218062565871263,
    "1,6": -1.5787662583788524,
    "1,7": -0.46393803004139733,
    "2,3": -1.4059348409630235,
    "2,4": -1.211822973844349,
    "2,5": -2.873917806042939,
    "2,6": -2.0384873962642773,
    "2,7": -0.3077120338558721,
    "3,4": -0.7072840546569192,
    "3,5": -2.27443881745943,
    "3,6": -2.1007804429859105,
    "3,7": -3.396687247995124,
    "4,5": -1.2311728303390215,
    "4,6": -0.8090806098369772,
    "4,7": -1.3260065554345761,
    "5,6": -4.791574726683976,
    "5,7": -2.436212531208931,
    "6,7": -0.2742409573672051,
    "0,1,2": 0.4678025466094272,
    "0,1,3": -0.6238718429236838,
    "0,1,4": -4.161923529487219,
    "0,1,5": -0.4639289009622132,
    "0,1,6": -0.4881404914609271,
    "0,1,7": -0.033723452946429866,
    "0,2,3": 0.3235867123784415,
    "0,2,4": -0.06906406235609341,
    "0,2,5": 0.2062360748925708,
    "0,2,6": -1.3850645519446059,
    "0,2,7": 0.28878583793829526,
    "0,3,4": -3.5613466296963985,
    "0,3,5": -1.177255304157315,
    "0,3,6": -0.10925368830184246,
    "0,3,7": -0.3346732219924555,
    "0,4,5": -0.9779833316307713,
    "0,4,6": 0.4363282477589292,
    "0,4,7": -0.06328059557281196,
    "0,5,6": -0.38192976687507363,
    "0,5,7": -3.6339119485805487,
    "0,6,7": -0.2847975883789611,
    "1,2,3": -3.31645658435783,
    "1,2,4": -2.401054551168924,
    "1,2,5": -2.5250382428012825,
    "1,2,6": -1.5611387657838613,
    "1,2,7": -1.018958208164411,
    "1,3,4": -0.6655653053082231,
    "1,3,5": -4.791740428711129,
    "1,3,6": -3.0163616560557616,
    "1,3,7": -0.6619595152134559,
    "1,4,5": -2.164934394376141,
    "1,4,6": -1.204782602278207,
    "1,4,7": -3.491823785120176,
    "1,5,6": -2.3437790045024816,
    "1,5,7": -0.5632164235283454,
    "1,6,7": -1.0652151061005863,
    "2,3,4": -0.42431506978543343,
    "2,3,5": 0.046786086528882276,
    "2,3,6": -0.4375003163563027,
    "2,3,7": 0.036200388316749654,
    "2,4,5": -0.4504302330845733,
    "2,4,6": -0.9929707329641797,
    "2,4,7": -3.639825334757071,
    "2,5,6": -2.1642678506376845,
    "2,5,7": -0.92161541226861,
    "2,6,7": -8.16191383034098,
    "3,4,5": -1.4539572593914456,
    "3,4,6": -1.100569987880701,
    "3,4,7": 0.22726926015623317,
    "3,5,6": -2.374935525748413,
    "3,5,7": -1.8173777873718095,
    "3,6,7": -4.233643668704707,
    "4,5,6": -3.447024809493966,
    "4,5,7": -1.2271174813235182,
    "4,6,7": -0.12963410655610574,
    "5,6,7": -2.4765509041947897,
    "0,1,2,3": -0.20195001127710666,
    "0,1,2,4": -0.7684712904434787,
    "0,1,2,5": 0.4113354426722452,
    "0,1,2,6": -0.11784536140306079,
    "0,1,2,7": 0.27477040720577917,
    "0,1,3,4": 0.615875575754914,
    "0,1,3,5": -5.251606612522322,
    "0,1,3,6": -2.3694537345633018,
    "0,1,3,7": -0.4544671194002823,
    "0,1,4,5": -1.2618182167680363,
    "0,1,4,6": -6.182427298406417,
    "0,1,4,7": -1.9632217499148106,
    "0,1,5,6": 0.21340514332583127,
    "0,1,5,7": 0.09571787723584357,
    "0,1,6,7": 0.5331502397783241,
    "0,2,3,4": -5.874367863876993,
    "0,2,3,5": -0.1049495363799604,
    "0,2,3,6": 0.644758806107878,
    "0,2,3,7": 0.5808888989486677,
    "0,2,4,5": -0.013297694863030562,
    "0,2,4,6": -0.05172665676924271,
    "0,2,4,7": -0.37864131892079067,
    "0,2,5,6": -0.9777820148447558,
    "0,2,5,7": -0.7364782064594999,
    "0,2,6,7": 0.5451105501299645,
    "0,3,4,5": 0.34015171730645555,
    "0,3,4,6": -0.04647069924159042,
    "0,3,4,7": -0.3929359368948524,
    "0,3,5,6": -2.5483385788259056,
    "0,3,5,7": -1.5549461306626542,
    "0,3,6,7": 0.16158256060172738,
    "0,4,5,6": -0.0924331647942811,
    "0,4,5,7": 0.17160687402141583,
    "0,4,6,7": 0.7599173811153367,
    "0,5,6,7": 0.9492499323996543,
    "1,2,3,4": -0.629340103630923,
    "1,2,3,5": -2.780412478519512,
    "1,2,3,6": -0.8088102376089625,
    "1,2,3,7": -1.8433281770955605,
    "1,2,4,5": -2.427375048910828,
    "1,2,4,6": -2.3189860956287314,
    "1,2,4,7": -7.225300982183972,
    "1,2,5,6": -2.3956943086934013,
    "1,2,5,7": -0.7361212619810904,
    "1,2,6,7": -0.6165235758606409,
    "1,3,4,5": -1.0234060990118845,
    "1,3,4,6": -3.471748162979017,
    "1,3,4,7": -6.415617566350187,
    "1,3,5,6": -1.27688533960732,
    "1,3,5,7": -1.085844377027168,
    "1,3,6,7": -0.08724913590739769,
    "1,4,5,6": -2.2761574238172804,
    "1,4,5,7": -2.0849390060624966,
    "1,4,6,7": 0.21450802646003686,
    "1,5,6,7": 0.7040995311519223,
    "2,3,4,5": -4.758373323970298,
    "2,3,4,6": -6.407473498830534,
    "2,3,4,7": -0.7215495007030881,
    "2,3,5,6": -1.5844680484545348,
    "2,3,5,7": -0.018057214754368944,
    "2,3,6,7": -1.3695318211788345,
    "2,4,5,6": -1.1689836614841091,
    "2,4,5,7": -0.5581143207793642,
    "2,4,6,7": -0.9825260079313363,
    "2,5,6,7": -0.05884205342130566,
    "3,4,5,6": -0.4454770791019689,
    "3,4,5,7": -2.054303538328811,
    "3,4,6,7": -0.08535819746058837,
    "3,5,6,7": -1.895406636444703,
    "4,5,6,7": -0.7467453386078442,
    "0,1,2,3,4": -0.4683741588944512,
    "0,1,2,3,5": -0.8906214318501127,
    "0,1,2,3,6": -0.14678244961441766,
    "0,1,2,3,7": -0.39916868492992275,
    "0,1,2,4,5": 0.527494593325837,
    "0,1,2,4,6": -0.3973295515736157,
    "0,1,2,4,7": -2.9311046275946864,
    "0,1,2,5,6": -0.22718993332912585,
    "0,1,2,5,7": -1.2060069918227083,
    "0,1,2,6,7": 0.014174126373724949,
    "0,1,3,4,5": -0.2859287804758799,
    "0,1,3,4,6": 0.21620083205860008,
    "0,1,3,4,7": -0.49980873925046243,
    "0,1,3,5,6": -0.9114393390063877,
    "0,1,3,5,7": -3.6040786539965346,
    "0,1,3,6,7": 0.7720366396754241,
    "0,1,4,5,6": 0.5584527863660058,
    "0,1,4,5,7": -1.1931769666410772,
    "0,1,4,6,7": -0.241592413639226,
    "0,1,5,6,7": 0.7470232633345366,
    "0,2,3,4,5": -0.4414063824015557,
    "0,2,3,4,6": 0.28593920668537987,
    "0,2,3,4,7": -1.8369319798349455,
    "0,2,3,5,6": 0.8046164557737738,
    "0,2,3,5,7": 0.4562221138660614,
    "0,2,3,6,7": 0.2653523812399977,
    "0,2,4,5,6": -11.940218644023034,
    "0,2,4,5,7": 0.2000070564189247,
    "0,2,4,6,7": 0.7445410158668602,
    "0,2,5,6,7": 0.875063695328763,
    "0,3,4,5,6": 0.0642417446064163,
    "0,3,4,5,7": 0.6467990879198595,
    "0,3,4,6,7": 0.6885794289704248,
    "0,3,5,6,7": 0.5326403481049561,
    "0,4,5,6,7": 0.4394475700076699,
    "1,2,3,4,5": -2.6373669781675013,
    "1,2,3,4,6": 0.4206969252716616,
    "1,2,3,4,7": -0.12154963593377488,
    "1,2,3,5,6": -1.467554773512703,
    "1,2,3,5,7": -2.386101962083152,
    "1,2,3,6,7": -1.718849772995338,
    "1,2,4,5,6": -0.6451831995366084,
    "1,2,4,5,7": -1.743531896515313,
    "1,2,4,6,7": -0.5720890306021771,
    "1,2,5,6,7": 0.21986898280249523,
    "1,3,4,5,6": -0.09346520108151024,
    "1,3,4,5,7": -1.026699993642271,
    "1,3,4,6,7": -1.3842216532043592,
    "1,3,5,6,7": -1.007743871031174,
    "1,4,5,6,7": 0.6058393305996987,
    "2,3,4,5,6": -3.8995744169040165,
    "2,3,4,5,7": -1.0385512970708408,
    "2,3,4,6,7": -0.6423031294375638,