{
  "object_name": "Game",
  "data_type": "game",
  "version": "1.4.2.dev29+g3d3c3a7e6.d20260421",
  "created_from": null,
  "description": null,
  "parameters": {},
  "timestamp": "2026-04-21T12:25:56.055349+00:00Z",
  "metadata": {
    "n_players": 8,
    "game_name": "Game_object",
    "normalization_value": -0.5367878880989694,
    "precompute_flag": false,
    "precomputed": true,
    "player_names": null
  },
  "data": {
    "Empty": -0.5367878880989694,
    "0": -0.8721445918363977,
    "1": -1.9792747177976593,
    "2": -0.1300160671761026,
    "3": -1.7544615477899814,
    "4": -1.6769072739606212,
    "5": -0.7136021566815791,
    "6": -1.2967628681517058,
    "7": -10.438931209583712,
    "0,1": 0.48628396475083613,
    "0,2": -6.230915038382918,
    "0,3": 0.8611340818199631,
    "0,4": -4.319889544148772,
    "0,5": -0.009109217048436147,
    "0,6": -0.8078802233179883,
    "0,7": -1.0794460377832116,
    "1,2": 0.35178868115130135,
    "1,3": -0.09700923930138483,
    "1,4": -3.070891028239835,
    "1,5": -4.159223847727326,
    "1,6": -2.5683273169194902,
    "1,7": 0.3392003734614596,
    "2,3": -0.5001134300746928,
    "2,4": -0.6836083121698973,
    "2,5": -10.89260510935498,
    "2,6": -1.1921653770260012,
    "2,7": -0.7309265223732537,
    "3,4": -0.4769621413489127,
    "3,5": -0.4266646891249042,
    "3,6": -0.2792093038139456,
    "3,7": -5.13185788700125,
    "4,5": -1.917511918409697,
    "4,6": -0.42089222390753456,
    "4,7": -0.7742168819214197,
    "5,6": -0.48638587635658315,
    "5,7": -1.159446257150039,
    "6,7": -0.3911181047525514,
    "0,1,2": 0.8073347964340356,
    "0,1,3": 0.4418331955974455,
    "0,1,4": 0.5293172046124679,
    "0,1,5": -1.135462931092924,
    "0,1,6": -1.2119742218288114,
    "0,1,7": 0.08965301311628815,
    "0,2,3": -0.02071741739913313,
    "0,2,4": -0.9628777640304935,
    "0,2,5": -0.0649227257032976,
    "0,2,6": -1.6502924207494853,
    "0,2,7": 0.05000057423256998,
    "0,3,4": -8.2636853861209,
    "0,3,5": 0.456072074721924,
    "0,3,6": -0.5665807517767263,
    "0,3,7": -1.5251013125665343,
    "0,4,5": -0.0967559613880502,
    "0,4,6": 0.17614672190784486,
    "0,4,7": -2.6753349741830506,
    "0,5,6": 0.3887015195645631,
    "0,5,7": -4.12907063370516,
    "0,6,7": 0.8726979910906765,
    "1,2,3": -3.86122947426335,
    "1,2,4": -1.8124081735171154,
    "1,2,5": -2.96083388600096,
    "1,2,6": -4.464768880772843,
    "1,2,7": -3.3336332191943363,
    "1,3,4": 0.1417304581493566,
    "1,3,5": -2.8396024338990116,
    "1,3,6": -0.26541760897978683,
    "1,3,7": -0.09829008628348368,
    "1,4,5": -0.9228701844027989,
    "1,4,6": -0.27398712575752837,
    "1,4,7": -0.5153442669469999,
    "1,5,6": -1.3731545721165852,
    "1,5,7": -0.28205091729097886,
    "1,6,7": -0.42404008651523584,
    "2,3,4": -0.927918780285774,
    "2,3,5": -2.8212738065649265,
    "2,3,6": 0.36451697667987826,
    "2,3,7": -5.007475187758,
    "2,4,5": -2.3225121550916303,
    "2,4,6": -0.7648705453775377,
    "2,4,7": -0.0025874177225349015,
    "2,5,6": -2.2798334606963517,
    "2,5,7": -0.8439025871732808,
    "2,6,7": -1.8784338812300283,
    "3,4,5": -8.445594417929678,
    "3,4,6": -2.7790797779940783,
    "3,4,7": -1.23582260592423,
    "3,5,6": -0.1253393673566494,
    "3,5,7": -6.687831410482947,
    "3,6,7": -4.8121753359842385,
    "4,5,6": -1.322380192888338,
    "4,5,7": -0.9830758208442887,
    "4,6,7": -0.7476370232089673,
    "5,6,7": -1.2578209388776278,
    "0,1,2,3": 0.2523896619042094,
    "0,1,2,4": -2.102847772389498,
    "0,1,2,5": 0.629509228195886,
    "0,1,2,6": 0.10621861073627004,
    "0,1,2,7": 0.16190558301291058,
    "0,1,3,4": -1.2448826757920983,
    "0,1,3,5": -0.7717338482682912,
    "0,1,3,6": -0.24735139214648605,
    "0,1,3,7": -1.3880386706697911,
    "0,1,4,5": -1.028740355808726,
    "0,1,4,6": 0.4814452480923165,
    "0,1,4,7": -0.33241902411795077,
    "0,1,5,6": -0.5356104015228222,
    "0,1,5,7": 0.13009359657611774,
    "0,1,6,7": 0.397260001277986,
    "0,2,3,4": 0.12844390202749323,
    "0,2,3,5": -0.664951271067014,
    "0,2,3,6": -0.4891703656230739,
    "0,2,3,7": -1.4048568578923426,
    "0,2,4,5": -0.8538924815298714,
    "0,2,4,6": -3.5198992790493424,
    "0,2,4,7": -0.3134928275176547,
    "0,2,5,6": -0.902410605152012,
    "0,2,5,7": 0.22492337162472364,
    "0,2,6,7": -2.838512678399805,
    "0,3,4,5": -0.189564489549235,
    "0,3,4,6": 0.0768869582432169,
    "0,3,4,7": 0.3626649278956323,
    "0,3,5,6": -0.9854922196631282,
    "0,3,5,7": -2.2806815167358834,
    "0,3,6,7": -0.016810649533164357,
    "0,4,5,6": 0.38039023112991655,
    "0,4,5,7": 0.3248504497470899,
    "0,4,6,7": 0.2180312533151595,
    "0,5,6,7": 0.5500068589763257,
    "1,2,3,4": -0.12849788360651648,
    "1,2,3,5": -3.0141528384589,
    "1,2,3,6": -0.7925102728935722,
    "1,2,3,7": -3.148486777833976,
    "1,2,4,5": -0.4775257493307128,
    "1,2,4,6": -2.23216380480779,
    "1,2,4,7": -2.8122050574512127,
    "1,2,5,6": -2.342110970795385,
    "1,2,5,7": -0.4370328797966785,
    "1,2,6,7": 0.27657006526502925,
    "1,3,4,5": 0.339333831584517,
    "1,3,4,6": -1.4963676221935391,
    "1,3,4,7": -0.7586575070384187,
    "1,3,5,6": 0.008464468930858171,
    "1,3,5,7": -2.5632260929991824,
    "1,3,6,7": -0.07668804249046124,
    "1,4,5,6": -2.282035715858602,
    "1,4,5,7": -2.078964121749423,
    "1,4,6,7": -0.21836463740115852,
    "1,5,6,7": -0.1297640017915409,
    "2,3,4,5": -7.876469521207618,
    "2,3,4,6": -0.7182814699611064,
    "2,3,4,7": -0.5220315932691784,
    "2,3,5,6": -6.0511257917244015,
    "2,3,5,7": -2.174043180308612,
    "2,3,6,7": -0.6651822732120714,
    "2,4,5,6": -4.442274683076563,
    "2,4,5,7": -1.0930624158351017,
    "2,4,6,7": -0.9917981975895953,
    "2,5,6,7": -0.07028659994441755,
    "3,4,5,6": -1.7297567233883355,
    "3,4,5,7": -1.1600447276278913,
    "3,4,6,7": -0.9570961501041093,
    "3,5,6,7": -2.7158199573462434,
    "4,5,6,7": -3.9247283111132036,
    "0,1,2,3,4": -6.098529023907585,
    "0,1,2,3,5": -4.314217408865468,
    "0,1,2,3,6": 0.18909801258119063,
    "0,1,2,3,7": -2.1903907080038203,
    "0,1,2,4,5": -0.14517663888606291,
    "0,1,2,4,6": 0.25391466846586197,
    "0,1,2,4,7": -0.35778061601327527,
    "0,1,2,5,6": 0.4099754227796102,
    "0,1,2,5,7": 0.030366042455316933,
    "0,1,2,6,7": -1.0503533253305832,
    "0,1,3,4,5": -1.0981953277384653,
    "0,1,3,4,6": -2.2298727381422814,
    "0,1,3,4,7": -1.5437657220242755,
    "0,1,3,5,6": -2.2295514413513096,
    "0,1,3,5,7": 0.9136769865174097,
    "0,1,3,6,7": 0.16137859772794627,
    "0,1,4,5,6": 0.014374550198017477,
    "0,1,4,5,7": -0.023705307412525745,
    "0,1,4,6,7": -0.8025241327391961,
    "0,1,5,6,7": 0.32722196008230664,
    "0,2,3,4,5": -0.15919007230261428,
    "0,2,3,4,6": -0.5038325110641404,
    "0,2,3,4,7": -0.28202112661059386,
    "0,2,3,5,6": 0.7952659741490171,
    "0,2,3,5,7": -1.6052181094813345,
    "0,2,3,6,7": 0.3271882953065024,
    "0,2,4,5,6": -0.051344261307088024,
    "0,2,4,5,7": -0.16636237395780307,
    "0,2,4,6,7": 0.40564011389560606,
    "0,2,5,6,7": 0.8000112077965535,
    "0,3,4,5,6": -0.6332003336256493,
    "0,3,4,5,7": -0.4471537049662093,
    "0,3,4,6,7": 0.08645115440255702,
    "0,3,5,6,7": 0.5540876444258049,
    "0,4,5,6,7": 0.6035401459935237,
    "1,2,3,4,5": -0.9565296722963743,
    "1,2,3,4,6": -0.742877565608711,
    "1,2,3,4,7": -0.3825607788777883,
    "1,2,3,5,6": -1.5010569023739384,
    "1,2,3,5,7": 0.7185519607323743,
    "1,2,3,6,7": -3.044766135203475,
    "1,2,4,5,6": -0.6878790989457897,
    "1,2,4,5,7": -1.6792975443602303,
    "1,2,4,6,7": 0.14490979890740463,
    "1,2,5,6,7": -0.04224976836971206,
    "1,3,4,5,6": 0.4320718818058704,
    "1,3,4,5,7": -1.985990367183803,
    "1,3,4,6,7": -1.622378397747629,
    "1,3,5,6,7": -0.8744247902968385,
    "1,4,5,6,7": 0.27685038378137405,
    "2,3,4,5,6": -0.7785207310366993,
    "2,3,4,5,7": -4.414458489518951,
    "2,3,4,6,7": -0.9566914776288793,