{
  "object_name": "Game",
  "data_type": "game",
  "version": "1.4.2.dev29+g3d3c3a7e6.d20260421",
  "created_from": null,
  "description": null,
  "parameters": {},
  "timestamp": "2026-04-21T12:25:56.130492+00:00Z",
  "metadata": {
    "n_players": 8,
    "game_name": "Game_object",
    "normalization_value": -13.149990275666807,
    "precompute_flag": false,
    "precomputed": true,
    "player_names": null
  },
  "data": {
    "Empty": -13.149990275666807,
    "0": -0.8418738306607938,
    "1": -1.7406679689227107,
    "2": -0.45258636883656744,
    "3": -2.2605130022959408,
    "4": -2.989273406648588,
    "5": -1.4371002562973794,
    "6": -2.665747866462239,
    "7": -15.629850023764504,
    "0,1": -2.7814687769209887,
    "0,2": -1.9795096502373712,
    "0,3": -8.512079325614904,
    "0,4": -7.5491281173486335,
    "0,5": -0.7935090318668527,
    "0,6": -2.635479577704653,
    "0,7": -6.003525775900652,
    "1,2": -1.0174466211841935,
    "1,3": -2.0099137577489268,
    "1,4": -2.541626224699189,
    "1,5": -23.515448986445147,
    "1,6": -5.877571655919701,
    "1,7": -0.8385995782918292,
    "2,3": -2.3146345666792,
    "2,4": -1.8233135156844362,
    "2,5": -2.8003610894896873,
    "2,6": -2.612082665505898,
    "2,7": -8.16543333470328,
    "3,4": -3.5459933094797753,
    "3,5": -2.4866122936919504,
    "3,6": -0.9681813754305424,
    "3,7": -2.882490737147168,
    "4,5": -1.4137915925008988,
    "4,6": -19.05012562142774,
    "4,7": -2.2242468197644265,
    "5,6": -4.986603995187204,
    "5,7": -2.6102055030230398,
    "6,7": -0.35362370210685534,
    "0,1,2": -3.601948937273553,
    "0,1,3": -10.057552080339713,
    "0,1,4": -1.335218831500443,
    "0,1,5": -4.121668324191551,
    "0,1,6": -8.436233472834555,
    "0,1,7": -2.5638394962245967,
    "0,2,3": -0.37951944346719513,
    "0,2,4": -0.4761167187835227,
    "0,2,5": -3.8784629154242145,
    "0,2,6": -2.2860725467995886,
    "0,2,7": -7.136384342047339,
    "0,3,4": -1.4533520863505558,
    "0,3,5": -0.14688209001002117,
    "0,3,6": -0.1594255538542566,
    "0,3,7": -3.9069662569491586,
    "0,4,5": -4.755019154147689,
    "0,4,6": -14.135708955593637,
    "0,4,7": -7.699597815174,
    "0,5,6": -2.7176475927577437,
    "0,5,7": -11.176333072092381,
    "0,6,7": 0.8537626699538794,
    "1,2,3": -0.7070940992550991,
    "1,2,4": -8.001996002903836,
    "1,2,5": -0.4844169049406397,
    "1,2,6": -3.798563945508719,
    "1,2,7": -2.1287133979735384,
    "1,3,4": -2.2349376313190032,
    "1,3,5": -4.619706285070203,
    "1,3,6": -1.1003022745156703,
    "1,3,7": -2.821825528964473,
    "1,4,5": -6.01228812883506,
    "1,4,6": -6.299577188594457,
    "1,4,7": -18.695820382703673,
    "1,5,6": -3.4363550659312168,
    "1,5,7": -0.9003674558529384,
    "1,6,7": -2.0500222629007805,
    "2,3,4": -1.499775797254392,
    "2,3,5": -1.344335378298752,
    "2,3,6": -2.227828188899566,
    "2,3,7": -3.408636817617002,
    "2,4,5": -5.585622592274792,
    "2,4,6": -2.9259713602618187,
    "2,4,7": -5.317850556183938,
    "2,5,6": -2.0212135276849166,
    "2,5,7": -4.015327278316907,
    "2,6,7": -0.14011301313196878,
    "3,4,5": -7.513273603204583,
    "3,4,6": -1.0120227731509885,
    "3,4,7": -3.1281216093018607,
    "3,5,6": -0.5068563876187662,
    "3,5,7": -2.2886305164410423,
    "3,6,7": -0.1665423712237808,
    "4,5,6": -11.47643679037324,
    "4,5,7": -4.786322451389199,
    "4,6,7": -1.2014664150886434,
    "5,6,7": 0.4718627510382618,
    "0,1,2,3": -2.3234530094042167,
    "0,1,2,4": -2.868170216392019,
    "0,1,2,5": -3.349820959134047,
    "0,1,2,6": -0.7396072631960888,
    "0,1,2,7": -1.990469377330529,
    "0,1,3,4": -2.286226750734755,
    "0,1,3,5": -5.728039483678095,
    "0,1,3,6": -1.3079868223657174,
    "0,1,3,7": -3.9830244775230996,
    "0,1,4,5": -2.593239052574806,
    "0,1,4,6": -6.048211933800326,
    "0,1,4,7": -2.648508306798672,
    "0,1,5,6": -3.685364473158444,
    "0,1,5,7": -2.729857897124596,
    "0,1,6,7": 0.5504675653314401,
    "0,2,3,4": -7.411277787468542,
    "0,2,3,5": -2.8022492557291296,
    "0,2,3,6": -1.8562742917042976,
    "0,2,3,7": -0.3026000838517555,
    "0,2,4,5": -6.82236851721135,
    "0,2,4,6": -2.40059211195523,
    "0,2,4,7": -5.33001449475821,
    "0,2,5,6": -1.0084973151732828,
    "0,2,5,7": -3.5486110675510583,
    "0,2,6,7": -0.6271294378272327,
    "0,3,4,5": -8.864124808803371,
    "0,3,4,6": -1.3744055519968241,
    "0,3,4,7": -3.2969632079406104,
    "0,3,5,6": -1.4894893429709573,
    "0,3,5,7": -0.9432859593242353,
    "0,3,6,7": 0.7223551845071621,
    "0,4,5,6": -7.5162971991860115,
    "0,4,5,7": -2.2522265033707263,
    "0,4,6,7": 0.18982793805716147,
    "0,5,6,7": -0.8581672569032253,
    "1,2,3,4": -2.7164504657084834,
    "1,2,3,5": -0.5446115556980542,
    "1,2,3,6": 0.28191965347240244,
    "1,2,3,7": -1.1581640824213548,
    "1,2,4,5": -6.130189776505431,
    "1,2,4,6": -1.5913268886527683,
    "1,2,4,7": -2.2602409065688898,
    "1,2,5,6": -2.5403166823259506,
    "1,2,5,7": -3.4684218665610373,
    "1,2,6,7": -0.5213993580103755,
    "1,3,4,5": -5.0567616101185555,
    "1,3,4,6": -0.24984762317723197,
    "1,3,4,7": -3.333504947027257,
    "1,3,5,6": -3.622079329425574,
    "1,3,5,7": -3.7939361808632617,
    "1,3,6,7": -0.4375911948893687,
    "1,4,5,6": -2.558467573203056,
    "1,4,5,7": -2.010642490171906,
    "1,4,6,7": -0.8864866904113586,
    "1,5,6,7": -0.0829008524821222,
    "2,3,4,5": -2.256927858932641,
    "2,3,4,6": -1.0858280546309294,
    "2,3,4,7": -1.5858381909537966,
    "2,3,5,6": -4.068132736417652,
    "2,3,5,7": -0.5425410829517503,
    "2,3,6,7": 0.48435624198640825,
    "2,4,5,6": -2.571085591942069,
    "2,4,5,7": -2.117644243774915,
    "2,4,6,7": 0.4405348812634218,
    "2,5,6,7": -0.08885626389661727,
    "3,4,5,6": -0.7034533330643575,
    "3,4,5,7": -5.616810104189148,
    "3,4,6,7": 0.34258074961099516,
    "3,5,6,7": -0.8138128547188992,
    "4,5,6,7": 0.36244720880912784,
    "0,1,2,3,4": -0.43373701102761686,
    "0,1,2,3,5": -0.11816874399954691,
    "0,1,2,3,6": -0.8157222058474267,
    "0,1,2,3,7": -1.4009433430251352,
    "0,1,2,4,5": -5.203139524098319,
    "0,1,2,4,6": -3.8620206042990066,
    "0,1,2,4,7": -3.7028052080067004,
    "0,1,2,5,6": -1.1661779743753433,
    "0,1,2,5,7": -7.491998215286786,
    "0,1,2,6,7": 0.7847756262754475,
    "0,1,3,4,5": -5.438832329793749,
    "0,1,3,4,6": -6.345127452150504,
    "0,1,3,4,7": -2.1679279711417627,
    "0,1,3,5,6": -1.8646566567585015,
    "0,1,3,5,7": -1.1145935329709542,
    "0,1,3,6,7": -1.8282789428206567,
    "0,1,4,5,6": -4.434209038658387,
    "0,1,4,5,7": -2.2036005465950668,
    "0,1,4,6,7": 0.8635297877525877,
    "0,1,5,6,7": 0.9157477406556639,
    "0,2,3,4,5": -0.4905769222188163,
    "0,2,3,4,6": -6.355311443861604,
    "0,2,3,4,7": -4.271619443595738,
    "0,2,3,5,6": -0.10089054317291257,
    "0,2,3,5,7": -3.989504952897035,
    "0,2,3,6,7": 0.43835528748918184,
    "0,2,4,5,6": -1.6046073716898843,
    "0,2,4,5,7": -1.6112672781514643,
    "0,2,4,6,7": 0.3418486458996153,
    "0,2,5,6,7": 0.7906727197043062,
    "0,3,4,5,6": -5.161638021572965,
    "0,3,4,5,7": 0.012047072187350127,
    "0,3,4,6,7": 0.2944552810980253,
    "0,3,5,6,7": 0.8054392182435751,
    "0,4,5,6,7": 0.6410521394480255,
    "1,2,3,4,5": -17.16553292878678,
    "1,2,3,4,6": -2.774219766175559,
    "1,2,3,4,7": -4.792503282625453,
    "1,2,3,5,6": -0.40597458070372316,
    "1,2,3,5,7": -1.698497153195973,
    "1,2,3,6,7": 0.5705389202290856,
    "1,2,4,5,6": -0.8569992297873024,
    "1,2,4,5,7": -2.0479694177916663,
    "1,2,4,6,7": 0.8849032062400929,
    "1,2,5,6,7": 0.5264801637701577,
    "1,3,4,5,6": -3.0443649845854495,
    "1,3,4,5,7": -4.709664064485374,
    "1,3,4,6,7": -0.05418056844161634,
    "1,3,5,6,7": 0.7356036303390916,
    "1,4,5,6,7": -1.0314994413451135,
    "2,3,4,5,6": -1.954340588903559,
    "2,3,4,5,7": -22.724855095056967,
    "2,3,4,6,7": -2.9309075230403074,
    "2,3,5,6,7": 0.47300866170042954,