{
  "object_name": "Game",
  "data_type": "game",
  "version": "1.4.2.dev29+g3d3c3a7e6.d20260421",
  "created_from": null,
  "description": null,
  "parameters": {},
  "timestamp": "2026-04-21T12:25:56.097239+00:00Z",
  "metadata": {
    "n_players": 8,
    "game_name": "Game_object",
    "normalization_value": -3.2146455767430995,
    "precompute_flag": false,
    "precomputed": true,
    "player_names": null
  },
  "data": {
    "Empty": -3.2146455767430995,
    "0": -8.972744364588069,
    "1": -1.027510774714992,
    "2": -0.8704986232764971,
    "3": -5.185376511088261,
    "4": -11.628285278788375,
    "5": -2.4715084226160937,
    "6": -4.75562454259635,
    "7": -0.31203965098349196,
    "0,1": -1.3315790597556445,
    "0,2": -1.881265573590512,
    "0,3": -0.6758224674364002,
    "0,4": -3.480784066741842,
    "0,5": -3.3681350041936655,
    "0,6": -2.4437126448848496,
    "0,7": -0.6789521636824076,
    "1,2": -3.468860012181108,
    "1,3": -0.7112027337341542,
    "1,4": -3.3177876038983536,
    "1,5": -3.8525414358880203,
    "1,6": -4.445677296234573,
    "1,7": -2.956046796300583,
    "2,3": -0.70008087159365,
    "2,4": -7.26342277367438,
    "2,5": -0.8231814260857901,
    "2,6": -2.243880791188473,
    "2,7": -4.071939943701332,
    "3,4": -1.3518212900224778,
    "3,5": -2.096019183030422,
    "3,6": -0.3433733733753668,
    "3,7": -0.9399288730969335,
    "4,5": -4.099670666672224,
    "4,6": -25.8821431222795,
    "4,7": -1.779706941899068,
    "5,6": -2.0120059166095072,
    "5,7": -6.4450658902817946,
    "6,7": 0.07323753935539734,
    "0,1,2": -1.467037589077715,
    "0,1,3": -1.4333877123466623,
    "0,1,4": -2.3685065316411262,
    "0,1,5": -1.2023653642496486,
    "0,1,6": -1.2287938171033228,
    "0,1,7": -8.089402442247478,
    "0,2,3": -0.9904806237231905,
    "0,2,4": -1.2202823751436607,
    "0,2,5": -7.033933545450806,
    "0,2,6": -3.0367059370670484,
    "0,2,7": -4.618364525487047,
    "0,3,4": -4.708519745306586,
    "0,3,5": -2.8922806901198173,
    "0,3,6": 0.35021602052279033,
    "0,3,7": -4.900653260215216,
    "0,4,5": -2.069166139385239,
    "0,4,6": -2.5935059108530596,
    "0,4,7": -1.4862121437325992,
    "0,5,6": -8.033515076897002,
    "0,5,7": 0.3389202427572341,
    "0,6,7": 0.7811924360420457,
    "1,2,3": -6.384809702312859,
    "1,2,4": -2.476867010935184,
    "1,2,5": -1.0792657192587058,
    "1,2,6": -0.6448591774757131,
    "1,2,7": -0.3959478526687532,
    "1,3,4": -2.2011787095790663,
    "1,3,5": -3.0353646417701086,
    "1,3,6": -5.781631275445594,
    "1,3,7": -1.5652620393243803,
    "1,4,5": -2.29366074053313,
    "1,4,6": -4.965725395915388,
    "1,4,7": -1.5046811751068332,
    "1,5,6": -2.0374435945455214,
    "1,5,7": -0.514523190992034,
    "1,6,7": 0.6688247067099728,
    "2,3,4": -1.563203791907604,
    "2,3,5": -2.2561504978746427,
    "2,3,6": -6.899931243588787,
    "2,3,7": -1.7463896238600154,
    "2,4,5": -0.29392801343614017,
    "2,4,6": 0.5493801487571603,
    "2,4,7": -1.5178769372982792,
    "2,5,6": -1.8023794409356109,
    "2,5,7": -0.45816604549331297,
    "2,6,7": -0.7633366763540905,
    "3,4,5": -0.06641658804122952,
    "3,4,6": -0.7170421282237436,
    "3,4,7": -2.503211582538376,
    "3,5,6": -1.6235303814839308,
    "3,5,7": -0.621073021628999,
    "3,6,7": 0.5985334015977154,
    "4,5,6": -0.4591499471651892,
    "4,5,7": -3.8323244793146953,
    "4,6,7": 0.6188682863099968,
    "5,6,7": -0.051144884015560166,
    "0,1,2,3": -0.22800597783581478,
    "0,1,2,4": -8.244080528118525,
    "0,1,2,5": -1.249963748419947,
    "0,1,2,6": -4.399249802742545,
    "0,1,2,7": -1.3851738358855932,
    "0,1,3,4": -1.572917260938377,
    "0,1,3,5": -0.1696676954586389,
    "0,1,3,6": -11.732607173694262,
    "0,1,3,7": -1.006381893038248,
    "0,1,4,5": -0.8604145869025508,
    "0,1,4,6": -1.121621392558397,
    "0,1,4,7": -3.059914900564265,
    "0,1,5,6": -1.2830771056840158,
    "0,1,5,7": -0.7260989320212408,
    "0,1,6,7": 0.828094579695013,
    "0,2,3,4": -1.6861722037281637,
    "0,2,3,5": -4.642618669963118,
    "0,2,3,6": -1.4065626840608054,
    "0,2,3,7": 0.11950795623595278,
    "0,2,4,5": -7.878345833567796,
    "0,2,4,6": -11.195144428031833,
    "0,2,4,7": -10.238050735354488,
    "0,2,5,6": -1.9587746249662104,
    "0,2,5,7": 0.4143591714254916,
    "0,2,6,7": 0.6976806895138725,
    "0,3,4,5": -5.889436372010573,
    "0,3,4,6": -0.4974911548216896,
    "0,3,4,7": -1.9281631291493184,
    "0,3,5,6": 0.6100688411198623,
    "0,3,5,7": 0.3810296996038278,
    "0,3,6,7": 0.2854067675997154,
    "0,4,5,6": -0.5265457738996018,
    "0,4,5,7": -0.210426158690604,
    "0,4,6,7": 0.9365092810075341,
    "0,5,6,7": 0.9359561018429094,
    "1,2,3,4": -2.4071562882158037,
    "1,2,3,5": -6.803478704909762,
    "1,2,3,6": -5.957366039796834,
    "1,2,3,7": -0.5158161937373476,
    "1,2,4,5": -2.7910581250449837,
    "1,2,4,6": -2.1631463046315798,
    "1,2,4,7": -5.337100492295706,
    "1,2,5,6": -5.049471236315352,
    "1,2,5,7": -5.206457336246751,
    "1,2,6,7": 0.3507135053224618,
    "1,3,4,5": -0.9915696355335339,
    "1,3,4,6": -1.0413937514703688,
    "1,3,4,7": -2.193797847918756,
    "1,3,5,6": -4.2570996682854085,
    "1,3,5,7": -4.0566541475624165,
    "1,3,6,7": 0.26605690896646883,
    "1,4,5,6": -3.2299550178299974,
    "1,4,5,7": -2.416900627394821,
    "1,4,6,7": -0.552254427455471,
    "1,5,6,7": 0.4195337550383125,
    "2,3,4,5": -0.7039217721007127,
    "2,3,4,6": -7.410531730458777,
    "2,3,4,7": -2.2461155062506046,
    "2,3,5,6": -2.7249171261378757,
    "2,3,5,7": 0.308751445407881,
    "2,3,6,7": 0.47138163902510133,
    "2,4,5,6": -1.8228166106471888,
    "2,4,5,7": -0.2568278815920946,
    "2,4,6,7": 0.41718959056243177,
    "2,5,6,7": -3.225397021495249,
    "3,4,5,6": -1.273421258843646,
    "3,4,5,7": 0.1708540488377307,
    "3,4,6,7": 0.11778199180682303,
    "3,5,6,7": -0.05271866518364665,
    "4,5,6,7": 0.6735477989911116,
    "0,1,2,3,4": 0.29249651488250683,
    "0,1,2,3,5": -0.6558741840264979,
    "0,1,2,3,6": -5.1293375151612794,
    "0,1,2,3,7": -2.5351757616213306,
    "0,1,2,4,5": -10.0988592451263,
    "0,1,2,4,6": -1.31143658480238,
    "0,1,2,4,7": -1.4959214644662935,
    "0,1,2,5,6": -4.685966495126579,
    "0,1,2,5,7": -12.403156793177269,
    "0,1,2,6,7": 0.8796738325102051,
    "0,1,3,4,5": 0.700428300758329,
    "0,1,3,4,6": 0.7572418566607553,
    "0,1,3,4,7": -1.8290294959741389,
    "0,1,3,5,6": -3.537543160529988,
    "0,1,3,5,7": -0.7601590749431171,
    "0,1,3,6,7": -0.3209304452958601,
    "0,1,4,5,6": -2.1450703847721146,
    "0,1,4,5,7": -1.1175695624483875,
    "0,1,4,6,7": 0.6410694678805889,
    "0,1,5,6,7": 0.9270211686414096,
    "0,2,3,4,5": -0.15703128686013357,
    "0,2,3,4,6": 0.6186366819127751,
    "0,2,3,4,7": -6.931437089831991,
    "0,2,3,5,6": -1.0621303921021843,
    "0,2,3,5,7": -0.4019336550996573,
    "0,2,3,6,7": 0.8900412402372798,
    "0,2,4,5,6": -2.11643311695548,
    "0,2,4,5,7": -1.460285051474941,
    "0,2,4,6,7": 0.6754861940552292,
    "0,2,5,6,7": 0.6702354718560877,
    "0,3,4,5,6": 0.10594680085996677,
    "0,3,4,5,7": 0.17348891779256137,
    "0,3,4,6,7": 0.840149458046981,
    "0,3,5,6,7": 0.7356085939797896,
    "0,4,5,6,7": 0.25596996458605703,
    "1,2,3,4,5": -4.927293836990555,
    "1,2,3,4,6": 0.2252902367932007,
    "1,2,3,4,7": -1.1313992118293652,
    "1,2,3,5,6": -0.4510192946291267,
    "1,2,3,5,7": 0.1693097400600776,
    "1,2,3,6,7": 0.13429934322035586,
    "1,2,4,5,6": -4.960292455127335,
    "1,2,4,5,7": -1.3903526239202146,
    "1,2,4,6,7": 0.020839558211531384,
    "1,2,5,6,7": 0.5545698602541763,
    "1,3,4,5,6": -0.25067098108513064,
    "1,3,4,5,7": -0.005131935634583362,
    "1,3,4,6,7": 0.16752282086977632,
    "1,3,5,6,7": 0.38816690704211654,
    "1,4,5,6,7": 0.5474467273104286,
    "2,3,4,5,6": 0.5137333932549157,
    "2,3,4,5,7": -7.859019523044076,
    "2,3,4,6,7": 0.702573087001804,
    "2,3,5,6,7": 0.1407552433307302,