{
  "object_name": "Game",
  "data_type": "game",
  "version": "1.4.2.dev29+g3d3c3a7e6.d20260421",
  "created_from": null,
  "description": null,
  "parameters": {},
  "timestamp": "2026-04-21T12:25:56.118515+00:00Z",
  "metadata": {
    "n_players": 8,
    "game_name": "Game_object",
    "normalization_value": -2.0315872987458405,
    "precompute_flag": false,
    "precomputed": true,
    "player_names": null
  },
  "data": {
    "Empty": -2.0315872987458405,
    "0": -0.8790408873561915,
    "1": -1.2945714639455006,
    "2": -0.5368882847469945,
    "3": -1.3954743552370084,
    "4": -3.1485810043243854,
    "5": -0.9994292814724848,
    "6": -1.9645699586881644,
    "7": -0.8433842204197692,
    "0,1": -0.03176783114776627,
    "0,2": -0.3414729672315595,
    "0,3": -6.689787514835076,
    "0,4": -3.5701190766492656,
    "0,5": -2.688747444621874,
    "0,6": -3.094838273737306,
    "0,7": -8.684696031412455,
    "1,2": -2.639554502584209,
    "1,3": -1.1905244144733271,
    "1,4": -3.21076724397572,
    "1,5": -1.278227835825601,
    "1,6": -0.9643759821213533,
    "1,7": -0.40968685932598015,
    "2,3": -6.832240687056889,
    "2,4": -1.2424857335010175,
    "2,5": -1.651116088808727,
    "2,6": -2.8174218489033676,
    "2,7": -1.2064094480812213,
    "3,4": -1.7549003876817326,
    "3,5": -0.7179612732091818,
    "3,6": -1.9350361074517348,
    "3,7": -2.219766909992791,
    "4,5": -0.3218627330940975,
    "4,6": -8.78526526801124,
    "4,7": -1.1679103588191126,
    "5,6": 0.04569070756145366,
    "5,7": -3.441571556713578,
    "6,7": -0.22175512348768933,
    "0,1,2": -0.6231264488612442,
    "0,1,3": -0.9870391784078987,
    "0,1,4": -6.152881024762804,
    "0,1,5": -7.969969920310634,
    "0,1,6": -6.841116554186359,
    "0,1,7": -0.6754090855399721,
    "0,2,3": -2.513044595449015,
    "0,2,4": -4.585945245779152,
    "0,2,5": -16.640767164076294,
    "0,2,6": -1.5013513260230544,
    "0,2,7": -0.650253861916885,
    "0,3,4": -1.4990177347337084,
    "0,3,5": -0.9340664806148804,
    "0,3,6": 0.2933213486561106,
    "0,3,7": -0.636856164497241,
    "0,4,5": -0.4667573301518404,
    "0,4,6": -3.7337248920813275,
    "0,4,7": -7.156477467384924,
    "0,5,6": -3.92640826222255,
    "0,5,7": -1.5727219291403962,
    "0,6,7": 0.11444832977054009,
    "1,2,3": -7.62205456067557,
    "1,2,4": -1.9295208638525705,
    "1,2,5": -1.8759812948161088,
    "1,2,6": -6.626197271408296,
    "1,2,7": -3.202298510707239,
    "1,3,4": -3.40308241173837,
    "1,3,5": -5.2655269437005625,
    "1,3,6": -1.1056048391205264,
    "1,3,7": -1.5307805717365914,
    "1,4,5": -1.7109787653505193,
    "1,4,6": -0.6171478915032331,
    "1,4,7": -5.19132195340113,
    "1,5,6": -4.482839441462216,
    "1,5,7": -0.27960429235784723,
    "1,6,7": 0.32692063402768556,
    "2,3,4": -1.020010857878125,
    "2,3,5": -3.6141349442628714,
    "2,3,6": -2.462948949183837,
    "2,3,7": -3.5852821430339175,
    "2,4,5": -3.0285508447103533,
    "2,4,6": -0.5169457413073666,
    "2,4,7": -4.83631924934351,
    "2,5,6": -4.850563930928777,
    "2,5,7": -0.5699347350671133,
    "2,6,7": 0.2580079031413911,
    "3,4,5": 0.09707296992133163,
    "3,4,6": -4.956470025433269,
    "3,4,7": -3.089172218555606,
    "3,5,6": -1.2438740581003467,
    "3,5,7": -3.574592195747635,
    "3,6,7": 0.3666379612521,
    "4,5,6": -1.6584627634602924,
    "4,5,7": -2.9665735005719753,
    "4,6,7": -1.9790492115093108,
    "5,6,7": 0.5586624899200106,
    "0,1,2,3": -0.696681042529038,
    "0,1,2,4": -1.3307989468041113,
    "0,1,2,5": -4.811836900281395,
    "0,1,2,6": -2.860987203269209,
    "0,1,2,7": -1.470597123489025,
    "0,1,3,4": -0.34117412849179374,
    "0,1,3,5": -1.7738662503620435,
    "0,1,3,6": -3.7225092498256656,
    "0,1,3,7": -5.1585860401864005,
    "0,1,4,5": -1.379944404992329,
    "0,1,4,6": -0.33882683007263137,
    "0,1,4,7": -0.48666836579601847,
    "0,1,5,6": -3.4664932619714985,
    "0,1,5,7": -0.5028116493146559,
    "0,1,6,7": -0.8284716229817086,
    "0,2,3,4": -1.2897666795273737,
    "0,2,3,5": -2.783216126846613,
    "0,2,3,6": -6.434737202989604,
    "0,2,3,7": -0.7588588435189185,
    "0,2,4,5": -0.7645586601899201,
    "0,2,4,6": -0.9709434290185799,
    "0,2,4,7": -1.2541381490635914,
    "0,2,5,6": 0.42845685855257154,
    "0,2,5,7": -1.1990422235339806,
    "0,2,6,7": 0.23086255814979473,
    "0,3,4,5": -7.679355550020869,
    "0,3,4,6": -4.254760530752567,
    "0,3,4,7": -3.7126577513434817,
    "0,3,5,6": -1.3782590073139187,
    "0,3,5,7": -0.3696963757805598,
    "0,3,6,7": -0.30796721060161714,
    "0,4,5,6": -1.146663105760012,
    "0,4,5,7": -2.3480534177509536,
    "0,4,6,7": 0.2340688072248608,
    "0,5,6,7": 0.8995653061264869,
    "1,2,3,4": -2.4116018479320678,
    "1,2,3,5": -1.3390997608944044,
    "1,2,3,6": -2.3814489075183154,
    "1,2,3,7": -2.7187539858409133,
    "1,2,4,5": -5.644303044265286,
    "1,2,4,6": -1.9688829870778397,
    "1,2,4,7": -1.5770497557142051,
    "1,2,5,6": -0.6824225486078461,
    "1,2,5,7": -1.07248513248233,
    "1,2,6,7": -2.2737805263380895,
    "1,3,4,5": -5.074828852522684,
    "1,3,4,6": -5.108194003410578,
    "1,3,4,7": -1.388914418808306,
    "1,3,5,6": -1.8678222298467513,
    "1,3,5,7": -4.563650335440143,
    "1,3,6,7": -0.03995175127831807,
    "1,4,5,6": -1.962401991046427,
    "1,4,5,7": -4.2825750474719655,
    "1,4,6,7": 0.17994948472026573,
    "1,5,6,7": 0.8446852171943968,
    "2,3,4,5": -5.1436280555564595,
    "2,3,4,6": -1.793982205653223,
    "2,3,4,7": -1.493052918862876,
    "2,3,5,6": -1.0638352001544091,
    "2,3,5,7": -1.5608112767924536,
    "2,3,6,7": -0.7359081516987704,
    "2,4,5,6": -0.304451632561725,
    "2,4,5,7": -2.0748470646636186,
    "2,4,6,7": -0.44837762455633734,
    "2,5,6,7": 0.15748862211314274,
    "3,4,5,6": -1.331340409206189,
    "3,4,5,7": -4.235740773459251,
    "3,4,6,7": -0.8300750558310463,
    "3,5,6,7": -0.17486682996900416,
    "4,5,6,7": -0.403985872024726,
    "0,1,2,3,4": -2.883360677455002,
    "0,1,2,3,5": -2.493893238723012,
    "0,1,2,3,6": -2.1984993796671426,
    "0,1,2,3,7": -0.4114763999994653,
    "0,1,2,4,5": 0.07229709743514523,
    "0,1,2,4,6": -4.964366654000131,
    "0,1,2,4,7": -0.4761484332632471,
    "0,1,2,5,6": -2.917066217177446,
    "0,1,2,5,7": 0.5442427428470398,
    "0,1,2,6,7": 0.6962790095578059,
    "0,1,3,4,5": -2.8074057429428843,
    "0,1,3,4,6": 0.2116941123902495,
    "0,1,3,4,7": 0.2558753136276213,
    "0,1,3,5,6": -0.1018287255263024,
    "0,1,3,5,7": -0.5522793925069955,
    "0,1,3,6,7": -0.3070288628373019,
    "0,1,4,5,6": -5.757573276121193,
    "0,1,4,5,7": -5.88323408034063,
    "0,1,4,6,7": 0.47252058115155904,
    "0,1,5,6,7": 0.8945257657221917,
    "0,2,3,4,5": -1.9808796306297403,
    "0,2,3,4,6": -1.082731111543887,
    "0,2,3,4,7": -5.0886007718822786,
    "0,2,3,5,6": -4.120530642639201,
    "0,2,3,5,7": -0.8322386618937432,
    "0,2,3,6,7": 0.6814617581876197,
    "0,2,4,5,6": -0.015726261036084432,
    "0,2,4,5,7": -2.7805997653579078,
    "0,2,4,6,7": 0.6150942648084221,
    "0,2,5,6,7": 0.8613612044453218,
    "0,3,4,5,6": 0.12495797526821628,
    "0,3,4,5,7": -3.859398824164381,
    "0,3,4,6,7": -2.455928801037288e-05,
    "0,3,5,6,7": 0.6424742611736713,
    "0,4,5,6,7": -0.3111078318505063,
    "1,2,3,4,5": -0.6967916570107133,
    "1,2,3,4,6": -0.36014094105207284,
    "1,2,3,4,7": -3.936464847774152,
    "1,2,3,5,6": -0.722287931367386,
    "1,2,3,5,7": -3.9947429986829865,
    "1,2,3,6,7": -0.14537824480724337,
    "1,2,4,5,6": -1.0249087966704198,
    "1,2,4,5,7": -1.1528429216967973,
    "1,2,4,6,7": -0.60610628003074,
    "1,2,5,6,7": 0.5667883448259136,
    "1,3,4,5,6": -2.8606102693100115,
    "1,3,4,5,7": -4.09401597093261,
    "1,3,4,6,7": -1.9738518655306585,
    "1,3,5,6,7": 0.7852567668054605,
    "1,4,5,6,7": 0.4166795101977123,
    "2,3,4,5,6": -2.308457583956344,
    "2,3,4,5,7": -0.7229940063746869,
    "2,3,4,6,7": -0.20052278300166781,
    "2,3,5,6,7": 0.6250995921004381,