{
  "object_name": "Game",
  "data_type": "game",
  "version": "1.4.2.dev29+g3d3c3a7e6.d20260421",
  "created_from": null,
  "description": null,
  "parameters": {},
  "timestamp": "2026-04-21T12:25:56.271559+00:00Z",
  "metadata": {
    "n_players": 8,
    "game_name": "Game_object",
    "normalization_value": -1.151810677272337,
    "precompute_flag": false,
    "precomputed": true,
    "player_names": null
  },
  "data": {
    "Empty": -1.151810677272337,
    "0": -0.6617411224329464,
    "1": -0.9028308015990563,
    "2": -3.6847562826714837,
    "3": -2.3130312422206227,
    "4": -0.9408418552531663,
    "5": -0.737286860526744,
    "6": -1.6403631837370858,
    "7": -0.46299276746051277,
    "0,1": 0.7233489733987206,
    "0,2": -0.19461039509090794,
    "0,3": -0.2940978033345407,
    "0,4": -1.1525327676891886,
    "0,5": -0.3978246896652462,
    "0,6": 0.712092672416182,
    "0,7": -0.4748507526886998,
    "1,2": -0.8875447375334491,
    "1,3": -0.9834642030572569,
    "1,4": -1.8880011312407445,
    "1,5": -2.4301483885482345,
    "1,6": -0.762576807208925,
    "1,7": -0.36760168549045735,
    "2,3": -1.4513312111534757,
    "2,4": -0.7663930465541622,
    "2,5": -0.6908178638654874,
    "2,6": -0.2674767188662377,
    "2,7": -1.6946801931678754,
    "3,4": -0.5764946488383225,
    "3,5": -1.0098547268149356,
    "3,6": -0.21845054965527444,
    "3,7": -9.28602511235986,
    "4,5": -0.7955375561661087,
    "4,6": -2.894455692543356,
    "4,7": -1.9019166223997557,
    "5,6": 0.07827782773770164,
    "5,7": -1.8148068947498577,
    "6,7": -29.959478549614378,
    "0,1,2": 0.42813217980236595,
    "0,1,3": 0.2598215409065988,
    "0,1,4": -0.18318670142861104,
    "0,1,5": 0.407287323460231,
    "0,1,6": 0.3977086750617591,
    "0,1,7": -0.608255323341433,
    "0,2,3": 0.39978088245953014,
    "0,2,4": 0.08621848096724782,
    "0,2,5": -0.2114738731445036,
    "0,2,6": -0.15413052010450334,
    "0,2,7": 0.5720120996803464,
    "0,3,4": 0.31063450322944497,
    "0,3,5": 0.10752583351910128,
    "0,3,6": -0.7128183883798935,
    "0,3,7": 0.1372725676424723,
    "0,4,5": 0.6668855760431736,
    "0,4,6": -0.1613107179608877,
    "0,4,7": -0.5160385907198359,
    "0,5,6": 0.7535118121297735,
    "0,5,7": -0.7839355124614342,
    "0,6,7": 0.4384336247095445,
    "1,2,3": -2.1703746132544586,
    "1,2,4": -2.4521927304071354,
    "1,2,5": -1.536828551277111,
    "1,2,6": -1.5957793478112485,
    "1,2,7": -5.721090291452079,
    "1,3,4": -4.613459176876166,
    "1,3,5": -0.3365071895845748,
    "1,3,6": -0.7687749814403844,
    "1,3,7": -0.32264474125914266,
    "1,4,5": -1.0394260629140541,
    "1,4,6": -0.44374305653853896,
    "1,4,7": -0.39527794160870133,
    "1,5,6": -0.9294485268583474,
    "1,5,7": -0.37523566103440764,
    "1,6,7": 0.3320610203560034,
    "2,3,4": -0.7413171388526012,
    "2,3,5": 0.3076651829695789,
    "2,3,6": -1.1591475667294935,
    "2,3,7": -0.5883695537716844,
    "2,4,5": -4.571419871478409,
    "2,4,6": -1.3052509185388832,
    "2,4,7": -0.5778115471794896,
    "2,5,6": -0.696525773735243,
    "2,5,7": -2.6098660586432385,
    "2,6,7": -0.29767136710278863,
    "3,4,5": -1.622936145896738,
    "3,4,6": -5.026686370087489,
    "3,4,7": -2.8010691626174773,
    "3,5,6": 0.10828628697155762,
    "3,5,7": -0.8160430719709952,
    "3,6,7": 0.28137767889058973,
    "4,5,6": 0.30524839506080903,
    "4,5,7": -1.2039077034173253,
    "4,6,7": -0.10379578386137323,
    "5,6,7": -0.22894513943079708,
    "0,1,2,3": -1.4144932351551645,
    "0,1,2,4": 0.11257171341659922,
    "0,1,2,5": 0.6012436615327347,
    "0,1,2,6": -1.8132383611888234,
    "0,1,2,7": -0.3817914548158927,
    "0,1,3,4": 0.48823313277277447,
    "0,1,3,5": 0.7478770095375903,
    "0,1,3,6": 0.4986794646583498,
    "0,1,3,7": -0.2713823695075368,
    "0,1,4,5": 0.13720330147180382,
    "0,1,4,6": 0.5130630434523621,
    "0,1,4,7": 0.1322396035725415,
    "0,1,5,6": 0.6358981606095855,
    "0,1,5,7": 0.7505400989272222,
    "0,1,6,7": 0.7525657925041649,
    "0,2,3,4": 0.1536425511894962,
    "0,2,3,5": 0.1120796154744731,
    "0,2,3,6": -0.7765498906088597,
    "0,2,3,7": 0.4291379475382687,
    "0,2,4,5": 0.5119959658961882,
    "0,2,4,6": -1.0226007800050132,
    "0,2,4,7": -0.46935884663113203,
    "0,2,5,6": 0.29775291818420035,
    "0,2,5,7": 0.7374470581192671,
    "0,2,6,7": 0.303952703903832,
    "0,3,4,5": 0.533650163464627,
    "0,3,4,6": -0.264778833694296,
    "0,3,4,7": -1.1480069505309127,
    "0,3,5,6": -0.3928339232437448,
    "0,3,5,7": 0.4576744892832194,
    "0,3,6,7": 0.9224682006680817,
    "0,4,5,6": -0.21081130463031839,
    "0,4,5,7": 3.810497143885705e-05,
    "0,4,6,7": 0.5528149404127054,
    "0,5,6,7": 0.5468334127702644,
    "1,2,3,4": 0.03459145271450603,
    "1,2,3,5": -0.5093294554673315,
    "1,2,3,6": -0.4396974639577358,
    "1,2,3,7": -1.8208951863917568,
    "1,2,4,5": -2.047428188134268,
    "1,2,4,6": -8.474371330941516,
    "1,2,4,7": -1.2680488788476754,
    "1,2,5,6": 0.016247803066603117,
    "1,2,5,7": -2.6083510138303856,
    "1,2,6,7": -0.0023714392287945696,
    "1,3,4,5": -1.034104935039868,
    "1,3,4,6": -1.0754401220111207,
    "1,3,4,7": -5.681765943054357,
    "1,3,5,6": -0.22465928098064336,
    "1,3,5,7": -8.338948253657966,
    "1,3,6,7": -1.5195398948314613,
    "1,4,5,6": -1.8423424692956432,
    "1,4,5,7": -0.6146936431901877,
    "1,4,6,7": 0.5772867523722093,
    "1,5,6,7": -0.49443104470377164,
    "2,3,4,5": -1.079789934775139,
    "2,3,4,6": -1.2408174519477884,
    "2,3,4,7": -1.9334324084480263,
    "2,3,5,6": -0.59917049402229,
    "2,3,5,7": -1.4324844077611734,
    "2,3,6,7": -6.96090049654482,
    "2,4,5,6": -6.2168500098590025,
    "2,4,5,7": 0.004859651140892929,
    "2,4,6,7": -0.1526764256930273,
    "2,5,6,7": -0.3343205146774668,
    "3,4,5,6": -0.8387248400963057,
    "3,4,5,7": -1.5544598861745218,
    "3,4,6,7": -0.30550013288371614,
    "3,5,6,7": -0.5345535610465395,
    "4,5,6,7": -0.8354849478064801,
    "0,1,2,3,4": 0.827779465410238,
    "0,1,2,3,5": 0.04082576463057075,
    "0,1,2,3,6": 0.7105806678093444,
    "0,1,2,3,7": 0.1816488236995748,
    "0,1,2,4,5": -0.9337516273755369,
    "0,1,2,4,6": -0.3015125370527203,
    "0,1,2,4,7": 0.34556679454153016,
    "0,1,2,5,6": 0.04873415966107986,
    "0,1,2,5,7": 0.6587368165090515,
    "0,1,2,6,7": 0.7344567477579772,
    "0,1,3,4,5": 0.7764313802114909,
    "0,1,3,4,6": 0.16511144233107267,
    "0,1,3,4,7": -0.23115429936278797,
    "0,1,3,5,6": 0.7768750952433565,
    "0,1,3,5,7": -3.390044442055535,
    "0,1,3,6,7": 0.743822398233547,
    "0,1,4,5,6": 0.7827691023011604,
    "0,1,4,5,7": 0.27062107778717104,
    "0,1,4,6,7": 0.7283691974833004,
    "0,1,5,6,7": 0.7759653840232693,
    "0,2,3,4,5": 0.3008181266036424,
    "0,2,3,4,6": 0.6000043053396183,
    "0,2,3,4,7": -0.18640370473691958,
    "0,2,3,5,6": 0.2652235694960783,
    "0,2,3,5,7": 0.6346128318973769,
    "0,2,3,6,7": 0.4362881640329189,
    "0,2,4,5,6": -0.003932545271955412,
    "0,2,4,5,7": 0.42549636461875273,
    "0,2,4,6,7": -0.42398853113548984,
    "0,2,5,6,7": 0.4166915864176096,
    "0,3,4,5,6": -0.8222375070953785,
    "0,3,4,5,7": 0.42280784730158594,
    "0,3,4,6,7": 0.6412605331011547,
    "0,3,5,6,7": 0.3365407802896315,
    "0,4,5,6,7": 0.9206074132086953,
    "1,2,3,4,5": -0.5291115788713086,
    "1,2,3,4,6": -1.380416143195042,
    "1,2,3,4,7": 0.11893873959530055,
    "1,2,3,5,6": -1.363140066915379,
    "1,2,3,5,7": -1.04606622230301,
    "1,2,3,6,7": 0.08333459189371473,
    "1,2,4,5,6": -1.8693243586239627,
    "1,2,4,5,7": -0.5371995592041581,
    "1,2,4,6,7": -0.48317813328616266,
    "1,2,5,6,7": -0.9742376964393404,
    "1,3,4,5,6": -1.5787019633924162,
    "1,3,4,5,7": -1.3674374889677026,
    "1,3,4,6,7": -0.6058846882612248,
    "1,3,5,6,7": -0.11630139810530093,
    "1,4,5,6,7": 0.37830218073551847,
    "2,3,4,5,6": -2.0024830659219117,
    "2,3,4,5,7": -6.520741938511645,
    "2,3,4,6,7": -2.155566198720051,