{
  "object_name": "Game",
  "data_type": "game",
  "version": "1.4.2.dev29+g3d3c3a7e6.d20260421",
  "created_from": null,
  "description": null,
  "parameters": {},
  "timestamp": "2026-04-21T12:25:56.167825+00:00Z",
  "metadata": {
    "n_players": 8,
    "game_name": "Game_object",
    "normalization_value": -1.789091955324201,
    "precompute_flag": false,
    "precomputed": true,
    "player_names": null
  },
  "data": {
    "Empty": -1.789091955324201,
    "0": -6.669224501779495,
    "1": -2.137989702332065,
    "2": -7.256514338260976,
    "3": -2.6988479525864255,
    "4": -2.4386013700231945,
    "5": -2.0445218976966135,
    "6": -0.2282213908516051,
    "7": -3.388240528000903,
    "0,1": -4.292469745122573,
    "0,2": -2.0217773358453552,
    "0,3": -1.234673949529193,
    "0,4": -1.9764878609159804,
    "0,5": -2.5741047433784923,
    "0,6": -2.0502607205676164,
    "0,7": -0.4496619768251928,
    "1,2": -2.4959099592716436,
    "1,3": -3.377740733648764,
    "1,4": -3.39794380695057,
    "1,5": 0.5112761609282177,
    "1,6": -5.69122825607292,
    "1,7": -5.788524422131161,
    "2,3": -1.3724261987974575,
    "2,4": -3.5957503703982594,
    "2,5": -5.4106606250294,
    "2,6": -4.844483412723974,
    "2,7": -0.9645594334904404,
    "3,4": -0.6748018244784106,
    "3,5": -6.875051894139581,
    "3,6": -7.493009148839626,
    "3,7": -7.6533946056257705,
    "4,5": -1.9136579950908343,
    "4,6": -1.1241072344346215,
    "4,7": -3.0584785711716354,
    "5,6": -5.484866555334231,
    "5,7": -1.138393959765331,
    "6,7": -0.8952775281590271,
    "0,1,2": -6.981195168879655,
    "0,1,3": -2.294485626113447,
    "0,1,4": -2.268942045792151,
    "0,1,5": -2.6098744546309884,
    "0,1,6": -5.480507411658351,
    "0,1,7": -1.8591845470392867,
    "0,2,3": -2.3826363510664788,
    "0,2,4": -3.4823778604758946,
    "0,2,5": -3.119938844820963,
    "0,2,6": -0.656918634743151,
    "0,2,7": -1.2796154810018123,
    "0,3,4": -1.542898391056247,
    "0,3,5": -6.0101668021007,
    "0,3,6": -1.9379233330328343,
    "0,3,7": -1.5639410060464236,
    "0,4,5": -4.562026472617801,
    "0,4,6": -1.7848995961781737,
    "0,4,7": -1.4434029756893687,
    "0,5,6": -3.320301667316061,
    "0,5,7": -2.78865289381945,
    "0,6,7": 0.7725910068652492,
    "1,2,3": -3.0800086697897378,
    "1,2,4": -2.0831087593749937,
    "1,2,5": -1.6017617145458578,
    "1,2,6": -1.535604815498151,
    "1,2,7": -8.284007522463263,
    "1,3,4": -3.4523517310894185,
    "1,3,5": -6.360499838720955,
    "1,3,6": -2.822747869326217,
    "1,3,7": -5.835616711659037,
    "1,4,5": 0.14531327051724752,
    "1,4,6": -5.527000933988171,
    "1,4,7": -3.879173058470812,
    "1,5,6": -4.087978380568643,
    "1,5,7": -5.467017160124333,
    "1,6,7": -0.70718946171367,
    "2,3,4": -6.570619625708283,
    "2,3,5": -3.1492296649275424,
    "2,3,6": -3.6609732949733784,
    "2,3,7": -8.068720033503771,
    "2,4,5": -5.535194999324552,
    "2,4,6": -2.7102561349362926,
    "2,4,7": -2.0449382789267414,
    "2,5,6": -5.243627012441384,
    "2,5,7": -2.3475231284467473,
    "2,6,7": 0.830881316557971,
    "3,4,5": -3.7948620588208275,
    "3,4,6": -0.9337445934855242,
    "3,4,7": -8.242470786006498,
    "3,5,6": -2.964980737532214,
    "3,5,7": -11.4690648260503,
    "3,6,7": 0.3917765142552855,
    "4,5,6": -1.041666145533108,
    "4,5,7": -12.502792085914987,
    "4,6,7": -0.9763043828888385,
    "5,6,7": 0.3794280446144924,
    "0,1,2,3": -3.0331153515278384,
    "0,1,2,4": -2.690016025994278,
    "0,1,2,5": -5.360815838104299,
    "0,1,2,6": -0.2353843914854281,
    "0,1,2,7": -1.1110439537002836,
    "0,1,3,4": -1.704502394115535,
    "0,1,3,5": -5.3080801219170946,
    "0,1,3,6": -1.4992307245355412,
    "0,1,3,7": -5.978540364530522,
    "0,1,4,5": -1.4484788224882883,
    "0,1,4,6": -2.1538180798444255,
    "0,1,4,7": -1.1538934107408192,
    "0,1,5,6": -1.6182734503839353,
    "0,1,5,7": -5.706648313875078,
    "0,1,6,7": 0.7221818474426114,
    "0,2,3,4": -0.8840623267532248,
    "0,2,3,5": -0.4459832684409797,
    "0,2,3,6": -2.4108189093067875,
    "0,2,3,7": -7.409300774371571,
    "0,2,4,5": -1.4877354135554217,
    "0,2,4,6": -10.720271795723955,
    "0,2,4,7": -2.2378274520338817,
    "0,2,5,6": -1.9630074611186044,
    "0,2,5,7": -0.7300768319287392,
    "0,2,6,7": 0.8944234333051051,
    "0,3,4,5": -2.778163487203607,
    "0,3,4,6": -2.195065001401848,
    "0,3,4,7": -1.4745589623437487,
    "0,3,5,6": -5.209981752835934,
    "0,3,5,7": -2.9577161892642296,
    "0,3,6,7": 0.7316031411554951,
    "0,4,5,6": -2.214862122937149,
    "0,4,5,7": 0.05233231431286889,
    "0,4,6,7": 0.7551917991643508,
    "0,5,6,7": 0.8790749045846841,
    "1,2,3,4": -2.411426442747381,
    "1,2,3,5": -5.443080448549036,
    "1,2,3,6": -0.7567319769615743,
    "1,2,3,7": -3.6896976495972895,
    "1,2,4,5": -1.5897341681296413,
    "1,2,4,6": -0.4609921047675294,
    "1,2,4,7": 0.08325579141557371,
    "1,2,5,6": -5.619704242908854,
    "1,2,5,7": -9.43874562686717,
    "1,2,6,7": 0.3054299745735536,
    "1,3,4,5": -2.4166942387816492,
    "1,3,4,6": -1.195415009997169,
    "1,3,4,7": -1.7880544444199171,
    "1,3,5,6": -4.080741027296532,
    "1,3,5,7": -3.352671739261206,
    "1,3,6,7": -7.807337080598574,
    "1,4,5,6": -9.69071969793098,
    "1,4,5,7": -4.062976547115188,
    "1,4,6,7": 0.8320541541532855,
    "1,5,6,7": -0.6709675889152908,
    "2,3,4,5": -2.2124860455991406,
    "2,3,4,6": -0.6396803828921527,
    "2,3,4,7": -3.397424644210454,
    "2,3,5,6": -3.5800463669433054,
    "2,3,5,7": -5.901967598706443,
    "2,3,6,7": 0.3235899477799311,
    "2,4,5,6": -2.9645900762893755,
    "2,4,5,7": -3.1210240269981773,
    "2,4,6,7": -1.2387135797286088,
    "2,5,6,7": -0.02313423765212197,
    "3,4,5,6": -15.235238293857428,
    "3,4,5,7": -0.502455511175337,
    "3,4,6,7": -0.4332010349558675,
    "3,5,6,7": 0.5327807531651195,
    "4,5,6,7": -0.37059257472623686,
    "0,1,2,3,4": -4.179460653441215,
    "0,1,2,3,5": -4.77795118327724,
    "0,1,2,3,6": -0.6238529742264478,
    "0,1,2,3,7": -1.0707146474408984,
    "0,1,2,4,5": -6.337549756250649,
    "0,1,2,4,6": -0.05025902449525255,
    "0,1,2,4,7": -0.09487160171329134,
    "0,1,2,5,6": -3.190281121360412,
    "0,1,2,5,7": -6.518422683453455,
    "0,1,2,6,7": 0.24530375172085728,
    "0,1,3,4,5": -4.183625248446438,
    "0,1,3,4,6": -0.43542621113718427,
    "0,1,3,4,7": -0.980280394056799,
    "0,1,3,5,6": -4.228159207932936,
    "0,1,3,5,7": -3.444279658855341,
    "0,1,3,6,7": 0.8834651287511983,
    "0,1,4,5,6": -0.3364953843742693,
    "0,1,4,5,7": -4.694083231686019,
    "0,1,4,6,7": 0.6683502935083079,
    "0,1,5,6,7": 0.8775342722702739,
    "0,2,3,4,5": -2.810790076612795,
    "0,2,3,4,6": -2.030722229466016,
    "0,2,3,4,7": -2.4577880745180187,
    "0,2,3,5,6": -0.19959496212536254,
    "0,2,3,5,7": -1.6967648224149192,
    "0,2,3,6,7": -0.015822848403598933,
    "0,2,4,5,6": -0.6632550061828415,
    "0,2,4,5,7": -0.5227643151967492,
    "0,2,4,6,7": 0.6699681618291545,
    "0,2,5,6,7": 0.8472776242721086,
    "0,3,4,5,6": -3.815998529542007,
    "0,3,4,5,7": -7.887874120634596,
    "0,3,4,6,7": 0.7631551013352929,
    "0,3,5,6,7": 0.7297260074447031,
    "0,4,5,6,7": -0.26462539742157154,
    "1,2,3,4,5": -0.3205748889547235,
    "1,2,3,4,6": -5.786413982410534,
    "1,2,3,4,7": -4.038462306070131,
    "1,2,3,5,6": -3.5398129732937633,
    "1,2,3,5,7": -8.774055970182781,
    "1,2,3,6,7": 0.31351961258006167,
    "1,2,4,5,6": -0.6981724243926009,
    "1,2,4,5,7": -3.28896121652817,
    "1,2,4,6,7": 0.3255078513542701,
    "1,2,5,6,7": 0.3805473577750126,
    "1,3,4,5,6": -0.5280728831692585,
    "1,3,4,5,7": -7.782255508355389,
    "1,3,4,6,7": -0.9570892622279004,
    "1,3,5,6,7": -2.611633423356021,
    "1,4,5,6,7": 0.05245021483292944,
    "2,3,4,5,6": -1.46317495443384,
    "2,3,4,5,7": -0.06449354445546973,
    "2,3,4,6,7": -0.007701562346341451,
    "2,3,5,6,7": 0.22258599304069027,
    "2,4,5,6,7": -0.8696713800077047,