{
  "object_name": "Game",
  "data_type": "game",
  "version": "1.4.2.dev29+g3d3c3a7e6.d20260421",
  "created_from": null,
  "description": null,
  "parameters": {},
  "timestamp": "2026-04-21T12:25:56.137860+00:00Z",
  "metadata": {
    "n_players": 8,
    "game_name": "Game_object",
    "normalization_value": -1.0538919905145732,
    "precompute_flag": false,
    "precomputed": true,
    "player_names": null
  },
  "data": {
    "Empty": -1.0538919905145732,
    "0": -6.348488413679686,
    "1": -5.190044478595863,
    "2": -1.9877079402964921,
    "3": -2.1067117025349233,
    "4": -3.9374092423328717,
    "5": -3.6139947929449407,
    "6": -3.4826440802565397,
    "7": -2.894670368586331,
    "0,1": -0.40442313059315405,
    "0,2": -0.30021628185606875,
    "0,3": -0.7001897025988115,
    "0,4": -3.989116373866999,
    "0,5": -2.3649711746385482,
    "0,6": -6.219825626842651,
    "0,7": -4.439732636204684,
    "1,2": -1.4975198904731655,
    "1,3": -5.634625936383039,
    "1,4": -0.08267446861918848,
    "1,5": -1.4789620296481716,
    "1,6": -3.896659490863642,
    "1,7": -3.2928151820853335,
    "2,3": -5.879388927596604,
    "2,4": -16.79831890263953,
    "2,5": -3.2191945305791734,
    "2,6": -4.848940010242617,
    "2,7": -1.5035052779343006,
    "3,4": -6.4337832499139225,
    "3,5": -3.22846874044388,
    "3,6": -1.6542413142631949,
    "3,7": -8.171961125215702,
    "4,5": -6.284604814620662,
    "4,6": -11.399616759312833,
    "4,7": -0.4318309430134071,
    "5,6": -1.1000228333945175,
    "5,7": -2.4202590887509206,
    "6,7": 0.338791286575844,
    "0,1,2": -1.8231253913098882,
    "0,1,3": -4.172500274252476,
    "0,1,4": -3.622767439336508,
    "0,1,5": -2.4512306648342794,
    "0,1,6": -1.5542264162787154,
    "0,1,7": -5.044240311836034,
    "0,2,3": -1.895538806032969,
    "0,2,4": -15.078459968336883,
    "0,2,5": -5.455873721827067,
    "0,2,6": -2.300553450128859,
    "0,2,7": -1.7682143694370547,
    "0,3,4": -2.0123372488156623,
    "0,3,5": -2.816647828407239,
    "0,3,6": -4.1120508342426705,
    "0,3,7": -6.000015077550883,
    "0,4,5": -1.7940913323682763,
    "0,4,6": -0.21659256603909816,
    "0,4,7": -2.068154413322319,
    "0,5,6": -18.84339918214425,
    "0,5,7": -5.396413657881624,
    "0,6,7": 0.3771644359402151,
    "1,2,3": -5.311663482582028,
    "1,2,4": -2.7455049221423353,
    "1,2,5": -5.94744779086466,
    "1,2,6": -11.624716737586672,
    "1,2,7": -2.2258684662576615,
    "1,3,4": -4.210218513624904,
    "1,3,5": -7.1385801408578455,
    "1,3,6": -5.799931661515595,
    "1,3,7": -4.5486761153738255,
    "1,4,5": -4.513009236771042,
    "1,4,6": -4.242278735698964,
    "1,4,7": -0.5524445538775613,
    "1,5,6": -6.047017167029719,
    "1,5,7": -2.491431542642,
    "1,6,7": -0.19267025940555316,
    "2,3,4": -4.248570207565583,
    "2,3,5": -0.9271254039236689,
    "2,3,6": -2.1495189913135992,
    "2,3,7": -9.326190729334437,
    "2,4,5": -2.2886781296731242,
    "2,4,6": 0.02023790345044274,
    "2,4,7": -9.552050387211398,
    "2,5,6": -0.307891940571815,
    "2,5,7": -9.034017959831818,
    "2,6,7": 0.2075389821778244,
    "3,4,5": -2.273233538027547,
    "3,4,6": -3.149221517373701,
    "3,4,7": -3.6368713557348737,
    "3,5,6": -6.576299856063669,
    "3,5,7": -18.615918218517198,
    "3,6,7": 0.17996000829802283,
    "4,5,6": -1.4731558298784084,
    "4,5,7": -2.6081831835659925,
    "4,6,7": 0.3772921008910184,
    "5,6,7": -0.10713636252860992,
    "0,1,2,3": -1.0833073763992087,
    "0,1,2,4": -0.7727188615697089,
    "0,1,2,5": -0.2880554590581115,
    "0,1,2,6": -2.7860932373808645,
    "0,1,2,7": -5.005270590464777,
    "0,1,3,4": -0.8389733803379391,
    "0,1,3,5": -1.5480092612209706,
    "0,1,3,6": -9.991239226379287,
    "0,1,3,7": -0.07084863872437697,
    "0,1,4,5": -1.536964523151942,
    "0,1,4,6": -1.5275507725340791,
    "0,1,4,7": -1.960947675707461,
    "0,1,5,6": -4.932024715130728,
    "0,1,5,7": -2.6787876323228725,
    "0,1,6,7": 0.7083825598427059,
    "0,2,3,4": -4.408452864959849,
    "0,2,3,5": -0.8452763571228816,
    "0,2,3,6": -1.5447906216025373,
    "0,2,3,7": -3.06829028859085,
    "0,2,4,5": -2.2887873317846568,
    "0,2,4,6": 0.3327557714852605,
    "0,2,4,7": -0.8334192521304542,
    "0,2,5,6": -2.5825872823499023,
    "0,2,5,7": -0.531308217779169,
    "0,2,6,7": 0.7679039030176178,
    "0,3,4,5": -2.516174417514643,
    "0,3,4,6": -1.0642616299270276,
    "0,3,4,7": 0.20299660273107922,
    "0,3,5,6": -6.821414062257276,
    "0,3,5,7": 0.007989307776843924,
    "0,3,6,7": 0.5003770174400903,
    "0,4,5,6": -2.1104774088617737,
    "0,4,5,7": -15.098840764323889,
    "0,4,6,7": 0.5444558123084495,
    "0,5,6,7": 0.8979715770652074,
    "1,2,3,4": 0.057125346447805314,
    "1,2,3,5": -1.6739918736744772,
    "1,2,3,6": -5.182276108228835,
    "1,2,3,7": -0.7018972272029576,
    "1,2,4,5": -0.8698978947733198,
    "1,2,4,6": -3.8520746573822455,
    "1,2,4,7": -3.761953407924133,
    "1,2,5,6": -1.4328299164238514,
    "1,2,5,7": -5.655401123788598,
    "1,2,6,7": -0.022749554142295292,
    "1,3,4,5": -1.3516455360620445,
    "1,3,4,6": -3.2704207637623695,
    "1,3,4,7": -4.860042323002992,
    "1,3,5,6": -1.6509513393494766,
    "1,3,5,7": -3.7031116867799136,
    "1,3,6,7": -0.43728138725510024,
    "1,4,5,6": -2.2620752012735283,
    "1,4,5,7": -3.68450768240585,
    "1,4,6,7": -0.7236036168263971,
    "1,5,6,7": 0.47071803910902854,
    "2,3,4,5": -0.281970619949252,
    "2,3,4,6": -5.857179688353599,
    "2,3,4,7": -4.994555603723287,
    "2,3,5,6": -2.067813549101143,
    "2,3,5,7": -7.711917955571272,
    "2,3,6,7": -1.2828256919500642,
    "2,4,5,6": -7.550875743693933,
    "2,4,5,7": -0.31417236744382326,
    "2,4,6,7": 0.5380013097062786,
    "2,5,6,7": 0.21925920983874347,
    "3,4,5,6": -8.41760940738016,
    "3,4,5,7": -1.474453847155591,
    "3,4,6,7": 0.3533065318419759,
    "3,5,6,7": 0.7102811890223496,
    "4,5,6,7": 0.4714492368022315,
    "0,1,2,3,4": -9.566408253354771,
    "0,1,2,3,5": -0.24015370510402545,
    "0,1,2,3,6": -4.578193998581589,
    "0,1,2,3,7": -0.19988704178187633,
    "0,1,2,4,5": -2.0083729348629693,
    "0,1,2,4,6": -0.4690135028969613,
    "0,1,2,4,7": -0.813921858031952,
    "0,1,2,5,6": -0.25815345275612733,
    "0,1,2,5,7": -1.3997023399150499,
    "0,1,2,6,7": 0.8736537456007256,
    "0,1,3,4,5": -2.7642370436486683,
    "0,1,3,4,6": -1.9848131791110264,
    "0,1,3,4,7": 0.5360986239556587,
    "0,1,3,5,6": -1.37457475151372,
    "0,1,3,5,7": -6.119190330478663,
    "0,1,3,6,7": 0.8420937808695206,
    "0,1,4,5,6": -2.980538059717922,
    "0,1,4,5,7": -7.542601236923886,
    "0,1,4,6,7": 0.27628194108703696,
    "0,1,5,6,7": 0.863407580727007,
    "0,2,3,4,5": -0.695475043565065,
    "0,2,3,4,6": -0.7115900850433212,
    "0,2,3,4,7": -2.5295040298208886,
    "0,2,3,5,6": -3.830061231906189,
    "0,2,3,5,7": -1.3858470867804598,
    "0,2,3,6,7": 0.728232411101893,
    "0,2,4,5,6": -7.400893117338793,
    "0,2,4,5,7": -1.456099281108783,
    "0,2,4,6,7": 0.8568222348230579,
    "0,2,5,6,7": 0.8812302266497999,
    "0,3,4,5,6": -1.8122810729628913,
    "0,3,4,5,7": -2.5004792971762053,
    "0,3,4,6,7": 0.7470189282251307,
    "0,3,5,6,7": 0.5566968127156852,
    "0,4,5,6,7": 0.9537638352571213,
    "1,2,3,4,5": -1.4190130615772967,
    "1,2,3,4,6": -4.8124919680040605,
    "1,2,3,4,7": -7.861358233656418,
    "1,2,3,5,6": -2.2644192335042237,
    "1,2,3,5,7": -3.102441203187446,
    "1,2,3,6,7": 0.16006864460763537,
    "1,2,4,5,6": -0.8752543533264141,
    "1,2,4,5,7": -1.040903480533785,
    "1,2,4,6,7": 0.27572175681329314,
    "1,2,5,6,7": 0.6419655844912038,
    "1,3,4,5,6": -2.7125463203542965,
    "1,3,4,5,7": -2.873985317655972,
    "1,3,4,6,7": 0.24363490746630712,
    "1,3,5,6,7": 0.5511167661039,
    "1,4,5,6,7": 0.5185303966781727,
    "2,3,4,5,6": -4.28574472430923,
    "2,3,4,5,7": -3.1719407149316474,
    "2,3,4,6,7": 0.16144550565387317,
    "2,3,5,6,7": 0.3373175288036444,