{
  "object_name": "Game",
  "data_type": "game",
  "version": "1.4.2.dev29+g3d3c3a7e6.d20260421",
  "created_from": null,
  "description": null,
  "parameters": {},
  "timestamp": "2026-04-21T12:25:56.105643+00:00Z",
  "metadata": {
    "n_players": 8,
    "game_name": "Game_object",
    "normalization_value": -0.27714758249744986,
    "precompute_flag": false,
    "precomputed": true,
    "player_names": null
  },
  "data": {
    "Empty": -0.27714758249744986,
    "0": -1.6782022539183101,
    "1": -3.7881239860847202,
    "2": 0.012944862103465904,
    "3": -1.853929145923051,
    "4": -2.292800774049088,
    "5": -0.6360753985555481,
    "6": -2.269419681601746,
    "7": -6.660574015397915,
    "0,1": -0.2003743607817159,
    "0,2": -6.935800966432114,
    "0,3": -0.7424898977167358,
    "0,4": -3.4613554270756417,
    "0,5": -0.8999012802585264,
    "0,6": 0.45112369109810224,
    "0,7": -4.250658639367321,
    "1,2": -0.37061487988169595,
    "1,3": 0.29779637850205587,
    "1,4": -5.563505092394481,
    "1,5": -4.076425482879302,
    "1,6": -2.24923407921559,
    "1,7": -0.9253204105980442,
    "2,3": -0.2986680871922982,
    "2,4": -0.7227918072418524,
    "2,5": -4.689329011234448,
    "2,6": -0.3985524656218391,
    "2,7": -1.1600069199668788,
    "3,4": -0.9482140748901189,
    "3,5": -0.5537164474124352,
    "3,6": 0.09698245650925053,
    "3,7": -3.288243764553899,
    "4,5": -2.4260980877641045,
    "4,6": -1.183118450360868,
    "4,7": -1.1882660809641847,
    "5,6": -0.8941358528435706,
    "5,7": -0.6526425217482099,
    "6,7": 0.8473518703058144,
    "0,1,2": 0.7473708639271814,
    "0,1,3": -0.7037825150566399,
    "0,1,4": -0.5101224145953496,
    "0,1,5": -4.587936454353562,
    "0,1,6": -0.3318243247594024,
    "0,1,7": -1.7590971175770131,
    "0,2,3": 0.05834572997391407,
    "0,2,4": -2.358611947348938,
    "0,2,5": 0.15930714463094864,
    "0,2,6": -0.598535480676015,
    "0,2,7": -0.8504126306248356,
    "0,3,4": -3.7207269502174993,
    "0,3,5": -0.02193651421104792,
    "0,3,6": -0.029930478724954357,
    "0,3,7": -3.7519864862270182,
    "0,4,5": -1.0946655385945019,
    "0,4,6": -0.43041493765319294,
    "0,4,7": -6.733421758275788,
    "0,5,6": -1.4613959732751547,
    "0,5,7": -3.9563065502861408,
    "0,6,7": 0.8445574182825193,
    "1,2,3": -2.4390053749369804,
    "1,2,4": -3.2665684951860294,
    "1,2,5": -2.5566268496134636,
    "1,2,6": -4.375728642382814,
    "1,2,7": -8.022946891948594,
    "1,3,4": -0.08170227098625582,
    "1,3,5": -1.6393169646615506,
    "1,3,6": -0.3698359688944919,
    "1,3,7": -0.8946982539444541,
    "1,4,5": -1.0184616145180456,
    "1,4,6": 0.05689984404330439,
    "1,4,7": -1.5609763711289348,
    "1,5,6": -1.8481222703298816,
    "1,5,7": -0.26379626804484535,
    "1,6,7": 0.5394496192723842,
    "2,3,4": -0.44458304413104144,
    "2,3,5": -4.2426955239007125,
    "2,3,6": 0.5710589259568436,
    "2,3,7": -1.537255172186177,
    "2,4,5": -2.554175797858625,
    "2,4,6": -0.4977610970477937,
    "2,4,7": -0.4844354575395984,
    "2,5,6": -0.7734446756963445,
    "2,5,7": -2.5856108588622218,
    "2,6,7": 0.13125229116971182,
    "3,4,5": -9.006522561643662,
    "3,4,6": -1.2747226607265834,
    "3,4,7": -1.6267529174687372,
    "3,5,6": -2.8128873061556106,
    "3,5,7": -5.272067227014469,
    "3,6,7": -1.178836145803734,
    "4,5,6": -2.15686588430923,
    "4,5,7": -2.0314654775452525,
    "4,6,7": -0.048552327820745145,
    "5,6,7": -0.785419490581837,
    "0,1,2,3": -1.22878631676625,
    "0,1,2,4": -0.88483856957696,
    "0,1,2,5": 0.007843708533328386,
    "0,1,2,6": 0.18711622430174268,
    "0,1,2,7": 0.30841018631771244,
    "0,1,3,4": -3.3002268068142513,
    "0,1,3,5": -2.008623058116709,
    "0,1,3,6": -0.42905366158549096,
    "0,1,3,7": -3.2767394495551523,
    "0,1,4,5": -1.621785600753478,
    "0,1,4,6": -3.957271322648956,
    "0,1,4,7": -0.629816900342113,
    "0,1,5,6": -0.7516428878659172,
    "0,1,5,7": -0.6125662172713271,
    "0,1,6,7": 0.49410326130005056,
    "0,2,3,4": -0.1538147595169399,
    "0,2,3,5": -0.0416514747195178,
    "0,2,3,6": -0.35395456130622893,
    "0,2,3,7": -3.4692451097468187,
    "0,2,4,5": -7.70669490849693,
    "0,2,4,6": -1.9661024946468584,
    "0,2,4,7": -0.4061777981397654,
    "0,2,5,6": -0.8504485017015588,
    "0,2,5,7": 0.3495189096859066,
    "0,2,6,7": -0.6998919281589413,
    "0,3,4,5": -0.7249916282219917,
    "0,3,4,6": -0.5388227939013224,
    "0,3,4,7": 0.25673313519679886,
    "0,3,5,6": -0.8260559454706331,
    "0,3,5,7": -2.5055149672061594,
    "0,3,6,7": 0.7783025984593424,
    "0,4,5,6": 0.2901676346721703,
    "0,4,5,7": -0.13630571011342862,
    "0,4,6,7": 0.3989780568643537,
    "0,5,6,7": 0.9154533368903633,
    "1,2,3,4": -0.8113132428293368,
    "1,2,3,5": -2.127540790573218,
    "1,2,3,6": -0.8791085302321302,
    "1,2,3,7": -1.3628488782799777,
    "1,2,4,5": -1.36461551077733,
    "1,2,4,6": -3.4547598786492504,
    "1,2,4,7": -2.1194927804317643,
    "1,2,5,6": -1.9101308440942577,
    "1,2,5,7": -0.15190500866772072,
    "1,2,6,7": 0.22157844375763358,
    "1,3,4,5": -0.020524495558085665,
    "1,3,4,6": -1.0853703991333385,
    "1,3,4,7": -0.47605413534008956,
    "1,3,5,6": -0.3665833031689738,
    "1,3,5,7": -2.3875620526572927,
    "1,3,6,7": 0.08966235216911522,
    "1,4,5,6": -2.4677885704889126,
    "1,4,5,7": -1.8521323166987558,
    "1,4,6,7": 0.5062520269465043,
    "1,5,6,7": 0.4513170202543495,
    "2,3,4,5": -9.521124304177457,
    "2,3,4,6": -0.2596130897315132,
    "2,3,4,7": -0.9735553056439226,
    "2,3,5,6": -4.317701639218081,
    "2,3,5,7": -1.4917320636730684,
    "2,3,6,7": 0.3406066761316838,
    "2,4,5,6": -2.070598472486809,
    "2,4,5,7": -2.239714267777856,
    "2,4,6,7": 0.5212346091233551,
    "2,5,6,7": 0.6051785875090236,
    "3,4,5,6": -1.6146012368890283,
    "3,4,5,7": -3.2495527167900136,
    "3,4,6,7": -0.26070867076091897,
    "3,5,6,7": 0.22225835264685756,
    "4,5,6,7": -2.440449232671865,
    "0,1,2,3,4": -1.9684582595233726,
    "0,1,2,3,5": -2.9957030518629324,
    "0,1,2,3,6": 0.8392929399083602,
    "0,1,2,3,7": -0.5567861846380937,
    "0,1,2,4,5": -1.3675442145956502,
    "0,1,2,4,6": -1.433582824597464,
    "0,1,2,4,7": -0.6505062243718132,
    "0,1,2,5,6": -0.025596809243552565,
    "0,1,2,5,7": 0.17511874683854867,
    "0,1,2,6,7": 0.8283315710838796,
    "0,1,3,4,5": -1.063361849383205,
    "0,1,3,4,6": -7.417511846532825,
    "0,1,3,4,7": -0.44683470973734285,
    "0,1,3,5,6": -22.95018009397822,
    "0,1,3,5,7": 0.6575169030532113,
    "0,1,3,6,7": 0.6840293053584068,
    "0,1,4,5,6": -2.205797517337472,
    "0,1,4,5,7": 0.18002784467376864,
    "0,1,4,6,7": 0.7493243503257102,
    "0,1,5,6,7": 0.48238898586174284,
    "0,2,3,4,5": -3.923634074322269,
    "0,2,3,4,6": -0.4504262839269686,
    "0,2,3,4,7": -1.5365326731210427,
    "0,2,3,5,6": 0.23426064131883617,
    "0,2,3,5,7": -1.643327377413149,
    "0,2,3,6,7": 0.23394618064325634,
    "0,2,4,5,6": -1.5698428554418706,
    "0,2,4,5,7": -0.20973998640078206,
    "0,2,4,6,7": 0.6798684072134142,
    "0,2,5,6,7": 0.7817570933043854,
    "0,3,4,5,6": -2.129369589574329,
    "0,3,4,5,7": -0.8622657648062322,
    "0,3,4,6,7": 0.5542535588519762,
    "0,3,5,6,7": 0.9219743491150434,
    "0,4,5,6,7": 0.8191006219176192,
    "1,2,3,4,5": -0.36356086723253855,
    "1,2,3,4,6": -1.3984708696854256,
    "1,2,3,4,7": -0.45604820049177586,
    "1,2,3,5,6": 0.25701764931719817,
    "1,2,3,5,7": 0.2816488676461202,
    "1,2,3,6,7": -3.709011858714576,
    "1,2,4,5,6": -1.2773625831268185,
    "1,2,4,5,7": -3.0693405479858056,
    "1,2,4,6,7": 0.6707009540629044,
    "1,2,5,6,7": 0.6011992350472761,
    "1,3,4,5,6": 0.6353925886478385,
    "1,3,4,5,7": -2.901404626555112,
    "1,3,4,6,7": -2.0320342304430583,
    "1,3,5,6,7": 0.09265859118213515,
    "1,4,5,6,7": 0.753590172043354,
    "2,3,4,5,6": -4.457727521429023,
    "2,3,4,5,7": -6.992071212500788,
    "2,3,4,6,7": 0.01918191542269132,