{
  "object_name": "Game",
  "data_type": "game",
  "version": "1.4.2.dev29+g3d3c3a7e6.d20260421",
  "created_from": null,
  "description": null,
  "parameters": {},
  "timestamp": "2026-04-21T12:25:56.120401+00:00Z",
  "metadata": {
    "n_players": 8,
    "game_name": "Game_object",
    "normalization_value": -2.3534587916716596,
    "precompute_flag": false,
    "precomputed": true,
    "player_names": null
  },
  "data": {
    "Empty": -2.3534587916716596,
    "0": -2.6301984423474694,
    "1": -2.424929378538919,
    "2": -1.7326827755324912,
    "3": -2.1069783296270748,
    "4": -6.855408259402361,
    "5": -3.413351080712892,
    "6": -9.471631113521259,
    "7": -4.4639867420957495,
    "0,1": -0.9614705775485131,
    "0,2": -1.6462795424524592,
    "0,3": -2.8618769497130816,
    "0,4": -5.919296721424944,
    "0,5": -7.147169919418708,
    "0,6": -4.036202785344607,
    "0,7": -2.726738863436244,
    "1,2": -3.11549934541062,
    "1,3": -1.8325665035456815,
    "1,4": -1.4758477640285759,
    "1,5": -4.600549411647702,
    "1,6": 0.0971667039483175,
    "1,7": -2.8378416332550724,
    "2,3": -1.5480347062327477,
    "2,4": -6.12442419990326,
    "2,5": -4.277377358900513,
    "2,6": -3.200257974057817,
    "2,7": -3.2938159517674412,
    "3,4": -3.3980954979093836,
    "3,5": -3.138002731310219,
    "3,6": -8.913841747450784,
    "3,7": -2.044613006903478,
    "4,5": -0.4175315279819263,
    "4,6": -1.275550859281568,
    "4,7": -3.7848844382763644,
    "5,6": -2.639136871091752,
    "5,7": -3.33707943915008,
    "6,7": 0.123670346670963,
    "0,1,2": -7.9950323120061935,
    "0,1,3": -4.330154904796294,
    "0,1,4": -8.72774695743878,
    "0,1,5": -2.676700439183731,
    "0,1,6": -0.7817197017777966,
    "0,1,7": -0.5968650516078391,
    "0,2,3": -1.3712375338350702,
    "0,2,4": -1.7007091151454632,
    "0,2,5": -4.360003061124653,
    "0,2,6": -0.45190694407670273,
    "0,2,7": -9.064816802347734,
    "0,3,4": -3.4185401970552087,
    "0,3,5": -8.475064468515528,
    "0,3,6": 0.3174936620666138,
    "0,3,7": -1.209460283410217,
    "0,4,5": -2.373144305994257,
    "0,4,6": -2.1117185274646446,
    "0,4,7": 0.30366751718723584,
    "0,5,6": -6.840828011310434,
    "0,5,7": -12.647405285039671,
    "0,6,7": 0.3687052231170924,
    "1,2,3": -7.326337949594459,
    "1,2,4": -1.196653119390752,
    "1,2,5": -1.8769997257632252,
    "1,2,6": -6.803042620407671,
    "1,2,7": -1.202572330103615,
    "1,3,4": -2.9218514787782555,
    "1,3,5": -1.155887062149691,
    "1,3,6": -2.304761600111223,
    "1,3,7": -2.361769387307422,
    "1,4,5": -6.549355070113531,
    "1,4,6": -0.9312695220267291,
    "1,4,7": -2.0434902446661436,
    "1,5,6": -5.332976670402513,
    "1,5,7": -4.274382585246374,
    "1,6,7": -1.6946927157678928,
    "2,3,4": -6.793997762475531,
    "2,3,5": -2.8903878459865964,
    "2,3,6": -0.23407619346530417,
    "2,3,7": -1.3195117348392342,
    "2,4,5": -2.468592882305377,
    "2,4,6": -0.4033389516161383,
    "2,4,7": -8.798078811847603,
    "2,5,6": -3.474369807465431,
    "2,5,7": -4.16529204922066,
    "2,6,7": 0.28569501012693943,
    "3,4,5": -2.218018467468971,
    "3,4,6": -5.52129500983101,
    "3,4,7": -3.6008381842695742,
    "3,5,6": -3.0513950140975004,
    "3,5,7": -37.249109076168025,
    "3,6,7": -2.9029886078898137,
    "4,5,6": -4.177561907863191,
    "4,5,7": -7.7244885475726335,
    "4,6,7": 0.4827457519267232,
    "5,6,7": 0.10323302751252694,
    "0,1,2,3": -0.6583973989726737,
    "0,1,2,4": -4.518012187887278,
    "0,1,2,5": -1.8432891781986536,
    "0,1,2,6": -7.184605391226709,
    "0,1,2,7": -3.6387967250038207,
    "0,1,3,4": -4.706735183564559,
    "0,1,3,5": -0.6425235917837206,
    "0,1,3,6": -2.5773377370085346,
    "0,1,3,7": -4.29928265897806,
    "0,1,4,5": -2.4951021756627,
    "0,1,4,6": -3.913935533513257,
    "0,1,4,7": -11.316067028285863,
    "0,1,5,6": -1.9846498709516456,
    "0,1,5,7": -1.6214227544001196,
    "0,1,6,7": -0.0051363941383786305,
    "0,2,3,4": -2.605160476130055,
    "0,2,3,5": -2.1094660705326436,
    "0,2,3,6": -0.648864290312057,
    "0,2,3,7": -0.6263308372004976,
    "0,2,4,5": -1.3091203629970614,
    "0,2,4,6": -7.860481070994259,
    "0,2,4,7": -0.5544734606835353,
    "0,2,5,6": -5.275165781724432,
    "0,2,5,7": -0.3899236141972373,
    "0,2,6,7": 0.5168208898622022,
    "0,3,4,5": -7.1232277290347135,
    "0,3,4,6": -1.1760800568371645,
    "0,3,4,7": -2.996002786309331,
    "0,3,5,6": -0.6610547334153201,
    "0,3,5,7": -0.1423895150411325,
    "0,3,6,7": 0.35883200942653126,
    "0,4,5,6": -3.1618373820173957,
    "0,4,5,7": -4.227783046533829,
    "0,4,6,7": 0.750794627471674,
    "0,5,6,7": 0.2908764109104628,
    "1,2,3,4": -3.704632086319757,
    "1,2,3,5": -3.4317055633570943,
    "1,2,3,6": -1.475735080209497,
    "1,2,3,7": -2.6868265550747337,
    "1,2,4,5": -2.2752754277138036,
    "1,2,4,6": -2.640815254533542,
    "1,2,4,7": -1.755064069892505,
    "1,2,5,6": -4.790069330161593,
    "1,2,5,7": -3.2260872935752642,
    "1,2,6,7": -0.9416792992069047,
    "1,3,4,5": -4.792588981368952,
    "1,3,4,6": -1.312161336421641,
    "1,3,4,7": -6.151918300024842,
    "1,3,5,6": -3.0649185638527,
    "1,3,5,7": -2.1395502779378064,
    "1,3,6,7": -1.3357753062741198,
    "1,4,5,6": -2.5896662351865802,
    "1,4,5,7": -1.5010835398467597,
    "1,4,6,7": -0.3953567248855221,
    "1,5,6,7": -0.12909282470273875,
    "2,3,4,5": -3.686682736561526,
    "2,3,4,6": -1.4199109040648317,
    "2,3,4,7": -1.2808702782991999,
    "2,3,5,6": -5.380822822899792,
    "2,3,5,7": -0.04953632005193609,
    "2,3,6,7": 0.45341978643987846,
    "2,4,5,6": -4.260919450630976,
    "2,4,5,7": -9.879318367058504,
    "2,4,6,7": 0.6870399253451039,
    "2,5,6,7": 0.3460487892308488,
    "3,4,5,6": -4.336080933414549,
    "3,4,5,7": -3.4839196573285856,
    "3,4,6,7": 0.13177185417807635,
    "3,5,6,7": 0.6783145759090474,
    "4,5,6,7": 0.40036769920886195,
    "0,1,2,3,4": -3.8920709051618116,
    "0,1,2,3,5": -2.7170119012207303,
    "0,1,2,3,6": 0.6174920938250112,
    "0,1,2,3,7": -2.1160539769062012,
    "0,1,2,4,5": -1.7990241093340953,
    "0,1,2,4,6": -0.984710609245109,
    "0,1,2,4,7": -2.119792154545149,
    "0,1,2,5,6": -0.8427447732327735,
    "0,1,2,5,7": -3.510494582528855,
    "0,1,2,6,7": 0.6978952093963615,
    "0,1,3,4,5": -6.105188235203064,
    "0,1,3,4,6": -4.865265770542606,
    "0,1,3,4,7": -2.745028605405466,
    "0,1,3,5,6": -1.3286242659701326,
    "0,1,3,5,7": -2.902010654945237,
    "0,1,3,6,7": 0.6857042685490723,
    "0,1,4,5,6": -0.9756870699247626,
    "0,1,4,5,7": -1.1155416165496965,
    "0,1,4,6,7": 0.6661266746768165,
    "0,1,5,6,7": 0.9752596520107959,
    "0,2,3,4,5": -4.479205176122437,
    "0,2,3,4,6": -1.5637148384936759,
    "0,2,3,4,7": -1.8235272938822042,
    "0,2,3,5,6": -8.6674390628676,
    "0,2,3,5,7": -3.3000062113118327,
    "0,2,3,6,7": 0.6639182139997083,
    "0,2,4,5,6": -10.476277570589987,
    "0,2,4,5,7": 0.005028738127463517,
    "0,2,4,6,7": 0.4821703510002998,
    "0,2,5,6,7": 0.9226027681202095,
    "0,3,4,5,6": -10.781872399933555,
    "0,3,4,5,7": -1.136752329960255,
    "0,3,4,6,7": 0.8081646783525951,
    "0,3,5,6,7": 0.8557526208629391,
    "0,4,5,6,7": 0.3337624842704505,
    "1,2,3,4,5": -3.3260850427507096,
    "1,2,3,4,6": -2.3980844121862184,
    "1,2,3,4,7": -3.7068418597929202,
    "1,2,3,5,6": -1.4342003355827768,
    "1,2,3,5,7": -5.285914079288968,
    "1,2,3,6,7": 0.1989822307712723,
    "1,2,4,5,6": -0.7135873033790059,
    "1,2,4,5,7": -2.1899748920050106,
    "1,2,4,6,7": -0.10016144427250717,
    "1,2,5,6,7": 0.749824955383336,
    "1,3,4,5,6": -1.8651350399718525,
    "1,3,4,5,7": -8.14029620201277,
    "1,3,4,6,7": 0.10284003530767727,
    "1,3,5,6,7": -0.03916056372568977,
    "1,4,5,6,7": 0.21491799078016394,
    "2,3,4,5,6": -2.638637657263987,
    "2,3,4,5,7": -5.0312894589964925,
    "2,3,4,6,7": 0.012272676294246998,
    "2,3,5,6,7": 0.800836418763557,
    "2,4,5,6,7": 0.7991833382437714,