{
  "object_name": "Game",
  "data_type": "game",
  "version": "1.4.2.dev29+g3d3c3a7e6.d20260421",
  "created_from": null,
  "description": null,
  "parameters": {},
  "timestamp": "2026-04-21T12:25:56.020363+00:00Z",
  "metadata": {
    "n_players": 8,
    "game_name": "Game_object",
    "normalization_value": -3.0803079311435244,
    "precompute_flag": false,
    "precomputed": true,
    "player_names": null
  },
  "data": {
    "Empty": -3.0803079311435244,
    "0": 0.49133533123186923,
    "1": -2.3736934140656953,
    "2": -1.1527677492762756,
    "3": -1.2194205433919318,
    "4": -1.2083587688127282,
    "5": -2.4212212654619405,
    "6": -2.260237294223857,
    "7": -0.7554483398799301,
    "0,1": -0.11733252626843194,
    "0,2": 0.24760740035462148,
    "0,3": -0.3226784846685635,
    "0,4": -3.7216326743442867,
    "0,5": -1.4378732798404505,
    "0,6": -1.7187476162211333,
    "0,7": 0.6044118399806306,
    "1,2": -2.350602791428138,
    "1,3": -1.9547666190915591,
    "1,4": -1.6752285148830657,
    "1,5": -1.5726188501230913,
    "1,6": -2.5496246203584176,
    "1,7": -2.7220486880364403,
    "2,3": -4.141561004735005,
    "2,4": -0.753916151271232,
    "2,5": -1.675625780584883,
    "2,6": -0.0022090166909283226,
    "2,7": -1.8267933226592765,
    "3,4": -0.8752593590323987,
    "3,5": -1.085244013638869,
    "3,6": -0.6492078685950367,
    "3,7": 0.11073772078747124,
    "4,5": -2.0601401490422413,
    "4,6": -0.4396958600991929,
    "4,7": -2.542403986901823,
    "5,6": -3.084394421308887,
    "5,7": -0.06391705244584855,
    "6,7": 0.22515784083859114,
    "0,1,2": -0.5542320711635365,
    "0,1,3": -1.3328480393649005,
    "0,1,4": -1.1181806295401207,
    "0,1,5": -0.4980240000788052,
    "0,1,6": -0.04415864259759772,
    "0,1,7": -0.4369120951006702,
    "0,2,3": -0.9374733855382771,
    "0,2,4": -1.4763080981028764,
    "0,2,5": -0.17896048310218204,
    "0,2,6": -2.8244253962460206,
    "0,2,7": -0.21702348456082032,
    "0,3,4": -1.240246032567451,
    "0,3,5": -0.5092260039518781,
    "0,3,6": -1.602224923416736,
    "0,3,7": 0.9444780653761536,
    "0,4,5": -0.8270029575593987,
    "0,4,6": -0.5799959556246519,
    "0,4,7": -0.31876929974050916,
    "0,5,6": 0.2941215943163811,
    "0,5,7": -1.09287041225411,
    "0,6,7": 0.8472397040713335,
    "1,2,3": -1.0895701103561706,
    "1,2,4": -0.7605798601900198,
    "1,2,5": -1.032961617335113,
    "1,2,6": -1.2480471819405228,
    "1,2,7": -1.7762707539866773,
    "1,3,4": -1.5701324047026048,
    "1,3,5": 0.11175822814920777,
    "1,3,6": -0.6090370049931766,
    "1,3,7": -4.52525633489335,
    "1,4,5": -1.5010471673680041,
    "1,4,6": -12.698938064817545,
    "1,4,7": -0.4694540757040391,
    "1,5,6": -2.9443281082041612,
    "1,5,7": -2.2713620245166384,
    "1,6,7": -0.8659268976878447,
    "2,3,4": -4.679689696993531,
    "2,3,5": -1.5823380373719682,
    "2,3,6": -7.926835600016654,
    "2,3,7": -1.8924954711837088,
    "2,4,5": -2.185759013363495,
    "2,4,6": -1.08525256212903,
    "2,4,7": -3.8517092316364687,
    "2,5,6": -1.5460002405154603,
    "2,5,7": 0.4837286837342317,
    "2,6,7": 0.31686042290033833,
    "3,4,5": -2.0137162118291787,
    "3,4,6": -1.9561067268674752,
    "3,4,7": -3.670235916819859,
    "3,5,6": -1.4411204332344578,
    "3,5,7": -0.09435272011557716,
    "3,6,7": -1.136253035453973,
    "4,5,6": -1.715892144309779,
    "4,5,7": -4.124828948102901,
    "4,6,7": -3.713012438523105,
    "5,6,7": 0.22113379206517325,
    "0,1,2,3": -1.8616706038275987,
    "0,1,2,4": -0.5424274236736308,
    "0,1,2,5": 0.42736622212894493,
    "0,1,2,6": -3.238030913288397,
    "0,1,2,7": 0.2037411281031194,
    "0,1,3,4": -0.31566548189107313,
    "0,1,3,5": -2.6625327167247512,
    "0,1,3,6": 0.3627095906763118,
    "0,1,3,7": -0.4477103810635288,
    "0,1,4,5": 0.2197400444322275,
    "0,1,4,6": 0.6354030095463248,
    "0,1,4,7": 0.15410330404075678,
    "0,1,5,6": 0.6530714331494182,
    "0,1,5,7": 0.36636889223261637,
    "0,1,6,7": 0.768840657923278,
    "0,2,3,4": -1.7188742395554706,
    "0,2,3,5": 0.24516499067362052,
    "0,2,3,6": 0.18440509773563463,
    "0,2,3,7": -1.5365114973341476,
    "0,2,4,5": -0.2999052535367055,
    "0,2,4,6": -2.0661751085505142,
    "0,2,4,7": -4.826426872978307,
    "0,2,5,6": -4.621958461485177,
    "0,2,5,7": -0.1551567895504249,
    "0,2,6,7": -0.12292238645887488,
    "0,3,4,5": 0.5144226183230758,
    "0,3,4,6": -0.2436270591654166,
    "0,3,4,7": -0.7584157994689895,
    "0,3,5,6": -1.1798119406518284,
    "0,3,5,7": -0.3818304152630083,
    "0,3,6,7": 0.7312517339593254,
    "0,4,5,6": -3.9118966771153607,
    "0,4,5,7": 0.7860715481039677,
    "0,4,6,7": 0.7101607159395186,
    "0,5,6,7": 0.9572893358251636,
    "1,2,3,4": -6.227989154716948,
    "1,2,3,5": -0.8671322691075609,
    "1,2,3,6": -0.029949525122437537,
    "1,2,3,7": -1.4138628226486896,
    "1,2,4,5": -5.736196963488749,
    "1,2,4,6": -1.30933626438105,
    "1,2,4,7": -3.698301258418115,
    "1,2,5,6": -3.0708166030788293,
    "1,2,5,7": 0.3206657927793659,
    "1,2,6,7": -1.7747924720708061,
    "1,3,4,5": -1.3891941756023023,
    "1,3,4,6": -2.936162445788817,
    "1,3,4,7": -3.068808334019689,
    "1,3,5,6": -5.605471615350307,
    "1,3,5,7": -0.7377971905481937,
    "1,3,6,7": -0.8484873104249637,
    "1,4,5,6": -1.1199120717427524,
    "1,4,5,7": -0.48386259688590116,
    "1,4,6,7": 0.030630045546337636,
    "1,5,6,7": -1.7114751165659472,
    "2,3,4,5": -6.2135597394580175,
    "2,3,4,6": -1.2866300546515244,
    "2,3,4,7": -6.2256111426158975,
    "2,3,5,6": -0.6043949629498677,
    "2,3,5,7": 0.2883492949156422,
    "2,3,6,7": -0.5335480322358044,
    "2,4,5,6": -0.570991556036976,
    "2,4,5,7": -2.516322303915057,
    "2,4,6,7": -0.9747753321990333,
    "2,5,6,7": 0.7062320227936603,
    "3,4,5,6": -2.4772107986410448,
    "3,4,5,7": -1.9705418253473592,
    "3,4,6,7": -2.0336837280674893,
    "3,5,6,7": -3.1169949304133304,
    "4,5,6,7": 0.2616891936259461,
    "0,1,2,3,4": -0.01951099385605981,
    "0,1,2,3,5": 0.3809381726868083,
    "0,1,2,3,6": 0.12951051460186624,
    "0,1,2,3,7": -0.2096264685761009,
    "0,1,2,4,5": -0.16837921793990152,
    "0,1,2,4,6": 0.31463078068014083,
    "0,1,2,4,7": -3.0588331660885437,
    "0,1,2,5,6": -0.7999700889435428,
    "0,1,2,5,7": -1.0686473631406694,
    "0,1,2,6,7": -0.36061652169081304,
    "0,1,3,4,5": -1.631310012897917,
    "0,1,3,4,6": 0.11948799062429027,
    "0,1,3,4,7": 0.6286639152858408,
    "0,1,3,5,6": -0.16666975505957105,
    "0,1,3,5,7": -0.22079633695450762,
    "0,1,3,6,7": 0.7526043403811862,
    "0,1,4,5,6": -0.7069690547175258,
    "0,1,4,5,7": -1.1306933455762076,
    "0,1,4,6,7": 0.9453597946663951,
    "0,1,5,6,7": 0.8258815648811386,
    "0,2,3,4,5": 0.39484948479142934,
    "0,2,3,4,6": -0.18844690526376318,
    "0,2,3,4,7": 0.24007445834486119,
    "0,2,3,5,6": 0.02421505661209644,
    "0,2,3,5,7": -0.046853382673081256,
    "0,2,3,6,7": 0.058633133738768994,
    "0,2,4,5,6": -0.006955707128249777,
    "0,2,4,5,7": -0.12302610441462103,
    "0,2,4,6,7": 0.42438629373604553,
    "0,2,5,6,7": 0.7710033361182413,
    "0,3,4,5,6": 0.545999306217166,
    "0,3,4,5,7": -1.436337220423976,
    "0,3,4,6,7": 0.5279630572623877,
    "0,3,5,6,7": 0.6509650157020807,
    "0,4,5,6,7": 0.8894397482758685,
    "1,2,3,4,5": -0.24774455317831712,
    "1,2,3,4,6": -1.6303514106887467,
    "1,2,3,4,7": -0.5743145687866955,
    "1,2,3,5,6": -0.32775304312672704,
    "1,2,3,5,7": -0.1003918246471105,
    "1,2,3,6,7": -0.1740098670866499,
    "1,2,4,5,6": -1.229751856916875,
    "1,2,4,5,7": -1.7263170717680847,
    "1,2,4,6,7": -0.01602841008360878,
    "1,2,5,6,7": -2.365455253056355,
    "1,3,4,5,6": -0.5532119828676243,
    "1,3,4,5,7": -1.1146752599164071,
    "1,3,4,6,7": -4.008704816167732,
    "1,3,5,6,7": -2.679415380316009,
    "1,4,5,6,7": 0.3336900520237458,
    "2,3,4,5,6": -1.2528488828352162,
    "2,3,4,5,7": -0.044910977176297884,
    "2,3,4,6,7": -0.594557571211566,