{
  "object_name": "Game",
  "data_type": "game",
  "version": "1.4.2.dev29+g3d3c3a7e6.d20260421",
  "created_from": null,
  "description": null,
  "parameters": {},
  "timestamp": "2026-04-21T12:25:56.247342+00:00Z",
  "metadata": {
    "n_players": 8,
    "game_name": "Game_object",
    "normalization_value": -4.211731626653511,
    "precompute_flag": false,
    "precomputed": true,
    "player_names": null
  },
  "data": {
    "Empty": -4.211731626653511,
    "0": 0.603790714128992,
    "1": 0.06663808331306642,
    "2": -0.03917711215643993,
    "3": -1.001712561747417,
    "4": -0.957538275819185,
    "5": -2.746002588270584,
    "6": -1.0084625566594454,
    "7": -0.028943628269670674,
    "0,1": -0.19944449439985945,
    "0,2": 0.18782406896110015,
    "0,3": -0.29739443259200593,
    "0,4": 0.04538692362521146,
    "0,5": 0.3217589308185784,
    "0,6": -0.3581048782530325,
    "0,7": 0.08109035145534849,
    "1,2": -0.0027406379306904594,
    "1,3": -2.3220059735060388,
    "1,4": -1.0502049439599985,
    "1,5": -2.7550796377646,
    "1,6": -0.9876493064636132,
    "1,7": -0.28736446448761477,
    "2,3": -4.603251704734774,
    "2,4": -1.901342654863189,
    "2,5": -0.09097282466004786,
    "2,6": 0.018284361309548802,
    "2,7": -0.25614212694849625,
    "3,4": -1.5952902463067402,
    "3,5": -1.122797834530323,
    "3,6": -0.06384527327186751,
    "3,7": -2.0450082462843295,
    "4,5": -1.2113777987959065,
    "4,6": -0.38236572970751337,
    "4,7": -0.34207033423721267,
    "5,6": -1.195028545579035,
    "5,7": -5.917242684631271,
    "6,7": -3.923507697050435,
    "0,1,2": -0.6106467399193269,
    "0,1,3": -0.1441909796913865,
    "0,1,4": 0.5099827622112287,
    "0,1,5": -0.43123310904422607,
    "0,1,6": -0.9365463970001922,
    "0,1,7": -0.299621147982327,
    "0,2,3": -0.24643532731079043,
    "0,2,4": -2.4109162448876202,
    "0,2,5": 0.16742772691035723,
    "0,2,6": 0.41192041931268686,
    "0,2,7": -1.181940262551993,
    "0,3,4": -0.1405837358228359,
    "0,3,5": 0.6911862965514889,
    "0,3,6": 0.05095826894159394,
    "0,3,7": 0.05732652467792232,
    "0,4,5": 0.6407010395332736,
    "0,4,6": 0.6005176267027755,
    "0,4,7": -0.2623607361343614,
    "0,5,6": 0.6446443373316177,
    "0,5,7": -1.1858249749872884,
    "0,6,7": 0.5984681010453695,
    "1,2,3": -0.7964468150351798,
    "1,2,4": -0.23119735397498964,
    "1,2,5": -2.507068381132644,
    "1,2,6": -0.5686595946925956,
    "1,2,7": -0.2236482572943248,
    "1,3,4": -3.016872169332113,
    "1,3,5": -1.4288396103180627,
    "1,3,6": -2.5869125392103416,
    "1,3,7": 0.23938597842266485,
    "1,4,5": -1.859749811473148,
    "1,4,6": 0.08083945350006627,
    "1,4,7": -0.6100096492766665,
    "1,5,6": -1.0561366120845443,
    "1,5,7": -0.43443711272898744,
    "1,6,7": 0.5342239016180178,
    "2,3,4": -0.03047877438006541,
    "2,3,5": -0.39356868778751775,
    "2,3,6": -0.7901033920038616,
    "2,3,7": -1.5681774382896694,
    "2,4,5": 0.18238838480484754,
    "2,4,6": -1.0095457677062978,
    "2,4,7": -0.8299170326326799,
    "2,5,6": -0.008504950646664788,
    "2,5,7": -0.4827286624818554,
    "2,6,7": -1.90098502185677,
    "3,4,5": 0.06928460709884221,
    "3,4,6": -1.414669786960725,
    "3,4,7": -1.952738341533533,
    "3,5,6": -0.6419957194760026,
    "3,5,7": -1.9655698459621953,
    "3,6,7": 0.376058328409667,
    "4,5,6": -1.0536632762796772,
    "4,5,7": -1.60769660203233,
    "4,6,7": -0.9556263249548704,
    "5,6,7": -0.9425763545847738,
    "0,1,2,3": -0.5150702285288788,
    "0,1,2,4": 0.23237748739174713,
    "0,1,2,5": 0.7455461386077866,
    "0,1,2,6": 0.3118286785598452,
    "0,1,2,7": 0.7372954722915279,
    "0,1,3,4": -0.6126842185312436,
    "0,1,3,5": 0.5715473728895181,
    "0,1,3,6": -1.0294922496846106,
    "0,1,3,7": 0.7046306997454632,
    "0,1,4,5": -1.9711624246412542,
    "0,1,4,6": -0.6110486115019176,
    "0,1,4,7": -0.46887068913104724,
    "0,1,5,6": 0.4404745496785045,
    "0,1,5,7": 0.056918736715875884,
    "0,1,6,7": 0.6145674564829977,
    "0,2,3,4": -0.5205868378244516,
    "0,2,3,5": 0.3771980086286906,
    "0,2,3,6": 0.7684426605452811,
    "0,2,3,7": 0.4173761676430594,
    "0,2,4,5": 0.5814438304768295,
    "0,2,4,6": -0.444415248730325,
    "0,2,4,7": 0.5604120653249995,
    "0,2,5,6": 0.42740636460997194,
    "0,2,5,7": 0.3837610567780453,
    "0,2,6,7": 0.6306399069350999,
    "0,3,4,5": 0.3209337385337099,
    "0,3,4,6": -0.9720927115320426,
    "0,3,4,7": -1.7101151661365006,
    "0,3,5,6": 0.6711323895488255,
    "0,3,5,7": -0.09439776407102163,
    "0,3,6,7": 0.8572361520780026,
    "0,4,5,6": 0.6360277917534474,
    "0,4,5,7": 0.5045951591734703,
    "0,4,6,7": 0.6050280105715953,
    "0,5,6,7": 0.9374784694630081,
    "1,2,3,4": -1.8123866035805865,
    "1,2,3,5": -0.30310597160713626,
    "1,2,3,6": -0.8617673506469852,
    "1,2,3,7": -1.223458012937848,
    "1,2,4,5": -1.2064078815805175,
    "1,2,4,6": -0.08037466268309013,
    "1,2,4,7": -1.9913206972969713,
    "1,2,5,6": -6.344632827932963,
    "1,2,5,7": -0.1848777042974592,
    "1,2,6,7": -0.07503771947550186,
    "1,3,4,5": -2.1712803109320618,
    "1,3,4,6": -1.0489625774146045,
    "1,3,4,7": -0.33726682025448795,
    "1,3,5,6": -0.5056167303374519,
    "1,3,5,7": -0.3041123912479302,
    "1,3,6,7": 0.4635743651862172,
    "1,4,5,6": -0.6347183268643364,
    "1,4,5,7": -0.4827272101576483,
    "1,4,6,7": -0.13887393701505935,
    "1,5,6,7": -0.6920893331430089,
    "2,3,4,5": -0.23641313959597277,
    "2,3,4,6": -0.16323898895725764,
    "2,3,4,7": -1.2929981903414802,
    "2,3,5,6": 0.3116195945099246,
    "2,3,5,7": -0.6782892738771276,
    "2,3,6,7": 0.08519379035621433,
    "2,4,5,6": -0.17287532438243036,
    "2,4,5,7": -0.22897128568758252,
    "2,4,6,7": -0.5094657392470812,
    "2,5,6,7": -0.22002221451054504,
    "3,4,5,6": -0.43300210025473285,
    "3,4,5,7": -0.4654628274265715,
    "3,4,6,7": 0.05853754443679038,
    "3,5,6,7": -0.38902028692744905,
    "4,5,6,7": 0.4140716219863123,
    "0,1,2,3,4": -0.4082848319325232,
    "0,1,2,3,5": -1.6812825237286213,
    "0,1,2,3,6": 0.011569530719609533,
    "0,1,2,3,7": -4.400805330435153,
    "0,1,2,4,5": 0.5571814653692453,
    "0,1,2,4,6": 0.38185510424610203,
    "0,1,2,4,7": 0.670801169818154,
    "0,1,2,5,6": 0.876557259602768,
    "0,1,2,5,7": 0.7989183022731497,
    "0,1,2,6,7": 0.6705766093808194,
    "0,1,3,4,5": 0.5047706025951628,
    "0,1,3,4,6": 0.40551081215372886,
    "0,1,3,4,7": -0.13541794237822113,
    "0,1,3,5,6": 0.6117033518461974,
    "0,1,3,5,7": 0.2355000904731941,
    "0,1,3,6,7": 0.7440872397608355,
    "0,1,4,5,6": 0.25936606108814153,
    "0,1,4,5,7": 0.6356864712334627,
    "0,1,4,6,7": 0.2300208537085835,
    "0,1,5,6,7": 0.9436791807371538,
    "0,2,3,4,5": -0.1429961963446027,
    "0,2,3,4,6": 0.5766783123689857,
    "0,2,3,4,7": -0.7355822030192618,
    "0,2,3,5,6": 0.8315225879815362,
    "0,2,3,5,7": 0.24744590929315802,
    "0,2,3,6,7": 0.8342172233626777,
    "0,2,4,5,6": 0.1282372816449141,
    "0,2,4,5,7": -0.3698465595624745,
    "0,2,4,6,7": 0.6812436810839346,
    "0,2,5,6,7": 0.7918383664592928,
    "0,3,4,5,6": 0.7640445792418685,
    "0,3,4,5,7": 0.41598811108683664,
    "0,3,4,6,7": 0.8334397998811329,
    "0,3,5,6,7": 0.9124149621992922,
    "0,4,5,6,7": 0.17847056383300108,
    "1,2,3,4,5": -0.7216637757702526,
    "1,2,3,4,6": -1.389404420838669,
    "1,2,3,4,7": -1.1307244313486153,
    "1,2,3,5,6": -1.3327647464429457,
    "1,2,3,5,7": -0.420627701696316,
    "1,2,3,6,7": -1.768151138612723,
    "1,2,4,5,6": -0.2231249153671655,
    "1,2,4,5,7": -0.6895818073117321,
    "1,2,4,6,7": -0.2551931725703076,
    "1,2,5,6,7": 0.3257015777914758,
    "1,3,4,5,6": -1.3544655750769836,
    "1,3,4,5,7": 0.19040400942640612,
    "1,3,4,6,7": 0.3448192695016351,
    "1,3,5,6,7": -2.9717446278690636,
    "1,4,5,6,7": 0.20574091049222787,
    "2,3,4,5,6": 0.3669272430949976,
    "2,3,4,5,7": -3.8601229640124375,
    "2,3,4,6,7": 0.5522892435044459,