{
  "object_name": "Game",
  "data_type": "game",
  "version": "1.4.2.dev29+g3d3c3a7e6.d20260421",
  "created_from": null,
  "description": null,
  "parameters": {},
  "timestamp": "2026-04-21T12:25:56.189174+00:00Z",
  "metadata": {
    "n_players": 8,
    "game_name": "Game_object",
    "normalization_value": -0.3882970308234961,
    "precompute_flag": false,
    "precomputed": true,
    "player_names": null
  },
  "data": {
    "Empty": -0.3882970308234961,
    "0": -0.6703490406883625,
    "1": -0.72900313964309,
    "2": -0.40107615238239314,
    "3": -0.8555452246347279,
    "4": -0.12062650564551491,
    "5": -0.34095283672287247,
    "6": -1.8097106167090127,
    "7": -0.9983891078894465,
    "0,1": 0.38931324917084087,
    "0,2": 0.5200417863028981,
    "0,3": -0.31667163517948516,
    "0,4": -0.7039600118153513,
    "0,5": 0.0025566270832064752,
    "0,6": -0.16061229930775722,
    "0,7": -3.2470406404113437,
    "1,2": -0.46359091475908154,
    "1,3": -0.24699028762790198,
    "1,4": -0.9176598559931266,
    "1,5": -1.0655917536300739,
    "1,6": -1.5326245314863982,
    "1,7": -0.34790750192475994,
    "2,3": -1.7204843284551488,
    "2,4": -0.6660164155208015,
    "2,5": -0.6456090689374399,
    "2,6": -0.33298262567476056,
    "2,7": -1.117552420233502,
    "3,4": -2.1211224989739033,
    "3,5": -0.7394048528989428,
    "3,6": -0.9458212806695003,
    "3,7": -0.3038027256560749,
    "4,5": 0.20949347301185317,
    "4,6": -0.42409883923033176,
    "4,7": -0.48048154304333535,
    "5,6": -0.12486384048713295,
    "5,7": -0.5235769454732524,
    "6,7": -0.5125722544090552,
    "0,1,2": 0.4853574214916869,
    "0,1,3": 0.7261997147623298,
    "0,1,4": 0.44484774893609047,
    "0,1,5": 0.1813760351970003,
    "0,1,6": 0.2533780747883656,
    "0,1,7": -1.3561113090245591,
    "0,2,3": -0.8877840218306365,
    "0,2,4": 0.20140521727206173,
    "0,2,5": 0.4122448878578151,
    "0,2,6": -3.09132004231311,
    "0,2,7": -0.040648051995984646,
    "0,3,4": -0.5911958121228698,
    "0,3,5": -0.09918886885066258,
    "0,3,6": -0.09592501774349538,
    "0,3,7": -0.41987301891224504,
    "0,4,5": 0.13424557927822045,
    "0,4,6": -0.671785932880903,
    "0,4,7": 0.1611695427488693,
    "0,5,6": 0.6022438699165594,
    "0,5,7": 0.2531576964109986,
    "0,6,7": 0.8543106817425924,
    "1,2,3": -4.515968509628764,
    "1,2,4": -0.5627824593814024,
    "1,2,5": 0.006281170624191645,
    "1,2,6": -1.0554964124575594,
    "1,2,7": -3.5539944941935255,
    "1,3,4": -2.9921799850915436,
    "1,3,5": -1.0897407014314808,
    "1,3,6": 0.4045567146470992,
    "1,3,7": -0.6356224187521606,
    "1,4,5": -1.7085681478704542,
    "1,4,6": -0.253079557388155,
    "1,4,7": -1.5348558771490128,
    "1,5,6": -0.03783313793451426,
    "1,5,7": -0.16137045009146722,
    "1,6,7": 0.44688044441133457,
    "2,3,4": -0.7458151675057945,
    "2,3,5": -0.3500566896055075,
    "2,3,6": -4.617791422736949,
    "2,3,7": 0.31589772105817704,
    "2,4,5": -0.6385944955948388,
    "2,4,6": -6.445267065263406,
    "2,4,7": -0.8969361792117947,
    "2,5,6": -9.970783596980324,
    "2,5,7": -1.1507695645423839,
    "2,6,7": 0.48960594651873934,
    "3,4,5": -0.5533772259259568,
    "3,4,6": -2.1430855149383357,
    "3,4,7": -0.5867625642776224,
    "3,5,6": 0.3456916715337429,
    "3,5,7": -0.3423385815598501,
    "3,6,7": -0.8722626939687341,
    "4,5,6": -0.7581894672647544,
    "4,5,7": -0.5637794435389629,
    "4,6,7": 0.40161759284198373,
    "5,6,7": -9.132668026180305,
    "0,1,2,3": 0.6314144202203649,
    "0,1,2,4": -0.22931634181278837,
    "0,1,2,5": 0.5711797831992085,
    "0,1,2,6": 0.07208673058692239,
    "0,1,2,7": -0.5327457621766809,
    "0,1,3,4": -0.14384608220450645,
    "0,1,3,5": 0.5091254462232437,
    "0,1,3,6": 0.17305641080586132,
    "0,1,3,7": -2.8375999191711743,
    "0,1,4,5": -0.7468018454518706,
    "0,1,4,6": 0.17003362570305935,
    "0,1,4,7": -1.6294045885866395,
    "0,1,5,6": 0.6862343295764612,
    "0,1,5,7": 0.6895359036003681,
    "0,1,6,7": 0.890838848081654,
    "0,2,3,4": -1.479985506807024,
    "0,2,3,5": -0.8019680446063993,
    "0,2,3,6": -0.07861508101267689,
    "0,2,3,7": -0.7942548615499709,
    "0,2,4,5": 0.5894115771978187,
    "0,2,4,6": -0.023572395811703117,
    "0,2,4,7": 0.4023616377214868,
    "0,2,5,6": -0.9293798887878313,
    "0,2,5,7": 0.4543611164253105,
    "0,2,6,7": 0.7343474736363493,
    "0,3,4,5": 0.5031307306938776,
    "0,3,4,6": -1.0749786225026683,
    "0,3,4,7": -0.4133199175601936,
    "0,3,5,6": 0.21088330006492595,
    "0,3,5,7": 0.5521615932720798,
    "0,3,6,7": -1.1343264416475969,
    "0,4,5,6": 0.6221095588477741,
    "0,4,5,7": -2.604478804142676,
    "0,4,6,7": 0.16795663810255168,
    "0,5,6,7": 0.8042089495306446,
    "1,2,3,4": -0.44159600677764055,
    "1,2,3,5": -0.2238831612343195,
    "1,2,3,6": -2.5568014423990646,
    "1,2,3,7": -0.16216945090038948,
    "1,2,4,5": -2.1779341792589113,
    "1,2,4,6": -0.5568079699790451,
    "1,2,4,7": -0.2177448316331676,
    "1,2,5,6": -1.3182728936935608,
    "1,2,5,7": -1.1057043935013882,
    "1,2,6,7": -0.6003726067434478,
    "1,3,4,5": -2.355672019639538,
    "1,3,4,6": -1.5808863954715346,
    "1,3,4,7": -1.1365892667074067,
    "1,3,5,6": -1.04185244336046,
    "1,3,5,7": -1.0725661473898396,
    "1,3,6,7": 0.6374187992855119,
    "1,4,5,6": -1.9080416600059338,
    "1,4,5,7": -0.5846666547529629,
    "1,4,6,7": 0.05920335897338569,
    "1,5,6,7": -0.21666261918314111,
    "2,3,4,5": -0.7897837582816498,
    "2,3,4,6": -0.1690134814889519,
    "2,3,4,7": -0.695975587650028,
    "2,3,5,6": -1.4408210412070663,
    "2,3,5,7": -1.7310421147366055,
    "2,3,6,7": 0.1788397497422024,
    "2,4,5,6": -9.569402580864294,
    "2,4,5,7": 0.09129248643170595,
    "2,4,6,7": 0.35098845113655364,
    "2,5,6,7": 0.27179754764820385,
    "3,4,5,6": -1.5056887154112792,
    "3,4,5,7": -1.817906853043306,
    "3,4,6,7": -3.04908485619024,
    "3,5,6,7": 0.6359873196819424,
    "4,5,6,7": -0.4084027493474294,
    "0,1,2,3,4": 0.4451145976458152,
    "0,1,2,3,5": -0.5767137529769373,
    "0,1,2,3,6": -1.989936198287289,
    "0,1,2,3,7": -0.5594948642687889,
    "0,1,2,4,5": -2.18913822085874,
    "0,1,2,4,6": -0.6130910123522892,
    "0,1,2,4,7": 0.29088116993853674,
    "0,1,2,5,6": 0.6128068631167902,
    "0,1,2,5,7": 0.36577483653179577,
    "0,1,2,6,7": 0.8089985084746315,
    "0,1,3,4,5": -0.589615358720033,
    "0,1,3,4,6": 0.25713092091139866,
    "0,1,3,4,7": -1.0163468134853137,
    "0,1,3,5,6": 0.5000420074270407,
    "0,1,3,5,7": 0.8062705604991911,
    "0,1,3,6,7": 0.866816883683942,
    "0,1,4,5,6": 0.4932187735553675,
    "0,1,4,5,7": -0.4806880444831223,
    "0,1,4,6,7": 0.34027537815321574,
    "0,1,5,6,7": 0.6790846512343741,
    "0,2,3,4,5": -0.39055818326914693,
    "0,2,3,4,6": -0.951529201835932,
    "0,2,3,4,7": -0.20243399542935836,
    "0,2,3,5,6": 0.4590396382468436,
    "0,2,3,5,7": -0.2118707240839779,
    "0,2,3,6,7": 0.4002425782896215,
    "0,2,4,5,6": -2.347924196858473,
    "0,2,4,5,7": 0.7496985525574393,
    "0,2,4,6,7": 0.5430376878840788,
    "0,2,5,6,7": 0.9669543060226579,
    "0,3,4,5,6": 0.5295966755894435,
    "0,3,4,5,7": 0.512726569748597,
    "0,3,4,6,7": 0.8806921228211146,
    "0,3,5,6,7": 0.6893321644430791,
    "0,4,5,6,7": 0.939794689716961,
    "1,2,3,4,5": 0.04861191519196395,
    "1,2,3,4,6": -0.23742961461710488,
    "1,2,3,4,7": -0.3730668654646365,
    "1,2,3,5,6": -0.3647982540061303,
    "1,2,3,5,7": -0.7724377015691639,
    "1,2,3,6,7": -0.21413161801256098,
    "1,2,4,5,6": -2.2366819476147253,
    "1,2,4,5,7": -0.8061008741356679,
    "1,2,4,6,7": -0.19838597090890953,
    "1,2,5,6,7": -0.37618123592648334,
    "1,3,4,5,6": -0.9375618295885688,
    "1,3,4,5,7": -0.8563831615214705,
    "1,3,4,6,7": -0.429100368861296,
    "1,3,5,6,7": 0.3502515895131837,
    "1,4,5,6,7": -0.8990108827200101,
    "2,3,4,5,6": -0.7671569578647133,
    "2,3,4,5,7": -0.36101397188409634,
    "2,3,4,6,7": -1.6980412614094593,