{
  "object_name": "Game",
  "data_type": "game",
  "version": "1.4.2.dev29+g3d3c3a7e6.d20260421",
  "created_from": null,
  "description": null,
  "parameters": {},
  "timestamp": "2026-04-21T12:25:56.073869+00:00Z",
  "metadata": {
    "n_players": 8,
    "game_name": "Game_object",
    "normalization_value": -5.728654308868649,
    "precompute_flag": false,
    "precomputed": true,
    "player_names": null
  },
  "data": {
    "Empty": -5.728654308868649,
    "0": 0.6350301095551729,
    "1": -0.4944720863379817,
    "2": -0.11048127826064591,
    "3": -2.0470764654132454,
    "4": -1.0879644741161898,
    "5": -2.0925384966333684,
    "6": -1.5941709753364206,
    "7": -3.4234922354980624,
    "0,1": -1.0721069286513152,
    "0,2": -6.057876276235929,
    "0,3": -3.0856388234740324,
    "0,4": -1.2686172884330285,
    "0,5": -0.9935337796283421,
    "0,6": -0.3926302907341104,
    "0,7": -3.781878972074721,
    "1,2": -0.0025940149267296153,
    "1,3": -0.34059135746360836,
    "1,4": -0.4621913440015486,
    "1,5": -11.653462008609372,
    "1,6": -1.4656783963112376,
    "1,7": -0.2237987827893888,
    "2,3": -1.8479721190504366,
    "2,4": 0.1337778515741841,
    "2,5": -1.1949155792211168,
    "2,6": -0.8025258119082368,
    "2,7": -0.3416619658714979,
    "3,4": -6.092917390205122,
    "3,5": -3.094095026338203,
    "3,6": -1.585562680171142,
    "3,7": -0.4636135117025124,
    "4,5": -0.4044817941831982,
    "4,6": -9.89341361551521,
    "4,7": -0.3307998727022172,
    "5,6": -2.5216119947578512,
    "5,7": -2.4398170604439207,
    "6,7": -0.2267430813474296,
    "0,1,2": -0.9468225743183274,
    "0,1,3": -1.8549397467817843,
    "0,1,4": -0.5877029208036622,
    "0,1,5": -0.927946522014111,
    "0,1,6": -1.817517042810783,
    "0,1,7": -0.029513966119021795,
    "0,2,3": -0.5824494212827163,
    "0,2,4": -0.28891459254325635,
    "0,2,5": -6.116931294566829,
    "0,2,6": -0.8474238467087614,
    "0,2,7": -5.755657741671946,
    "0,3,4": -4.755102266014941,
    "0,3,5": -4.192418147085137,
    "0,3,6": 0.4154708727235592,
    "0,3,7": -1.0764882722828588,
    "0,4,5": -1.331664243825042,
    "0,4,6": -8.876825681320877,
    "0,4,7": -2.5813606186801605,
    "0,5,6": -0.8198779449726736,
    "0,5,7": -1.2481342662210095,
    "0,6,7": 0.8678124439923662,
    "1,2,3": -0.19702901702242803,
    "1,2,4": -7.212546190921925,
    "1,2,5": -0.11634481425057697,
    "1,2,6": -3.0057642556426236,
    "1,2,7": -0.7634072384228381,
    "1,3,4": -3.2620978472285698,
    "1,3,5": -0.8063777254984841,
    "1,3,6": -0.9481447054975256,
    "1,3,7": -0.09116162679111395,
    "1,4,5": -3.6608378057581374,
    "1,4,6": -0.92602863097202,
    "1,4,7": -18.017095138551976,
    "1,5,6": -1.4612461402235128,
    "1,5,7": -0.5430844122270257,
    "1,6,7": -6.499397948514226,
    "2,3,4": -0.16633137015858668,
    "2,3,5": -0.03041483316327276,
    "2,3,6": -1.898749804494201,
    "2,3,7": -2.9037796129200357,
    "2,4,5": -2.311867674503067,
    "2,4,6": -0.9850445120811375,
    "2,4,7": -5.466236156244596,
    "2,5,6": -2.710162626028473,
    "2,5,7": -2.629980360141489,
    "2,6,7": 0.028729705531372995,
    "3,4,5": -4.1977670800009195,
    "3,4,6": -0.703143428024346,
    "3,4,7": -2.2182290607329778,
    "3,5,6": -0.8855584515020303,
    "3,5,7": -0.8387432327222526,
    "3,6,7": 0.4484071156954741,
    "4,5,6": -2.396723216522999,
    "4,5,7": -2.6561455991024734,
    "4,6,7": 0.2916894291650667,
    "5,6,7": 0.2793685899799708,
    "0,1,2,3": -0.494182852775356,
    "0,1,2,4": -0.972646697704338,
    "0,1,2,5": -2.1975341737180387,
    "0,1,2,6": -1.2638954819519914,
    "0,1,2,7": 0.46748762270417454,
    "0,1,3,4": -1.791516640905888,
    "0,1,3,5": -4.6678257849479055,
    "0,1,3,6": -1.082826447286235,
    "0,1,3,7": -2.225610071781355,
    "0,1,4,5": -0.29977646460440055,
    "0,1,4,6": -1.7911631245805029,
    "0,1,4,7": -0.49353728362677396,
    "0,1,5,6": -0.5718143561769133,
    "0,1,5,7": -0.16884874324694277,
    "0,1,6,7": 0.5414627681713402,
    "0,2,3,4": -25.578699688079347,
    "0,2,3,5": -0.3708481976956284,
    "0,2,3,6": -0.5400968766530894,
    "0,2,3,7": -1.250869616009651,
    "0,2,4,5": -3.6204454923727685,
    "0,2,4,6": -0.5247155701069108,
    "0,2,4,7": -4.108345682447391,
    "0,2,5,6": 0.029101124264792055,
    "0,2,5,7": -1.1459267548377667,
    "0,2,6,7": 0.683808658511753,
    "0,3,4,5": -4.095599096069625,
    "0,3,4,6": -0.40329253077106664,
    "0,3,4,7": -1.6205515255408485,
    "0,3,5,6": 0.018180181636867965,
    "0,3,5,7": -0.14163186235423852,
    "0,3,6,7": 0.5783173451194132,
    "0,4,5,6": -2.276558057762506,
    "0,4,5,7": -0.7063009193949208,
    "0,4,6,7": 0.4003046363119265,
    "0,5,6,7": 0.4337943631737282,
    "1,2,3,4": -1.3324798823880606,
    "1,2,3,5": 0.20075118834314287,
    "1,2,3,6": 0.20817500101932762,
    "1,2,3,7": 0.36863467571444086,
    "1,2,4,5": -2.40605192969923,
    "1,2,4,6": -0.9795474577691501,
    "1,2,4,7": -0.9964620088153158,
    "1,2,5,6": -2.561155325556718,
    "1,2,5,7": -1.1399527826331521,
    "1,2,6,7": 0.4118722654024226,
    "1,3,4,5": -2.6619523906212184,
    "1,3,4,6": 0.5714722606039193,
    "1,3,4,7": -1.7824919131391224,
    "1,3,5,6": -1.8445135144936629,
    "1,3,5,7": -2.8171330440603324,
    "1,3,6,7": 0.29164146866742824,
    "1,4,5,6": -1.1128218312856548,
    "1,4,5,7": -1.2140675432930563,
    "1,4,6,7": -0.6247942636099082,
    "1,5,6,7": 0.34720029546493314,
    "2,3,4,5": -2.5937740549015484,
    "2,3,4,6": 0.03251822484194056,
    "2,3,4,7": 0.001801733173449671,
    "2,3,5,6": -2.0052839775323053,
    "2,3,5,7": -0.7567004566228384,
    "2,3,6,7": 0.16452836667025716,
    "2,4,5,6": -3.6972788054562242,
    "2,4,5,7": -2.118551478865184,
    "2,4,6,7": 0.6724087194378099,
    "2,5,6,7": 0.557267353751421,
    "3,4,5,6": -0.3604267474442666,
    "3,4,5,7": -4.891015847710501,
    "3,4,6,7": 0.7045696380283714,
    "3,5,6,7": 0.23848003622990943,
    "4,5,6,7": 0.5563983417381688,
    "0,1,2,3,4": 0.49645994064455856,
    "0,1,2,3,5": 0.37357574240137315,
    "0,1,2,3,6": -0.20271730632178464,
    "0,1,2,3,7": -0.27739978070903804,
    "0,1,2,4,5": -0.5995600670866028,
    "0,1,2,4,6": -0.9019562582971197,
    "0,1,2,4,7": -1.9207500166471863,
    "0,1,2,5,6": 0.24244523160291231,
    "0,1,2,5,7": -6.4651070361013,
    "0,1,2,6,7": 0.8007949918531909,
    "0,1,3,4,5": -0.760710779231248,
    "0,1,3,4,6": -3.427603649019522,
    "0,1,3,4,7": -1.377712515263032,
    "0,1,3,5,6": 0.19167645274337597,
    "0,1,3,5,7": 0.07966252294790244,
    "0,1,3,6,7": -0.00036556603133708343,
    "0,1,4,5,6": -1.332602686163562,
    "0,1,4,5,7": -0.7239527592523622,
    "0,1,4,6,7": 0.7736030565197543,
    "0,1,5,6,7": 0.9095730357007464,
    "0,2,3,4,5": 0.20795698609023827,
    "0,2,3,4,6": -3.4947310978159605,
    "0,2,3,4,7": -5.685005023499174,
    "0,2,3,5,6": -0.1696919195091624,
    "0,2,3,5,7": -4.982452235676027,
    "0,2,3,6,7": 0.8578060198396035,
    "0,2,4,5,6": -0.31036841201547216,
    "0,2,4,5,7": -1.1249987425821235,
    "0,2,4,6,7": 0.3210623245382038,
    "0,2,5,6,7": 0.5178096041277455,
    "0,3,4,5,6": -4.353465598484584,
    "0,3,4,5,7": 0.3149296775381163,
    "0,3,4,6,7": -0.43662344904940165,
    "0,3,5,6,7": 0.9090476591421531,
    "0,4,5,6,7": 0.9114077719693822,
    "1,2,3,4,5": -14.984523413232317,
    "1,2,3,4,6": -2.9094476310740784,
    "1,2,3,4,7": -0.8325693831483842,
    "1,2,3,5,6": 0.3408317160795329,
    "1,2,3,5,7": -1.1704478943396568,
    "1,2,3,6,7": 0.6154913365155236,
    "1,2,4,5,6": -0.15948214422388585,
    "1,2,4,5,7": -1.6809960807422297,
    "1,2,4,6,7": 0.5805708041248716,
    "1,2,5,6,7": 0.3605770722621632,
    "1,3,4,5,6": -1.573262266153836,
    "1,3,4,5,7": -1.7134880437706395,
    "1,3,4,6,7": -0.09402345230778808,
    "1,3,5,6,7": 0.687005195026734,
    "1,4,5,6,7": 0.14985885773203445,
    "2,3,4,5,6": -0.4872435210052124,
    "2,3,4,5,7": -6.422253545999682,
    "2,3,4,6,7": -3.8272652323011247,