{
  "object_name": "Game",
  "data_type": "game",
  "version": "1.4.2.dev29+g3d3c3a7e6.d20260421",
  "created_from": null,
  "description": null,
  "parameters": {},
  "timestamp": "2026-04-21T12:25:56.042492+00:00Z",
  "metadata": {
    "n_players": 8,
    "game_name": "Game_object",
    "normalization_value": -1.4721740483830246,
    "precompute_flag": false,
    "precomputed": true,
    "player_names": null
  },
  "data": {
    "Empty": -1.4721740483830246,
    "0": -0.1836349993027595,
    "1": -1.8878816256230797,
    "2": -4.874661017593801,
    "3": -0.4856107046511391,
    "4": -4.467691509145528,
    "5": -1.264995438077006,
    "6": -0.9964217697300319,
    "7": -9.929865294215967,
    "0,1": -2.1689809514603797,
    "0,2": -0.9088554174834469,
    "0,3": -1.8043414774829336,
    "0,4": -0.6601682153321917,
    "0,5": 0.4044279522006047,
    "0,6": -0.1666871718315175,
    "0,7": -0.3856638674666728,
    "1,2": -3.8830350293738283,
    "1,3": -0.29003994809267386,
    "1,4": -12.785990926336806,
    "1,5": -0.1436136294328587,
    "1,6": -3.1987816577013213,
    "1,7": -0.2554925651737341,
    "2,3": -0.10396037469515274,
    "2,4": -0.048891312429540035,
    "2,5": -1.8983155032515908,
    "2,6": 0.06672796299064288,
    "2,7": -0.5292361254279816,
    "3,4": -4.001867426559454,
    "3,5": -1.3918732742790758,
    "3,6": -1.8690893144169802,
    "3,7": 0.10580972517460463,
    "4,5": 0.26290628552583073,
    "4,6": -0.5220620563388396,
    "4,7": -2.5541817322561298,
    "5,6": -4.312241048129679,
    "5,7": -3.08221787906621,
    "6,7": -3.667611577664613,
    "0,1,2": -0.8401873747946722,
    "0,1,3": 0.1337966706122783,
    "0,1,4": -0.7041517002695794,
    "0,1,5": 0.20286481707098147,
    "0,1,6": -1.717137672774594,
    "0,1,7": -0.012352818617055839,
    "0,2,3": -0.2236263961175673,
    "0,2,4": 0.4302702454238785,
    "0,2,5": -3.6150074763964257,
    "0,2,6": -0.6653615702657101,
    "0,2,7": -0.9454748391274388,
    "0,3,4": -0.7108582332332949,
    "0,3,5": -1.2968466483493923,
    "0,3,6": 0.03310531483453161,
    "0,3,7": 0.2317461936854659,
    "0,4,5": -0.8506843836339695,
    "0,4,6": -0.42055211800678016,
    "0,4,7": -0.5521874202701329,
    "0,5,6": 0.2993651301125163,
    "0,5,7": -3.076626214280984,
    "0,6,7": 0.43053224824703495,
    "1,2,3": -0.019153475903064043,
    "1,2,4": -0.5907974790172157,
    "1,2,5": -4.818296095164812,
    "1,2,6": -1.195218273038737,
    "1,2,7": -2.8355280927585995,
    "1,3,4": -3.463790497501912,
    "1,3,5": -2.4187596430941567,
    "1,3,6": -0.03400460686575668,
    "1,3,7": -3.44359629072631,
    "1,4,5": 0.6078835398966809,
    "1,4,6": -1.304644539625711,
    "1,4,7": -4.196104915934932,
    "1,5,6": -1.3178110038278392,
    "1,5,7": 0.1860399802949979,
    "1,6,7": -2.6010598821375788,
    "2,3,4": -0.3133570218001096,
    "2,3,5": -1.9744448342916106,
    "2,3,6": -1.5445819568428778,
    "2,3,7": -4.363685674339162,
    "2,4,5": -0.9415261316662797,
    "2,4,6": -4.097991059377043,
    "2,4,7": -0.022024287593031655,
    "2,5,6": -0.8865160677763442,
    "2,5,7": -2.468648064032006,
    "2,6,7": -4.623616699594542,
    "3,4,5": -2.9533153518438673,
    "3,4,6": -0.8399623246670527,
    "3,4,7": -0.814476025056976,
    "3,5,6": -1.2545652651566668,
    "3,5,7": -1.676415278519321,
    "3,6,7": 0.18685367505542894,
    "4,5,6": -1.7736311402623381,
    "4,5,7": -35.69633697218735,
    "4,6,7": -1.2643247115281584,
    "5,6,7": 0.28109347426927234,
    "0,1,2,3": -0.5115299246713814,
    "0,1,2,4": -1.5253399963943952,
    "0,1,2,5": -6.154865277256094,
    "0,1,2,6": -1.5280009847604434,
    "0,1,2,7": -3.475869842687657,
    "0,1,3,4": -1.2134766795543612,
    "0,1,3,5": -0.671558837510736,
    "0,1,3,6": -1.457494647201222,
    "0,1,3,7": -0.830912690326397,
    "0,1,4,5": 0.4765572999780293,
    "0,1,4,6": -0.4236549142178683,
    "0,1,4,7": -2.050215014953259,
    "0,1,5,6": -0.42739149913166674,
    "0,1,5,7": -2.2342625670126295,
    "0,1,6,7": 0.14426434355843865,
    "0,2,3,4": -0.007728827028645968,
    "0,2,3,5": -1.6728050148550748,
    "0,2,3,6": -2.916919045998136,
    "0,2,3,7": -1.3581347291230683,
    "0,2,4,5": -3.2245445728759794,
    "0,2,4,6": -0.43001236166998846,
    "0,2,4,7": 0.7857936326714999,
    "0,2,5,6": -0.6439124275849246,
    "0,2,5,7": -0.02998014950822614,
    "0,2,6,7": 0.3138368089934396,
    "0,3,4,5": -0.4285619304022159,
    "0,3,4,6": -2.9077426827803388,
    "0,3,4,7": -5.112359786059611,
    "0,3,5,6": -1.862338847793294,
    "0,3,5,7": -8.870555815918218,
    "0,3,6,7": 0.5110394483723912,
    "0,4,5,6": -0.44424949134131797,
    "0,4,5,7": 0.4056908631176884,
    "0,4,6,7": 0.7225278570709597,
    "0,5,6,7": 0.8185218644868694,
    "1,2,3,4": -1.6859604871541687,
    "1,2,3,5": -0.7085628316186967,
    "1,2,3,6": -3.277988191728764,
    "1,2,3,7": -2.9942798949640124,
    "1,2,4,5": -4.774636625852011,
    "1,2,4,6": -0.9412785884279427,
    "1,2,4,7": 0.04520906140199343,
    "1,2,5,6": -4.119182691422191,
    "1,2,5,7": -1.3699354574867382,
    "1,2,6,7": 0.05277519435490552,
    "1,3,4,5": -1.3549301041170483,
    "1,3,4,6": -1.0686183742387958,
    "1,3,4,7": -1.7492569997361347,
    "1,3,5,6": -0.7963020005170649,
    "1,3,5,7": -1.41656009239686,
    "1,3,6,7": -1.900482530887873,
    "1,4,5,6": -3.2795916350585523,
    "1,4,5,7": -1.444978807062904,
    "1,4,6,7": 0.1557194475781597,
    "1,5,6,7": -0.03455020585879165,
    "2,3,4,5": -0.6138996618037336,
    "2,3,4,6": -2.6390272193006563,
    "2,3,4,7": -0.6698885147773812,
    "2,3,5,6": -1.5976064281730076,
    "2,3,5,7": -1.0613044027567993,
    "2,3,6,7": 0.11977289628446586,
    "2,4,5,6": -0.142704692516332,
    "2,4,5,7": -5.5229638180952,
    "2,4,6,7": -0.21536204719181118,
    "2,5,6,7": -0.5172371385743444,
    "3,4,5,6": -4.163418614245033,
    "3,4,5,7": -1.2339410246734142,
    "3,4,6,7": 0.09465736587927664,
    "3,5,6,7": 0.14608828089438064,
    "4,5,6,7": -0.151840306971871,
    "0,1,2,3,4": -0.19315327445974595,
    "0,1,2,3,5": -3.54354329278019,
    "0,1,2,3,6": -0.6043132852116972,
    "0,1,2,3,7": -4.085049184028932,
    "0,1,2,4,5": 0.08835191276504761,
    "0,1,2,4,6": -0.720727165369347,
    "0,1,2,4,7": -0.4196252868130299,
    "0,1,2,5,6": 0.4496557293912602,
    "0,1,2,5,7": 0.6545104902503476,
    "0,1,2,6,7": 0.1995748692468169,
    "0,1,3,4,5": -11.614999347135944,
    "0,1,3,4,6": 0.3157349331625724,
    "0,1,3,4,7": -0.20849776063481262,
    "0,1,3,5,6": 0.4692615745614289,
    "0,1,3,5,7": 0.27837754816572857,
    "0,1,3,6,7": 0.776236317209479,
    "0,1,4,5,6": -1.3515058846916013,
    "0,1,4,5,7": -0.12506605184536723,
    "0,1,4,6,7": 0.3566293215333157,
    "0,1,5,6,7": 0.49683640020581965,
    "0,2,3,4,5": 0.48920372763859565,
    "0,2,3,4,6": 0.28727372207630353,
    "0,2,3,4,7": -0.6856993843026331,
    "0,2,3,5,6": 0.1137068279416249,
    "0,2,3,5,7": -1.3135507623088722,
    "0,2,3,6,7": 0.45743311765339545,
    "0,2,4,5,6": 0.7459565840925886,
    "0,2,4,5,7": -0.7860204435153424,
    "0,2,4,6,7": 0.46230400112500103,
    "0,2,5,6,7": 0.635326813333452,
    "0,3,4,5,6": 0.5200929388518576,
    "0,3,4,5,7": 0.1463815587261923,
    "0,3,4,6,7": 0.6542253061996015,
    "0,3,5,6,7": 0.5052353641165646,
    "0,4,5,6,7": 0.6434778938720584,
    "1,2,3,4,5": -4.178206867070158,
    "1,2,3,4,6": -0.2915427073028638,
    "1,2,3,4,7": -0.17405743171183152,
    "1,2,3,5,6": -0.4007150279905818,
    "1,2,3,5,7": -1.2937024068231624,
    "1,2,3,6,7": -0.5959023341102483,
    "1,2,4,5,6": -2.3025965880180617,
    "1,2,4,5,7": -1.523926379669494,
    "1,2,4,6,7": -2.48022466426625,
    "1,2,5,6,7": 0.520644263894948,
    "1,3,4,5,6": -1.7289515060064549,
    "1,3,4,5,7": -1.0879772358945021,
    "1,3,4,6,7": -3.7629821572949087,
    "1,3,5,6,7": -0.031430309298223325,
    "1,4,5,6,7": 0.33861865437996397,
    "2,3,4,5,6": -1.593885098679757,
    "2,3,4,5,7": -1.0785284450130357,
    "2,3,4,6,7": -0.35695531504119415,