{
  "object_name": "Game",
  "data_type": "game",
  "version": "1.4.2.dev29+g3d3c3a7e6.d20260421",
  "created_from": null,
  "description": null,
  "parameters": {},
  "timestamp": "2026-04-21T12:25:56.029045+00:00Z",
  "metadata": {
    "n_players": 8,
    "game_name": "Game_object",
    "normalization_value": -1.4390049600623356,
    "precompute_flag": false,
    "precomputed": true,
    "player_names": null
  },
  "data": {
    "Empty": -1.4390049600623356,
    "0": -0.7586423765442778,
    "1": -3.1697705450237157,
    "2": -0.8817356892557042,
    "3": -3.3106922729417008,
    "4": -4.356252592201479,
    "5": -0.7347984820494289,
    "6": -5.211589799192922,
    "7": -0.05872930322030312,
    "0,1": 0.057503907156773004,
    "0,2": -2.467660394929167,
    "0,3": -0.5996782023617315,
    "0,4": -0.9277043812996832,
    "0,5": -0.7406116347654637,
    "0,6": 0.6567678641262669,
    "0,7": -1.0116511723660015,
    "1,2": -0.8684089250107647,
    "1,3": -0.07549310406336862,
    "1,4": -4.877317390953584,
    "1,5": -2.445104193858009,
    "1,6": -0.8856254000975472,
    "1,7": -0.9519779669669812,
    "2,3": -5.807296746117254,
    "2,4": -1.2394556081644992,
    "2,5": -2.1316187831473945,
    "2,6": -0.5137387311476631,
    "2,7": 0.2469113135961173,
    "3,4": -2.166027497965821,
    "3,5": -4.159389310568664,
    "3,6": -0.634674207872757,
    "3,7": -3.2800288954719132,
    "4,5": -0.7444770064859949,
    "4,6": -0.28909441538833214,
    "4,7": -0.831427541029208,
    "5,6": -0.2286865168369583,
    "5,7": -1.1133489496004727,
    "6,7": -0.7843076687061743,
    "0,1,2": -1.4031643509028036,
    "0,1,3": 0.12148557852740904,
    "0,1,4": 0.13025814200186958,
    "0,1,5": 0.5280825744796173,
    "0,1,6": 0.6736816600455984,
    "0,1,7": -0.07252073456700203,
    "0,2,3": -1.598902114903602,
    "0,2,4": -0.031573099066211086,
    "0,2,5": -1.0253410302216297,
    "0,2,6": -0.3833127259836002,
    "0,2,7": 0.42117859302639127,
    "0,3,4": -3.0917689105692636,
    "0,3,5": 0.27628642315425,
    "0,3,6": -0.673181542500574,
    "0,3,7": -4.254754357182414,
    "0,4,5": 0.47395536741655375,
    "0,4,6": 0.3973799999228613,
    "0,4,7": -0.3446802444874393,
    "0,5,6": -2.8490801940916892,
    "0,5,7": -1.788274514239232,
    "0,6,7": 0.5129156841405538,
    "1,2,3": -2.2079264571311565,
    "1,2,4": -2.264986256225716,
    "1,2,5": -2.790105697970436,
    "1,2,6": -1.0482972204498338,
    "1,2,7": -2.9458213605803523,
    "1,3,4": -1.038168234031331,
    "1,3,5": -2.2451839413962094,
    "1,3,6": -0.5313161635682746,
    "1,3,7": -6.808494343095,
    "1,4,5": -1.8675959395292026,
    "1,4,6": -2.4116456321829576,
    "1,4,7": -4.890667399275209,
    "1,5,6": -4.137717296707162,
    "1,5,7": -3.1470689594060204,
    "1,6,7": -0.9473949995156692,
    "2,3,4": -3.225516709147975,
    "2,3,5": -8.458949242822454,
    "2,3,6": -0.4262740779001122,
    "2,3,7": -0.5285251434421716,
    "2,4,5": -2.1450715346513722,
    "2,4,6": -1.3247909155364148,
    "2,4,7": -0.8982610349221893,
    "2,5,6": -1.7515540312949751,
    "2,5,7": -3.5377124268331475,
    "2,6,7": -1.3668593799716708,
    "3,4,5": -1.4535247461011496,
    "3,4,6": -0.9603241951200312,
    "3,4,7": -2.8024375802670303,
    "3,5,6": -1.393053868100799,
    "3,5,7": -1.092758120267558,
    "3,6,7": -3.2371173314474833,
    "4,5,6": -2.907864776563228,
    "4,5,7": -0.17911355145317964,
    "4,6,7": -0.5401477882607821,
    "5,6,7": 0.3702945817008747,
    "0,1,2,3": -3.6057220595066335,
    "0,1,2,4": -0.7828744502905414,
    "0,1,2,5": -4.206767791590306,
    "0,1,2,6": 0.5801790705722001,
    "0,1,2,7": -0.09693595292873569,
    "0,1,3,4": -2.3689879540870593,
    "0,1,3,5": 0.42742114970493594,
    "0,1,3,6": -2.33294354360919,
    "0,1,3,7": -1.2134930021632786,
    "0,1,4,5": 0.6400137308569265,
    "0,1,4,6": -1.2929271647994485,
    "0,1,4,7": -0.02422919708795912,
    "0,1,5,6": -1.4147083839231396,
    "0,1,5,7": 0.21260957000840408,
    "0,1,6,7": 0.5759426659715183,
    "0,2,3,4": -0.721262139407771,
    "0,2,3,5": -1.3589976396970735,
    "0,2,3,6": -4.4467924792208695,
    "0,2,3,7": -0.13566565760999838,
    "0,2,4,5": 0.6480940242938946,
    "0,2,4,6": -0.2619876995628476,
    "0,2,4,7": -2.6586748045785553,
    "0,2,5,6": -1.6089554417511276,
    "0,2,5,7": -0.26623720450796284,
    "0,2,6,7": -1.5524129587189561,
    "0,3,4,5": 0.18104100241759347,
    "0,3,4,6": -0.5255462183263446,
    "0,3,4,7": -1.1631473999719404,
    "0,3,5,6": -0.8890547805267308,
    "0,3,5,7": 0.2689588134242974,
    "0,3,6,7": 0.697288457865213,
    "0,4,5,6": -2.4289184110660393,
    "0,4,5,7": -0.09970086249816901,
    "0,4,6,7": -0.019148685575665958,
    "0,5,6,7": 0.9070724339735476,
    "1,2,3,4": -5.199739043666984,
    "1,2,3,5": -1.2939118386004171,
    "1,2,3,6": -0.37497140467504253,
    "1,2,3,7": -0.6613803986341118,
    "1,2,4,5": -0.9453610620437709,
    "1,2,4,6": -1.7222668716288752,
    "1,2,4,7": -0.5131773381161782,
    "1,2,5,6": -1.4312555414615615,
    "1,2,5,7": -1.1022225011437152,
    "1,2,6,7": -0.6489823212364203,
    "1,3,4,5": 0.2960834064126352,
    "1,3,4,6": -0.9682986511265885,
    "1,3,4,7": -3.083054628742487,
    "1,3,5,6": -4.136947239014308,
    "1,3,5,7": -2.231231353835074,
    "1,3,6,7": -1.2225461039264323,
    "1,4,5,6": -4.0895187539928095,
    "1,4,5,7": -1.4363235951589406,
    "1,4,6,7": -1.8513363249969954,
    "1,5,6,7": 0.6008664008024609,
    "2,3,4,5": -0.33617103138059257,
    "2,3,4,6": -2.3105470508962136,
    "2,3,4,7": -6.664884874990168,
    "2,3,5,6": -0.6941353656984717,
    "2,3,5,7": -1.5811330567015585,
    "2,3,6,7": -0.5163942573453388,
    "2,4,5,6": -0.03459462675007274,
    "2,4,5,7": -5.551639964973933,
    "2,4,6,7": -0.733310766047385,
    "2,5,6,7": -2.159780355845219,
    "3,4,5,6": -4.899440532798174,
    "3,4,5,7": 0.6157486090993455,
    "3,4,6,7": 0.14579860626921304,
    "3,5,6,7": 0.0703617368473266,
    "4,5,6,7": 0.001387058572478117,
    "0,1,2,3,4": 0.3514163228596078,
    "0,1,2,3,5": 0.6110553321674315,
    "0,1,2,3,6": 0.0192306034412546,
    "0,1,2,3,7": -2.750427772428408,
    "0,1,2,4,5": -2.117746446602654,
    "0,1,2,4,6": -0.710815395318005,
    "0,1,2,4,7": -5.012802916626122,
    "0,1,2,5,6": 0.8242653427178819,
    "0,1,2,5,7": -0.35346643562859037,
    "0,1,2,6,7": 0.1512819572047135,
    "0,1,3,4,5": -0.7833358034647866,
    "0,1,3,4,6": -1.4795079629036483,
    "0,1,3,4,7": -0.17357727053024896,
    "0,1,3,5,6": 0.6376453063212891,
    "0,1,3,5,7": -5.23573222575393,
    "0,1,3,6,7": 0.8525081400816279,
    "0,1,4,5,6": -0.20958753686551446,
    "0,1,4,5,7": -0.3195693239850521,
    "0,1,4,6,7": -0.8360260576070879,
    "0,1,5,6,7": 0.8157424023085924,
    "0,2,3,4,5": 0.034058428289083564,
    "0,2,3,4,6": -1.5103942390171046,
    "0,2,3,4,7": -0.08716315933523355,
    "0,2,3,5,6": -0.027164673123488914,
    "0,2,3,5,7": -2.8783347212782564,
    "0,2,3,6,7": -1.6969854986977424,
    "0,2,4,5,6": -1.9327999771514297,
    "0,2,4,5,7": 0.6795332403947214,
    "0,2,4,6,7": 0.686586153132373,
    "0,2,5,6,7": 0.5840778816312242,
    "0,3,4,5,6": 0.09453103366556792,
    "0,3,4,5,7": -4.026332434254969,
    "0,3,4,6,7": 0.7943666355497634,
    "0,3,5,6,7": -1.018435243804698,
    "0,4,5,6,7": 0.6603199806495876,
    "1,2,3,4,5": -2.2037888544294204,
    "1,2,3,4,6": -0.624819037479349,
    "1,2,3,4,7": -0.22019168356664842,
    "1,2,3,5,6": 0.011147735868694109,
    "1,2,3,5,7": -1.0174147845232278,
    "1,2,3,6,7": 0.5328178772176928,
    "1,2,4,5,6": -1.1634651253152168,
    "1,2,4,5,7": -2.8262255787735744,
    "1,2,4,6,7": 0.09815994608633838,
    "1,2,5,6,7": -0.9263013408315592,
    "1,3,4,5,6": -1.1125227152211687,
    "1,3,4,5,7": -2.002255332995921,
    "1,3,4,6,7": -1.4354787301774374,
    "1,3,5,6,7": 0.7132657390389536,
    "1,4,5,6,7": 0.35366926915149,
    "2,3,4,5,6": -0.784070850464577,
    "2,3,4,5,7": -0.7097626944180555,
    "2,3,4,6,7": -0.804931890610715,