{
  "object_name": "Game",
  "data_type": "game",
  "version": "1.4.2.dev29+g3d3c3a7e6.d20260421",
  "created_from": null,
  "description": null,
  "parameters": {},
  "timestamp": "2026-04-21T12:25:56.135885+00:00Z",
  "metadata": {
    "n_players": 8,
    "game_name": "Game_object",
    "normalization_value": -5.003697374672227,
    "precompute_flag": false,
    "precomputed": true,
    "player_names": null
  },
  "data": {
    "Empty": -5.003697374672227,
    "0": -1.6566985517326245,
    "1": -1.3838859387545837,
    "2": -2.214856978368316,
    "3": -3.0343800683024265,
    "4": -1.945594128042405,
    "5": -0.4748775247418944,
    "6": -1.8679072001164476,
    "7": -4.22103386168377,
    "0,1": -7.836224030220967,
    "0,2": -1.022707378629863,
    "0,3": -1.923327377482082,
    "0,4": -4.062937757843668,
    "0,5": -3.7798914086118574,
    "0,6": -2.605466909856618,
    "0,7": -2.7087900592265477,
    "1,2": -1.5432681366152354,
    "1,3": -8.37114728847745,
    "1,4": -0.7296263829847618,
    "1,5": -3.7386524946313386,
    "1,6": -4.41935574280609,
    "1,7": -2.5965171807525995,
    "2,3": -2.8926154520799123,
    "2,4": -4.231113381504221,
    "2,5": -4.686004652069348,
    "2,6": -1.7036814646481622,
    "2,7": -3.175927902889936,
    "3,4": -18.42090487997831,
    "3,5": -3.5719996051196166,
    "3,6": -0.37509483237306207,
    "3,7": -6.275829676627681,
    "4,5": -6.04473937973699,
    "4,6": -1.9816081657729656,
    "4,7": -1.3668088347518732,
    "5,6": -2.4181282609540955,
    "5,7": -5.30033740503287,
    "6,7": 0.02089901387077653,
    "0,1,2": -2.2602642419854777,
    "0,1,3": -3.670750540964362,
    "0,1,4": -2.947678583911373,
    "0,1,5": -1.7791836316549858,
    "0,1,6": -2.7724866974747777,
    "0,1,7": -2.085598658056725,
    "0,2,3": -6.7535210355583635,
    "0,2,4": -0.37565804197829333,
    "0,2,5": -1.6197153426134663,
    "0,2,6": -8.455666631846544,
    "0,2,7": -6.795263320069935,
    "0,3,4": -11.782998235397699,
    "0,3,5": -2.3557970951939327,
    "0,3,6": -3.933737955089458,
    "0,3,7": -4.94086373909928,
    "0,4,5": -3.956344861387853,
    "0,4,6": -4.318736757913283,
    "0,4,7": -0.9035415807379401,
    "0,5,6": -3.7252268229602032,
    "0,5,7": -1.780336807164026,
    "0,6,7": 0.36185327118370125,
    "1,2,3": -3.6106099028433754,
    "1,2,4": -2.396592316287876,
    "1,2,5": -3.403264149966758,
    "1,2,6": -3.0129042501469527,
    "1,2,7": -1.1199308025406753,
    "1,3,4": -3.5392551146243285,
    "1,3,5": -5.196562940513737,
    "1,3,6": -2.9094627063391263,
    "1,3,7": -23.96368733312039,
    "1,4,5": -3.319771223881606,
    "1,4,6": -2.781895799277859,
    "1,4,7": -4.52592226175006,
    "1,5,6": -0.13722342985463198,
    "1,5,7": -1.1388164103218648,
    "1,6,7": -0.036355115158711815,
    "2,3,4": -4.408222246651071,
    "2,3,5": -3.4098907854136167,
    "2,3,6": -4.975999354436973,
    "2,3,7": -7.389556005117141,
    "2,4,5": -13.552181462075175,
    "2,4,6": -4.25015291388123,
    "2,4,7": -3.2404392166769442,
    "2,5,6": 0.07541641316042891,
    "2,5,7": -3.839176824806441,
    "2,6,7": 0.5519770509849549,
    "3,4,5": -3.541948752441301,
    "3,4,6": -8.097081154376685,
    "3,4,7": -5.9085435195885125,
    "3,5,6": -0.4180354841163454,
    "3,5,7": -7.139689364192883,
    "3,6,7": -0.7010199310811926,
    "4,5,6": -4.216303426901972,
    "4,5,7": -6.102115394643376,
    "4,6,7": 0.0139201171179687,
    "5,6,7": 0.18840621905486277,
    "0,1,2,3": -3.466643614480172,
    "0,1,2,4": -1.819780637562412,
    "0,1,2,5": -2.6021876126519046,
    "0,1,2,6": -0.622077119410509,
    "0,1,2,7": -2.793234490196174,
    "0,1,3,4": -4.040907375476387,
    "0,1,3,5": -1.3282578041376563,
    "0,1,3,6": -2.8893780740293087,
    "0,1,3,7": -2.7057361734937775,
    "0,1,4,5": -3.0607200682213938,
    "0,1,4,6": -1.8256585507469025,
    "0,1,4,7": -5.988465358439625,
    "0,1,5,6": 0.017473973455641945,
    "0,1,5,7": -2.2526547736667832,
    "0,1,6,7": 0.4967866868700872,
    "0,2,3,4": -4.219354876409883,
    "0,2,3,5": -0.16960378120518782,
    "0,2,3,6": -1.9179815819098578,
    "0,2,3,7": -4.285330923566009,
    "0,2,4,5": -1.935017909325285,
    "0,2,4,6": -1.8327694327326292,
    "0,2,4,7": -1.0505800184608747,
    "0,2,5,6": 0.44415723854032096,
    "0,2,5,7": -4.505043919674796,
    "0,2,6,7": 0.9005619201169639,
    "0,3,4,5": -4.668466063088406,
    "0,3,4,6": -4.156150543751349,
    "0,3,4,7": -6.544880419187152,
    "0,3,5,6": -27.440945916557165,
    "0,3,5,7": -1.562442544074306,
    "0,3,6,7": 0.2433293470240051,
    "0,4,5,6": -1.7941110008773737,
    "0,4,5,7": -0.761636717388086,
    "0,4,6,7": 0.6452863180352131,
    "0,5,6,7": -0.2649414918686115,
    "1,2,3,4": -6.125801234328068,
    "1,2,3,5": -9.705710488743911,
    "1,2,3,6": -1.5468589415711929,
    "1,2,3,7": -1.6713363446082403,
    "1,2,4,5": -0.33420442667180583,
    "1,2,4,6": -13.890598927746673,
    "1,2,4,7": -4.941809332673192,
    "1,2,5,6": -1.1770996132983917,
    "1,2,5,7": -1.0430856412726794,
    "1,2,6,7": -0.01408694880832928,
    "1,3,4,5": -4.1744894534981105,
    "1,3,4,6": -1.64507352038025,
    "1,3,4,7": -5.67654463125438,
    "1,3,5,6": -1.9038283622671237,
    "1,3,5,7": -4.818426022781922,
    "1,3,6,7": -0.4423990320144904,
    "1,4,5,6": -1.394442350952695,
    "1,4,5,7": -2.7189463561663563,
    "1,4,6,7": 0.5025024634518604,
    "1,5,6,7": -0.40962318967101075,
    "2,3,4,5": -0.5680523880546764,
    "2,3,4,6": -3.512642891232294,
    "2,3,4,7": -2.16208838877693,
    "2,3,5,6": -1.4355511173989552,
    "2,3,5,7": -2.636002357634379,
    "2,3,6,7": 0.1995837780741011,
    "2,4,5,6": -0.6069893670445912,
    "2,4,5,7": -3.523419612073373,
    "2,4,6,7": 0.5496797762215477,
    "2,5,6,7": 0.35484857518424273,
    "3,4,5,6": -3.916193020175018,
    "3,4,5,7": -1.8240626128227362,
    "3,4,6,7": 0.15283999961574146,
    "3,5,6,7": 0.3549634988275179,
    "4,5,6,7": 0.12444145519391425,
    "0,1,2,3,4": -4.463465268317092,
    "0,1,2,3,5": -0.8959124310767699,
    "0,1,2,3,6": -2.259512096358312,
    "0,1,2,3,7": -6.192756549071198,
    "0,1,2,4,5": -5.24129539268278,
    "0,1,2,4,6": -1.3279752494706552,
    "0,1,2,4,7": 0.06792213544619652,
    "0,1,2,5,6": -1.0010992533429208,
    "0,1,2,5,7": -0.45461336561669574,
    "0,1,2,6,7": 0.6913151939338457,
    "0,1,3,4,5": -0.5847523913895869,
    "0,1,3,4,6": -3.544389746838652,
    "0,1,3,4,7": -2.097632305631636,
    "0,1,3,5,6": -5.2622588484103865,
    "0,1,3,5,7": -2.9246352339599433,
    "0,1,3,6,7": 0.6666226061505942,
    "0,1,4,5,6": -3.7599543230348385,
    "0,1,4,5,7": -0.9864996438469988,
    "0,1,4,6,7": 0.31796060077310273,
    "0,1,5,6,7": 0.754884027635764,
    "0,2,3,4,5": -0.7900966370599878,
    "0,2,3,4,6": -4.482867105158411,
    "0,2,3,4,7": -2.459177988268248,
    "0,2,3,5,6": -3.243790233895756,
    "0,2,3,5,7": -2.0378460977866,
    "0,2,3,6,7": 0.9015464107090604,
    "0,2,4,5,6": -3.2930079725823447,
    "0,2,4,5,7": -3.5225164980166266,
    "0,2,4,6,7": 0.7095029571480569,
    "0,2,5,6,7": 0.955192366514993,
    "0,3,4,5,6": -2.6617680913103086,
    "0,3,4,5,7": -3.3386561194671582,
    "0,3,4,6,7": 0.45686918601376403,
    "0,3,5,6,7": 0.5702881998953808,
    "0,4,5,6,7": 0.5436689340526195,
    "1,2,3,4,5": -5.093020927612144,
    "1,2,3,4,6": 0.1508228436324346,
    "1,2,3,4,7": -6.525907035924272,
    "1,2,3,5,6": -2.2314728398553214,
    "1,2,3,5,7": -0.42031914324183917,
    "1,2,3,6,7": -0.05897093906689577,
    "1,2,4,5,6": -3.4136904551278935,
    "1,2,4,5,7": -1.3461044187691864,
    "1,2,4,6,7": -1.051449034369973,
    "1,2,5,6,7": 0.15962315273783112,
    "1,3,4,5,6": -2.26639797854139,
    "1,3,4,5,7": -5.4980213093607375,
    "1,3,4,6,7": 0.5683300350787905,
    "1,3,5,6,7": 0.4333204004884703,
    "1,4,5,6,7": 0.2767264055546659,
    "2,3,4,5,6": -0.07225142504184334,
    "2,3,4,5,7": -1.2400263314436928,
    "2,3,4,6,7": -0.3234891278884797,
    "2,3,5,6,7": 0.7117284153821887,