{
  "object_name": "Game",
  "data_type": "game",
  "version": "1.4.2.dev29+g3d3c3a7e6.d20260421",
  "created_from": null,
  "description": null,
  "parameters": {},
  "timestamp": "2026-04-21T12:25:56.192060+00:00Z",
  "metadata": {
    "n_players": 8,
    "game_name": "Game_object",
    "normalization_value": -3.4078615064986746,
    "precompute_flag": false,
    "precomputed": true,
    "player_names": null
  },
  "data": {
    "Empty": -3.4078615064986746,
    "0": -0.3986196750917954,
    "1": -2.623164427087069,
    "2": -2.0423996522402152,
    "3": -1.3935440709736575,
    "4": 0.15741096622856365,
    "5": -1.6478208555051101,
    "6": -0.003065875725668077,
    "7": -9.394611212862573,
    "0,1": 0.3682523562657908,
    "0,2": 0.743329817633637,
    "0,3": 0.3278139061006926,
    "0,4": 0.751648275360501,
    "0,5": -4.258163532238915,
    "0,6": -1.4596275318960195,
    "0,7": -3.854135281421966,
    "1,2": -0.816277754921807,
    "1,3": -5.776625471484077,
    "1,4": -2.5204532312467607,
    "1,5": 0.42665675678490933,
    "1,6": -1.830444981473165,
    "1,7": -2.318101279732613,
    "2,3": 0.10110260805513926,
    "2,4": -0.24310315233861313,
    "2,5": -0.542072360416036,
    "2,6": -0.44658174780687965,
    "2,7": -0.08741497837265388,
    "3,4": -3.0973978927112356,
    "3,5": -7.84591273700719,
    "3,6": -0.07547990359752021,
    "3,7": -5.453625097740474,
    "4,5": -7.800828613843034,
    "4,6": -0.07165734193612705,
    "4,7": -1.1463206781604391,
    "5,6": -0.6511781007608903,
    "5,7": 0.10954750727127216,
    "6,7": -0.1515836141988176,
    "0,1,2": -0.30594715627161273,
    "0,1,3": -0.6506015543690031,
    "0,1,4": 0.12504171431273525,
    "0,1,5": 0.09967146006404504,
    "0,1,6": -1.8093456008834417,
    "0,1,7": -1.464412825551221,
    "0,2,3": -0.4050856744604725,
    "0,2,4": -3.320029594978516,
    "0,2,5": 0.160610367160276,
    "0,2,6": -0.07514570442116963,
    "0,2,7": -0.339828671568311,
    "0,3,4": 0.6763254945461004,
    "0,3,5": 0.026754145467700385,
    "0,3,6": 0.4633040610497823,
    "0,3,7": -2.022099123374488,
    "0,4,5": -2.3854691234131424,
    "0,4,6": -0.23382877393520163,
    "0,4,7": -0.7222474725354933,
    "0,5,6": 0.5912654898572354,
    "0,5,7": 0.21763867897408495,
    "0,6,7": 0.5126429935614871,
    "1,2,3": 0.5948835942721444,
    "1,2,4": -0.30418451437274796,
    "1,2,5": 0.5011409615477838,
    "1,2,6": -0.9187828580508886,
    "1,2,7": -1.866840654327564,
    "1,3,4": -0.09672543038872483,
    "1,3,5": -1.2957351506551862,
    "1,3,6": -0.35662315805908906,
    "1,3,7": -4.010228026204703,
    "1,4,5": -1.0106635319753137,
    "1,4,6": -1.012526626502377,
    "1,4,7": -1.0935894350368107,
    "1,5,6": -0.8418571858504249,
    "1,5,7": -0.5146698466203352,
    "1,6,7": -2.3085779527283115,
    "2,3,4": -1.6979426984884554,
    "2,3,5": -0.8654752573250732,
    "2,3,6": -0.028690622371341234,
    "2,3,7": -1.735760796367829,
    "2,4,5": -1.8262049503669937,
    "2,4,6": -0.7111265749491673,
    "2,4,7": -0.9113721260788468,
    "2,5,6": -0.11327548816210009,
    "2,5,7": -0.12536107471546942,
    "2,6,7": -1.7668942230874372,
    "3,4,5": -0.2549231402414418,
    "3,4,6": -0.6533473959985328,
    "3,4,7": -1.0543307585485193,
    "3,5,6": -0.7999545834159194,
    "3,5,7": -1.8772733555531813,
    "3,6,7": 0.010891244029559655,
    "4,5,6": -1.7057656081588104,
    "4,5,7": 0.2309590377950893,
    "4,6,7": 0.323682877026888,
    "5,6,7": 0.38844995228631496,
    "0,1,2,3": -0.7499817205641788,
    "0,1,2,4": 0.3154301425030531,
    "0,1,2,5": 0.35162368114971,
    "0,1,2,6": 0.7220257909006642,
    "0,1,2,7": -0.07640888972441107,
    "0,1,3,4": 0.07950013714394877,
    "0,1,3,5": 0.9012918831440635,
    "0,1,3,6": 0.33172426789036913,
    "0,1,3,7": 0.6709035506569923,
    "0,1,4,5": 0.43009305847428747,
    "0,1,4,6": -0.9671225253093041,
    "0,1,4,7": 0.6541127191992301,
    "0,1,5,6": 0.59435609066466,
    "0,1,5,7": 0.4793125541141977,
    "0,1,6,7": 0.09064910205900034,
    "0,2,3,4": -1.557115837741311,
    "0,2,3,5": 0.20449496874663586,
    "0,2,3,6": -0.19804508734301862,
    "0,2,3,7": 0.5099598753347944,
    "0,2,4,5": -0.2531761130128243,
    "0,2,4,6": -0.23755506459429054,
    "0,2,4,7": 0.18579795718884595,
    "0,2,5,6": 0.09274415221978283,
    "0,2,5,7": 0.2272545521201007,
    "0,2,6,7": 0.6937820333177454,
    "0,3,4,5": -0.2336888626977438,
    "0,3,4,6": -0.10036056223227985,
    "0,3,4,7": 0.45182190865932725,
    "0,3,5,6": -0.3113708642121831,
    "0,3,5,7": 0.4820549064777544,
    "0,3,6,7": 0.6535186328385307,
    "0,4,5,6": 0.5748135676234883,
    "0,4,5,7": 0.3915889870515967,
    "0,4,6,7": 0.2846359584586995,
    "0,5,6,7": 0.5437880316956942,
    "1,2,3,4": -0.2821093046654384,
    "1,2,3,5": -3.2485738134440076,
    "1,2,3,6": -0.31284487411007,
    "1,2,3,7": -0.9160208373640262,
    "1,2,4,5": -1.9441964377511436,
    "1,2,4,6": -0.8517584367816837,
    "1,2,4,7": -5.490931181761781,
    "1,2,5,6": -1.3420287641738384,
    "1,2,5,7": -1.4905622185974794,
    "1,2,6,7": -0.38553090823909564,
    "1,3,4,5": -4.474996551693222,
    "1,3,4,6": -4.252248016600407,
    "1,3,4,7": -1.2362214905748594,
    "1,3,5,6": -0.5296702535971625,
    "1,3,5,7": -1.3269078145722166,
    "1,3,6,7": 0.6150925078932818,
    "1,4,5,6": 0.8295144400944242,
    "1,4,5,7": -0.20431441166984454,
    "1,4,6,7": -0.9263603407229823,
    "1,5,6,7": 0.6256289168213057,
    "2,3,4,5": -1.920685962731595,
    "2,3,4,6": -0.1458393208002644,
    "2,3,4,7": -3.1401361301920607,
    "2,3,5,6": -2.927381813710074,
    "2,3,5,7": 0.05560604471050157,
    "2,3,6,7": -1.657004264645368,
    "2,4,5,6": -0.22078643967478606,
    "2,4,5,7": -1.5917526044399164,
    "2,4,6,7": -0.7218082795486271,
    "2,5,6,7": 0.7950336869111058,
    "3,4,5,6": -0.7208578239536305,
    "3,4,5,7": -1.3214145894869667,
    "3,4,6,7": 0.277939892940096,
    "3,5,6,7": -0.10777179463436592,
    "4,5,6,7": 0.3434951775225391,
    "0,1,2,3,4": 0.27059978745044266,
    "0,1,2,3,5": -0.020964731885354304,
    "0,1,2,3,6": -0.07342015397869228,
    "0,1,2,3,7": 0.28052035800123865,
    "0,1,2,4,5": -2.687173094168757,
    "0,1,2,4,6": 0.43985199452535295,
    "0,1,2,4,7": -0.03827868304496951,
    "0,1,2,5,6": -0.07763441741255384,
    "0,1,2,5,7": -1.150902291052875,
    "0,1,2,6,7": 0.8595675767792841,
    "0,1,3,4,5": 0.5406714509733989,
    "0,1,3,4,6": 0.6027077032185739,
    "0,1,3,4,7": -0.06472401459622357,
    "0,1,3,5,6": 0.025214965593988503,
    "0,1,3,5,7": 0.6432397123538596,
    "0,1,3,6,7": 0.7196908074125108,
    "0,1,4,5,6": 0.4974379059689876,
    "0,1,4,5,7": 0.756252484587959,
    "0,1,4,6,7": 0.9289062109281204,
    "0,1,5,6,7": 0.8497911306533249,
    "0,2,3,4,5": 0.5206672177111453,
    "0,2,3,4,6": -0.056984300984183056,
    "0,2,3,4,7": 0.6940844445900141,
    "0,2,3,5,6": -1.571492297639037,
    "0,2,3,5,7": 0.08379419649172015,
    "0,2,3,6,7": 0.5686887136441878,
    "0,2,4,5,6": -2.3306785452228476,
    "0,2,4,5,7": -0.3346063891005122,
    "0,2,4,6,7": -0.820740974445463,
    "0,2,5,6,7": 0.15356510835084436,
    "0,3,4,5,6": 0.4871174641186774,
    "0,3,4,5,7": -1.0685503481091225,
    "0,3,4,6,7": 0.7200885029533004,
    "0,3,5,6,7": 0.864740503735845,
    "0,4,5,6,7": 0.596570662508292,
    "1,2,3,4,5": -0.4020548644085522,
    "1,2,3,4,6": 0.2627844246101285,
    "1,2,3,4,7": -1.0182125397905133,
    "1,2,3,5,6": -0.6233649749643799,
    "1,2,3,5,7": -0.17460070089276836,
    "1,2,3,6,7": 0.18437159020648763,
    "1,2,4,5,6": 0.5082005663033905,
    "1,2,4,5,7": 0.3550975260727235,
    "1,2,4,6,7": 0.407763162389881,
    "1,2,5,6,7": -1.0003216251591365,
    "1,3,4,5,6": -2.384086646309545,
    "1,3,4,5,7": -0.8780724434789009,
    "1,3,4,6,7": 0.06869501751182705,
    "1,3,5,6,7": -1.0212155993299623,
    "1,4,5,6,7": -1.8160558856734679,
    "2,3,4,5,6": -0.3319753760490509,
    "2,3,4,5,7": -0.03645616176751476,
    "2,3,4,6,7": -0.15345859934050265,