{
  "object_name": "Game",
  "data_type": "game",
  "version": "1.4.2.dev29+g3d3c3a7e6.d20260421",
  "created_from": null,
  "description": null,
  "parameters": {},
  "timestamp": "2026-04-21T12:25:56.103956+00:00Z",
  "metadata": {
    "n_players": 8,
    "game_name": "Game_object",
    "normalization_value": -2.1225206603857543,
    "precompute_flag": false,
    "precomputed": true,
    "player_names": null
  },
  "data": {
    "Empty": -2.1225206603857543,
    "0": -7.646412050651795,
    "1": -0.34154785594485526,
    "2": 0.29891478502370616,
    "3": -0.7675085950254865,
    "4": -1.5420807421004028,
    "5": -2.720803202492722,
    "6": -0.58196892068505,
    "7": -2.282720002370342,
    "0,1": -0.3915332347910192,
    "0,2": -3.2115026335465293,
    "0,3": 0.28435580706322305,
    "0,4": -3.877546135033784,
    "0,5": -3.791782503039011,
    "0,6": -1.289458223483407,
    "0,7": -0.3413514956753365,
    "1,2": -1.2282188523988427,
    "1,3": -0.7669240341821855,
    "1,4": -1.915301044644726,
    "1,5": -1.7576736950295797,
    "1,6": -0.5871690990528957,
    "1,7": -1.789461925445929,
    "2,3": -0.5722192950446179,
    "2,4": -2.7001962082497912,
    "2,5": -0.35013403799229725,
    "2,6": -1.6980545513468033,
    "2,7": -2.1526929413542395,
    "3,4": -4.021437362693592,
    "3,5": -2.216081704888189,
    "3,6": -5.611548914678123,
    "3,7": -12.028535947697963,
    "4,5": 0.02257453084081762,
    "4,6": -1.642282234692781,
    "4,7": -2.622190416777298,
    "5,6": -1.2843491243464547,
    "5,7": -1.371074812410979,
    "6,7": 0.05103754319760945,
    "0,1,2": -0.35614435794914545,
    "0,1,3": -4.7306689067235235,
    "0,1,4": -0.9400367287746791,
    "0,1,5": -21.294155320893942,
    "0,1,6": -1.871834191798996,
    "0,1,7": -5.449153408896017,
    "0,2,3": -1.2201828293877672,
    "0,2,4": -0.40786598979014244,
    "0,2,5": -2.2581148124854393,
    "0,2,6": -5.379023691338092,
    "0,2,7": -2.7212861278562888,
    "0,3,4": -3.0620119638267322,
    "0,3,5": -2.6835797965568933,
    "0,3,6": -2.0407759712468323,
    "0,3,7": -0.712699893333421,
    "0,4,5": -2.42971711444492,
    "0,4,6": -3.26715104640674,
    "0,4,7": -0.4210859312815898,
    "0,5,6": -2.4754532426215596,
    "0,5,7": -1.9278735725833327,
    "0,6,7": 0.3922201485740797,
    "1,2,3": -0.8918113215390089,
    "1,2,4": -1.141475406784561,
    "1,2,5": -0.45216930057037463,
    "1,2,6": -2.8592339562732745,
    "1,2,7": -3.2677370773154752,
    "1,3,4": -3.121086119135919,
    "1,3,5": -16.305784123422523,
    "1,3,6": -0.41023506095869267,
    "1,3,7": -3.9075128570678235,
    "1,4,5": -1.8409785133789565,
    "1,4,6": -1.1700809356709057,
    "1,4,7": -1.9921421991624575,
    "1,5,6": -2.129768520404845,
    "1,5,7": -3.711529227197918,
    "1,6,7": 0.035724283817959335,
    "2,3,4": -0.495822356557021,
    "2,3,5": -0.38479785154733936,
    "2,3,6": 0.0214830555695934,
    "2,3,7": -2.079033113641427,
    "2,4,5": -0.8040514964455154,
    "2,4,6": -3.004808463064216,
    "2,4,7": -0.3031711180625143,
    "2,5,6": -0.4830915583860462,
    "2,5,7": -0.8152456495149449,
    "2,6,7": 0.16850263831272405,
    "3,4,5": -3.9322330512268895,
    "3,4,6": -0.34574066418178995,
    "3,4,7": -2.0639863068100306,
    "3,5,6": -2.4797696127844353,
    "3,5,7": -2.204667996414556,
    "3,6,7": 0.6783515669037476,
    "4,5,6": -0.9185220628760484,
    "4,5,7": -1.070510011095755,
    "4,6,7": 0.30953531494184694,
    "5,6,7": 0.38305673903798343,
    "0,1,2,3": -10.374181600311086,
    "0,1,2,4": 0.12632166298578618,
    "0,1,2,5": -4.984577524472941,
    "0,1,2,6": -3.778899457333859,
    "0,1,2,7": 0.3562960772237237,
    "0,1,3,4": -1.105582265812493,
    "0,1,3,5": -1.329787268692502,
    "0,1,3,6": -0.6043606683798275,
    "0,1,3,7": -0.4635589482991025,
    "0,1,4,5": -1.2581420463050255,
    "0,1,4,6": -1.6648278341384901,
    "0,1,4,7": -1.7812931439609274,
    "0,1,5,6": -0.8522513949094153,
    "0,1,5,7": -3.5375926196766647,
    "0,1,6,7": 0.7916746948097777,
    "0,2,3,4": -5.703277559008316,
    "0,2,3,5": -0.1485267981863625,
    "0,2,3,6": -2.341724605740426,
    "0,2,3,7": -3.113061501431062,
    "0,2,4,5": -0.20644911017369982,
    "0,2,4,6": -1.8647525281304627,
    "0,2,4,7": 0.6323433606692428,
    "0,2,5,6": 0.17749424118314383,
    "0,2,5,7": -1.024917697290613,
    "0,2,6,7": 0.7788930952735256,
    "0,3,4,5": 0.15862729308276413,
    "0,3,4,6": -0.8915253193903419,
    "0,3,4,7": -1.2458107070868176,
    "0,3,5,6": -0.6734037520906779,
    "0,3,5,7": 0.4078639077496139,
    "0,3,6,7": 0.6077859475612437,
    "0,4,5,6": -1.1593370507767697,
    "0,4,5,7": 0.3891695876847421,
    "0,4,6,7": 0.8498121809601831,
    "0,5,6,7": 0.8147401906970844,
    "1,2,3,4": -1.5668434370479738,
    "1,2,3,5": -1.890076912457069,
    "1,2,3,6": -1.1082649205798338,
    "1,2,3,7": -3.747667451342352,
    "1,2,4,5": -8.921712032059991,
    "1,2,4,6": -0.45565617009081594,
    "1,2,4,7": -3.202161234160024,
    "1,2,5,6": -4.038127953007548,
    "1,2,5,7": -1.9549591573242524,
    "1,2,6,7": 0.461526882019198,
    "1,3,4,5": -2.4191346873073263,
    "1,3,4,6": -2.843421582217601,
    "1,3,4,7": -0.8194801949162038,
    "1,3,5,6": -1.1918645993179569,
    "1,3,5,7": -2.1666269820935096,
    "1,3,6,7": 0.42119128229244374,
    "1,4,5,6": -1.0393923849349984,
    "1,4,5,7": -0.8484216498984953,
    "1,4,6,7": 0.30375373498338376,
    "1,5,6,7": 0.15984286434188555,
    "2,3,4,5": -0.9512359829981472,
    "2,3,4,6": -1.7742600555294752,
    "2,3,4,7": -0.9160070027111769,
    "2,3,5,6": -0.8526542186101524,
    "2,3,5,7": -0.6755175776090325,
    "2,3,6,7": -0.37055786339266916,
    "2,4,5,6": -0.7832988182025644,
    "2,4,5,7": -0.7366791099982488,
    "2,4,6,7": 0.42258126375312677,
    "2,5,6,7": 0.054134920937033204,
    "3,4,5,6": -1.5772922322033285,
    "3,4,5,7": -8.82059677708122,
    "3,4,6,7": -1.1223765407414632,
    "3,5,6,7": 0.6122173491164358,
    "4,5,6,7": 0.15431117609819478,
    "0,1,2,3,4": 0.32675437232294235,
    "0,1,2,3,5": -3.725724569005205,
    "0,1,2,3,6": -2.474091278790135,
    "0,1,2,3,7": -4.761745860908004,
    "0,1,2,4,5": -0.7367211167958245,
    "0,1,2,4,6": 0.0715420526289704,
    "0,1,2,4,7": -1.3395621462408558,
    "0,1,2,5,6": 0.49986462760919426,
    "0,1,2,5,7": 0.26889852357433897,
    "0,1,2,6,7": 0.80611474015749,
    "0,1,3,4,5": -0.39332020613893937,
    "0,1,3,4,6": 0.3606635835422387,
    "0,1,3,4,7": -0.7196016717701057,
    "0,1,3,5,6": -3.2613344332250644,
    "0,1,3,5,7": -1.6669602830727515,
    "0,1,3,6,7": 0.6319806719041179,
    "0,1,4,5,6": -1.4218504753730548,
    "0,1,4,5,7": -1.1394826805973723,
    "0,1,4,6,7": 0.5692967029800854,
    "0,1,5,6,7": 0.9337603173292682,
    "0,2,3,4,5": -1.8357850352842253,
    "0,2,3,4,6": -0.6156895215646212,
    "0,2,3,4,7": -2.955252357316534,
    "0,2,3,5,6": -0.18513380783816236,
    "0,2,3,5,7": -0.20753741879649712,
    "0,2,3,6,7": 0.7064169117970815,
    "0,2,4,5,6": 0.48370240637256323,
    "0,2,4,5,7": -4.518676670295294,
    "0,2,4,6,7": 0.5904791442897683,
    "0,2,5,6,7": 0.8728175927205338,
    "0,3,4,5,6": 0.12643291513978494,
    "0,3,4,5,7": -2.165204823700907,
    "0,3,4,6,7": 0.35733048532869793,
    "0,3,5,6,7": 0.6864295763525283,
    "0,4,5,6,7": 0.6941909003085086,
    "1,2,3,4,5": -2.753271358434043,
    "1,2,3,4,6": -0.738771086195734,
    "1,2,3,4,7": -0.25423648132479304,
    "1,2,3,5,6": -0.766805213174325,
    "1,2,3,5,7": -3.011986971442365,
    "1,2,3,6,7": -0.5720680869797834,
    "1,2,4,5,6": -5.121435810937662,
    "1,2,4,5,7": -2.1453783349100406,
    "1,2,4,6,7": 0.43962828983787794,
    "1,2,5,6,7": 0.7660584885749575,
    "1,3,4,5,6": -0.4389618686354333,
    "1,3,4,5,7": -1.8523658763006399,
    "1,3,4,6,7": 0.14245651429758965,
    "1,3,5,6,7": 0.6849525605398468,
    "1,4,5,6,7": 0.2268526373300187,
    "2,3,4,5,6": -1.118596819655005,
    "2,3,4,5,7": -3.9361342999854205,
    "2,3,4,6,7": 0.61391750075545,
    "2,3,5,6,7": 0.0014635716833438783,