{
  "object_name": "Game",
  "data_type": "game",
  "version": "1.4.2.dev29+g3d3c3a7e6.d20260421",
  "created_from": null,
  "description": null,
  "parameters": {},
  "timestamp": "2026-04-21T12:25:56.069711+00:00Z",
  "metadata": {
    "n_players": 8,
    "game_name": "Game_object",
    "normalization_value": -1.9597401928164775,
    "precompute_flag": false,
    "precomputed": true,
    "player_names": null
  },
  "data": {
    "Empty": -1.9597401928164775,
    "0": -2.309274522678018,
    "1": -1.0144672820984248,
    "2": -1.731361913361511,
    "3": -1.896631842467679,
    "4": -1.0112162220221896,
    "5": -0.8950653116084648,
    "6": -0.4871223596069427,
    "7": -3.633022402951248,
    "0,1": -0.6611373471989019,
    "0,2": 0.5834877273103545,
    "0,3": -1.374979178443159,
    "0,4": -2.340202368670402,
    "0,5": -3.3524266487767758,
    "0,6": -1.7762484863261672,
    "0,7": -5.00480925541569,
    "1,2": -0.8117259888828499,
    "1,3": -0.7874101947564149,
    "1,4": -2.2413347529056926,
    "1,5": -1.3459871306761895,
    "1,6": -1.7025926666324178,
    "1,7": -0.6951482657508827,
    "2,3": -4.083423693733473,
    "2,4": -0.5943758264442387,
    "2,5": -1.2169374075891124,
    "2,6": -1.5963078675341178,
    "2,7": -1.5508051057143435,
    "3,4": -2.902018441612734,
    "3,5": -2.9186730887558126,
    "3,6": -2.5436115731890374,
    "3,7": -0.9470295958354547,
    "4,5": -0.01727748087444647,
    "4,6": -3.670673060898781,
    "4,7": -0.4045256612395709,
    "5,6": -0.8371407298796516,
    "5,7": -1.8653034558098973,
    "6,7": 0.03245577884302042,
    "0,1,2": 0.16788430402578203,
    "0,1,3": 0.19264825286872622,
    "0,1,4": 0.25016613283537836,
    "0,1,5": -0.9868497223319666,
    "0,1,6": -0.5974147895249924,
    "0,1,7": -3.837467680301608,
    "0,2,3": -4.759520018440172,
    "0,2,4": -1.634318479830331,
    "0,2,5": -1.3959327066344684,
    "0,2,6": -11.674669766787263,
    "0,2,7": -1.720951027030226,
    "0,3,4": -2.7906415653663235,
    "0,3,5": -0.47606407884003654,
    "0,3,6": -1.0234465220781455,
    "0,3,7": -0.9124789714132229,
    "0,4,5": -0.8815747000722813,
    "0,4,6": -0.7146196035003389,
    "0,4,7": -0.22872132588538174,
    "0,5,6": -0.11339025760907129,
    "0,5,7": -0.7571291791677985,
    "0,6,7": 0.8463078121728584,
    "1,2,3": -7.802553478423997,
    "1,2,4": -1.2598823732633035,
    "1,2,5": 0.049162513740502845,
    "1,2,6": -1.2082732323191876,
    "1,2,7": -10.186244184912951,
    "1,3,4": -6.039110449238936,
    "1,3,5": -2.930507648170863,
    "1,3,6": -0.6297639302410143,
    "1,3,7": -0.45794418318593344,
    "1,4,5": -2.143633146883908,
    "1,4,6": -1.1689134964844663,
    "1,4,7": -3.7538099230235984,
    "1,5,6": -1.2166479950039908,
    "1,5,7": -0.22528325386663717,
    "1,6,7": 0.3178479050852159,
    "2,3,4": -0.9365065064361955,
    "2,3,5": -0.2419931928845569,
    "2,3,6": -6.718670257536568,
    "2,3,7": -0.10296832583909032,
    "2,4,5": -0.9772960837533229,
    "2,4,6": -8.142052840616255,
    "2,4,7": -0.816210164818429,
    "2,5,6": -11.580561688025911,
    "2,5,7": -2.1809208881845934,
    "2,6,7": 0.6410458163792216,
    "3,4,5": -3.305649624999834,
    "3,4,6": -1.8155767431697911,
    "3,4,7": -0.05129427607223169,
    "3,5,6": -0.9937350512761172,
    "3,5,7": -0.49988887833628537,
    "3,6,7": -0.4235202392313657,
    "4,5,6": -0.3044135218657835,
    "4,5,7": -1.0800245908372386,
    "4,6,7": 0.22298097581066245,
    "5,6,7": -5.512361702461415,
    "0,1,2,3": 0.02571322992542957,
    "0,1,2,4": -2.214632905077407,
    "0,1,2,5": 0.09570534008168252,
    "0,1,2,6": 0.1290308526169064,
    "0,1,2,7": -1.108050585077553,
    "0,1,3,4": -2.3002854832779924,
    "0,1,3,5": 0.23362760983678665,
    "0,1,3,6": 0.258860616682854,
    "0,1,3,7": -6.16346379546472,
    "0,1,4,5": -3.1192346268021414,
    "0,1,4,6": -0.67956766967152,
    "0,1,4,7": -10.408147779269788,
    "0,1,5,6": 0.15123999561220602,
    "0,1,5,7": -2.5972581493548295,
    "0,1,6,7": 0.8818889438271618,
    "0,2,3,4": -2.8352955180423325,
    "0,2,3,5": -1.933749418422643,
    "0,2,3,6": -0.8553178792518217,
    "0,2,3,7": -2.5987461184360656,
    "0,2,4,5": -1.0086314127515328,
    "0,2,4,6": -0.5092509676530772,
    "0,2,4,7": -0.16851014170775702,
    "0,2,5,6": -1.8828245815117426,
    "0,2,5,7": 0.004638188956994194,
    "0,2,6,7": 0.8072810977628554,
    "0,3,4,5": 0.6513694054251025,
    "0,3,4,6": -3.085123025300751,
    "0,3,4,7": -1.3247568985112643,
    "0,3,5,6": -0.38728391705531195,
    "0,3,5,7": -0.3708762082521879,
    "0,3,6,7": -0.8303331447780256,
    "0,4,5,6": -0.173199429888788,
    "0,4,5,7": -7.344094607750293,
    "0,4,6,7": 0.5401057410066001,
    "0,5,6,7": 0.7724831745525798,
    "1,2,3,4": -1.083252355095747,
    "1,2,3,5": -1.953801547535813,
    "1,2,3,6": -3.418097521036999,
    "1,2,3,7": -0.6990229139604991,
    "1,2,4,5": -3.060557058597623,
    "1,2,4,6": -3.410570091381568,
    "1,2,4,7": -0.47467102931563865,
    "1,2,5,6": -1.9584946917323127,
    "1,2,5,7": -3.0946947236087183,
    "1,2,6,7": 0.1769723918316244,
    "1,3,4,5": -4.202114553385119,
    "1,3,4,6": -2.5425766749333585,
    "1,3,4,7": -0.6639438482860391,
    "1,3,5,6": -0.45928297378988425,
    "1,3,5,7": -0.23542867345034812,
    "1,3,6,7": 0.5936585715252367,
    "1,4,5,6": -2.42592013122071,
    "1,4,5,7": -0.48065824682822056,
    "1,4,6,7": 0.2575895388324879,
    "1,5,6,7": -0.21904949525011919,
    "2,3,4,5": -1.014481028939345,
    "2,3,4,6": -0.7727429004063937,
    "2,3,4,7": -0.3004701620122101,
    "2,3,5,6": -2.6622747875903805,
    "2,3,5,7": -0.8218658840664061,
    "2,3,6,7": 0.3095668621057108,
    "2,4,5,6": -11.766176982210993,
    "2,4,5,7": -0.30772843136027017,
    "2,4,6,7": 0.4446637978973609,
    "2,5,6,7": 0.4660336943332193,
    "3,4,5,6": -2.844541832293013,
    "3,4,5,7": -1.305716406503532,
    "3,4,6,7": -2.09436645568124,
    "3,5,6,7": 0.5522522026450172,
    "4,5,6,7": 0.17484824798185017,
    "0,1,2,3,4": 0.15258125951616963,
    "0,1,2,3,5": -4.668534757386789,
    "0,1,2,3,6": -5.096786913613303,
    "0,1,2,3,7": -3.0535344485202236,
    "0,1,2,4,5": -17.898018074764316,
    "0,1,2,4,6": -1.8988942425783129,
    "0,1,2,4,7": -0.8611828640106971,
    "0,1,2,5,6": -0.3293594112284204,
    "0,1,2,5,7": -0.6764952372594883,
    "0,1,2,6,7": 0.5708753807489927,
    "0,1,3,4,5": -1.3190201951733602,
    "0,1,3,4,6": -0.3213042251691265,
    "0,1,3,4,7": -5.0895265469978614,
    "0,1,3,5,6": 0.33369025053782164,
    "0,1,3,5,7": 0.46514489823825356,
    "0,1,3,6,7": 0.699490525411417,
    "0,1,4,5,6": 0.47373422930227693,
    "0,1,4,5,7": -1.8957867839688358,
    "0,1,4,6,7": 0.5590664096120694,
    "0,1,5,6,7": 0.36589997127717633,
    "0,2,3,4,5": -2.4910787303307047,
    "0,2,3,4,6": -2.3017416621366316,
    "0,2,3,4,7": -0.5153533159590109,
    "0,2,3,5,6": -0.42618992578131487,
    "0,2,3,5,7": -0.6238432010817403,
    "0,2,3,6,7": 0.5375675775236373,
    "0,2,4,5,6": -7.059657399145063,
    "0,2,4,5,7": 0.13093596519241613,
    "0,2,4,6,7": 0.9091521657776507,
    "0,2,5,6,7": 0.9717329801867303,
    "0,3,4,5,6": -1.0948303044420458,
    "0,3,4,5,7": -0.7367942629760431,
    "0,3,4,6,7": 0.3291481953255121,
    "0,3,5,6,7": 0.8314805169641128,
    "0,4,5,6,7": 0.774872201544458,
    "1,2,3,4,5": 0.10151300722304712,
    "1,2,3,4,6": -0.697881133204624,
    "1,2,3,4,7": -3.7785351436755557,
    "1,2,3,5,6": -1.1592460078059608,
    "1,2,3,5,7": -1.0303993981314568,
    "1,2,3,6,7": -0.002387806066508791,
    "1,2,4,5,6": -0.5001871072751407,
    "1,2,4,5,7": -0.6518321415872803,
    "1,2,4,6,7": 0.3239803407479135,
    "1,2,5,6,7": -0.06356818142891707,
    "1,3,4,5,6": -1.955479536319999,
    "1,3,4,5,7": -3.023222029908835,
    "1,3,4,6,7": 0.19094314097417353,
    "1,3,5,6,7": 0.7015542052253825,
    "1,4,5,6,7": -0.6189696284531874,
    "2,3,4,5,6": -1.0000373180597477,
    "2,3,4,5,7": -0.4121211500822497,
    "2,3,4,6,7": 0.2085407475458836,