{
  "object_name": "Game",
  "data_type": "game",
  "version": "1.4.2.dev29+g3d3c3a7e6.d20260421",
  "created_from": null,
  "description": null,
  "parameters": {},
  "timestamp": "2026-04-21T12:25:56.024830+00:00Z",
  "metadata": {
    "n_players": 8,
    "game_name": "Game_object",
    "normalization_value": -0.12056689653871167,
    "precompute_flag": false,
    "precomputed": true,
    "player_names": null
  },
  "data": {
    "Empty": -0.12056689653871167,
    "0": -2.657173281513788,
    "1": -1.2339905482591278,
    "2": -4.470560264194019,
    "3": -0.4719707158294615,
    "4": -2.536046552190751,
    "5": -0.8635803636146246,
    "6": -1.2952988326844217,
    "7": -0.7942458144738558,
    "0,1": 0.4321917904763257,
    "0,2": 0.5187682964343616,
    "0,3": -0.5329984019633196,
    "0,4": -0.2892074764135919,
    "0,5": -0.32397833097851203,
    "0,6": 0.12391527401386115,
    "0,7": -0.38484291426065753,
    "1,2": -0.43522283877747303,
    "1,3": -0.9143485462482481,
    "1,4": -1.5438049409172767,
    "1,5": -1.6309839578301961,
    "1,6": 0.4208484443599435,
    "1,7": -2.2297792419176248,
    "2,3": -3.834195288796738,
    "2,4": -1.4444984482543548,
    "2,5": -2.3610729922187814,
    "2,6": -1.581628136854623,
    "2,7": -1.981866992365648,
    "3,4": -3.536937058372554,
    "3,5": -0.7533707658804536,
    "3,6": -6.985026451474534,
    "3,7": -2.4888679212710034,
    "4,5": 0.2847799598094207,
    "4,6": -11.522232283284563,
    "4,7": -0.9803527961375964,
    "5,6": 0.001905920905102776,
    "5,7": -0.6036447039337014,
    "6,7": 0.6074381431551295,
    "0,1,2": -2.3532076175618215,
    "0,1,3": -0.4456099122347841,
    "0,1,4": -1.5603157333627986,
    "0,1,5": -6.440859053870623,
    "0,1,6": 0.04759554997472448,
    "0,1,7": -7.958232145434659,
    "0,2,3": -0.7337693257829383,
    "0,2,4": 0.33326902975662753,
    "0,2,5": -0.5304759999980586,
    "0,2,6": -0.7975694766375989,
    "0,2,7": 0.2293271774144292,
    "0,3,4": -0.6240683440789383,
    "0,3,5": -0.5550196442982296,
    "0,3,6": -0.2078033702944424,
    "0,3,7": -2.122939501827193,
    "0,4,5": -1.354349755552787,
    "0,4,6": -0.5489783314104846,
    "0,4,7": 0.34829317361988843,
    "0,5,6": 0.6968887413242875,
    "0,5,7": -1.6734932092854873,
    "0,6,7": 0.8967775891759833,
    "1,2,3": -2.8059891397772847,
    "1,2,4": -0.548434096064478,
    "1,2,5": -0.38273366733103753,
    "1,2,6": -1.0456606117931502,
    "1,2,7": -0.6942271596038103,
    "1,3,4": -4.349036587185256,
    "1,3,5": -1.2490280116513262,
    "1,3,6": -3.082056343695136,
    "1,3,7": -0.44688369031576336,
    "1,4,5": -1.5951759309491593,
    "1,4,6": -0.09525089017282751,
    "1,4,7": -0.1492827556100984,
    "1,5,6": -0.17407134411399028,
    "1,5,7": -2.4365361335666877,
    "1,6,7": -0.8080555193299186,
    "2,3,4": -0.12986142401556888,
    "2,3,5": -0.16921303462245185,
    "2,3,6": -1.3702940980636487,
    "2,3,7": -2.1845716435516014,
    "2,4,5": -0.2660025910751376,
    "2,4,6": -0.7294421296546745,
    "2,4,7": -2.2307131433392966,
    "2,5,6": 0.4854662067213884,
    "2,5,7": -4.213735702175943,
    "2,6,7": -3.6599528843062767,
    "3,4,5": -2.568895909790067,
    "3,4,6": -4.004355168619646,
    "3,4,7": -1.2773018055298992,
    "3,5,6": -3.4607081431315896,
    "3,5,7": -1.5257546657345573,
    "3,6,7": 0.7626796567019518,
    "4,5,6": -0.909426715622152,
    "4,5,7": -1.8147910170349069,
    "4,6,7": 0.24079386069364872,
    "5,6,7": -0.5825125256598296,
    "0,1,2,3": -1.351498122016301,
    "0,1,2,4": 0.2239448340016117,
    "0,1,2,5": 0.5807279332960558,
    "0,1,2,6": -0.5372690711561992,
    "0,1,2,7": -0.6826559505067473,
    "0,1,3,4": -3.264437115824081,
    "0,1,3,5": -0.9421644206683402,
    "0,1,3,6": -0.023659001387822176,
    "0,1,3,7": -2.1492093776171344,
    "0,1,4,5": 0.0793284299638164,
    "0,1,4,6": 0.2953764484488375,
    "0,1,4,7": 0.10187992379476618,
    "0,1,5,6": -1.1458236707209504,
    "0,1,5,7": 0.8370962779872831,
    "0,1,6,7": -0.14672151111445642,
    "0,2,3,4": 0.573689162834482,
    "0,2,3,5": -0.9972111588111094,
    "0,2,3,6": -0.013555139617598355,
    "0,2,3,7": -3.2367959092755942,
    "0,2,4,5": 0.5227951217826312,
    "0,2,4,6": 0.1946672289890351,
    "0,2,4,7": -4.876306880932861,
    "0,2,5,6": -0.9937338659900634,
    "0,2,5,7": 0.32822487493172625,
    "0,2,6,7": 0.7739231800081929,
    "0,3,4,5": -0.6265565441283467,
    "0,3,4,6": -0.6287787044667581,
    "0,3,4,7": -0.3667602742985263,
    "0,3,5,6": -0.5530119124483366,
    "0,3,5,7": 0.4240850541927429,
    "0,3,6,7": -0.2518230597561124,
    "0,4,5,6": -2.2438087436810092,
    "0,4,5,7": 0.33294893850094864,
    "0,4,6,7": 0.15641412953375655,
    "0,5,6,7": 0.930681332705934,
    "1,2,3,4": -1.0846546730525635,
    "1,2,3,5": -0.4513374868684521,
    "1,2,3,6": -1.3990427716186584,
    "1,2,3,7": -2.4215624701000182,
    "1,2,4,5": -1.4176912856720296,
    "1,2,4,6": -1.3676195945840472,
    "1,2,4,7": 0.011274301865015546,
    "1,2,5,6": -1.618846485186066,
    "1,2,5,7": -0.21375378526352073,
    "1,2,6,7": -0.27358908474806465,
    "1,3,4,5": -0.9460752466205866,
    "1,3,4,6": -2.166351098989841,
    "1,3,4,7": -1.0768447637340177,
    "1,3,5,6": 0.09440887194985426,
    "1,3,5,7": -2.4011315785544056,
    "1,3,6,7": -2.3215581374182754,
    "1,4,5,6": -4.583884378418516,
    "1,4,5,7": -6.187728863481978,
    "1,4,6,7": -0.07082054831405094,
    "1,5,6,7": -2.3517169105458393,
    "2,3,4,5": -2.225785850654177,
    "2,3,4,6": -2.047951122548851,
    "2,3,4,7": -0.5678975282697889,
    "2,3,5,6": -0.9135433210893291,
    "2,3,5,7": -6.540809722792341,
    "2,3,6,7": 0.05977226325500684,
    "2,4,5,6": -4.319667412511307,
    "2,4,5,7": -0.6710119465844506,
    "2,4,6,7": -0.48588946236614206,
    "2,5,6,7": 0.25630124813387756,
    "3,4,5,6": -2.7137135638100807,
    "3,4,5,7": -0.7765609736555719,
    "3,4,6,7": -2.7924013174087423,
    "3,5,6,7": 0.43460826408912856,
    "4,5,6,7": -1.22821243261818,
    "0,1,2,3,4": -3.911417699462075,
    "0,1,2,3,5": 0.6902128732059878,
    "0,1,2,3,6": -0.4353692576129977,
    "0,1,2,3,7": -0.6385730165420767,
    "0,1,2,4,5": -3.3171785769428164,
    "0,1,2,4,6": 0.5864425698869173,
    "0,1,2,4,7": 0.006900026250334257,
    "0,1,2,5,6": -0.14292610688843088,
    "0,1,2,5,7": -1.4532005529034566,
    "0,1,2,6,7": 0.6317034603868471,
    "0,1,3,4,5": -0.7124728678913559,
    "0,1,3,4,6": -7.495473033655546,
    "0,1,3,4,7": -0.9955690430203807,
    "0,1,3,5,6": 0.7809960169584065,
    "0,1,3,5,7": -0.42449429712150155,
    "0,1,3,6,7": -1.382499940230049,
    "0,1,4,5,6": -1.426550981532852,
    "0,1,4,5,7": -0.30855224121149094,
    "0,1,4,6,7": 0.5151543309603259,
    "0,1,5,6,7": 0.4475739427256824,
    "0,2,3,4,5": -0.21891616069960684,
    "0,2,3,4,6": -1.623564860434004,
    "0,2,3,4,7": -1.7603224217624698,
    "0,2,3,5,6": -0.3476940883687545,
    "0,2,3,5,7": -1.0129933422078747,
    "0,2,3,6,7": -0.40646640597555916,
    "0,2,4,5,6": -6.303163399889017,
    "0,2,4,5,7": -0.1425667402806472,
    "0,2,4,6,7": -1.5697547103411438,
    "0,2,5,6,7": 0.9282568082814465,
    "0,3,4,5,6": 0.004086491641200118,
    "0,3,4,5,7": -0.9463967756171787,
    "0,3,4,6,7": 0.8886713493324676,
    "0,3,5,6,7": 0.8646955043599327,
    "0,4,5,6,7": -0.17009965116904135,
    "1,2,3,4,5": -1.7434416497689167,
    "1,2,3,4,6": -2.5224562271114586,
    "1,2,3,4,7": 0.4707359236712557,
    "1,2,3,5,6": -0.6707614061749074,
    "1,2,3,5,7": -0.5275083681396382,
    "1,2,3,6,7": -1.0579552050056225,
    "1,2,4,5,6": -2.975664759350068,
    "1,2,4,5,7": -1.183082849525133,
    "1,2,4,6,7": -10.093234472650963,
    "1,2,5,6,7": 0.4453436566700385,
    "1,3,4,5,6": -0.21097788340373214,
    "1,3,4,5,7": -0.3801815916946081,
    "1,3,4,6,7": -1.483452732970349,
    "1,3,5,6,7": -0.287226595502603,
    "1,4,5,6,7": -0.9516437357282057,
    "2,3,4,5,6": -0.3848053225727972,
    "2,3,4,5,7": -1.2615493298513853,
    "2,3,4,6,7": -0.8662263508594805,