{
  "object_name": "Game",
  "data_type": "game",
  "version": "1.4.2.dev29+g3d3c3a7e6.d20260421",
  "created_from": null,
  "description": null,
  "parameters": {},
  "timestamp": "2026-04-21T12:25:56.079352+00:00Z",
  "metadata": {
    "n_players": 8,
    "game_name": "Game_object",
    "normalization_value": -0.25005913271841007,
    "precompute_flag": false,
    "precomputed": true,
    "player_names": null
  },
  "data": {
    "Empty": -0.25005913271841007,
    "0": -6.773061237585078,
    "1": -1.1040155481830065,
    "2": -1.895120668198897,
    "3": -1.320661367298722,
    "4": -4.849222216310362,
    "5": -1.7003097553212263,
    "6": -1.676742749288925,
    "7": -4.106118997551961,
    "0,1": -0.3155351442908516,
    "0,2": -0.03758112177557593,
    "0,3": -0.2598472589460108,
    "0,4": -0.9736421521851739,
    "0,5": -0.9395744566142386,
    "0,6": -2.3036397219568387,
    "0,7": -10.574733681909416,
    "1,2": -2.097790283629301,
    "1,3": -1.1107206074269653,
    "1,4": 0.45212915023926137,
    "1,5": -0.033986275544412026,
    "1,6": -2.4805703220544983,
    "1,7": -2.6206610386503515,
    "2,3": -2.598192354186639,
    "2,4": -28.315491311895684,
    "2,5": -2.1899499759946943,
    "2,6": -2.3247699658563783,
    "2,7": -1.3315353838937343,
    "3,4": -6.676326215433869,
    "3,5": -2.180595772115223,
    "3,6": -0.8676996646762178,
    "3,7": -4.083099909192427,
    "4,5": -2.6150071813517237,
    "4,6": -1.3417926516976668,
    "4,7": -0.29470386074381816,
    "5,6": 0.28089085051754303,
    "5,7": -1.0634395563221966,
    "6,7": 0.18130574156937918,
    "0,1,2": -0.35865445113334227,
    "0,1,3": -0.894710958587499,
    "0,1,4": -0.061394167887901085,
    "0,1,5": -1.0258743937149246,
    "0,1,6": -0.9861707552788339,
    "0,1,7": -4.735202342277439,
    "0,2,3": -4.268810448323868,
    "0,2,4": -6.495561518863417,
    "0,2,5": -1.8237544955746068,
    "0,2,6": -7.210900658567951,
    "0,2,7": 0.2609332545828509,
    "0,3,4": -0.42521170757758076,
    "0,3,5": -1.3275405049124402,
    "0,3,6": -5.254953740667329,
    "0,3,7": -1.950932831180821,
    "0,4,5": -0.3279588706489236,
    "0,4,6": 0.7703960010771073,
    "0,4,7": -0.31359966397172157,
    "0,5,6": -4.030321702252596,
    "0,5,7": -0.4795703275486103,
    "0,6,7": -0.42965461579440545,
    "1,2,3": -2.065150491345599,
    "1,2,4": -1.0431780089847975,
    "1,2,5": -4.397271114655787,
    "1,2,6": -2.6687251789141255,
    "1,2,7": -5.598714274932893,
    "1,3,4": -2.376844246731257,
    "1,3,5": -3.0810843153291883,
    "1,3,6": -5.0043393021540306,
    "1,3,7": -1.906014303578195,
    "1,4,5": -1.4622912101268186,
    "1,4,6": -1.072248343062724,
    "1,4,7": -0.30578277179424007,
    "1,5,6": -6.577870599370388,
    "1,5,7": -0.21620979951571995,
    "1,6,7": -0.13087212333701892,
    "2,3,4": -1.4555048215249218,
    "2,3,5": -0.17725457591445903,
    "2,3,6": -3.0585865350207557,
    "2,3,7": -6.753311967192923,
    "2,4,5": 0.09007359529957704,
    "2,4,6": -0.41153862124044327,
    "2,4,7": -3.4890326695922678,
    "2,5,6": -1.2742307991366788,
    "2,5,7": -5.837277885026925,
    "2,6,7": 0.520958980950015,
    "3,4,5": -4.836511405790684,
    "3,4,6": -2.103279863188165,
    "3,4,7": -7.54296391027432,
    "3,5,6": -2.0654512608609714,
    "3,5,7": -1.7944750670222183,
    "3,6,7": 0.04871649171374881,
    "4,5,6": -1.9595308642171823,
    "4,5,7": -0.30163239976027767,
    "4,6,7": 0.1611332754740734,
    "5,6,7": -1.9517425053036654,
    "0,1,2,3": -0.6829783889241963,
    "0,1,2,4": 0.2633423599032776,
    "0,1,2,5": 0.29390522882425285,
    "0,1,2,6": -1.8739379047635838,
    "0,1,2,7": -3.853177005313751,
    "0,1,3,4": 0.20077830649707185,
    "0,1,3,5": -2.591219817981357,
    "0,1,3,6": -6.296559457150038,
    "0,1,3,7": 0.2586139665927698,
    "0,1,4,5": -1.931399162660016,
    "0,1,4,6": 0.20662203117079259,
    "0,1,4,7": -2.226463398314956,
    "0,1,5,6": -0.699488476576396,
    "0,1,5,7": -0.4256860616595002,
    "0,1,6,7": 0.7218255381945755,
    "0,2,3,4": -2.431770655325912,
    "0,2,3,5": -2.0493552649898947,
    "0,2,3,6": -0.9832534138521658,
    "0,2,3,7": -2.8268379589169355,
    "0,2,4,5": -0.8594459081286938,
    "0,2,4,6": 0.35120185175876517,
    "0,2,4,7": 0.4387448814967091,
    "0,2,5,6": -3.009966740289097,
    "0,2,5,7": 0.5000906376545659,
    "0,2,6,7": 0.9150048987677807,
    "0,3,4,5": -1.6390868107917527,
    "0,3,4,6": -3.4912485375618942,
    "0,3,4,7": 0.20613228066527867,
    "0,3,5,6": -1.7905414160573798,
    "0,3,5,7": -0.4989958304192892,
    "0,3,6,7": 0.6922255405669401,
    "0,4,5,6": -0.4366884766107606,
    "0,4,5,7": -5.704241212759085,
    "0,4,6,7": 0.4599372391293046,
    "0,5,6,7": 0.8065390633093175,
    "1,2,3,4": -0.8238212879310824,
    "1,2,3,5": -0.4324692734205213,
    "1,2,3,6": -1.5561896787955782,
    "1,2,3,7": -0.17191538120400884,
    "1,2,4,5": -0.3042047120721263,
    "1,2,4,6": -1.7825869974165616,
    "1,2,4,7": -0.9616642982283155,
    "1,2,5,6": -0.8436918900137127,
    "1,2,5,7": -17.72488251236788,
    "1,2,6,7": 0.2640040116827558,
    "1,3,4,5": -0.23148463792311902,
    "1,3,4,6": -1.297585303840263,
    "1,3,4,7": -2.109629584894977,
    "1,3,5,6": -0.009257301803878182,
    "1,3,5,7": -1.0686857664923157,
    "1,3,6,7": -0.6268391822412942,
    "1,4,5,6": -0.14186538095209045,
    "1,4,5,7": -2.4596522450370757,
    "1,4,6,7": -0.19954995207845827,
    "1,5,6,7": 0.6499012742868695,
    "2,3,4,5": -0.3657154716961124,
    "2,3,4,6": -10.635961788774969,
    "2,3,4,7": -2.0233667239802364,
    "2,3,5,6": -2.24718548852213,
    "2,3,5,7": -5.142734041895548,
    "2,3,6,7": -1.7335763334061842,
    "2,4,5,6": -1.9720729007460167,
    "2,4,5,7": -0.277579568488894,
    "2,4,6,7": 0.44592981271442467,
    "2,5,6,7": -0.7682024467463533,
    "3,4,5,6": -1.2265841101115433,
    "3,4,5,7": -1.1822934902673046,
    "3,4,6,7": 0.37547318499529525,
    "3,5,6,7": 0.43846390876258057,
    "4,5,6,7": 0.3344671209701,
    "0,1,2,3,4": -4.659009589775729,
    "0,1,2,3,5": 0.39511368479159203,
    "0,1,2,3,6": -2.366798571960839,
    "0,1,2,3,7": 0.008584690550674345,
    "0,1,2,4,5": -0.49117830079643543,
    "0,1,2,4,6": -0.07084673693482935,
    "0,1,2,4,7": -0.6177352597122125,
    "0,1,2,5,6": 0.3421063315397841,
    "0,1,2,5,7": -1.3369965101416588,
    "0,1,2,6,7": 0.8315976579338586,
    "0,1,3,4,5": -3.7242539338212675,
    "0,1,3,4,6": -0.0928104821205078,
    "0,1,3,4,7": 0.440217181815879,
    "0,1,3,5,6": 0.055691025465839705,
    "0,1,3,5,7": -1.531570694026736,
    "0,1,3,6,7": 0.5859320762312541,
    "0,1,4,5,6": -2.270507001392868,
    "0,1,4,5,7": -1.7464289645648825,
    "0,1,4,6,7": 0.5702944407441058,
    "0,1,5,6,7": 0.9273504502759725,
    "0,2,3,4,5": 0.5197470131136823,
    "0,2,3,4,6": 0.28312032102547835,
    "0,2,3,4,7": -1.2090868363277703,
    "0,2,3,5,6": -1.4510742098740854,
    "0,2,3,5,7": -1.026783397059742,
    "0,2,3,6,7": 0.8559284245651443,
    "0,2,4,5,6": -6.722192507237232,
    "0,2,4,5,7": 0.3079139287378502,
    "0,2,4,6,7": 0.6063847024931075,
    "0,2,5,6,7": 0.9353860725494791,
    "0,3,4,5,6": -0.4324046242640198,
    "0,3,4,5,7": -2.227481247122777,
    "0,3,4,6,7": 0.8713562211587738,
    "0,3,5,6,7": 0.8703344071732174,
    "0,4,5,6,7": 0.9406628578530963,
    "1,2,3,4,5": -0.4009943754522851,
    "1,2,3,4,6": -4.392082769846418,
    "1,2,3,4,7": -0.5858026391437707,
    "1,2,3,5,6": -0.6629771041028656,
    "1,2,3,5,7": -5.900101448257385,
    "1,2,3,6,7": 0.4372469924619862,
    "1,2,4,5,6": -1.5619872704246274,
    "1,2,4,5,7": -0.6604208791631632,
    "1,2,4,6,7": 0.36228428685068137,
    "1,2,5,6,7": 0.36301779070213724,
    "1,3,4,5,6": -1.7863940065808732,
    "1,3,4,5,7": -1.1272964979901792,
    "1,3,4,6,7": 0.2971790698750255,
    "1,3,5,6,7": 0.6754850919830667,
    "1,4,5,6,7": 0.07049657849267521,
    "2,3,4,5,6": -3.7967426158749173,
    "2,3,4,5,7": -2.1512101354651465,
    "2,3,4,6,7": 0.1256756669115352,