{
  "object_name": "Game",
  "data_type": "game",
  "version": "1.4.2.dev29+g3d3c3a7e6.d20260421",
  "created_from": null,
  "description": null,
  "parameters": {},
  "timestamp": "2026-04-21T12:25:56.026230+00:00Z",
  "metadata": {
    "n_players": 8,
    "game_name": "Game_object",
    "normalization_value": -0.6850898078485483,
    "precompute_flag": false,
    "precomputed": true,
    "player_names": null
  },
  "data": {
    "Empty": -0.6850898078485483,
    "0": -2.100792033783557,
    "1": -1.044809326983076,
    "2": -0.6542247113925856,
    "3": -1.153368502606381,
    "4": -0.40581983835912205,
    "5": -0.44087932258139895,
    "6": -1.916118369693121,
    "7": -1.2806814110441245,
    "0,1": -1.0421452390642054,
    "0,2": 0.3317455585677147,
    "0,3": -0.968789002492928,
    "0,4": -0.9454607240670472,
    "0,5": -0.725146069309011,
    "0,6": -1.9974259897256608,
    "0,7": -6.664365707477625,
    "1,2": -0.6775530298370309,
    "1,3": -1.5988759974573519,
    "1,4": -1.79284886719,
    "1,5": -0.9866904017803289,
    "1,6": -2.671757924070825,
    "1,7": -1.5200189598913543,
    "2,3": -1.3699053935916066,
    "2,4": -0.5607818818787806,
    "2,5": -2.065295888548065,
    "2,6": -0.42342817802235744,
    "2,7": -1.5830466987682685,
    "3,4": -1.689167212249865,
    "3,5": -2.4713909980857593,
    "3,6": -0.6782809684678806,
    "3,7": -0.6993782460297409,
    "4,5": -0.19713451964022677,
    "4,6": -2.4491411632570412,
    "4,7": -1.9030860442534796,
    "5,6": 0.002304996905072465,
    "5,7": -0.46458619795959777,
    "6,7": -0.49888714023502057,
    "0,1,2": 0.5826762326536684,
    "0,1,3": 0.46733947781531127,
    "0,1,4": 0.16152025492289324,
    "0,1,5": -2.170099123343477,
    "0,1,6": -0.08605430168469619,
    "0,1,7": -0.970825950474917,
    "0,2,3": -1.2589653616116667,
    "0,2,4": -0.3475852339051304,
    "0,2,5": -0.27579600846854246,
    "0,2,6": -8.945651918723913,
    "0,2,7": -0.6079925936486736,
    "0,3,4": -2.166331970198517,
    "0,3,5": -0.19934730100037434,
    "0,3,6": -1.4267666804787384,
    "0,3,7": -0.6863129106706267,
    "0,4,5": -0.6955005691371021,
    "0,4,6": -1.3373892683884758,
    "0,4,7": -0.8370105066054063,
    "0,5,6": 0.6710305700451654,
    "0,5,7": -1.5241510418947608,
    "0,6,7": 0.7324127158243738,
    "1,2,3": -4.748843241416164,
    "1,2,4": -0.875272776917132,
    "1,2,5": -0.25583171163545915,
    "1,2,6": -1.242844976371289,
    "1,2,7": -5.516287121518705,
    "1,3,4": -6.85816542973034,
    "1,3,5": -1.0543925897284057,
    "1,3,6": -0.033668757497387736,
    "1,3,7": -0.9587551717373402,
    "1,4,5": -2.128407200922237,
    "1,4,6": -0.7128223752985281,
    "1,4,7": -2.409732233907547,
    "1,5,6": -1.1577143261754421,
    "1,5,7": 0.30612708943488354,
    "1,6,7": 0.730944402837254,
    "2,3,4": -0.6489798380059926,
    "2,3,5": -0.11858375526878473,
    "2,3,6": -3.5487674124062707,
    "2,3,7": -0.030180075874668644,
    "2,4,5": -0.44021225033406264,
    "2,4,6": -25.37424174476509,
    "2,4,7": -2.3442780015557174,
    "2,5,6": -20.89028166300323,
    "2,5,7": -0.41131389976697275,
    "2,6,7": 0.30925916002470233,
    "3,4,5": -0.34272845305373223,
    "3,4,6": -1.0979584651462253,
    "3,4,7": -0.01050552216282008,
    "3,5,6": -0.6140752374347651,
    "3,5,7": 0.03472871580276671,
    "3,6,7": -0.9053115165464456,
    "4,5,6": -1.2801711845621804,
    "4,5,7": -0.42842889391262173,
    "4,6,7": -0.5238440125575003,
    "5,6,7": -9.331400405946422,
    "0,1,2,3": 0.4437226623148557,
    "0,1,2,4": -0.9367338776610632,
    "0,1,2,5": -0.42710523517225707,
    "0,1,2,6": 0.34132420307927147,
    "0,1,2,7": -1.066837952653474,
    "0,1,3,4": -0.7124700929117098,
    "0,1,3,5": -0.39881352687833593,
    "0,1,3,6": 0.525062307908875,
    "0,1,3,7": -4.388665889571307,
    "0,1,4,5": -1.0395018165141185,
    "0,1,4,6": -0.056132646432501154,
    "0,1,4,7": -2.8345434283823376,
    "0,1,5,6": 0.27253268421350185,
    "0,1,5,7": 0.6285961932080958,
    "0,1,6,7": 0.8837732899526496,
    "0,2,3,4": -3.016044839342907,
    "0,2,3,5": -0.8975128046653782,
    "0,2,3,6": -0.06285936465577979,
    "0,2,3,7": -2.3041305076840577,
    "0,2,4,5": -0.8357829554449838,
    "0,2,4,6": -0.2673700740674163,
    "0,2,4,7": 0.4696413793073274,
    "0,2,5,6": -0.4350072680878172,
    "0,2,5,7": 0.4344140886212824,
    "0,2,6,7": 0.3973161439564813,
    "0,3,4,5": -0.11349359692031658,
    "0,3,4,6": -3.984657579468955,
    "0,3,4,7": -0.3788626198933194,
    "0,3,5,6": -0.49087936734781823,
    "0,3,5,7": 0.39826503137140923,
    "0,3,6,7": -7.16263801427178,
    "0,4,5,6": 0.449184242359278,
    "0,4,5,7": -2.44552779348199,
    "0,4,6,7": 0.056596876831739085,
    "0,5,6,7": 0.7953236165459664,
    "1,2,3,4": -1.2738130530036895,
    "1,2,3,5": -0.7583112664304361,
    "1,2,3,6": -1.3929643724523117,
    "1,2,3,7": -0.995005233489582,
    "1,2,4,5": -2.8786523455893525,
    "1,2,4,6": -7.284927811254791,
    "1,2,4,7": -0.2608595084041774,
    "1,2,5,6": -1.2920792884114274,
    "1,2,5,7": -0.9233552532840201,
    "1,2,6,7": -0.39400832597464364,
    "1,3,4,5": -2.7116179174335344,
    "1,3,4,6": -4.577122143301961,
    "1,3,4,7": -1.1260353441254907,
    "1,3,5,6": -0.9635422755234557,
    "1,3,5,7": -1.3382250674275964,
    "1,3,6,7": 0.024971463161643448,
    "1,4,5,6": -1.5596477775272137,
    "1,4,5,7": -0.7842900887127657,
    "1,4,6,7": 0.060566303737210614,
    "1,5,6,7": 0.22286695253497013,
    "2,3,4,5": -3.3217827661527135,
    "2,3,4,6": -0.2350878530363465,
    "2,3,4,7": -1.160495759505141,
    "2,3,5,6": -0.5082546636725165,
    "2,3,5,7": -2.0028804389906103,
    "2,3,6,7": -0.3469232932086639,
    "2,4,5,6": -12.926986521450354,
    "2,4,5,7": -0.7391115692288301,
    "2,4,6,7": -0.0582235017403967,
    "2,5,6,7": -0.6268234675573765,
    "3,4,5,6": -1.6127501333186296,
    "3,4,5,7": -1.9998524901505692,
    "3,4,6,7": -1.656404584545201,
    "3,5,6,7": 0.11261270152712666,
    "4,5,6,7": -0.40967071990123394,
    "0,1,2,3,4": 0.3895569370387706,
    "0,1,2,3,5": -1.675912123869972,
    "0,1,2,3,6": -7.813069180591549,
    "0,1,2,3,7": -3.4191472259934423,
    "0,1,2,4,5": -4.121912363047078,
    "0,1,2,4,6": -2.12638139684093,
    "0,1,2,4,7": -0.04446064728626187,
    "0,1,2,5,6": 0.2150445950278007,
    "0,1,2,5,7": -0.48131857500243824,
    "0,1,2,6,7": 0.5609814022942639,
    "0,1,3,4,5": -0.878654732538698,
    "0,1,3,4,6": -0.4934046507761931,
    "0,1,3,4,7": -0.5112818605702305,
    "0,1,3,5,6": -0.13594297356772356,
    "0,1,3,5,7": 0.6963019792267587,
    "0,1,3,6,7": 0.6984602465740085,
    "0,1,4,5,6": -0.4201222203093131,
    "0,1,4,5,7": -0.010136524624228871,
    "0,1,4,6,7": 0.5128516569904835,
    "0,1,5,6,7": 0.7188285728124455,
    "0,2,3,4,5": 0.08499790337095103,
    "0,2,3,4,6": -2.3876239100717176,
    "0,2,3,4,7": -0.7981580388697511,
    "0,2,3,5,6": 0.3128661111461746,
    "0,2,3,5,7": -0.6433097778370851,
    "0,2,3,6,7": 0.4970158905593176,
    "0,2,4,5,6": -2.8882201792981657,
    "0,2,4,5,7": 0.6204280948816362,
    "0,2,4,6,7": 0.2962472075466387,
    "0,2,5,6,7": 0.7351779494962443,
    "0,3,4,5,6": -0.966925538678348,
    "0,3,4,5,7": -0.8391731882681279,
    "0,3,4,6,7": -0.40256161691440084,
    "0,3,5,6,7": 0.15595223961059534,
    "0,4,5,6,7": 0.816736055346589,
    "1,2,3,4,5": 0.4425000974086456,
    "1,2,3,4,6": -0.22276346065931585,
    "1,2,3,4,7": -3.145415696510433,
    "1,2,3,5,6": -0.2009379950760828,
    "1,2,3,5,7": -0.5509758270910492,
    "1,2,3,6,7": -0.0586737681563938,
    "1,2,4,5,6": -1.126398779052936,
    "1,2,4,5,7": -0.8472188344178779,
    "1,2,4,6,7": -0.1783411058740909,
    "1,2,5,6,7": -0.18440604057051369,
    "1,3,4,5,6": -1.1127227714701884,
    "1,3,4,5,7": -1.7208331144452615,
    "1,3,4,6,7": -0.6935551075246587,
    "1,3,5,6,7": 0.6044532432636641,
    "1,4,5,6,7": -2.077520059296217,
    "2,3,4,5,6": -2.132467908583658,
    "2,3,4,5,7": -1.6522355288934305,
    "2,3,4,6,7": -3.085122303810812,