{
  "object_name": "Game",
  "data_type": "game",
  "version": "1.4.2.dev29+g3d3c3a7e6.d20260421",
  "created_from": null,
  "description": null,
  "parameters": {},
  "timestamp": "2026-04-21T12:25:56.165419+00:00Z",
  "metadata": {
    "n_players": 8,
    "game_name": "Game_object",
    "normalization_value": -24.951929284910474,
    "precompute_flag": false,
    "precomputed": true,
    "player_names": null
  },
  "data": {
    "Empty": -24.951929284910474,
    "0": -0.49532469425661696,
    "1": -2.4572664575639416,
    "2": -3.697435548894946,
    "3": -2.9763172772870536,
    "4": -3.9405193916987526,
    "5": -8.186606624764083,
    "6": -9.756428481928298,
    "7": -7.9982004981425465,
    "0,1": -2.6275617140870486,
    "0,2": -3.399831302653082,
    "0,3": -2.0619444292464815,
    "0,4": -1.3144410127056814,
    "0,5": -4.072041918123706,
    "0,6": -6.818544035436553,
    "0,7": -1.493496186173973,
    "1,2": -0.61032824187612,
    "1,3": -4.421030875772928,
    "1,4": -4.579771135652608,
    "1,5": -2.6713723855842457,
    "1,6": -9.804070231327712,
    "1,7": -5.57374783968674,
    "2,3": -4.696794815969256,
    "2,4": -3.27643044889272,
    "2,5": -4.534541407508204,
    "2,6": -2.418945387294775,
    "2,7": -0.024737463625114753,
    "3,4": -14.49545404921631,
    "3,5": -8.597260315354562,
    "3,6": -1.622312580497753,
    "3,7": -4.100554256216811,
    "4,5": -8.610449763495915,
    "4,6": -3.220460961537327,
    "4,7": -1.500926783391939,
    "5,6": -1.5289681747248576,
    "5,7": -4.337402792010685,
    "6,7": -3.979468536615725,
    "0,1,2": -1.875439343824846,
    "0,1,3": -0.32136890950678443,
    "0,1,4": -1.1776098288155787,
    "0,1,5": -3.710268418414458,
    "0,1,6": -7.687578002115675,
    "0,1,7": -15.809306867126342,
    "0,2,3": -5.7718474155564605,
    "0,2,4": -0.7969027955708081,
    "0,2,5": -0.6182317916137121,
    "0,2,6": -1.020766472246323,
    "0,2,7": -4.082954000218019,
    "0,3,4": -8.567849605919571,
    "0,3,5": -1.8505036101010144,
    "0,3,6": -3.4190820448447434,
    "0,3,7": -2.7869502189659414,
    "0,4,5": -6.108745100761566,
    "0,4,6": -0.2320606965428822,
    "0,4,7": -2.1027785031151485,
    "0,5,6": -4.370582452728177,
    "0,5,7": -3.24730712605216,
    "0,6,7": 0.8394945674227514,
    "1,2,3": -4.246515782424507,
    "1,2,4": -0.6375519893822095,
    "1,2,5": -4.680303585927302,
    "1,2,6": -11.77984830053849,
    "1,2,7": -2.8377470035970305,
    "1,3,4": -3.677695151860993,
    "1,3,5": -2.4663084902763943,
    "1,3,6": -4.725721784381091,
    "1,3,7": -2.69584540244993,
    "1,4,5": -4.1752387349115745,
    "1,4,6": -7.443713888502913,
    "1,4,7": -2.2110140512105234,
    "1,5,6": -5.7223288077701895,
    "1,5,7": -15.850506163431593,
    "1,6,7": 0.6305511703441202,
    "2,3,4": -3.4829509892665893,
    "2,3,5": -9.48973136894998,
    "2,3,6": -5.334607008727335,
    "2,3,7": -4.883016641323858,
    "2,4,5": -2.879649195236585,
    "2,4,6": -2.664088635155193,
    "2,4,7": -0.16888791167538475,
    "2,5,6": 0.17966544577204202,
    "2,5,7": -2.6863635380076576,
    "2,6,7": 0.6388272391154123,
    "3,4,5": -3.2254597352706433,
    "3,4,6": -1.9443544786833837,
    "3,4,7": -2.2050067829785385,
    "3,5,6": -0.9907123138628666,
    "3,5,7": -0.9411130312944171,
    "3,6,7": -2.519673732341455,
    "4,5,6": -1.3324406846956842,
    "4,5,7": -4.604725358389406,
    "4,6,7": -1.1814675647358772,
    "5,6,7": -1.0299159142194703,
    "0,1,2,3": -1.152855673915219,
    "0,1,2,4": -0.18974517101012278,
    "0,1,2,5": -1.4975897307832815,
    "0,1,2,6": -1.4221908447675489,
    "0,1,2,7": -3.9608121592553003,
    "0,1,3,4": -12.357453781386438,
    "0,1,3,5": -0.8488974330766235,
    "0,1,3,6": -5.574862689510008,
    "0,1,3,7": -4.608024903331133,
    "0,1,4,5": -3.7559341405521813,
    "0,1,4,6": -1.6237141141199145,
    "0,1,4,7": -5.44365550970682,
    "0,1,5,6": -1.2132219945673315,
    "0,1,5,7": -10.049920546771418,
    "0,1,6,7": 0.7921027192588429,
    "0,2,3,4": -2.436821596334498,
    "0,2,3,5": -0.9373212622876379,
    "0,2,3,6": -27.768240038460302,
    "0,2,3,7": -1.8039460365100584,
    "0,2,4,5": -2.4179509784619886,
    "0,2,4,6": -1.3093797869624488,
    "0,2,4,7": -3.7403117753672017,
    "0,2,5,6": 0.13390272563255667,
    "0,2,5,7": -1.4471839126049781,
    "0,2,6,7": 0.6032895871701562,
    "0,3,4,5": -3.446830479262988,
    "0,3,4,6": -0.19210892749021524,
    "0,3,4,7": -1.8000916433703518,
    "0,3,5,6": -1.2040732189076455,
    "0,3,5,7": -0.2634451020765578,
    "0,3,6,7": -0.1903174994223058,
    "0,4,5,6": -7.943387689573759,
    "0,4,5,7": -0.13489915095480476,
    "0,4,6,7": 0.3544632570322661,
    "0,5,6,7": 0.5304522482418252,
    "1,2,3,4": -2.1345761286129523,
    "1,2,3,5": -3.6688914157811547,
    "1,2,3,6": -3.810627087215197,
    "1,2,3,7": -9.952205896918366,
    "1,2,4,5": -1.6681383024928529,
    "1,2,4,6": -9.518602074055327,
    "1,2,4,7": -1.6369129983273885,
    "1,2,5,6": -1.1169894212823848,
    "1,2,5,7": -2.338700770958485,
    "1,2,6,7": -1.4828988867318929,
    "1,3,4,5": -2.7457026214466325,
    "1,3,4,6": -7.693241243969366,
    "1,3,4,7": -9.52176501728691,
    "1,3,5,6": -7.889814598814526,
    "1,3,5,7": -1.715370127431001,
    "1,3,6,7": 0.1959913361490313,
    "1,4,5,6": -2.476411102821036,
    "1,4,5,7": -2.316384563561138,
    "1,4,6,7": 0.37283736974494863,
    "1,5,6,7": 0.24288714525935728,
    "2,3,4,5": -5.374479465867602,
    "2,3,4,6": -1.5052006212394438,
    "2,3,4,7": -2.764401615985817,
    "2,3,5,6": -2.956812918587787,
    "2,3,5,7": -1.8746531481172384,
    "2,3,6,7": -2.7147385668670507,
    "2,4,5,6": -12.380477303096097,
    "2,4,5,7": -1.6314512966476706,
    "2,4,6,7": 0.14597530244565704,
    "2,5,6,7": 0.6822574570108464,
    "3,4,5,6": -0.8235575895457856,
    "3,4,5,7": -2.1406755161009197,
    "3,4,6,7": 0.2624674438289596,
    "3,5,6,7": 0.5167138060826757,
    "4,5,6,7": -0.26748220662519984,
    "0,1,2,3,4": -6.791131960548737,
    "0,1,2,3,5": -0.7657437603855324,
    "0,1,2,3,6": -5.269002801081118,
    "0,1,2,3,7": -4.442503563494699,
    "0,1,2,4,5": -0.6159738847895921,
    "0,1,2,4,6": -4.037051436977405,
    "0,1,2,4,7": -2.645384265546411,
    "0,1,2,5,6": 0.1905122350499029,
    "0,1,2,5,7": -8.933393674275013,
    "0,1,2,6,7": 0.800949068762531,
    "0,1,3,4,5": -0.06012770082895402,
    "0,1,3,4,6": -1.8948353327854455,
    "0,1,3,4,7": -0.8502498369794289,
    "0,1,3,5,6": -2.4668256007660836,
    "0,1,3,5,7": -0.6557470317025742,
    "0,1,3,6,7": 0.5871094526729425,
    "0,1,4,5,6": -3.0855632844753185,
    "0,1,4,5,7": -1.5514583024660467,
    "0,1,4,6,7": 0.7982014531362027,
    "0,1,5,6,7": 0.8695650832561905,
    "0,2,3,4,5": -0.7422228397434729,
    "0,2,3,4,6": -3.0910229088605856,
    "0,2,3,4,7": -1.1050304690310422,
    "0,2,3,5,6": -1.9827358931354486,
    "0,2,3,5,7": -1.94639803816308,
    "0,2,3,6,7": 0.8413787574419408,
    "0,2,4,5,6": -0.5734810110635324,
    "0,2,4,5,7": -4.375382523874542,
    "0,2,4,6,7": 0.7282805032536361,
    "0,2,5,6,7": 0.8447155466332503,
    "0,3,4,5,6": -0.8547574287192479,
    "0,3,4,5,7": -3.0313531360547916,
    "0,3,4,6,7": -0.8961233897483094,
    "0,3,5,6,7": 0.7976283337783702,
    "0,4,5,6,7": 0.9240979852865527,
    "1,2,3,4,5": -5.516807790192812,
    "1,2,3,4,6": -3.6942899730032632,
    "1,2,3,4,7": -4.106483968290304,
    "1,2,3,5,6": -5.486625420497067,
    "1,2,3,5,7": -1.9477145480270903,
    "1,2,3,6,7": 0.7442343471108757,
    "1,2,4,5,6": -2.1335306852203586,
    "1,2,4,5,7": -6.4554914351584,
    "1,2,4,6,7": 0.527255924627425,
    "1,2,5,6,7": 0.5783666577254797,
    "1,3,4,5,6": -3.2498347522959605,
    "1,3,4,5,7": -0.7193471546196064,
    "1,3,4,6,7": 0.6243284223819361,
    "1,3,5,6,7": 0.7542255851838418,
    "1,4,5,6,7": 0.0693612395231773,
    "2,3,4,5,6": -5.078176142033796,
    "2,3,4,5,7": -7.800921626098065,
    "2,3,4,6,7": 0.40039090567964775,
    "2,3,5,6,7": 0.5104291477459655,