{
  "object_name": "Game",
  "data_type": "game",
  "version": "1.4.2.dev29+g3d3c3a7e6.d20260421",
  "created_from": null,
  "description": null,
  "parameters": {},
  "timestamp": "2026-04-21T12:25:56.090444+00:00Z",
  "metadata": {
    "n_players": 8,
    "game_name": "Game_object",
    "normalization_value": -3.066452274178787,
    "precompute_flag": false,
    "precomputed": true,
    "player_names": null
  },
  "data": {
    "Empty": -3.066452274178787,
    "0": -0.34486789492335546,
    "1": -2.175493198923486,
    "2": -6.153939530899185,
    "3": -2.1805116554629707,
    "4": -1.736699674146621,
    "5": -6.617616664271817,
    "6": -4.511106407369396,
    "7": -1.0747694585983014,
    "0,1": -1.6045717015543666,
    "0,2": -2.7456183772604117,
    "0,3": -2.2410905868090882,
    "0,4": -1.1889712048937016,
    "0,5": 0.3857327153943262,
    "0,6": -5.01369753815508,
    "0,7": -2.560107509912461,
    "1,2": -0.40641920852228886,
    "1,3": -3.1388672742675254,
    "1,4": -3.630639881136493,
    "1,5": -9.972866432881906,
    "1,6": -1.2284276614506702,
    "1,7": -3.082979104113522,
    "2,3": -2.202620853804719,
    "2,4": -0.3033577299633785,
    "2,5": -1.108297661223279,
    "2,6": -4.101258179999521,
    "2,7": -1.0272622092685806,
    "3,4": -2.9170175729837386,
    "3,5": -6.259862573522376,
    "3,6": -1.6757405089943425,
    "3,7": -3.9738842602480595,
    "4,5": -1.6041361832089662,
    "4,6": -2.1399840815398172,
    "4,7": -0.9281073847731522,
    "5,6": -2.8903862101299778,
    "5,7": -0.25360644089753537,
    "6,7": -0.05853625942274232,
    "0,1,2": 0.19815280744122654,
    "0,1,3": -0.8087101107628067,
    "0,1,4": 0.04328556121238658,
    "0,1,5": -2.54071658581766,
    "0,1,6": 0.6958680743633474,
    "0,1,7": -0.05407706865856232,
    "0,2,3": -7.588706493837716,
    "0,2,4": -1.4965579426508806,
    "0,2,5": 0.4097043614962337,
    "0,2,6": -1.0270169883520097,
    "0,2,7": -2.1998771103481327,
    "0,3,4": -3.4453464934401357,
    "0,3,5": -0.6327538099471282,
    "0,3,6": -5.049188319156889,
    "0,3,7": -0.8328246865267239,
    "0,4,5": 0.24423744388524105,
    "0,4,6": -12.37676999293768,
    "0,4,7": -0.42373810778731213,
    "0,5,6": -0.48375989150365495,
    "0,5,7": -0.7828708524185828,
    "0,6,7": 0.520115537918949,
    "1,2,3": -0.39625499700448463,
    "1,2,4": -0.4814779658967525,
    "1,2,5": -9.954605924176683,
    "1,2,6": -4.100306976200174,
    "1,2,7": -10.708223887414626,
    "1,3,4": -2.221401107923841,
    "1,3,5": -4.50319173449532,
    "1,3,6": -3.683436675962679,
    "1,3,7": -1.4988414506143455,
    "1,4,5": -2.1872420027999913,
    "1,4,6": -1.3983055648148546,
    "1,4,7": -5.909675252751714,
    "1,5,6": -16.236986672048197,
    "1,5,7": -1.920322414419966,
    "1,6,7": 0.13504684720244686,
    "2,3,4": -0.8290000798389978,
    "2,3,5": -10.078135724296887,
    "2,3,6": -0.9038022977654585,
    "2,3,7": -1.828116525636117,
    "2,4,5": -3.0912904783169983,
    "2,4,6": -3.7277676122980328,
    "2,4,7": -2.024916980273063,
    "2,5,6": -0.9566314859608149,
    "2,5,7": -2.4989059612938327,
    "2,6,7": 0.7745160928603979,
    "3,4,5": -3.0692509773699213,
    "3,4,6": -3.51684113723471,
    "3,4,7": -0.44544829027034627,
    "3,5,6": -0.7369392031634474,
    "3,5,7": -2.4337492164235925,
    "3,6,7": 0.4782642417261268,
    "4,5,6": -1.5493417841590156,
    "4,5,7": -0.7885105042542782,
    "4,6,7": -0.6131241442207052,
    "5,6,7": 0.4839991973237795,
    "0,1,2,3": -2.3451933784814685,
    "0,1,2,4": -2.225055375113302,
    "0,1,2,5": 0.010365108916530419,
    "0,1,2,6": -3.614944569197858,
    "0,1,2,7": -0.6773561544186941,
    "0,1,3,4": -1.0516414271339984,
    "0,1,3,5": -5.005786385125448,
    "0,1,3,6": -2.0143830268075176,
    "0,1,3,7": -1.600712285861972,
    "0,1,4,5": -2.0834755996180916,
    "0,1,4,6": -0.8910706429133508,
    "0,1,4,7": -3.6098409907606372,
    "0,1,5,6": -3.4808338701305237,
    "0,1,5,7": -25.652740850348792,
    "0,1,6,7": 0.2719336234119062,
    "0,2,3,4": -1.9571993110278179,
    "0,2,3,5": -2.2727705362844537,
    "0,2,3,6": -1.716788301300559,
    "0,2,3,7": -0.16724802571296826,
    "0,2,4,5": 0.11100727017811507,
    "0,2,4,6": 0.015333107492224607,
    "0,2,4,7": -0.9225337236410669,
    "0,2,5,6": 0.35276100403761923,
    "0,2,5,7": -1.4820670248440746,
    "0,2,6,7": 0.7013914664045423,
    "0,3,4,5": -4.762329885390272,
    "0,3,4,6": -9.581610538853589,
    "0,3,4,7": -0.1610515337073255,
    "0,3,5,6": -1.1152552812067524,
    "0,3,5,7": -2.382156935847484,
    "0,3,6,7": 0.38355117032717634,
    "0,4,5,6": -2.7636067799321076,
    "0,4,5,7": 0.2486877319488754,
    "0,4,6,7": 0.3589164765505418,
    "0,5,6,7": -0.7714353275173116,
    "1,2,3,4": -3.9429235758243637,
    "1,2,3,5": 0.2145413402987204,
    "1,2,3,6": -0.49353117082663633,
    "1,2,3,7": -6.056405448374705,
    "1,2,4,5": -1.135929278915798,
    "1,2,4,6": -6.037980685499619,
    "1,2,4,7": -2.5955458519027106,
    "1,2,5,6": -2.770746875021814,
    "1,2,5,7": -1.2313094701561584,
    "1,2,6,7": 0.4540888487254586,
    "1,3,4,5": -1.2138007817491694,
    "1,3,4,6": -5.391083101757534,
    "1,3,4,7": -2.167910553726803,
    "1,3,5,6": -1.1343198035830304,
    "1,3,5,7": -5.028485128465735,
    "1,3,6,7": -0.5553426314786127,
    "1,4,5,6": -1.7871740589096494,
    "1,4,5,7": -1.8334116503274687,
    "1,4,6,7": -0.16452612924128318,
    "1,5,6,7": 0.18603510278562507,
    "2,3,4,5": -0.5784975972018453,
    "2,3,4,6": -1.4817176350596966,
    "2,3,4,7": -1.8557326443642803,
    "2,3,5,6": -1.2386046829492066,
    "2,3,5,7": -0.3016221978479203,
    "2,3,6,7": 0.6348331195038852,
    "2,4,5,6": -0.5519450912473982,
    "2,4,5,7": -1.3382953166489249,
    "2,4,6,7": 0.7656329838831725,
    "2,5,6,7": 0.2148179908989999,
    "3,4,5,6": -5.067249744033902,
    "3,4,5,7": -6.143361083935131,
    "3,4,6,7": 0.03001625251204143,
    "3,5,6,7": 0.13256999635907185,
    "4,5,6,7": -1.4684997690652382,
    "0,1,2,3,4": -1.5907534644156702,
    "0,1,2,3,5": -0.8425686420781917,
    "0,1,2,3,6": -0.4498158698947592,
    "0,1,2,3,7": -11.165700777189041,
    "0,1,2,4,5": -0.4280738243496591,
    "0,1,2,4,6": -0.5998101023813085,
    "0,1,2,4,7": -0.19834344842036367,
    "0,1,2,5,6": 0.049263975889438316,
    "0,1,2,5,7": -2.3896995995087265,
    "0,1,2,6,7": 0.8638446014545723,
    "0,1,3,4,5": -1.1211481097967422,
    "0,1,3,4,6": 0.5260568505212466,
    "0,1,3,4,7": -6.944413608517979,
    "0,1,3,5,6": -0.76454537765056,
    "0,1,3,5,7": -4.4525025719439375,
    "0,1,3,6,7": 0.7496405537200694,
    "0,1,4,5,6": -1.6687472669904104,
    "0,1,4,5,7": -14.080902284067177,
    "0,1,4,6,7": 0.7654875455984053,
    "0,1,5,6,7": 0.6895420028411016,
    "0,2,3,4,5": 0.4402633138182389,
    "0,2,3,4,6": -0.8974453929851276,
    "0,2,3,4,7": -1.456895439450716,
    "0,2,3,5,6": -3.2080949369282408,
    "0,2,3,5,7": -1.7988423255141894,
    "0,2,3,6,7": 0.8004287325361934,
    "0,2,4,5,6": 0.0829861003113681,
    "0,2,4,5,7": 0.15769580222201274,
    "0,2,4,6,7": 0.724676515647465,
    "0,2,5,6,7": 0.8637090168346038,
    "0,3,4,5,6": -6.93503221846555,
    "0,3,4,5,7": -1.3002296474406618,
    "0,3,4,6,7": 0.5697278710887309,
    "0,3,5,6,7": 0.9617093272179725,
    "0,4,5,6,7": 0.8055728877096292,
    "1,2,3,4,5": -10.932099886615012,
    "1,2,3,4,6": -3.8135520238923677,
    "1,2,3,4,7": -0.9598755143676232,
    "1,2,3,5,6": -0.9723420587657425,
    "1,2,3,5,7": -0.6516129384236771,
    "1,2,3,6,7": -0.8895776633359014,
    "1,2,4,5,6": -1.9285632759751783,
    "1,2,4,5,7": -3.7924326685253105,
    "1,2,4,6,7": 0.5175885063308217,
    "1,2,5,6,7": 0.4020204933199397,
    "1,3,4,5,6": -0.44923509411286533,
    "1,3,4,5,7": -0.4013361260037609,
    "1,3,4,6,7": -0.30224603072176626,
    "1,3,5,6,7": -1.0341105547301055,
    "1,4,5,6,7": 0.6155347748563216,
    "2,3,4,5,6": -1.6574182546596727,
    "2,3,4,5,7": -5.4950474059567025,
    "2,3,4,6,7": 0.7177920900018546,