{
  "object_name": "Game",
  "data_type": "game",
  "version": "1.4.2.dev29+g3d3c3a7e6.d20260421",
  "created_from": null,
  "description": null,
  "parameters": {},
  "timestamp": "2026-04-21T12:25:56.219677+00:00Z",
  "metadata": {
    "n_players": 8,
    "game_name": "Game_object",
    "normalization_value": -1.607592779500425,
    "precompute_flag": false,
    "precomputed": true,
    "player_names": null
  },
  "data": {
    "Empty": -1.607592779500425,
    "0": -0.5652450690635724,
    "1": -0.10146821427932218,
    "2": -6.257447640418417,
    "3": -0.4514394052463997,
    "4": 0.1899224940102585,
    "5": -0.16905176374120656,
    "6": -2.743626088293556,
    "7": -0.7688926645703085,
    "0,1": -0.19812150570446496,
    "0,2": -0.47466957600565896,
    "0,3": 0.4156138058444019,
    "0,4": 0.3996018875631575,
    "0,5": 0.33263194421149245,
    "0,6": -1.8905051084342155,
    "0,7": -0.7646609181836383,
    "1,2": -8.436141383595944,
    "1,3": -0.25077621454375176,
    "1,4": -8.357263288566465,
    "1,5": -1.2512576533295712,
    "1,6": -0.3260124466369605,
    "1,7": -0.5638695843929689,
    "2,3": 0.1057792569168643,
    "2,4": -1.582374029005185,
    "2,5": -0.67485714689114,
    "2,6": -2.092602928576297,
    "2,7": -2.8124102630346295,
    "3,4": -0.48545432360139906,
    "3,5": -1.3599890843537135,
    "3,6": -0.33974710001158726,
    "3,7": -1.126718952504456,
    "4,5": -2.199612507103738,
    "4,6": -1.8298306599755492,
    "4,7": -1.2789811304907799,
    "5,6": -0.7885335186174001,
    "5,7": -6.635370082473198,
    "6,7": -0.34873253849656916,
    "0,1,2": -0.6091014244657993,
    "0,1,3": 0.40680900773433126,
    "0,1,4": -3.5582833530371873,
    "0,1,5": 0.44061080227036353,
    "0,1,6": -1.2605580120136461,
    "0,1,7": -0.6657509039135234,
    "0,2,3": -0.028047405865696762,
    "0,2,4": 0.5741188752752202,
    "0,2,5": 0.3075726119222938,
    "0,2,6": -0.2891641135694418,
    "0,2,7": -0.2251197032008616,
    "0,3,4": 0.22728442160999496,
    "0,3,5": 0.115406837741869,
    "0,3,6": 0.7920015863208386,
    "0,3,7": 0.27090451448548547,
    "0,4,5": 0.07978398744016002,
    "0,4,6": -0.22664179669136142,
    "0,4,7": 0.12550502454997603,
    "0,5,6": 0.6087620009588177,
    "0,5,7": -0.02154927881870572,
    "0,6,7": 0.27571021793556516,
    "1,2,3": -2.9615444521191088,
    "1,2,4": -0.932261761208399,
    "1,2,5": -1.338424288954672,
    "1,2,6": -1.9652589530583602,
    "1,2,7": -1.4376136489653484,
    "1,3,4": -7.128580148375756,
    "1,3,5": -0.3628562181801773,
    "1,3,6": -0.28136070096903065,
    "1,3,7": -2.641570033922071,
    "1,4,5": -1.1421529990937347,
    "1,4,6": -3.3965659744039574,
    "1,4,7": -0.2666592272300834,
    "1,5,6": -0.2158403032373264,
    "1,5,7": -0.695051904781784,
    "1,6,7": -1.3410935274613207,
    "2,3,4": -1.2530811567813442,
    "2,3,5": 0.07255274046125693,
    "2,3,6": -0.9309958065732045,
    "2,3,7": -0.9023518276751881,
    "2,4,5": -0.8232287103204259,
    "2,4,6": -1.4978450862757735,
    "2,4,7": -1.4209933274537723,
    "2,5,6": -0.44499523942578856,
    "2,5,7": -3.7493866541842413,
    "2,6,7": -2.622504973222841,
    "3,4,5": -2.748279063760044,
    "3,4,6": -0.6408111803542615,
    "3,4,7": -1.170074003798589,
    "3,5,6": -1.8227350088050254,
    "3,5,7": -2.299234832343141,
    "3,6,7": -0.49834260181382994,
    "4,5,6": -3.760284085393039,
    "4,5,7": 0.01317155382438051,
    "4,6,7": -1.4996171017535422,
    "5,6,7": -3.3403396793111186,
    "0,1,2,3": 0.4604491470905022,
    "0,1,2,4": 0.9009302379841306,
    "0,1,2,5": 0.4243920820384942,
    "0,1,2,6": 0.2750960240686273,
    "0,1,2,7": -0.3230775073694774,
    "0,1,3,4": -0.8718649557470295,
    "0,1,3,5": 0.4184600935084165,
    "0,1,3,6": 0.4918759442449018,
    "0,1,3,7": 0.3570646832103457,
    "0,1,4,5": 0.09507713968842879,
    "0,1,4,6": 0.524730831862564,
    "0,1,4,7": -0.13195375575488044,
    "0,1,5,6": 0.14533331932228022,
    "0,1,5,7": -0.5796863639349847,
    "0,1,6,7": 0.8936025969863872,
    "0,2,3,4": 0.22740510448414986,
    "0,2,3,5": 0.37307064755719077,
    "0,2,3,6": -0.1043711964733145,
    "0,2,3,7": 0.25796773630531633,
    "0,2,4,5": -0.8109510903819399,
    "0,2,4,6": 0.5610837043604169,
    "0,2,4,7": -0.9050725015745567,
    "0,2,5,6": 0.46871327136176644,
    "0,2,5,7": 0.08891948022771679,
    "0,2,6,7": -0.6332855754413143,
    "0,3,4,5": 0.14430877584621993,
    "0,3,4,6": 0.3702317609582736,
    "0,3,4,7": 0.0071524778016723856,
    "0,3,5,6": 0.6697301882525479,
    "0,3,5,7": 0.029942537393069735,
    "0,3,6,7": 0.4668300589886234,
    "0,4,5,6": -0.8379839099030983,
    "0,4,5,7": -0.22361204000341894,
    "0,4,6,7": -0.25305068672575515,
    "0,5,6,7": 0.9094936662099853,
    "1,2,3,4": -1.4330397726114823,
    "1,2,3,5": -0.6271195869685886,
    "1,2,3,6": -0.995674832504267,
    "1,2,3,7": -0.4539684233617127,
    "1,2,4,5": -2.642287440117033,
    "1,2,4,6": -0.23889319310055135,
    "1,2,4,7": -0.719741574897331,
    "1,2,5,6": -5.033466364868062,
    "1,2,5,7": 0.14614499973464345,
    "1,2,6,7": -0.22369792506893993,
    "1,3,4,5": -1.3852710589265258,
    "1,3,4,6": -0.6468579595724826,
    "1,3,4,7": -1.4190652828061476,
    "1,3,5,6": -4.291412822061641,
    "1,3,5,7": -1.728372324320698,
    "1,3,6,7": -0.26786799962472685,
    "1,4,5,6": -0.11673533637664413,
    "1,4,5,7": -6.125424010866427,
    "1,4,6,7": -0.29783624758987237,
    "1,5,6,7": -0.2668948435631622,
    "2,3,4,5": -0.8486696937903027,
    "2,3,4,6": -1.6574677736775252,
    "2,3,4,7": 0.3330086962916241,
    "2,3,5,6": -0.5213805282249342,
    "2,3,5,7": -0.4706189071330633,
    "2,3,6,7": -0.505863233203244,
    "2,4,5,6": -1.225465796683141,
    "2,4,5,7": -1.2633636607872498,
    "2,4,6,7": -1.3250017739279611,
    "2,5,6,7": 0.6489178705271618,
    "3,4,5,6": -0.9795696107469394,
    "3,4,5,7": -0.29406939157267686,
    "3,4,6,7": -0.9592286579042535,
    "3,5,6,7": -0.4463774475630262,
    "4,5,6,7": -0.47394887196686786,
    "0,1,2,3,4": 0.5392840563777521,
    "0,1,2,3,5": 0.07986484307285913,
    "0,1,2,3,6": 0.4782610494388062,
    "0,1,2,3,7": -1.5025805724474584,
    "0,1,2,4,5": 0.8387908711609297,
    "0,1,2,4,6": 0.24835314868834013,
    "0,1,2,4,7": 0.7508645665039668,
    "0,1,2,5,6": -0.5343498047833926,
    "0,1,2,5,7": 0.6885182673711987,
    "0,1,2,6,7": 0.6927258586978895,
    "0,1,3,4,5": -2.458078706036354,
    "0,1,3,4,6": 0.0762715487230049,
    "0,1,3,4,7": -0.2147199266497397,
    "0,1,3,5,6": 0.5144765184214334,
    "0,1,3,5,7": -0.5149583425434419,
    "0,1,3,6,7": 0.06986266524960383,
    "0,1,4,5,6": 0.36618559068614087,
    "0,1,4,5,7": 0.6900628670910149,
    "0,1,4,6,7": 0.9221430470280768,
    "0,1,5,6,7": 0.7574449836381112,
    "0,2,3,4,5": 0.08637787697045474,
    "0,2,3,4,6": 0.3747604576543869,
    "0,2,3,4,7": 0.5734583013574434,
    "0,2,3,5,6": -0.5688725887352428,
    "0,2,3,5,7": 0.6703313111223286,
    "0,2,3,6,7": 0.7178940794988566,
    "0,2,4,5,6": 0.6777335538665057,
    "0,2,4,5,7": 0.5168729031223698,
    "0,2,4,6,7": 0.6363844161951147,
    "0,2,5,6,7": 0.9450477688937455,
    "0,3,4,5,6": 0.8354586119252986,
    "0,3,4,5,7": -0.7649337558135954,
    "0,3,4,6,7": 0.6523024028731543,
    "0,3,5,6,7": 0.8135946881338388,
    "0,4,5,6,7": 0.800963956275126,
    "1,2,3,4,5": -1.204352624149167,
    "1,2,3,4,6": -1.895580292089754,
    "1,2,3,4,7": -0.9238461255918067,
    "1,2,3,5,6": -1.671524510445677,
    "1,2,3,5,7": -0.789341221739718,
    "1,2,3,6,7": -0.167657178633019,
    "1,2,4,5,6": -0.6916200805263113,
    "1,2,4,5,7": -0.876813018275898,
    "1,2,4,6,7": 0.18342606961873653,
    "1,2,5,6,7": -1.664938822754141,
    "1,3,4,5,6": -1.6651104131973842,
    "1,3,4,5,7": -1.2718303306379677,
    "1,3,4,6,7": -0.8263422597846146,
    "1,3,5,6,7": 0.020724222461653063,
    "1,4,5,6,7": -0.038384051053667045,
    "2,3,4,5,6": -0.011161329028976485,
    "2,3,4,5,7": -0.3167427296333105,
    "2,3,4,6,7": -1.433525749839324,