{
  "object_name": "Game",
  "data_type": "game",
  "version": "1.4.2.dev29+g3d3c3a7e6.d20260421",
  "created_from": null,
  "description": null,
  "parameters": {},
  "timestamp": "2026-04-21T12:25:56.142182+00:00Z",
  "metadata": {
    "n_players": 8,
    "game_name": "Game_object",
    "normalization_value": -3.851571836584222,
    "precompute_flag": false,
    "precomputed": true,
    "player_names": null
  },
  "data": {
    "Empty": -3.851571836584222,
    "0": -3.3664928505824054,
    "1": -15.03383555407095,
    "2": -0.35024449491618914,
    "3": -3.163068265608705,
    "4": -11.13316991511121,
    "5": -0.6595614098130893,
    "6": -7.377876490745347,
    "7": -1.4410597844849922,
    "0,1": -0.5035745711151745,
    "0,2": -1.5992527228387265,
    "0,3": -14.136365874626842,
    "0,4": -6.2076304333397445,
    "0,5": -1.644499684691723,
    "0,6": -0.3212920233817653,
    "0,7": -2.3915631989892976,
    "1,2": -3.633534387598801,
    "1,3": -8.602093064638673,
    "1,4": -3.0531472663156736,
    "1,5": -1.3097485318670579,
    "1,6": -1.2603264880637624,
    "1,7": -5.260985191285559,
    "2,3": -3.4970997282498884,
    "2,4": -1.6360165490159853,
    "2,5": -6.166756692400736,
    "2,6": -4.061760602499395,
    "2,7": -0.1968255996935835,
    "3,4": 0.18563932617066148,
    "3,5": -2.7737651215990753,
    "3,6": -0.7485219436558324,
    "3,7": -3.660925215288996,
    "4,5": -1.239174115350059,
    "4,6": -3.2418357936249373,
    "4,7": -12.36223120817085,
    "5,6": -1.5002510487322112,
    "5,7": -2.0659112254862695,
    "6,7": -0.012363720862063943,
    "0,1,2": -1.2162969064111686,
    "0,1,3": -3.205769622483932,
    "0,1,4": -1.6017323139495536,
    "0,1,5": -3.9011785679155,
    "0,1,6": -9.722912507891262,
    "0,1,7": -0.8684376325777572,
    "0,2,3": -9.422989237554406,
    "0,2,4": -0.49412067233567303,
    "0,2,5": -2.6490993651490204,
    "0,2,6": -5.24410748304981,
    "0,2,7": -2.5250623002308923,
    "0,3,4": -3.38156067366321,
    "0,3,5": -4.83935220540418,
    "0,3,6": -0.5419513878924618,
    "0,3,7": -6.592500203804364,
    "0,4,5": -4.870601352688197,
    "0,4,6": -4.567368565217924,
    "0,4,7": -1.507321703029124,
    "0,5,6": -1.310186001352624,
    "0,5,7": -1.2862743903160632,
    "0,6,7": 0.658934061263527,
    "1,2,3": -1.4423723399928767,
    "1,2,4": -10.326216952486439,
    "1,2,5": -2.3459930229943646,
    "1,2,6": -1.1608874924888717,
    "1,2,7": -4.437311037724322,
    "1,3,4": -12.04693616858872,
    "1,3,5": -2.0382463418168153,
    "1,3,6": -7.565231097074065,
    "1,3,7": -3.717084808517659,
    "1,4,5": -1.5680372701330691,
    "1,4,6": -3.205122606945948,
    "1,4,7": -2.0992088788650234,
    "1,5,6": 0.11124550622741003,
    "1,5,7": -10.388931036159331,
    "1,6,7": -0.18908819633695728,
    "2,3,4": -2.966603963821894,
    "2,3,5": -0.4683544976376557,
    "2,3,6": -4.796925055478624,
    "2,3,7": -0.430369521146182,
    "2,4,5": -1.5733447886409881,
    "2,4,6": -4.319085549796037,
    "2,4,7": -12.628191465399528,
    "2,5,6": -2.5894926380798924,
    "2,5,7": -0.8174341959050897,
    "2,6,7": 0.5382338405750458,
    "3,4,5": -3.316149519268146,
    "3,4,6": -1.704387024111492,
    "3,4,7": -0.6364295166253915,
    "3,5,6": -2.2988064698250876,
    "3,5,7": -1.8440557871558676,
    "3,6,7": 0.17153590283820586,
    "4,5,6": -1.3283708765800948,
    "4,5,7": -6.703860673054022,
    "4,6,7": 0.43615799666785415,
    "5,6,7": 0.3803659926416805,
    "0,1,2,3": -4.615249106278531,
    "0,1,2,4": -2.5630610386698853,
    "0,1,2,5": -4.948872265556827,
    "0,1,2,6": 0.24692750440129363,
    "0,1,2,7": -6.251545227771338,
    "0,1,3,4": -2.8186589242667726,
    "0,1,3,5": -9.551782482652786,
    "0,1,3,6": -2.078826147249628,
    "0,1,3,7": -2.372354030475859,
    "0,1,4,5": -6.9275059548612825,
    "0,1,4,6": -3.5422018821227725,
    "0,1,4,7": -1.1565976234007835,
    "0,1,5,6": -1.4605059671646026,
    "0,1,5,7": -3.899736537609619,
    "0,1,6,7": 0.739827347026325,
    "0,2,3,4": -1.2484953403793315,
    "0,2,3,5": -7.994242046718892,
    "0,2,3,6": -3.1162331756553074,
    "0,2,3,7": -0.7196994999113606,
    "0,2,4,5": -0.4693175376720313,
    "0,2,4,6": -1.237355900154948,
    "0,2,4,7": -1.9512753807769312,
    "0,2,5,6": -13.023518802440941,
    "0,2,5,7": -5.214039690871546,
    "0,2,6,7": 0.21654024462536747,
    "0,3,4,5": -1.5398486370544022,
    "0,3,4,6": -0.2573986482443573,
    "0,3,4,7": -3.355331621818398,
    "0,3,5,6": -1.4782291454122656,
    "0,3,5,7": -2.382144756977351,
    "0,3,6,7": -1.5192330284990487,
    "0,4,5,6": 0.21080080956215785,
    "0,4,5,7": -2.2124537058926865,
    "0,4,6,7": 0.16483033469179187,
    "0,5,6,7": 0.6348155533511888,
    "1,2,3,4": -2.1106826163825128,
    "1,2,3,5": -1.7781292666676167,
    "1,2,3,6": -1.383917504761444,
    "1,2,3,7": -4.760792363949925,
    "1,2,4,5": -7.779481124537556,
    "1,2,4,6": -3.812237482526502,
    "1,2,4,7": -3.161921991825287,
    "1,2,5,6": -0.502682274707934,
    "1,2,5,7": -15.207595450360973,
    "1,2,6,7": 0.1548317510093684,
    "1,3,4,5": -3.6539035082437303,
    "1,3,4,6": -2.7267792859944575,
    "1,3,4,7": -5.188945614800415,
    "1,3,5,6": -4.730372913348175,
    "1,3,5,7": -0.6923536523511142,
    "1,3,6,7": 0.37072190766510327,
    "1,4,5,6": -2.7539183600522965,
    "1,4,5,7": -2.1039495951669083,
    "1,4,6,7": -1.897393472178007,
    "1,5,6,7": 0.3507242097830734,
    "2,3,4,5": -2.4704920062747115,
    "2,3,4,6": -3.1822830780498386,
    "2,3,4,7": -7.441724281304596,
    "2,3,5,6": -4.585589969493084,
    "2,3,5,7": -2.46463957965162,
    "2,3,6,7": -0.8199988419068416,
    "2,4,5,6": -0.8684534355889468,
    "2,4,5,7": -4.107638505827756,
    "2,4,6,7": 0.09251392658947344,
    "2,5,6,7": -1.2129992670662015,
    "3,4,5,6": -6.60855109157861,
    "3,4,5,7": -1.3261866930857242,
    "3,4,6,7": -0.3725537783992554,
    "3,5,6,7": -1.0566485653723698,
    "4,5,6,7": 0.1802958623055011,
    "0,1,2,3,4": -3.258344864997599,
    "0,1,2,3,5": -0.3921739135436644,
    "0,1,2,3,6": -5.045964303525579,
    "0,1,2,3,7": -3.9902996064992324,
    "0,1,2,4,5": -3.026628381307475,
    "0,1,2,4,6": -3.5471597452199406,
    "0,1,2,4,7": -2.5646431248864867,
    "0,1,2,5,6": -2.4941226997619412,
    "0,1,2,5,7": -1.9273612032284335,
    "0,1,2,6,7": 0.7635720617102554,
    "0,1,3,4,5": -2.152410651962899,
    "0,1,3,4,6": -0.40178740756981246,
    "0,1,3,4,7": -4.129575363806261,
    "0,1,3,5,6": -1.0940771123105035,
    "0,1,3,5,7": -8.89871277630634,
    "0,1,3,6,7": 0.6370389507291672,
    "0,1,4,5,6": -1.3718801557428137,
    "0,1,4,5,7": -2.677713177134785,
    "0,1,4,6,7": 0.7041526446998259,
    "0,1,5,6,7": -2.3158700554148814,
    "0,2,3,4,5": -1.4885423978147183,
    "0,2,3,4,6": -1.1147211026246464,
    "0,2,3,4,7": -3.47072054956171,
    "0,2,3,5,6": -2.7828731600338497,
    "0,2,3,5,7": -3.044585401161192,
    "0,2,3,6,7": 0.6923461381530944,
    "0,2,4,5,6": -4.488490205652094,
    "0,2,4,5,7": -5.3504170218214115,
    "0,2,4,6,7": 0.691893254354117,
    "0,2,5,6,7": 0.2900565523468539,
    "0,3,4,5,6": -0.20049860383935614,
    "0,3,4,5,7": -1.1749403061909214,
    "0,3,4,6,7": 0.4515931726353529,
    "0,3,5,6,7": 0.907612466705573,
    "0,4,5,6,7": 0.6465540323851946,
    "1,2,3,4,5": -1.0743458327648643,
    "1,2,3,4,6": -1.600945315191673,
    "1,2,3,4,7": -9.516937733015912,
    "1,2,3,5,6": -1.626795461421346,
    "1,2,3,5,7": -1.680569425885257,
    "1,2,3,6,7": -2.3377625715214942,
    "1,2,4,5,6": -0.8703165196359619,
    "1,2,4,5,7": -9.012309953212547,
    "1,2,4,6,7": -0.7102714275978643,
    "1,2,5,6,7": -1.023675183982701,
    "1,3,4,5,6": -5.451530752000263,
    "1,3,4,5,7": -1.9341559582288248,
    "1,3,4,6,7": -1.566354640578517,
    "1,3,5,6,7": 0.7993325119291469,
    "1,4,5,6,7": -1.0441776218763943,
    "2,3,4,5,6": -3.090386642365978,
    "2,3,4,5,7": -1.1480355662210262,
    "2,3,4,6,7": -0.3829165007027806,
    "2,3,5,6,7": 0.3504706603054287,