{
  "object_name": "Game",
  "data_type": "game",
  "version": "1.4.2.dev29+g3d3c3a7e6.d20260421",
  "created_from": null,
  "description": null,
  "parameters": {},
  "timestamp": "2026-04-21T12:25:56.216567+00:00Z",
  "metadata": {
    "n_players": 8,
    "game_name": "Game_object",
    "normalization_value": -3.0040003924002505,
    "precompute_flag": false,
    "precomputed": true,
    "player_names": null
  },
  "data": {
    "Empty": -3.0040003924002505,
    "0": 0.042173636254201674,
    "1": -1.9182743360475847,
    "2": -4.9236273554148,
    "3": -1.4338203486581462,
    "4": -1.7280005024626588,
    "5": -2.3347803753426986,
    "6": -1.188777077930741,
    "7": 0.018029613786346155,
    "0,1": -0.5587646919551668,
    "0,2": -1.4665744304243162,
    "0,3": -1.6518622784858752,
    "0,4": -0.1535329086275008,
    "0,5": 0.30571419567885205,
    "0,6": 0.30244091065850587,
    "0,7": 0.45004318771647633,
    "1,2": 0.26827986821909544,
    "1,3": -0.8321113645477596,
    "1,4": -4.5364487214450335,
    "1,5": -1.3958674804777718,
    "1,6": -1.6545283985479493,
    "1,7": -0.4532772457497942,
    "2,3": 0.21060907708315169,
    "2,4": -0.7214900864099736,
    "2,5": -0.328572917309115,
    "2,6": -1.6173291337452373,
    "2,7": -0.14428734334178528,
    "3,4": -0.17434281834309773,
    "3,5": -1.0011106243680294,
    "3,6": -1.4224445902150364,
    "3,7": -2.0109003198358195,
    "4,5": -1.3272846760592674,
    "4,6": -1.413622643673531,
    "4,7": -0.3136274591275552,
    "5,6": -1.7517064485772544,
    "5,7": -2.9157210732987644,
    "6,7": 0.12294399197255257,
    "0,1,2": 0.6220404216523338,
    "0,1,3": 0.03311930959719389,
    "0,1,4": -0.7674819342476946,
    "0,1,5": 0.5143783297443405,
    "0,1,6": -0.011152339888094165,
    "0,1,7": 0.21460933354719658,
    "0,2,3": 0.06173838138542165,
    "0,2,4": 0.3424630109313691,
    "0,2,5": 0.08131975088875876,
    "0,2,6": 0.07195640787787794,
    "0,2,7": 0.35655533403590245,
    "0,3,4": -1.1688796988191563,
    "0,3,5": 0.2240947088902514,
    "0,3,6": -0.12563395182594328,
    "0,3,7": -0.46595518192505136,
    "0,4,5": 0.13358166154765938,
    "0,4,6": 0.8361106563080141,
    "0,4,7": 0.4592628315877568,
    "0,5,6": -0.44773792512370125,
    "0,5,7": -0.4689925256076204,
    "0,6,7": 0.20946621885772831,
    "1,2,3": -2.2450729562637224,
    "1,2,4": -0.5365895569556618,
    "1,2,5": -1.2626275218164325,
    "1,2,6": -1.0733897437700541,
    "1,2,7": -0.8195416608514217,
    "1,3,4": -0.5608553936953755,
    "1,3,5": -3.547698047649793,
    "1,3,6": -4.063501152687563,
    "1,3,7": -0.24830477226010594,
    "1,4,5": -1.029940735413013,
    "1,4,6": -0.5784927467680132,
    "1,4,7": -2.585069690171344,
    "1,5,6": -2.781431061254529,
    "1,5,7": -1.0250217979963616,
    "1,6,7": -2.2609241534471387,
    "2,3,4": -0.5753516831783809,
    "2,3,5": 0.00782163529347124,
    "2,3,6": -0.16388313356422346,
    "2,3,7": -0.2477211451912924,
    "2,4,5": -0.04998347337334219,
    "2,4,6": -0.7950164159311226,
    "2,4,7": -1.4103070782903404,
    "2,5,6": -2.354946207881243,
    "2,5,7": -0.728080241155691,
    "2,6,7": -13.156717094243334,
    "3,4,5": -2.108955559801556,
    "3,4,6": -1.1749591181609742,
    "3,4,7": -0.06450316009509982,
    "3,5,6": -1.0247781156436147,
    "3,5,7": -1.326463397432994,
    "3,6,7": -3.7916451575391603,
    "4,5,6": -4.545437205838772,
    "4,5,7": -0.7351161219740268,
    "4,6,7": -0.6027222145591125,
    "5,6,7": -1.2926710439559495,
    "0,1,2,3": 0.1942372589733118,
    "0,1,2,4": 0.15645342057011846,
    "0,1,2,5": 0.3397382927131023,
    "0,1,2,6": -0.8332528447649308,
    "0,1,2,7": 0.39014601960652406,
    "0,1,3,4": 0.8286845372761937,
    "0,1,3,5": -1.4005778344343862,
    "0,1,3,6": -0.22556737476233812,
    "0,1,3,7": 0.23371979287042288,
    "0,1,4,5": -1.0003688525738377,
    "0,1,4,6": -2.4721355399372524,
    "0,1,4,7": 0.5498069850663757,
    "0,1,5,6": 0.5906319630209071,
    "0,1,5,7": 0.820565155133935,
    "0,1,6,7": 0.841112421931516,
    "0,2,3,4": -3.715960833587122,
    "0,2,3,5": 0.6265837091158359,
    "0,2,3,6": 0.5120765483797749,
    "0,2,3,7": 0.8228745983887609,
    "0,2,4,5": 0.09138840851434438,
    "0,2,4,6": 0.21406772494904402,
    "0,2,4,7": -0.31840772756926805,
    "0,2,5,6": -0.3652651583203377,
    "0,2,5,7": 0.09163788691234831,
    "0,2,6,7": 0.594841498426115,
    "0,3,4,5": 0.033204202520565884,
    "0,3,4,6": 0.27387031902046655,
    "0,3,4,7": 0.4714385480041663,
    "0,3,5,6": -1.3916053456151696,
    "0,3,5,7": 0.4551391375321312,
    "0,3,6,7": 0.6435765865510288,
    "0,4,5,6": -0.6243607855540769,
    "0,4,5,7": 0.7594253738592089,
    "0,4,6,7": 0.7917253148889971,
    "0,5,6,7": 0.900407647546239,
    "1,2,3,4": 0.18526177318910453,
    "1,2,3,5": -2.6720746774232826,
    "1,2,3,6": -0.7024602822102135,
    "1,2,3,7": -0.050415851083117635,
    "1,2,4,5": -1.7118171822822088,
    "1,2,4,6": -1.7384575726789162,
    "1,2,4,7": -7.952392231727352,
    "1,2,5,6": -1.8572583860901606,
    "1,2,5,7": -0.5348608252539915,
    "1,2,6,7": -0.8070781123939723,
    "1,3,4,5": -0.2335548132857952,
    "1,3,4,6": -2.902044133909949,
    "1,3,4,7": -2.078733002319606,
    "1,3,5,6": 0.1853915859977,
    "1,3,5,7": -1.0572727951825742,
    "1,3,6,7": -0.275134879839674,
    "1,4,5,6": -1.1965942114947183,
    "1,4,5,7": -2.789527733372609,
    "1,4,6,7": -0.6371655916641215,
    "1,5,6,7": 0.7147754954889731,
    "2,3,4,5": -4.750558229172093,
    "2,3,4,6": -4.396484022928468,
    "2,3,4,7": -0.3045631137674658,
    "2,3,5,6": -0.32151354446002056,
    "2,3,5,7": -0.9490436750723619,
    "2,3,6,7": -1.9289435624155837,
    "2,4,5,6": -1.3260644174675975,
    "2,4,5,7": -0.7391875098252694,
    "2,4,6,7": -0.4189405452836683,
    "2,5,6,7": 0.42070787787314823,
    "3,4,5,6": -0.22676119948940232,
    "3,4,5,7": -2.1256485642560947,
    "3,4,6,7": -0.20498850131758117,
    "3,5,6,7": -0.7116301612796698,
    "4,5,6,7": -0.665236278885692,
    "0,1,2,3,4": -0.044147935658384485,
    "0,1,2,3,5": 0.27356032140835884,
    "0,1,2,3,6": 0.15793727395988866,
    "0,1,2,3,7": 0.5690693335909447,
    "0,1,2,4,5": 0.7050425171088865,
    "0,1,2,4,6": -0.3342629950412521,
    "0,1,2,4,7": -1.7024369513595454,
    "0,1,2,5,6": 0.3288634642374433,
    "0,1,2,5,7": -0.02263785072570723,
    "0,1,2,6,7": 0.28023442595717896,
    "0,1,3,4,5": 0.447573999183714,
    "0,1,3,4,6": 0.721900598938948,
    "0,1,3,4,7": 0.44157674772176614,
    "0,1,3,5,6": -0.07675129067315978,
    "0,1,3,5,7": -1.5965856855168097,
    "0,1,3,6,7": 0.6904427546616234,
    "0,1,4,5,6": 0.9277598191892781,
    "0,1,4,5,7": 0.24659660469130573,
    "0,1,4,6,7": 0.5618555124918279,
    "0,1,5,6,7": 0.8999435872179724,
    "0,2,3,4,5": -0.9711909721044254,
    "0,2,3,4,6": 0.5828887242935528,
    "0,2,3,4,7": -0.9985527280542612,
    "0,2,3,5,6": 0.778983984484086,
    "0,2,3,5,7": 0.8039524411873058,
    "0,2,3,6,7": 0.8411647069999291,
    "0,2,4,5,6": -3.460028219166727,
    "0,2,4,5,7": 0.402965772393467,
    "0,2,4,6,7": 0.6693743816238854,
    "0,2,5,6,7": 0.7131058697722996,
    "0,3,4,5,6": 0.335589776662376,
    "0,3,4,5,7": 0.7321123275198314,
    "0,3,4,6,7": 0.8249403232770787,
    "0,3,5,6,7": 0.9157722434375776,
    "0,4,5,6,7": 0.692625131177848,
    "1,2,3,4,5": -1.5368936426379505,
    "1,2,3,4,6": 0.28334672159583474,
    "1,2,3,4,7": -1.3819839415838762,
    "1,2,3,5,6": -0.8640996041937865,
    "1,2,3,5,7": -4.795990012703953,
    "1,2,3,6,7": -0.7758550605346293,
    "1,2,4,5,6": -0.5686843835929676,
    "1,2,4,5,7": -1.417336012949042,
    "1,2,4,6,7": -0.2521680436296172,
    "1,2,5,6,7": 0.3714114117203172,
    "1,3,4,5,6": 0.07910216010841287,
    "1,3,4,5,7": -0.3916925531709601,
    "1,3,4,6,7": -0.6657627442097209,
    "1,3,5,6,7": -0.27305935471155074,
    "1,4,5,6,7": 0.41486514483058823,
    "2,3,4,5,6": -2.0158066828821743,
    "2,3,4,5,7": -0.3607072396335189,
    "2,3,4,6,7": -1.1278878509393895,