{
  "object_name": "Game",
  "data_type": "game",
  "version": "1.4.2.dev29+g3d3c3a7e6.d20260421",
  "created_from": null,
  "description": null,
  "parameters": {},
  "timestamp": "2026-04-21T12:25:56.262521+00:00Z",
  "metadata": {
    "n_players": 8,
    "game_name": "Game_object",
    "normalization_value": -1.3289101575538296,
    "precompute_flag": false,
    "precomputed": true,
    "player_names": null
  },
  "data": {
    "Empty": -1.3289101575538296,
    "0": -0.08512524684973588,
    "1": -0.38556746380271356,
    "2": -0.03452032925305759,
    "3": -0.4080278701314033,
    "4": -0.32677306445433096,
    "5": -2.50248484380144,
    "6": -0.49274106053841793,
    "7": -1.2087771692001215,
    "0,1": 0.03672854595571917,
    "0,2": -0.15707437686214143,
    "0,3": 0.3420489123947944,
    "0,4": -1.5617889481881568,
    "0,5": 0.4576403803841217,
    "0,6": 0.11932594336679359,
    "0,7": -3.0205427121617916,
    "1,2": -0.7942419468726405,
    "1,3": -2.1941565297215346,
    "1,4": -1.239132399936718,
    "1,5": -3.9910903578809114,
    "1,6": -2.0005728905127347,
    "1,7": -7.275227067088865,
    "2,3": 0.12014890938519385,
    "2,4": 0.3820941110741103,
    "2,5": -1.046529588127075,
    "2,6": -3.6155111390199366,
    "2,7": -1.3652134223059589,
    "3,4": -1.2407747276398737,
    "3,5": -0.31985850108660774,
    "3,6": -0.5938182541993411,
    "3,7": 0.04503659710474117,
    "4,5": -1.1029256884931007,
    "4,6": -0.4186815053134729,
    "4,7": -0.09252318726942277,
    "5,6": -0.026177822715609977,
    "5,7": -1.8347283011646849,
    "6,7": 0.06757235926787675,
    "0,1,2": -0.4370503242044843,
    "0,1,3": -0.09852598431512716,
    "0,1,4": -0.15837044144242185,
    "0,1,5": -0.06366373085399535,
    "0,1,6": -3.8349003547295863,
    "0,1,7": 0.5305914164649304,
    "0,2,3": -0.0485751879345786,
    "0,2,4": -0.1418271353695033,
    "0,2,5": 0.843177305050488,
    "0,2,6": -0.18847933718962806,
    "0,2,7": 0.3946485696820621,
    "0,3,4": -0.41088829603119037,
    "0,3,5": 0.3908058621342524,
    "0,3,6": -0.040894930027602916,
    "0,3,7": 0.0743873396081709,
    "0,4,5": 0.6295783042484572,
    "0,4,6": 0.11098083330699282,
    "0,4,7": 0.4425654357624105,
    "0,5,6": 0.4108820340351027,
    "0,5,7": 0.45048656083841065,
    "0,6,7": 0.829751029357607,
    "1,2,3": -0.792358877526971,
    "1,2,4": -3.6627349947684094,
    "1,2,5": -0.6226603226230587,
    "1,2,6": -0.7562662165509677,
    "1,2,7": -2.903061186733964,
    "1,3,4": -1.2946376479019408,
    "1,3,5": -0.8404569329867493,
    "1,3,6": -0.8318007534493261,
    "1,3,7": 0.021621821976672173,
    "1,4,5": -0.7603440438577354,
    "1,4,6": -0.2817183094214377,
    "1,4,7": -2.192340232820033,
    "1,5,6": -0.5690294029558578,
    "1,5,7": -0.08791033106624213,
    "1,6,7": 0.3936047412483067,
    "2,3,4": -1.7149555403614873,
    "2,3,5": 0.05571709694238347,
    "2,3,6": 0.22599803318111467,
    "2,3,7": -0.3756871204077503,
    "2,4,5": 0.3972533874234483,
    "2,4,6": -1.8852725054660842,
    "2,4,7": -0.09265414459482346,
    "2,5,6": -1.7025510917171962,
    "2,5,7": -0.7991704734465102,
    "2,6,7": -0.15492851219571402,
    "3,4,5": -0.900263016883516,
    "3,4,6": -1.375359767998042,
    "3,4,7": -1.782635572924082,
    "3,5,6": -0.6521272603828863,
    "3,5,7": -0.3029723252187957,
    "3,6,7": 0.24964166621702244,
    "4,5,6": -0.4751428766254051,
    "4,5,7": -1.3503686854672927,
    "4,6,7": 0.7352721636048185,
    "5,6,7": -0.023373458744375908,
    "0,1,2,3": -0.04040134413006524,
    "0,1,2,4": -0.5539570181734992,
    "0,1,2,5": -0.6609018228552306,
    "0,1,2,6": -0.4971434760351243,
    "0,1,2,7": -1.3005537244860488,
    "0,1,3,4": 0.48673264718678655,
    "0,1,3,5": -0.6710892370159305,
    "0,1,3,6": 0.6062945178428369,
    "0,1,3,7": 0.3705702534152139,
    "0,1,4,5": -0.1505851463818466,
    "0,1,4,6": 0.5600259602495801,
    "0,1,4,7": 0.5100446282542732,
    "0,1,5,6": 0.8359702055074842,
    "0,1,5,7": 0.24559687093491012,
    "0,1,6,7": 0.8494242390512049,
    "0,2,3,4": -0.16166364924630572,
    "0,2,3,5": -0.25530452541064297,
    "0,2,3,6": -4.199894565945375,
    "0,2,3,7": 0.1288907347463737,
    "0,2,4,5": 0.5843869229289961,
    "0,2,4,6": 0.16511353979664,
    "0,2,4,7": -0.6817131419685645,
    "0,2,5,6": 0.30752733695945467,
    "0,2,5,7": 0.5705730756673346,
    "0,2,6,7": 0.8994683660229147,
    "0,3,4,5": -0.09798531100128915,
    "0,3,4,6": -0.4044765966405448,
    "0,3,4,7": -0.30958078210778317,
    "0,3,5,6": -0.34194114062413794,
    "0,3,5,7": -0.815787134670731,
    "0,3,6,7": 0.7658167423898581,
    "0,4,5,6": 0.448878185005251,
    "0,4,5,7": -0.3490669818083023,
    "0,4,6,7": -0.01486692545547208,
    "0,5,6,7": 0.912314721621589,
    "1,2,3,4": -0.7131225421424363,
    "1,2,3,5": -0.31247117427701143,
    "1,2,3,6": -1.4562560050233482,
    "1,2,3,7": 0.12867526931343687,
    "1,2,4,5": -0.6211897164634745,
    "1,2,4,6": 0.01696357014568528,
    "1,2,4,7": -1.378637510586862,
    "1,2,5,6": -0.2206319627268034,
    "1,2,5,7": -0.48599163997042516,
    "1,2,6,7": -2.126247287294343,
    "1,3,4,5": -0.5901077727884299,
    "1,3,4,6": 0.017919975111231223,
    "1,3,4,7": -1.351475740814288,
    "1,3,5,6": 0.19021364353639014,
    "1,3,5,7": -0.8096185774606806,
    "1,3,6,7": -0.1850814360724371,
    "1,4,5,6": -1.9742543621491921,
    "1,4,5,7": -1.030652920901125,
    "1,4,6,7": 0.4610077160071554,
    "1,5,6,7": -0.44484569365506577,
    "2,3,4,5": -1.7028527774637054,
    "2,3,4,6": 0.05953883712757724,
    "2,3,4,7": -3.1539497905351794,
    "2,3,5,6": -1.1268051222310307,
    "2,3,5,7": -4.65264089010705,
    "2,3,6,7": 0.32607167187380715,
    "2,4,5,6": -0.8175800505377102,
    "2,4,5,7": 0.4492026765111329,
    "2,4,6,7": -0.24868170889983898,
    "2,5,6,7": -0.2881278761192594,
    "3,4,5,6": -0.5025380555581191,
    "3,4,5,7": 0.2520301613988595,
    "3,4,6,7": -0.6479788058548814,
    "3,5,6,7": -2.0232550485321044,
    "4,5,6,7": -1.9408234199148016,
    "0,1,2,3,4": 0.2463678599430268,
    "0,1,2,3,5": 0.3049631574565572,
    "0,1,2,3,6": -0.19339198939830649,
    "0,1,2,3,7": 0.40604321206599836,
    "0,1,2,4,5": -0.01642069878692376,
    "0,1,2,4,6": 0.5455374364873868,
    "0,1,2,4,7": 0.13549341889846955,
    "0,1,2,5,6": 0.6029323712999305,
    "0,1,2,5,7": 0.8354203582553981,
    "0,1,2,6,7": 0.77806445709666,
    "0,1,3,4,5": 0.5670224288510541,
    "0,1,3,4,6": -0.011586992118266748,
    "0,1,3,4,7": 0.8509898083588636,
    "0,1,3,5,6": -0.01974121288581876,
    "0,1,3,5,7": 0.453767179666836,
    "0,1,3,6,7": 0.45014156685812634,
    "0,1,4,5,6": 0.28627488443890414,
    "0,1,4,5,7": 0.5746146387737723,
    "0,1,4,6,7": 0.9549708565562661,
    "0,1,5,6,7": 0.9634677477228502,
    "0,2,3,4,5": -0.4604286930815096,
    "0,2,3,4,6": -0.3093408461495015,
    "0,2,3,4,7": 0.8423311993634828,
    "0,2,3,5,6": 0.722594508959864,
    "0,2,3,5,7": 0.4774036329778528,
    "0,2,3,6,7": 0.06140483854979906,
    "0,2,4,5,6": 0.3575725450276832,
    "0,2,4,5,7": 0.41394439904579705,
    "0,2,4,6,7": 0.9311453513771537,
    "0,2,5,6,7": 0.5822760650262945,
    "0,3,4,5,6": 0.5583911262370638,
    "0,3,4,5,7": 0.6292101068821724,
    "0,3,4,6,7": -1.579938042799495,
    "0,3,5,6,7": -0.02794618157301576,
    "0,4,5,6,7": 0.6969210019089647,
    "1,2,3,4,5": 0.10202548668506772,
    "1,2,3,4,6": -1.1514164872377624,
    "1,2,3,4,7": -0.21714079420002586,
    "1,2,3,5,6": -1.227585483767578,
    "1,2,3,5,7": -1.177381905733041,
    "1,2,3,6,7": -1.5716029630811938,
    "1,2,4,5,6": -2.8879513683832756,
    "1,2,4,5,7": -2.0718570911646395,
    "1,2,4,6,7": 0.2223355229447348,
    "1,2,5,6,7": 0.16902820441482402,
    "1,3,4,5,6": -1.2210594457527875,
    "1,3,4,5,7": -0.04276769235294475,
    "1,3,4,6,7": 0.28433500410910295,
    "1,3,5,6,7": 0.32327291585454365,
    "1,4,5,6,7": 0.21136367261781341,
    "2,3,4,5,6": -0.032426309731818925,
    "2,3,4,5,7": -1.4043440114227703,
    "2,3,4,6,7": -0.3618635978810121,