{
  "object_name": "Game",
  "data_type": "game",
  "version": "1.4.2.dev29+g3d3c3a7e6.d20260421",
  "created_from": null,
  "description": null,
  "parameters": {},
  "timestamp": "2026-04-21T12:25:56.068322+00:00Z",
  "metadata": {
    "n_players": 8,
    "game_name": "Game_object",
    "normalization_value": -0.6067563743124404,
    "precompute_flag": false,
    "precomputed": true,
    "player_names": null
  },
  "data": {
    "Empty": -0.6067563743124404,
    "0": -0.9153757717641975,
    "1": -1.02709821129264,
    "2": -3.025911077191445,
    "3": -0.83393205967884,
    "4": -1.7200503813487882,
    "5": -1.379886441718679,
    "6": -1.9752487979298197,
    "7": -1.5382516825626422,
    "0,1": -1.0014216285351951,
    "0,2": -0.24106024938953285,
    "0,3": -0.8785362437782736,
    "0,4": -0.8293883025155628,
    "0,5": -7.222709595059673,
    "0,6": 0.11283173765351406,
    "0,7": -1.3256821150628992,
    "1,2": -1.691420753412153,
    "1,3": -2.567070479976251,
    "1,4": -1.08571414487781,
    "1,5": -1.693892875444177,
    "1,6": -0.502734299814543,
    "1,7": -1.2976654873131288,
    "2,3": -2.5056542565038646,
    "2,4": -2.541080721563525,
    "2,5": -4.100755982688584,
    "2,6": -2.5261119141124606,
    "2,7": -1.1763924462044022,
    "3,4": -8.577185591432524,
    "3,5": -0.9600227692513337,
    "3,6": -8.514007194290404,
    "3,7": -1.4255190444927854,
    "4,5": -0.22875097136764988,
    "4,6": -1.425954359424221,
    "4,7": -1.8213672788182076,
    "5,6": -0.1471038767533588,
    "5,7": -1.5365033802997754,
    "6,7": 0.6807188960048908,
    "0,1,2": -0.8832401537911247,
    "0,1,3": -0.7627573858845547,
    "0,1,4": -6.555040688525192,
    "0,1,5": -5.832169883076964,
    "0,1,6": -0.7816010544153438,
    "0,1,7": -1.1160493058505594,
    "0,2,3": -3.103806761444397,
    "0,2,4": -0.9246867665909095,
    "0,2,5": -1.9493243719232383,
    "0,2,6": -2.175143477315256,
    "0,2,7": 0.07187881531937024,
    "0,3,4": -2.3216813914649217,
    "0,3,5": -0.6392870599226819,
    "0,3,6": -0.5312277263145677,
    "0,3,7": -2.8713665867259377,
    "0,4,5": -1.4496061289424245,
    "0,4,6": 0.23660492410666634,
    "0,4,7": -2.7685827404893786,
    "0,5,6": 0.5173130755020907,
    "0,5,7": -0.17348892156982743,
    "0,6,7": 0.6820256885990925,
    "1,2,3": -1.1964662882924166,
    "1,2,4": -1.940218137146732,
    "1,2,5": -2.8125617534980156,
    "1,2,6": -2.886924897566372,
    "1,2,7": -1.2430260813612342,
    "1,3,4": -4.848998042735105,
    "1,3,5": -2.593466893971966,
    "1,3,6": -5.209087418797607,
    "1,3,7": -2.1042850969496114,
    "1,4,5": -0.6406943623726225,
    "1,4,6": 0.07147753311107774,
    "1,4,7": -0.6958767711096543,
    "1,5,6": -0.2987745089811573,
    "1,5,7": -1.4173770692706413,
    "1,6,7": -0.43694300695878696,
    "2,3,4": -1.8893411657379393,
    "2,3,5": -2.5927915217267405,
    "2,3,6": -2.2222985493679923,
    "2,3,7": -7.044234793767824,
    "2,4,5": -0.2817974008072328,
    "2,4,6": -0.5489354991097948,
    "2,4,7": -5.020589278574129,
    "2,5,6": -0.1799370686130095,
    "2,5,7": -6.396086343412323,
    "2,6,7": -2.5730920590691335,
    "3,4,5": -3.4909610906104334,
    "3,4,6": -5.992679931942885,
    "3,4,7": -1.475157770750834,
    "3,5,6": -2.230689853564881,
    "3,5,7": -2.0451634256307365,
    "3,6,7": 0.814131933416091,
    "4,5,6": 0.1765351101586058,
    "4,5,7": -0.6959060750862953,
    "4,6,7": 0.49252650304326395,
    "5,6,7": -0.3618300062294515,
    "0,1,2,3": -3.496180752076329,
    "0,1,2,4": -0.7809653569267607,
    "0,1,2,5": -1.2957903406285567,
    "0,1,2,6": -1.0357174366544855,
    "0,1,2,7": -1.3299334767279976,
    "0,1,3,4": -2.1706741961044353,
    "0,1,3,5": -4.686984107823606,
    "0,1,3,6": -0.3170719050225217,
    "0,1,3,7": -6.61139118322568,
    "0,1,4,5": -0.8444400298167261,
    "0,1,4,6": 0.30997453179870726,
    "0,1,4,7": -0.16404105654115098,
    "0,1,5,6": -4.099911694318821,
    "0,1,5,7": 0.20974954218357422,
    "0,1,6,7": 0.44506012943098927,
    "0,2,3,4": -0.4326191052704389,
    "0,2,3,5": -0.9311696625677839,
    "0,2,3,6": -0.2759366072459952,
    "0,2,3,7": -1.7689995615124814,
    "0,2,4,5": -0.5635838834556441,
    "0,2,4,6": -0.10287398886216748,
    "0,2,4,7": -4.893510000424476,
    "0,2,5,6": -1.6883747592264178,
    "0,2,5,7": 0.6022133021950862,
    "0,2,6,7": 0.8690747818124082,
    "0,3,4,5": -2.8179659487649293,
    "0,3,4,6": -0.7572624458757591,
    "0,3,4,7": -0.7790957973607815,
    "0,3,5,6": -1.1941056711738924,
    "0,3,5,7": -0.16409571204350848,
    "0,3,6,7": 0.5162797429253392,
    "0,4,5,6": -0.6850623320424838,
    "0,4,5,7": -1.231167312163501,
    "0,4,6,7": 0.8222447625364395,
    "0,5,6,7": 0.8714463478185211,
    "1,2,3,4": -0.8744442747107619,
    "1,2,3,5": -1.0054227810769794,
    "1,2,3,6": -1.7419440695481998,
    "1,2,3,7": -4.0649279991381455,
    "1,2,4,5": -2.911309724835844,
    "1,2,4,6": -2.053850953684014,
    "1,2,4,7": -0.26341065726321977,
    "1,2,5,6": -2.0836248341526,
    "1,2,5,7": 0.28152077367977324,
    "1,2,6,7": 0.6248948827062455,
    "1,3,4,5": -1.389734509498607,
    "1,3,4,6": -1.7320210074819196,
    "1,3,4,7": -1.0406810404312283,
    "1,3,5,6": 0.4111004060104473,
    "1,3,5,7": -0.939082104182885,
    "1,3,6,7": -1.0781442331170137,
    "1,4,5,6": -3.3137104519906266,
    "1,4,5,7": -7.0908183635467115,
    "1,4,6,7": -0.07622601828330278,
    "1,5,6,7": -0.9372401257030096,
    "2,3,4,5": -3.3046974032940124,
    "2,3,4,6": -2.623342308890093,
    "2,3,4,7": -2.6865648830691384,
    "2,3,5,6": 0.37344602171228747,
    "2,3,5,7": -10.568487551870442,
    "2,3,6,7": -0.049789296084932655,
    "2,4,5,6": -3.5045976863923727,
    "2,4,5,7": -0.4368110354765631,
    "2,4,6,7": 0.056077916900758695,
    "2,5,6,7": 0.7179779140399609,
    "3,4,5,6": -2.4282120941087477,
    "3,4,5,7": -2.5218096455977435,
    "3,4,6,7": -0.5534975702088307,
    "3,5,6,7": 0.5424962315465058,
    "4,5,6,7": 0.015412177646979885,
    "0,1,2,3,4": -3.519639800825755,
    "0,1,2,3,5": -0.442897610109076,
    "0,1,2,3,6": -0.6162963776911208,
    "0,1,2,3,7": -1.1043957627400234,
    "0,1,2,4,5": -11.882797954713716,
    "0,1,2,4,6": 0.1569121941701186,
    "0,1,2,4,7": -0.6994987243900366,
    "0,1,2,5,6": 0.09230602165843471,
    "0,1,2,5,7": -1.529616071463932,
    "0,1,2,6,7": 0.8919334531676846,
    "0,1,3,4,5": -2.149317980475726,
    "0,1,3,4,6": -6.221163780553902,
    "0,1,3,4,7": -0.3979714373847245,
    "0,1,3,5,6": -1.252851903466777,
    "0,1,3,5,7": -1.1274551764138914,
    "0,1,3,6,7": 0.8387598594540473,
    "0,1,4,5,6": -1.5829347142994963,
    "0,1,4,5,7": -3.615317017366337,
    "0,1,4,6,7": 0.7769869964286296,
    "0,1,5,6,7": 0.813376053090295,
    "0,2,3,4,5": -0.4365799203531011,
    "0,2,3,4,6": -3.484409122540293,
    "0,2,3,4,7": -0.8537649253773212,
    "0,2,3,5,6": -1.5248622508370175,
    "0,2,3,5,7": -1.9131830960088734,
    "0,2,3,6,7": 0.5176166371396886,
    "0,2,4,5,6": -1.5834913094742213,
    "0,2,4,5,7": -0.5118511191767208,
    "0,2,4,6,7": -0.649944663806203,
    "0,2,5,6,7": 0.9638087532773106,
    "0,3,4,5,6": -1.632385323598721,
    "0,3,4,5,7": -3.3942462447808524,
    "0,3,4,6,7": 0.7850790846431526,
    "0,3,5,6,7": 0.7840106362013561,
    "0,4,5,6,7": 0.7613314470505492,
    "1,2,3,4,5": -1.6335659277353392,
    "1,2,3,4,6": -4.640891383843055,
    "1,2,3,4,7": -1.1271338381843798,
    "1,2,3,5,6": -0.8088268339359554,
    "1,2,3,5,7": -2.114522422537568,
    "1,2,3,6,7": 0.3420979503929723,
    "1,2,4,5,6": -2.889897057698155,
    "1,2,4,5,7": -1.1781214355222698,
    "1,2,4,6,7": -1.5575976527914168,
    "1,2,5,6,7": 0.6673195303467852,
    "1,3,4,5,6": -0.2512246162445837,
    "1,3,4,5,7": -1.3892297449960824,
    "1,3,4,6,7": 0.025168239830493766,
    "1,3,5,6,7": 0.1565403265652947,
    "1,4,5,6,7": 0.0184336621563429,
    "2,3,4,5,6": -1.6362077936287984,
    "2,3,4,5,7": -1.2382985714053052,
    "2,3,4,6,7": -0.016131164785149865,