{
  "object_name": "Game",
  "data_type": "game",
  "version": "1.4.2.dev29+g3d3c3a7e6.d20260421",
  "created_from": null,
  "description": null,
  "parameters": {},
  "timestamp": "2026-04-21T12:25:56.045784+00:00Z",
  "metadata": {
    "n_players": 8,
    "game_name": "Game_object",
    "normalization_value": -2.8400959095537943,
    "precompute_flag": false,
    "precomputed": true,
    "player_names": null
  },
  "data": {
    "Empty": -2.8400959095537943,
    "0": 0.18035376792276836,
    "1": -0.8811800101844856,
    "2": -2.301173789567346,
    "3": -2.3546509680193575,
    "4": -3.0874921983263492,
    "5": -1.5273475430273336,
    "6": -2.2689820075755627,
    "7": -0.5157800755464059,
    "0,1": -0.7139871313864139,
    "0,2": -0.3117185294127016,
    "0,3": -0.7394109755523541,
    "0,4": -2.814879601196644,
    "0,5": 0.40681220382108874,
    "0,6": -0.6996665334188934,
    "0,7": -0.8893202767946708,
    "1,2": 0.18474496221204195,
    "1,3": -2.6197214179074924,
    "1,4": -1.9615126217915586,
    "1,5": -14.549679411499998,
    "1,6": -0.25745414956152435,
    "1,7": -2.3415169585549855,
    "2,3": -1.3432780365089174,
    "2,4": -1.1110397336471172,
    "2,5": -1.2893309400364164,
    "2,6": -3.9962712092838863,
    "2,7": -0.4420000824828263,
    "3,4": -1.3116654456773946,
    "3,5": -2.949026166791566,
    "3,6": -0.7776965238849158,
    "3,7": -1.8753118746635775,
    "4,5": -2.074077667939756,
    "4,6": -3.231982724829864,
    "4,7": -0.3503648476191541,
    "5,6": -0.5535840567981811,
    "5,7": -0.9779120377633634,
    "6,7": -2.3421994297263518,
    "0,1,2": 0.5345850374789529,
    "0,1,3": -0.03569563017499,
    "0,1,4": 0.3984588939615299,
    "0,1,5": -0.0735304860395678,
    "0,1,6": 0.34628141587289285,
    "0,1,7": 0.16420453657083878,
    "0,2,3": -7.987267173916802,
    "0,2,4": -0.8155015474115119,
    "0,2,5": 0.3651860745003779,
    "0,2,6": 0.05272996465774493,
    "0,2,7": -0.9745660274708663,
    "0,3,4": -3.556792737418089,
    "0,3,5": -0.6600936096690999,
    "0,3,6": -1.369737688277918,
    "0,3,7": 0.5474396886731978,
    "0,4,5": 0.11831431030848849,
    "0,4,6": -5.872910798242436,
    "0,4,7": -0.2695147281960204,
    "0,5,6": 0.14629049517796644,
    "0,5,7": 0.3176241308529735,
    "0,6,7": 0.1892743526490276,
    "1,2,3": -0.4184276203355324,
    "1,2,4": -0.045399185183754076,
    "1,2,5": -4.397599858905367,
    "1,2,6": -1.6896209712508559,
    "1,2,7": -4.323589594764935,
    "1,3,4": -2.716616237739423,
    "1,3,5": -3.799903952784417,
    "1,3,6": -3.9167512798642594,
    "1,3,7": -3.9869442481363144,
    "1,4,5": -0.9144552241060271,
    "1,4,6": 0.2786125839972553,
    "1,4,7": -4.2027838725313975,
    "1,5,6": -8.923513793876111,
    "1,5,7": -0.5739053850338831,
    "1,6,7": -2.213918169903401,
    "2,3,4": -0.8089495087290342,
    "2,3,5": -9.40341380003759,
    "2,3,6": -0.8922849771004753,
    "2,3,7": -1.7118295058169979,
    "2,4,5": -2.6851856444759874,
    "2,4,6": -3.038725710237367,
    "2,4,7": -1.8020607038669239,
    "2,5,6": 0.019647167180614544,
    "2,5,7": -2.857464952041536,
    "2,6,7": 0.14617531321785737,
    "3,4,5": -3.134451901930248,
    "3,4,6": -2.8082408905895138,
    "3,4,7": -1.092041255660193,
    "3,5,6": -0.7687477747294629,
    "3,5,7": -2.0469741307316465,
    "3,6,7": -0.7633117189854155,
    "4,5,6": -0.48569039879201936,
    "4,5,7": -0.29443840144413547,
    "4,6,7": -0.5160033852383978,
    "5,6,7": 0.34811247903798703,
    "0,1,2,3": -1.2417017446027256,
    "0,1,2,4": -0.31789053432510017,
    "0,1,2,5": 0.3927719316389944,
    "0,1,2,6": -0.4735466545505782,
    "0,1,2,7": 0.28471191977982313,
    "0,1,3,4": 0.12387825461404345,
    "0,1,3,5": -0.9202355251291141,
    "0,1,3,6": -2.8089190870457466,
    "0,1,3,7": 0.2126994965318384,
    "0,1,4,5": 0.6113487891846523,
    "0,1,4,6": -0.2197622285119356,
    "0,1,4,7": -0.7386971731894025,
    "0,1,5,6": -1.223350777154352,
    "0,1,5,7": -4.671263519740355,
    "0,1,6,7": -0.31850984733462107,
    "0,2,3,4": -3.7927873946003245,
    "0,2,3,5": 0.013146638225279172,
    "0,2,3,6": -1.4049336767636644,
    "0,2,3,7": -0.5775219594714205,
    "0,2,4,5": 0.5624393750618613,
    "0,2,4,6": -3.7061025736510027,
    "0,2,4,7": 0.1395256594999824,
    "0,2,5,6": 0.41400623316168617,
    "0,2,5,7": -0.8668171125782609,
    "0,2,6,7": 0.4777710436819388,
    "0,3,4,5": -4.473523941998282,
    "0,3,4,6": -0.9484584401740572,
    "0,3,4,7": 0.3822438404686427,
    "0,3,5,6": 0.42499455175965684,
    "0,3,5,7": -0.5325203153654201,
    "0,3,6,7": -0.5474585174460942,
    "0,4,5,6": -2.649318889006414,
    "0,4,5,7": 0.7833627810768053,
    "0,4,6,7": -1.5117468415838942,
    "0,5,6,7": -0.8074123676781002,
    "1,2,3,4": -2.5433837639113803,
    "1,2,3,5": -0.16217560895148964,
    "1,2,3,6": -0.08251609806473259,
    "1,2,3,7": -1.694212455795046,
    "1,2,4,5": -1.5874400171807457,
    "1,2,4,6": -2.7341981873322982,
    "1,2,4,7": -2.0973557062402857,
    "1,2,5,6": -2.2255778468677283,
    "1,2,5,7": -0.38290956797613274,
    "1,2,6,7": 0.24589210269476958,
    "1,3,4,5": -0.5150321805597662,
    "1,3,4,6": -2.468368682866964,
    "1,3,4,7": -2.35982951853928,
    "1,3,5,6": -0.9040079223587829,
    "1,3,5,7": -4.019822791837273,
    "1,3,6,7": -2.1272786822488152,
    "1,4,5,6": -3.082845662980996,
    "1,4,5,7": -0.47647222149327684,
    "1,4,6,7": -1.5314212266433969,
    "1,5,6,7": -0.6784284576915536,
    "2,3,4,5": 0.11293219887333872,
    "2,3,4,6": -1.0315620006975834,
    "2,3,4,7": -1.5796396605134952,
    "2,3,5,6": -0.4612549662657073,
    "2,3,5,7": -1.3638298764053172,
    "2,3,6,7": 0.11404168150447003,
    "2,4,5,6": -0.19800376169661726,
    "2,4,5,7": -0.017630576515748064,
    "2,4,6,7": 0.8093984875232327,
    "2,5,6,7": -0.6872862121207117,
    "3,4,5,6": -0.8696429108298638,
    "3,4,5,7": -2.838367151030117,
    "3,4,6,7": -0.9796590955491897,
    "3,5,6,7": -0.9471711994538305,
    "4,5,6,7": -1.4285588326806056,
    "0,1,2,3,4": -0.7430968749661588,
    "0,1,2,3,5": -0.327650496659009,
    "0,1,2,3,6": 0.2074561612481035,
    "0,1,2,3,7": -3.6887744426759648,
    "0,1,2,4,5": -0.20919019426913588,
    "0,1,2,4,6": 0.2973542664539002,
    "0,1,2,4,7": 0.32198220948930767,
    "0,1,2,5,6": 0.45872527778260963,
    "0,1,2,5,7": -0.5224346038090169,
    "0,1,2,6,7": 0.5863093635127817,
    "0,1,3,4,5": -0.8336290859473892,
    "0,1,3,4,6": 0.025843908876835964,
    "0,1,3,4,7": -2.7871549270493765,
    "0,1,3,5,6": 0.27329793456803475,
    "0,1,3,5,7": -0.7932086939967409,
    "0,1,3,6,7": 0.5759506346069632,
    "0,1,4,5,6": -0.40731028780220924,
    "0,1,4,5,7": -6.034357639180149,
    "0,1,4,6,7": 0.041996820198331286,
    "0,1,5,6,7": 0.7006538033020069,
    "0,2,3,4,5": 0.4918112366430558,
    "0,2,3,4,6": -0.1544557493647265,
    "0,2,3,4,7": -0.28858822090411307,
    "0,2,3,5,6": -0.9394462108167139,
    "0,2,3,5,7": -0.014400225940107259,
    "0,2,3,6,7": 0.7854629406667181,
    "0,2,4,5,6": 0.6050386746360819,
    "0,2,4,5,7": 0.34329124522120424,
    "0,2,4,6,7": 0.4008649469407358,
    "0,2,5,6,7": 0.40680249685123837,
    "0,3,4,5,6": -9.145703000929169,
    "0,3,4,5,7": 0.10985705596039763,
    "0,3,4,6,7": -0.536553951784724,
    "0,3,5,6,7": 0.8934296977965738,
    "0,4,5,6,7": 0.8737689857773169,
    "1,2,3,4,5": -0.8438367189917306,
    "1,2,3,4,6": -4.808884342786899,
    "1,2,3,4,7": -0.7318631961760425,
    "1,2,3,5,6": -0.3950341050359718,
    "1,2,3,5,7": -1.1175472021734367,
    "1,2,3,6,7": -1.2618808495968654,
    "1,2,4,5,6": -0.6468164014950077,
    "1,2,4,5,7": -3.8961051751417193,
    "1,2,4,6,7": -0.043209484276802046,
    "1,2,5,6,7": -0.9151337144341223,
    "1,3,4,5,6": -0.5757059137353884,
    "1,3,4,5,7": -1.0730106121891012,
    "1,3,4,6,7": -0.18739585527948477,
    "1,3,5,6,7": -2.6237545569086125,
    "1,4,5,6,7": 0.05284173752211918,
    "2,3,4,5,6": -2.1726962766685953,
    "2,3,4,5,7": -0.4778485742709664,
    "2,3,4,6,7": 0.49300918458518095,