{
  "object_name": "Game",
  "data_type": "game",
  "version": "1.4.2.dev29+g3d3c3a7e6.d20260421",
  "created_from": null,
  "description": null,
  "parameters": {},
  "timestamp": "2026-04-21T12:25:56.056754+00:00Z",
  "metadata": {
    "n_players": 8,
    "game_name": "Game_object",
    "normalization_value": -1.8307277880264246,
    "precompute_flag": false,
    "precomputed": true,
    "player_names": null
  },
  "data": {
    "Empty": -1.8307277880264246,
    "0": -0.8605996772078612,
    "1": -1.3045676954740872,
    "2": -0.2974982166885216,
    "3": -1.0965387539319211,
    "4": -0.16032683961214267,
    "5": -1.3135947892512783,
    "6": -0.5052009899610941,
    "7": -2.6785052349227687,
    "0,1": -0.7324781981382933,
    "0,2": -0.3272678503034603,
    "0,3": -0.33621077918736186,
    "0,4": -0.27313552338663816,
    "0,5": 0.04864512550504385,
    "0,6": 0.4392938397068987,
    "0,7": -6.391419147776869,
    "1,2": -0.7216347479320964,
    "1,3": -3.9621733251674893,
    "1,4": -2.2113749419885393,
    "1,5": -3.3826317050481745,
    "1,6": -4.957093658775726,
    "1,7": -17.686237336740167,
    "2,3": -1.1680815128412108,
    "2,4": 0.0791012809480125,
    "2,5": -0.9618175095934105,
    "2,6": -3.519989492557735,
    "2,7": -1.6379439271592569,
    "3,4": -0.8831404973457315,
    "3,5": -0.8177015012482061,
    "3,6": -0.6677484403171514,
    "3,7": -0.7133170376927012,
    "4,5": -2.266211072053946,
    "4,6": 0.10499737113145247,
    "4,7": -1.5811187497455328,
    "5,6": -0.4351727002748007,
    "5,7": -3.8477658513890605,
    "6,7": 0.08143936946185937,
    "0,1,2": 0.4309264272972444,
    "0,1,3": -1.6074992141754643,
    "0,1,4": 0.41602507347275997,
    "0,1,5": -2.1880080613555184,
    "0,1,6": -1.9634058716102083,
    "0,1,7": 0.6013899109894488,
    "0,2,3": -0.6797660522113402,
    "0,2,4": -1.4165276635573352,
    "0,2,5": 0.6028862459727025,
    "0,2,6": -0.5581831540808477,
    "0,2,7": -0.08045668133822859,
    "0,3,4": -0.5003516110033324,
    "0,3,5": 0.5494391190974842,
    "0,3,6": -0.9408092143165088,
    "0,3,7": -0.5732968286274189,
    "0,4,5": -0.006155953667213332,
    "0,4,6": -1.0154977040539235,
    "0,4,7": 0.6395566909603974,
    "0,5,6": -0.5339226466039695,
    "0,5,7": -0.10478936483364265,
    "0,6,7": 0.6317619291810699,
    "1,2,3": -1.0942701414611928,
    "1,2,4": -4.5905702474343695,
    "1,2,5": -0.8224276874835332,
    "1,2,6": -1.4233965673164324,
    "1,2,7": -2.5928660774471326,
    "1,3,4": -0.3654191658837287,
    "1,3,5": -1.1972086754938993,
    "1,3,6": -1.4746037096320337,
    "1,3,7": -0.16970546363889305,
    "1,4,5": -1.6232228542756504,
    "1,4,6": -1.116998767604985,
    "1,4,7": -2.5175762462542957,
    "1,5,6": -0.7834801501803947,
    "1,5,7": -0.6594610072410567,
    "1,6,7": -0.02343995566624968,
    "2,3,4": -1.9703798756776054,
    "2,3,5": 0.1603153276488657,
    "2,3,6": -0.46378307981972466,
    "2,3,7": -0.5715579843831822,
    "2,4,5": 0.09963908347277106,
    "2,4,6": -4.0048484383366585,
    "2,4,7": -1.3021814790328867,
    "2,5,6": -0.6997912082408364,
    "2,5,7": -1.505736972101937,
    "2,6,7": -0.08574787131556305,
    "3,4,5": -0.1315964758216086,
    "3,4,6": -2.0335310184759168,
    "3,4,7": -2.886989295563515,
    "3,5,6": -0.05485824806868922,
    "3,5,7": -1.2597796977194418,
    "3,6,7": 0.00718762910301074,
    "4,5,6": -0.36967892982012707,
    "4,5,7": -2.62338035818006,
    "4,6,7": 0.8862153794896439,
    "5,6,7": 0.438108217094315,
    "0,1,2,3": -1.6780226134064105,
    "0,1,2,4": -1.8091197904880119,
    "0,1,2,5": -0.5317272381527902,
    "0,1,2,6": -1.467627531581012,
    "0,1,2,7": -2.2202347713336033,
    "0,1,3,4": 0.42480371262525873,
    "0,1,3,5": -2.590469995376186,
    "0,1,3,6": 0.15819380381310066,
    "0,1,3,7": 0.39324342858704053,
    "0,1,4,5": -4.357398516891796,
    "0,1,4,6": -0.37627896705759567,
    "0,1,4,7": 0.07315169117195508,
    "0,1,5,6": 0.9283025485214117,
    "0,1,5,7": 0.06776189570692848,
    "0,1,6,7": -1.427165700355257,
    "0,2,3,4": -0.3420028971065423,
    "0,2,3,5": -0.7487677217099853,
    "0,2,3,6": -2.63972840961479,
    "0,2,3,7": -0.10194355387705234,
    "0,2,4,5": -0.7764421747954535,
    "0,2,4,6": -0.031337188814841266,
    "0,2,4,7": -1.0154442263057506,
    "0,2,5,6": -0.3865774434387905,
    "0,2,5,7": -0.644472825398009,
    "0,2,6,7": -0.0739075160998206,
    "0,3,4,5": -1.30237826613075,
    "0,3,4,6": -1.911233154881327,
    "0,3,4,7": -0.8733129389721859,
    "0,3,5,6": -1.9752095021158054,
    "0,3,5,7": -1.5879630326572935,
    "0,3,6,7": 0.5925064011294621,
    "0,4,5,6": 0.3178389661459674,
    "0,4,5,7": -2.3141417197936915,
    "0,4,6,7": -1.321630452802323,
    "0,5,6,7": 0.9193585551391507,
    "1,2,3,4": -1.164202744753601,
    "1,2,3,5": -0.46788859390629156,
    "1,2,3,6": -0.9895631280630683,
    "1,2,3,7": 0.21910509378974252,
    "1,2,4,5": -1.639119069749396,
    "1,2,4,6": -0.6529121192627285,
    "1,2,4,7": -0.9531976537153704,
    "1,2,5,6": -1.9936075497313293,
    "1,2,5,7": -0.03148358600830936,
    "1,2,6,7": -2.6012560785551195,
    "1,3,4,5": 0.07499057730209402,
    "1,3,4,6": -0.8331545813206647,
    "1,3,4,7": -2.277551714374826,
    "1,3,5,6": 0.231437862232307,
    "1,3,5,7": -0.7711615274915649,
    "1,3,6,7": -0.13336075599117736,
    "1,4,5,6": -0.8344239531496591,
    "1,4,5,7": -1.2588833641702544,
    "1,4,6,7": -0.610390973062469,
    "1,5,6,7": -1.5040026806433437,
    "2,3,4,5": -1.3119168504263055,
    "2,3,4,6": -0.6147689390578028,
    "2,3,4,7": -2.4119474244944485,
    "2,3,5,6": -1.1606682844435197,
    "2,3,5,7": -7.243859499892325,
    "2,3,6,7": 0.26475371548772697,
    "2,4,5,6": -0.1691645245142952,
    "2,4,5,7": 0.19005520652501184,
    "2,4,6,7": -0.6364819583240222,
    "2,5,6,7": -3.4127604602279336,
    "3,4,5,6": -0.8433360860181864,
    "3,4,5,7": 0.26461935073812026,
    "3,4,6,7": -0.1425938561503135,
    "3,5,6,7": -6.8280102822655095,
    "4,5,6,7": -1.2905409769410263,
    "0,1,2,3,4": -0.12373137338797036,
    "0,1,2,3,5": -0.8662680701785652,
    "0,1,2,3,6": -1.3919529917212654,
    "0,1,2,3,7": -0.4479882922397076,
    "0,1,2,4,5": -1.1725704163652129,
    "0,1,2,4,6": 0.3244461951531846,
    "0,1,2,4,7": -0.16220445333761147,
    "0,1,2,5,6": 0.2820035612116639,
    "0,1,2,5,7": 0.7827513310257148,
    "0,1,2,6,7": 0.5031829749642583,
    "0,1,3,4,5": -1.0323998792782283,
    "0,1,3,4,6": 0.03063380806861382,
    "0,1,3,4,7": 0.6394862923481965,
    "0,1,3,5,6": -2.0822567855681497,
    "0,1,3,5,7": -0.6402424584557787,
    "0,1,3,6,7": -0.11380346324674595,
    "0,1,4,5,6": -1.3613943859396929,
    "0,1,4,5,7": 0.2819976235077932,
    "0,1,4,6,7": 0.3954847278644573,
    "0,1,5,6,7": 0.04402082483486214,
    "0,2,3,4,5": -0.6250424879551708,
    "0,2,3,4,6": -1.0325762772350986,
    "0,2,3,4,7": 0.6411236372362775,
    "0,2,3,5,6": -0.3749654806249483,
    "0,2,3,5,7": 0.1352413595492704,
    "0,2,3,6,7": -0.6202881791949715,
    "0,2,4,5,6": -0.49848318791852697,
    "0,2,4,5,7": 0.5552829474881371,
    "0,2,4,6,7": 0.826890541241827,
    "0,2,5,6,7": 0.11336146408349379,
    "0,3,4,5,6": -0.024813103450080254,
    "0,3,4,5,7": 0.5230514210267257,
    "0,3,4,6,7": -4.325200779412296,
    "0,3,5,6,7": 0.290850366146173,
    "0,4,5,6,7": 0.6396916478882557,
    "1,2,3,4,5": -0.6593835106476023,
    "1,2,3,4,6": -1.4093886784412653,
    "1,2,3,4,7": -0.24693569750213706,
    "1,2,3,5,6": -0.9997885181621868,
    "1,2,3,5,7": -1.4952385559871906,
    "1,2,3,6,7": -2.200506971949014,
    "1,2,4,5,6": -3.6688353356732657,
    "1,2,4,5,7": -3.2835933848684453,
    "1,2,4,6,7": 0.018282549979760643,
    "1,2,5,6,7": 0.648095242436957,
    "1,3,4,5,6": -1.446025173327374,
    "1,3,4,5,7": -0.3627175649533225,
    "1,3,4,6,7": 0.011243477122028889,
    "1,3,5,6,7": 0.1266474923741242,
    "1,4,5,6,7": -0.426675876345346,
    "2,3,4,5,6": -0.5996120868914536,
    "2,3,4,5,7": -2.6807480508974586,