{
  "object_name": "Game",
  "data_type": "game",
  "version": "1.4.2.dev29+g3d3c3a7e6.d20260421",
  "created_from": null,
  "description": null,
  "parameters": {},
  "timestamp": "2026-04-21T12:25:56.037247+00:00Z",
  "metadata": {
    "n_players": 8,
    "game_name": "Game_object",
    "normalization_value": -1.0508430716504455,
    "precompute_flag": false,
    "precomputed": true,
    "player_names": null
  },
  "data": {
    "Empty": -1.0508430716504455,
    "0": -1.400637724628778,
    "1": -0.8114828486091061,
    "2": 0.28765568082064596,
    "3": -1.038432987555315,
    "4": -3.708297928072155,
    "5": -0.7722021124849803,
    "6": -3.1421811941105533,
    "7": 0.002445838216862284,
    "0,1": -0.9866573782540193,
    "0,2": -0.012361313744969404,
    "0,3": 0.4813607059884444,
    "0,4": -2.1273252463517323,
    "0,5": -0.0320989982397748,
    "0,6": 0.48902993375447745,
    "0,7": -1.2501453283524744,
    "1,2": -11.37751359864913,
    "1,3": -3.3254064080021317,
    "1,4": -1.419404880214688,
    "1,5": -2.976577904133312,
    "1,6": -3.5708688779024316,
    "1,7": -1.4381316300741607,
    "2,3": 0.20962745471241306,
    "2,4": -2.0551595053568468,
    "2,5": -2.610118912311386,
    "2,6": -1.1488749250723291,
    "2,7": -1.7324778434740224,
    "3,4": -0.610582914428826,
    "3,5": -2.1165801353071525,
    "3,6": -4.75651446083565,
    "3,7": -0.654493096610737,
    "4,5": -1.3499866775630691,
    "4,6": -0.38575256424639237,
    "4,7": -5.184746766378279,
    "5,6": -0.6102246919052583,
    "5,7": -4.021257126629579,
    "6,7": -0.4953051544726752,
    "0,1,2": -0.11607851627675148,
    "0,1,3": -3.122119697687629,
    "0,1,4": -0.985876433571452,
    "0,1,5": 0.44189827055718867,
    "0,1,6": -0.3789704708162476,
    "0,1,7": 0.1608602332136435,
    "0,2,3": -4.203187889195401,
    "0,2,4": -1.4580891252370591,
    "0,2,5": 0.2357111109793879,
    "0,2,6": -0.5045462561951775,
    "0,2,7": 0.09333687362069643,
    "0,3,4": 0.41891019956983033,
    "0,3,5": 0.19582801366052882,
    "0,3,6": 0.045620792908468655,
    "0,3,7": 0.3724924798520347,
    "0,4,5": -0.41535918938520955,
    "0,4,6": 0.502514373335422,
    "0,4,7": 0.6418258126077263,
    "0,5,6": 0.47823280463247797,
    "0,5,7": 0.08300405121796117,
    "0,6,7": 0.7626316243856764,
    "1,2,3": -1.4602697735743893,
    "1,2,4": -1.5593715309967067,
    "1,2,5": -0.8180847791041281,
    "1,2,6": -0.7097278437602694,
    "1,2,7": -2.4418688622682647,
    "1,3,4": -0.8276580943658571,
    "1,3,5": -1.817152557138809,
    "1,3,6": -0.4962700971156204,
    "1,3,7": -0.20091007713673537,
    "1,4,5": -1.6405152395175104,
    "1,4,6": -0.5221787381038145,
    "1,4,7": -1.2887223878331033,
    "1,5,6": -2.3322081854164827,
    "1,5,7": -1.3492968520433832,
    "1,6,7": 0.23181797127477255,
    "2,3,4": -1.497844250906494,
    "2,3,5": -0.3656413688486373,
    "2,3,6": -0.6328299023000874,
    "2,3,7": -2.7788664509440992,
    "2,4,5": 0.3378320761672948,
    "2,4,6": 0.41491413268347666,
    "2,4,7": -2.9682021202985864,
    "2,5,6": -1.9082599380493006,
    "2,5,7": -0.08071560996426652,
    "2,6,7": -0.48411060313463894,
    "3,4,5": -1.7629725817309234,
    "3,4,6": -0.6641422063492237,
    "3,4,7": -0.13794305716495936,
    "3,5,6": -0.37138872723520944,
    "3,5,7": -0.4121339950981462,
    "3,6,7": -0.11423782006535044,
    "4,5,6": 0.16676143221967132,
    "4,5,7": -2.8378034531239487,
    "4,6,7": -0.7521043126598872,
    "5,6,7": -4.047157287571663,
    "0,1,2,3": -0.2605769384938672,
    "0,1,2,4": -0.09741089199714326,
    "0,1,2,5": -0.12526221573041263,
    "0,1,2,6": -0.5140895389520665,
    "0,1,2,7": 0.2539051156861646,
    "0,1,3,4": -0.7071451640463493,
    "0,1,3,5": 0.18147301602124977,
    "0,1,3,6": -6.958040088167588,
    "0,1,3,7": -1.6773251542024306,
    "0,1,4,5": -3.0815508621084238,
    "0,1,4,6": 0.5632395003518809,
    "0,1,4,7": -0.0829248180759854,
    "0,1,5,6": 0.6657463252337867,
    "0,1,5,7": -1.1337955505558899,
    "0,1,6,7": 0.285318512024216,
    "0,2,3,4": -0.01241701689437047,
    "0,2,3,5": -0.9774923403044946,
    "0,2,3,6": -0.26854877078696426,
    "0,2,3,7": -0.6569757492348274,
    "0,2,4,5": 0.055918090620054484,
    "0,2,4,6": -0.28878746965177604,
    "0,2,4,7": 0.2320753922061205,
    "0,2,5,6": 0.06453506011431742,
    "0,2,5,7": -1.4648446901397323,
    "0,2,6,7": 0.8320172967649984,
    "0,3,4,5": 0.03088747502960887,
    "0,3,4,6": -0.22469212312676845,
    "0,3,4,7": -0.3022146276824853,
    "0,3,5,6": 0.7577786287130255,
    "0,3,5,7": 0.2279208254992393,
    "0,3,6,7": -1.0305683339285139,
    "0,4,5,6": -2.782422549997868,
    "0,4,5,7": 0.5812162335180653,
    "0,4,6,7": -3.9028269948451246,
    "0,5,6,7": 0.1840765218682352,
    "1,2,3,4": -3.717514676487375,
    "1,2,3,5": -0.7614206476385439,
    "1,2,3,6": -6.235745362602634,
    "1,2,3,7": -1.0745179281888348,
    "1,2,4,5": -1.3720633403842943,
    "1,2,4,6": 0.23823024068602827,
    "1,2,4,7": -0.8298189383396928,
    "1,2,5,6": -0.09385922059341989,
    "1,2,5,7": -0.7340984729802082,
    "1,2,6,7": 0.265427268813228,
    "1,3,4,5": -1.699355125201421,
    "1,3,4,6": -3.7221720490485195,
    "1,3,4,7": -2.6223945779748266,
    "1,3,5,6": -0.8572824843939866,
    "1,3,5,7": -0.43813060369345225,
    "1,3,6,7": -0.8616291940540612,
    "1,4,5,6": -0.8207831597015971,
    "1,4,5,7": -0.022912550596934533,
    "1,4,6,7": -0.6670185616274764,
    "1,5,6,7": -0.08925449367854932,
    "2,3,4,5": -0.5840085494604721,
    "2,3,4,6": -0.35051927340795186,
    "2,3,4,7": -2.014821589808279,
    "2,3,5,6": -0.6664087464587598,
    "2,3,5,7": -1.4202061097306862,
    "2,3,6,7": -0.640913869359947,
    "2,4,5,6": -0.3981161232715551,
    "2,4,5,7": -2.315753932957516,
    "2,4,6,7": -0.2282707742023129,
    "2,5,6,7": -0.5061082890262827,
    "3,4,5,6": -0.22786718706887443,
    "3,4,5,7": -0.0727976727920685,
    "3,4,6,7": -0.6015592054893719,
    "3,5,6,7": -1.9188566371740583,
    "4,5,6,7": -0.9660655546514727,
    "0,1,2,3,4": 0.3599635911463158,
    "0,1,2,3,5": -3.017678812241943,
    "0,1,2,3,6": -0.3381268810169158,
    "0,1,2,3,7": -1.2805616759303384,
    "0,1,2,4,5": 0.5462010066351928,
    "0,1,2,4,6": 0.09953915943432978,
    "0,1,2,4,7": 0.038382316588778886,
    "0,1,2,5,6": 0.6236876005266823,
    "0,1,2,5,7": 0.35056625629522653,
    "0,1,2,6,7": -0.6290918914233423,
    "0,1,3,4,5": 0.6274552560346468,
    "0,1,3,4,6": 0.06973092694115934,
    "0,1,3,4,7": 0.3621111572534105,
    "0,1,3,5,6": 0.21877524043757224,
    "0,1,3,5,7": 0.7994258669387672,
    "0,1,3,6,7": 0.8228212133848289,
    "0,1,4,5,6": -1.7318467633797816,
    "0,1,4,5,7": -0.5507570691906134,
    "0,1,4,6,7": 0.5791312875924521,
    "0,1,5,6,7": 0.3815779106817051,
    "0,2,3,4,5": -0.5036828981036039,
    "0,2,3,4,6": 0.10630842895201353,
    "0,2,3,4,7": 0.0053176909725523025,
    "0,2,3,5,6": -0.10193954141675698,
    "0,2,3,5,7": -0.4510378803392243,
    "0,2,3,6,7": 0.5019036460464303,
    "0,2,4,5,6": 0.3197885541095923,
    "0,2,4,5,7": -0.4848961545936996,
    "0,2,4,6,7": 0.5783439524513341,
    "0,2,5,6,7": 0.8436031915778154,
    "0,3,4,5,6": 0.18260467943116876,
    "0,3,4,5,7": -0.46667573196321377,
    "0,3,4,6,7": 0.47654794301184844,
    "0,3,5,6,7": 0.8437897138627837,
    "0,4,5,6,7": 0.7481159994388025,
    "1,2,3,4,5": -1.529483109168472,
    "1,2,3,4,6": -1.6277298359178802,
    "1,2,3,4,7": -0.4845091608179628,
    "1,2,3,5,6": -1.4749239659414322,
    "1,2,3,5,7": -3.7031826858340375,
    "1,2,3,6,7": -3.223183103413408,
    "1,2,4,5,6": -4.137143427926388,
    "1,2,4,5,7": -1.5001917601450523,
    "1,2,4,6,7": -0.8399374249574969,
    "1,2,5,6,7": 0.4550356991827311,
    "1,3,4,5,6": -0.05481834490048754,
    "1,3,4,5,7": -0.8896726991511876,
    "1,3,4,6,7": -0.7512618546832279,
    "1,3,5,6,7": -0.7811351174308834,
    "1,4,5,6,7": -0.5161446445286175,
    "2,3,4,5,6": -4.1222325657917125,
    "2,3,4,5,7": -4.013978300618761,