{
  "object_name": "Game",
  "data_type": "game",
  "version": "1.4.2.dev29+g3d3c3a7e6.d20260421",
  "created_from": null,
  "description": null,
  "parameters": {},
  "timestamp": "2026-04-21T12:25:56.173043+00:00Z",
  "metadata": {
    "n_players": 8,
    "game_name": "Game_object",
    "normalization_value": -8.800773819969097,
    "precompute_flag": false,
    "precomputed": true,
    "player_names": null
  },
  "data": {
    "Empty": -8.800773819969097,
    "0": -43.00281545042783,
    "1": -2.4940510412943073,
    "2": -3.6947990711747645,
    "3": -15.011340903799965,
    "4": -5.837235513533193,
    "5": -18.215334610592425,
    "6": -5.828365915648486,
    "7": -2.375918351599828,
    "0,1": -3.3291108884671416,
    "0,2": -5.067142386996002,
    "0,3": -2.485350709440096,
    "0,4": -2.7472159493596453,
    "0,5": -1.982982704673387,
    "0,6": 0.22796612071797773,
    "0,7": -1.1223582427166208,
    "1,2": -2.4750854426384947,
    "1,3": -3.900328813637512,
    "1,4": -11.534005495299532,
    "1,5": -3.6744232407535655,
    "1,6": -1.474606982867031,
    "1,7": -2.425183750857793,
    "2,3": -1.3513834397864222,
    "2,4": -6.319509272390174,
    "2,5": -1.7894261958898707,
    "2,6": -3.336328191322364,
    "2,7": -4.380587024975743,
    "3,4": -2.910667284034484,
    "3,5": -2.9809492138992715,
    "3,6": -7.963477526570761,
    "3,7": -4.006478377874636,
    "4,5": -1.3683323714356623,
    "4,6": -4.9470292529768845,
    "4,7": -1.7758985010993706,
    "5,6": 0.1855465948675331,
    "5,7": -10.96329083348251,
    "6,7": -2.476113797977627,
    "0,1,2": -0.949067524749766,
    "0,1,3": 0.061749703815285883,
    "0,1,4": -2.1332209540306923,
    "0,1,5": -7.550830293878688,
    "0,1,6": -0.646254378604082,
    "0,1,7": -4.413309049420999,
    "0,2,3": -1.52446344649069,
    "0,2,4": -0.8591225268128933,
    "0,2,5": -4.421027380000485,
    "0,2,6": -5.007249504952005,
    "0,2,7": -2.5598607097132993,
    "0,3,4": -0.9648939142404562,
    "0,3,5": -0.6513035458329359,
    "0,3,6": -7.51025287936667,
    "0,3,7": -1.6966210627660128,
    "0,4,5": -0.4191121340975532,
    "0,4,6": -17.925068903672468,
    "0,4,7": -9.31997264166255,
    "0,5,6": -0.051823260672945404,
    "0,5,7": -4.532414760191354,
    "0,6,7": 0.7345135573316717,
    "1,2,3": -4.544036735230927,
    "1,2,4": -7.137070101807145,
    "1,2,5": -3.8632087640872372,
    "1,2,6": -6.73098182936686,
    "1,2,7": -2.0731887260746715,
    "1,3,4": -4.080052815161101,
    "1,3,5": -0.3671901514207969,
    "1,3,6": -2.0461642022830504,
    "1,3,7": -0.766164785390594,
    "1,4,5": -4.117784780765066,
    "1,4,6": -4.1081435399939155,
    "1,4,7": -3.5063159712616327,
    "1,5,6": -2.691393391771157,
    "1,5,7": -2.7746530663968034,
    "1,6,7": 0.07082726064845124,
    "2,3,4": -5.790290748160491,
    "2,3,5": -2.813501050970217,
    "2,3,6": -2.951493010223995,
    "2,3,7": -2.165635938030256,
    "2,4,5": -5.2959038977126225,
    "2,4,6": -2.7196123934882834,
    "2,4,7": -1.675207465191082,
    "2,5,6": -3.332347767469426,
    "2,5,7": -3.971924936061429,
    "2,6,7": 0.3926293979097091,
    "3,4,5": -3.88744693827236,
    "3,4,6": -4.619454426049612,
    "3,4,7": -2.8453173293176777,
    "3,5,6": -2.4559803487429988,
    "3,5,7": -1.6261644427377329,
    "3,6,7": 0.3462162384103815,
    "4,5,6": -0.9161039807753606,
    "4,5,7": -6.355620311708329,
    "4,6,7": 0.4099026826859359,
    "5,6,7": 0.056103926876263865,
    "0,1,2,3": -2.1610124032520215,
    "0,1,2,4": -6.721187220247434,
    "0,1,2,5": -0.5098875313110671,
    "0,1,2,6": -2.5454878631263407,
    "0,1,2,7": -4.119251085280961,
    "0,1,3,4": -1.326905996859527,
    "0,1,3,5": -2.140316922799775,
    "0,1,3,6": -1.4154804674167596,
    "0,1,3,7": -3.730168064360803,
    "0,1,4,5": -4.454409632342168,
    "0,1,4,6": -0.10840523789375456,
    "0,1,4,7": -2.597726110792041,
    "0,1,5,6": 0.18316861602844592,
    "0,1,5,7": -1.3271581253366018,
    "0,1,6,7": 0.7011893814514396,
    "0,2,3,4": -7.881444236349301,
    "0,2,3,5": -0.4318471519496574,
    "0,2,3,6": -6.254458219662498,
    "0,2,3,7": -1.5097865315025474,
    "0,2,4,5": -0.62702037667743,
    "0,2,4,6": -4.586093708392021,
    "0,2,4,7": -5.329820430715972,
    "0,2,5,6": -1.3888714569389298,
    "0,2,5,7": -2.228814542620401,
    "0,2,6,7": 0.3360747158069759,
    "0,3,4,5": -0.9570045171627573,
    "0,3,4,6": -2.98167218250261,
    "0,3,4,7": -3.2205541682582215,
    "0,3,5,6": -6.379128345462945,
    "0,3,5,7": -3.840206662309444,
    "0,3,6,7": 0.004115714230349621,
    "0,4,5,6": -0.6151934807672683,
    "0,4,5,7": -0.971402304027589,
    "0,4,6,7": 0.7101224701076609,
    "0,5,6,7": 0.7678719853395575,
    "1,2,3,4": -3.141109679922593,
    "1,2,3,5": -5.979514765776868,
    "1,2,3,6": -3.566567059298766,
    "1,2,3,7": -3.5065548981856383,
    "1,2,4,5": -2.4689281772764318,
    "1,2,4,6": -22.226908112221512,
    "1,2,4,7": -2.2262280721044636,
    "1,2,5,6": -2.89183811590693,
    "1,2,5,7": -1.742873372068523,
    "1,2,6,7": 0.3770033894933983,
    "1,3,4,5": -3.555901479929897,
    "1,3,4,6": -1.9991282642010852,
    "1,3,4,7": -2.850374756620222,
    "1,3,5,6": 0.007010941905466028,
    "1,3,5,7": -7.979575956921174,
    "1,3,6,7": -0.45669760922771974,
    "1,4,5,6": -3.8479914236669472,
    "1,4,5,7": -4.306963884147313,
    "1,4,6,7": 0.5887186788815161,
    "1,5,6,7": -0.1699652720213174,
    "2,3,4,5": -3.7569461871442957,
    "2,3,4,6": -3.3171849193293177,
    "2,3,4,7": -6.588465866588963,
    "2,3,5,6": -1.463431788642223,
    "2,3,5,7": -1.7011574325814536,
    "2,3,6,7": 0.39279299613537866,
    "2,4,5,6": -1.7218682765168944,
    "2,4,5,7": -1.6087949533877892,
    "2,4,6,7": -0.16656240087084084,
    "2,5,6,7": 0.025427396267266422,
    "3,4,5,6": -5.204158909530982,
    "3,4,5,7": -3.1614318149494505,
    "3,4,6,7": -1.48811007130206,
    "3,5,6,7": 0.24022687729553782,
    "4,5,6,7": 0.03674482522341349,
    "0,1,2,3,4": -0.5683924620453187,
    "0,1,2,3,5": -2.0530275145596386,
    "0,1,2,3,6": 0.08404380510838794,
    "0,1,2,3,7": -1.9703733379762016,
    "0,1,2,4,5": -6.053003774075463,
    "0,1,2,4,6": 0.0319962878680945,
    "0,1,2,4,7": -3.2466470771323896,
    "0,1,2,5,6": -3.392955339094865,
    "0,1,2,5,7": -2.0288361156678842,
    "0,1,2,6,7": 0.8658795958959783,
    "0,1,3,4,5": -1.1909405892566305,
    "0,1,3,4,6": -0.5756235149219024,
    "0,1,3,4,7": -2.0103829516594565,
    "0,1,3,5,6": -1.0460721620262676,
    "0,1,3,5,7": -11.703684673719009,
    "0,1,3,6,7": 0.8812903808388134,
    "0,1,4,5,6": -9.25767446186157,
    "0,1,4,5,7": -1.8528968969754214,
    "0,1,4,6,7": 0.7543710382248662,
    "0,1,5,6,7": 0.792092112428377,
    "0,2,3,4,5": -1.395996639124414,
    "0,2,3,4,6": 0.43528794098167956,
    "0,2,3,4,7": -3.468890773563107,
    "0,2,3,5,6": -0.6121567224397777,
    "0,2,3,5,7": -0.7948438640253741,
    "0,2,3,6,7": 0.7038208847937342,
    "0,2,4,5,6": -0.5327889310142033,
    "0,2,4,5,7": -0.36304399135055365,
    "0,2,4,6,7": 0.6625436721404476,
    "0,2,5,6,7": 0.661074089727443,
    "0,3,4,5,6": -3.8004240697729594,
    "0,3,4,5,7": -2.455192894529476,
    "0,3,4,6,7": 0.8502532038179116,
    "0,3,5,6,7": 0.7484618720639955,
    "0,4,5,6,7": 0.9399753703856198,
    "1,2,3,4,5": -2.9945891884236127,
    "1,2,3,4,6": -1.793395283330911,
    "1,2,3,4,7": -3.317986441535269,
    "1,2,3,5,6": -6.540675792706946,
    "1,2,3,5,7": -4.720615831831361,
    "1,2,3,6,7": 0.05123362042248614,
    "1,2,4,5,6": -8.393924207461778,
    "1,2,4,5,7": -1.5147127029232461,
    "1,2,4,6,7": -0.47314216502194695,
    "1,2,5,6,7": 0.035270925331888914,
    "1,3,4,5,6": -1.264801000182929,
    "1,3,4,5,7": -3.5130878037191575,
    "1,3,4,6,7": -0.6333273519954832,
    "1,3,5,6,7": 0.36885405299668217,
    "1,4,5,6,7": -0.004883940423574318,
    "2,3,4,5,6": -3.05587457450787,
    "2,3,4,5,7": -5.575486206525152,
    "2,3,4,6,7": -1.4023918247527747,
    "2,3,5,6,7": 0.7327616589248838,