{
  "object_name": "Game",
  "data_type": "game",
  "version": "1.4.2.dev29+g3d3c3a7e6.d20260421",
  "created_from": null,
  "description": null,
  "parameters": {},
  "timestamp": "2026-04-21T12:25:56.250575+00:00Z",
  "metadata": {
    "n_players": 8,
    "game_name": "Game_object",
    "normalization_value": -1.1915425366173529,
    "precompute_flag": false,
    "precomputed": true,
    "player_names": null
  },
  "data": {
    "Empty": -1.1915425366173529,
    "0": -0.4712594589897985,
    "1": 0.15576132964217704,
    "2": -0.9267171042948394,
    "3": -1.5031947349411392,
    "4": -1.503591625313959,
    "5": -1.0149764093152536,
    "6": -1.5156847243515141,
    "7": -0.3996166123087832,
    "0,1": -0.5901286102674723,
    "0,2": -0.6807723550814775,
    "0,3": 0.4628494079969143,
    "0,4": -0.07496092607951166,
    "0,5": -0.6848274168644499,
    "0,6": -0.5788319180381323,
    "0,7": 0.2940513978931357,
    "1,2": -0.30993161695607774,
    "1,3": -0.8097449683932221,
    "1,4": -0.9441193025585284,
    "1,5": -0.776744486067555,
    "1,6": -2.592238525559538,
    "1,7": -2.589009410404565,
    "2,3": -1.0997816705762475,
    "2,4": -0.3141541453573702,
    "2,5": -0.2616161846706744,
    "2,6": -2.3002975612568743,
    "2,7": -2.947174125844078,
    "3,4": -0.8848928040010735,
    "3,5": -1.103425087151109,
    "3,6": -1.0240691016798036,
    "3,7": -0.3931920677931542,
    "4,5": -1.1106801749934525,
    "4,6": -5.8677096320447095,
    "4,7": -0.7408375930025861,
    "5,6": -0.4813122072557374,
    "5,7": -2.8715911410819697,
    "6,7": -0.41921015599679023,
    "0,1,2": -0.18778317049015691,
    "0,1,3": 0.23826971564969068,
    "0,1,4": 0.15334017378790787,
    "0,1,5": 0.21274099383754674,
    "0,1,6": -0.21581280910335865,
    "0,1,7": -1.3384533842312991,
    "0,2,3": 0.22560639533189386,
    "0,2,4": -0.07682686636570502,
    "0,2,5": -1.2417012107260041,
    "0,2,6": -0.5793882564172292,
    "0,2,7": -0.8646687147895455,
    "0,3,4": -0.9206322845967587,
    "0,3,5": -1.0153961047123086,
    "0,3,6": 0.7629306571167636,
    "0,3,7": -1.37632301753847,
    "0,4,5": 0.12873829795981107,
    "0,4,6": 0.10694171099031291,
    "0,4,7": 0.523881164294809,
    "0,5,6": -0.42254309309071014,
    "0,5,7": 0.5084379970958446,
    "0,6,7": 0.7009455417033308,
    "1,2,3": -2.0822039790798907,
    "1,2,4": -1.3158009096063434,
    "1,2,5": 0.21191996907597244,
    "1,2,6": -0.8218875668925101,
    "1,2,7": -0.13890240117554709,
    "1,3,4": -1.0840436003254035,
    "1,3,5": -2.529213218075666,
    "1,3,6": -1.325529057646194,
    "1,3,7": -1.3125934600915778,
    "1,4,5": -1.656238510732619,
    "1,4,6": -2.539574979732415,
    "1,4,7": -0.9717276374424517,
    "1,5,6": -0.8659873943224565,
    "1,5,7": -0.5460151138505949,
    "1,6,7": 0.6063578749680214,
    "2,3,4": -1.3763998897011738,
    "2,3,5": -1.1234265785768192,
    "2,3,6": -2.287962349808241,
    "2,3,7": -0.5056242734180298,
    "2,4,5": -0.613324817919465,
    "2,4,6": 0.15933409245377073,
    "2,4,7": -1.802756892995697,
    "2,5,6": -1.2228342171350408,
    "2,5,7": -0.8525052385532694,
    "2,6,7": -1.0444707788200347,
    "3,4,5": 0.3207304896214833,
    "3,4,6": 0.32189304619095027,
    "3,4,7": -1.7888739537270815,
    "3,5,6": -0.9121491886846298,
    "3,5,7": -0.10112120777663725,
    "3,6,7": -0.012031420762505629,
    "4,5,6": 0.2171079127167862,
    "4,5,7": -2.0607379870828004,
    "4,6,7": 0.289164989332398,
    "5,6,7": -0.12608647534967243,
    "0,1,2,3": 0.5111612393871054,
    "0,1,2,4": -0.8099659970393089,
    "0,1,2,5": 0.5396318256147282,
    "0,1,2,6": -0.7587951547596363,
    "0,1,2,7": -0.13070238735759898,
    "0,1,3,4": -0.026230099411543417,
    "0,1,3,5": 0.6515003927783012,
    "0,1,3,6": -6.158575610167362,
    "0,1,3,7": 0.45713765818248364,
    "0,1,4,5": 0.07017391846596632,
    "0,1,4,6": 0.5405599684844524,
    "0,1,4,7": -1.086041414355042,
    "0,1,5,6": 0.4660457341131832,
    "0,1,5,7": 0.11195004326152791,
    "0,1,6,7": 0.4635574303489063,
    "0,2,3,4": 0.10619293107542016,
    "0,2,3,5": 0.1920858287854167,
    "0,2,3,6": 0.5211392643521504,
    "0,2,3,7": 0.49674894288290217,
    "0,2,4,5": -0.9648503080398814,
    "0,2,4,6": -0.8299103965824419,
    "0,2,4,7": -1.8633072835809603,
    "0,2,5,6": -0.02705961702760895,
    "0,2,5,7": 0.7901759690179904,
    "0,2,6,7": 0.3403628956675977,
    "0,3,4,5": -0.7555172758578139,
    "0,3,4,6": -0.0645893252012586,
    "0,3,4,7": 0.3050308498640891,
    "0,3,5,6": 0.7830165860479771,
    "0,3,5,7": 0.8110543905389519,
    "0,3,6,7": -2.17333280008498,
    "0,4,5,6": 0.1304359648529806,
    "0,4,5,7": 0.24534652539479573,
    "0,4,6,7": 0.9759250766650657,
    "0,5,6,7": 0.77900998720602,
    "1,2,3,4": -0.8492192810564034,
    "1,2,3,5": -1.2566720259272999,
    "1,2,3,6": -9.312350999178863,
    "1,2,3,7": -0.3821818618487587,
    "1,2,4,5": -1.3006847330991271,
    "1,2,4,6": -1.1380107929991858,
    "1,2,4,7": -3.4679831412555178,
    "1,2,5,6": -3.182013664313576,
    "1,2,5,7": -0.8565406574953147,
    "1,2,6,7": 0.005177751979685952,
    "1,3,4,5": -0.4511238800565536,
    "1,3,4,6": -0.5963251225654034,
    "1,3,4,7": -0.9269032042826475,
    "1,3,5,6": -3.9496335179853688,
    "1,3,5,7": -0.9296366604443964,
    "1,3,6,7": 0.18248171722793782,
    "1,4,5,6": -1.322144220706463,
    "1,4,5,7": -0.5297877405521385,
    "1,4,6,7": -1.209619956183523,
    "1,5,6,7": -0.2653900108533849,
    "2,3,4,5": -0.15793074058286027,
    "2,3,4,6": -3.2518913434173005,
    "2,3,4,7": -1.7682299973929312,
    "2,3,5,6": -2.216094671591251,
    "2,3,5,7": 0.1396814536975265,
    "2,3,6,7": -0.10961846795443608,
    "2,4,5,6": 0.37071173293129,
    "2,4,5,7": -0.38120400284988554,
    "2,4,6,7": -0.031374091729621245,
    "2,5,6,7": -3.8631434361180705,
    "3,4,5,6": -0.8771009816362445,
    "3,4,5,7": 0.5599116159694517,
    "3,4,6,7": -0.11095083885657342,
    "3,5,6,7": -0.13649350174234676,
    "4,5,6,7": -0.19630941127064006,
    "0,1,2,3,4": 0.6403486618559935,
    "0,1,2,3,5": 0.746925543708904,
    "0,1,2,3,6": -0.6311580437215767,
    "0,1,2,3,7": -0.20270673244521697,
    "0,1,2,4,5": -1.5947497613155464,
    "0,1,2,4,6": 0.39726340082752765,
    "0,1,2,4,7": 0.3599141549592927,
    "0,1,2,5,6": 0.4980511308553712,
    "0,1,2,5,7": -4.812302292980727,
    "0,1,2,6,7": 0.7821830113337322,
    "0,1,3,4,5": 0.8262418352437286,
    "0,1,3,4,6": 0.8614211695548619,
    "0,1,3,4,7": 0.18988056216354765,
    "0,1,3,5,6": 0.26947134088738567,
    "0,1,3,5,7": 0.3184871606500371,
    "0,1,3,6,7": 0.3422055130095264,
    "0,1,4,5,6": 0.2903897984923416,
    "0,1,4,5,7": 0.38639367685925174,
    "0,1,4,6,7": 0.4363691541249838,
    "0,1,5,6,7": 0.9765765358032106,
    "0,2,3,4,5": 0.21741413817107058,
    "0,2,3,4,6": 0.8410076192716948,
    "0,2,3,4,7": -0.6918176480425462,
    "0,2,3,5,6": 0.24793793108340378,
    "0,2,3,5,7": 0.27219529652738195,
    "0,2,3,6,7": 0.880608829034887,
    "0,2,4,5,6": 0.2269392090229433,
    "0,2,4,5,7": 0.29344292262391847,
    "0,2,4,6,7": 0.8046893914302871,
    "0,2,5,6,7": 0.8816057515166527,
    "0,3,4,5,6": 0.30951845758326624,
    "0,3,4,5,7": 0.6358906676050328,
    "0,3,4,6,7": 0.6680354376744517,
    "0,3,5,6,7": 0.9699738227284979,
    "0,4,5,6,7": 0.189126946314225,
    "1,2,3,4,5": -0.9461830679824437,
    "1,2,3,4,6": 0.15864377694852339,
    "1,2,3,4,7": -0.3573393681094763,
    "1,2,3,5,6": 0.03874149078097244,
    "1,2,3,5,7": 0.4334013819553323,
    "1,2,3,6,7": -0.5340561924903247,
    "1,2,4,5,6": -1.3087107097835569,
    "1,2,4,5,7": -1.6107964801045926,
    "1,2,4,6,7": -0.6187595418786411,
    "1,2,5,6,7": 0.2163479575217413,
    "1,3,4,5,6": -0.13770902674767838,
    "1,3,4,5,7": -0.36461837338781855,
    "1,3,4,6,7": -0.24865824117114266,
    "1,3,5,6,7": -0.35572825780145734,
    "1,4,5,6,7": 0.5431943456305957,
    "2,3,4,5,6": 0.34835301455922696,
    "2,3,4,5,7": -1.705565016021858,
    "2,3,4,6,7": 0.540726768815494,