{
  "object_name": "Game",
  "data_type": "game",
  "version": "1.4.2.dev29+g3d3c3a7e6.d20260421",
  "created_from": null,
  "description": null,
  "parameters": {},
  "timestamp": "2026-04-21T12:25:56.128509+00:00Z",
  "metadata": {
    "n_players": 8,
    "game_name": "Game_object",
    "normalization_value": -1.7009965134689544,
    "precompute_flag": false,
    "precomputed": true,
    "player_names": null
  },
  "data": {
    "Empty": -1.7009965134689544,
    "0": -1.6081411264235559,
    "1": -3.711382226742413,
    "2": -1.732939236488312,
    "3": -7.1158331270676864,
    "4": -1.3009152089359466,
    "5": -14.428502119513945,
    "6": -6.824453358557508,
    "7": -0.7058663876762978,
    "0,1": -0.968214456820333,
    "0,2": -2.282930255052387,
    "0,3": -0.5335593470276261,
    "0,4": -1.6662493321059442,
    "0,5": -11.690029069856527,
    "0,6": -0.5336483233246698,
    "0,7": -4.861414752434412,
    "1,2": -0.962683969024585,
    "1,3": -0.9765977783857267,
    "1,4": -1.4286849941928872,
    "1,5": -10.737489823770426,
    "1,6": -6.484351302646987,
    "1,7": -1.5114370659008052,
    "2,3": -6.9019702761625386,
    "2,4": -2.5329359514468197,
    "2,5": -2.47350435808615,
    "2,6": -0.5518142371312114,
    "2,7": -2.320733744545402,
    "3,4": -0.8972641973678583,
    "3,5": -2.054327207011826,
    "3,6": -3.100189898942249,
    "3,7": -2.156114287565269,
    "4,5": -2.3424526406497077,
    "4,6": -4.398638722108306,
    "4,7": -0.3906374641849284,
    "5,6": -1.2960528432240075,
    "5,7": -1.5652364804710146,
    "6,7": 0.4326340699083704,
    "0,1,2": -0.6582284278835391,
    "0,1,3": -5.090450905215257,
    "0,1,4": -1.2589025439887482,
    "0,1,5": -0.5591935790363325,
    "0,1,6": 0.00871091772077559,
    "0,1,7": -2.731406234006424,
    "0,2,3": -2.8073820702178365,
    "0,2,4": -0.7051304226572044,
    "0,2,5": -5.399273072713979,
    "0,2,6": 0.38767243467981116,
    "0,2,7": -1.4973528241443832,
    "0,3,4": -3.603388643307879,
    "0,3,5": -0.7490274772213164,
    "0,3,6": -1.0391888714535082,
    "0,3,7": -3.028320205818355,
    "0,4,5": -0.40513347630089247,
    "0,4,6": -2.3583640475557877,
    "0,4,7": -5.879956205947382,
    "0,5,6": -1.2556825415470492,
    "0,5,7": -2.4621141508538025,
    "0,6,7": 0.5604419838284824,
    "1,2,3": -0.4900793375686452,
    "1,2,4": -4.0704673908351,
    "1,2,5": -19.629758622701154,
    "1,2,6": -3.8423755036833676,
    "1,2,7": -3.948022826568229,
    "1,3,4": -3.319675488152849,
    "1,3,5": -3.0906934274975146,
    "1,3,6": -2.8845782323349147,
    "1,3,7": -3.488698009805935,
    "1,4,5": -6.249383779261034,
    "1,4,6": -2.044734392085782,
    "1,4,7": -3.7746854939276,
    "1,5,6": -2.089833119448703,
    "1,5,7": -3.944702184608734,
    "1,6,7": -0.3750252547224491,
    "2,3,4": -3.587079222040092,
    "2,3,5": -8.180280447152132,
    "2,3,6": -4.667248609214242,
    "2,3,7": -2.4201675797751987,
    "2,4,5": -1.1799737922265288,
    "2,4,6": -0.7113461126316749,
    "2,4,7": -1.461024696063832,
    "2,5,6": -3.243154649394003,
    "2,5,7": -3.4977628343481184,
    "2,6,7": 0.6457253451434415,
    "3,4,5": -1.7659740161735944,
    "3,4,6": -6.074348166396335,
    "3,4,7": -6.688075114415728,
    "3,5,6": -2.471386262284736,
    "3,5,7": -1.3357525531619392,
    "3,6,7": -0.0011855435895042898,
    "4,5,6": -7.480615768183814,
    "4,5,7": -0.37082852427238877,
    "4,6,7": -0.20116492695611043,
    "5,6,7": 0.5471110923161253,
    "0,1,2,3": -17.71928725867686,
    "0,1,2,4": -0.22563627882068715,
    "0,1,2,5": -6.803052770353858,
    "0,1,2,6": -0.8480093272491931,
    "0,1,2,7": -0.722869072268151,
    "0,1,3,4": -4.289319386513615,
    "0,1,3,5": -1.174900478122836,
    "0,1,3,6": -3.4580096884896694,
    "0,1,3,7": -6.088733096335991,
    "0,1,4,5": -0.40485548657647796,
    "0,1,4,6": -0.9763869092826203,
    "0,1,4,7": -2.207927269437038,
    "0,1,5,6": -2.104161694761999,
    "0,1,5,7": -3.3543999171301273,
    "0,1,6,7": 0.49116410372357444,
    "0,2,3,4": -0.32965079297741395,
    "0,2,3,5": -2.262439474691816,
    "0,2,3,6": -46.136440958112274,
    "0,2,3,7": -2.6120404180091943,
    "0,2,4,5": -1.6324358923803266,
    "0,2,4,6": -1.6878974480914128,
    "0,2,4,7": -4.764469933740786,
    "0,2,5,6": -10.043750091180504,
    "0,2,5,7": -3.9754160513383505,
    "0,2,6,7": -1.5892428762412072,
    "0,3,4,5": -4.254201007417008,
    "0,3,4,6": -4.219535133767758,
    "0,3,4,7": -6.28588437989134,
    "0,3,5,6": -6.493689285659938,
    "0,3,5,7": -0.40219470119061174,
    "0,3,6,7": 0.7761613658157653,
    "0,4,5,6": -0.6994930838934064,
    "0,4,5,7": -5.617947683256731,
    "0,4,6,7": 0.719474024344899,
    "0,5,6,7": 0.7400148439560341,
    "1,2,3,4": -1.552787819238843,
    "1,2,3,5": -3.6099447609909383,
    "1,2,3,6": -2.2711407980658076,
    "1,2,3,7": -2.5500257884885658,
    "1,2,4,5": -1.712565226640642,
    "1,2,4,6": -3.559680037952318,
    "1,2,4,7": -2.5447343721341253,
    "1,2,5,6": -0.4988090414211914,
    "1,2,5,7": -4.852835483801758,
    "1,2,6,7": 0.23920932463792088,
    "1,3,4,5": -3.119129527102075,
    "1,3,4,6": -3.9880711209712647,
    "1,3,4,7": -2.506231801892043,
    "1,3,5,6": -4.484137368395177,
    "1,3,5,7": -9.34161360159702,
    "1,3,6,7": 0.4498057998818088,
    "1,4,5,6": -7.364161645770432,
    "1,4,5,7": -0.1765969237621463,
    "1,4,6,7": -4.447457821763617,
    "1,5,6,7": 0.5074601657148077,
    "2,3,4,5": -16.02915786266702,
    "2,3,4,6": -0.6153688031555709,
    "2,3,4,7": -6.15160325060429,
    "2,3,5,6": -0.5120287363359497,
    "2,3,5,7": -1.899541074205001,
    "2,3,6,7": 0.4640997990121113,
    "2,4,5,6": -2.438570894515013,
    "2,4,5,7": -11.201112327414418,
    "2,4,6,7": -0.47213800899797254,
    "2,5,6,7": 0.7995858941746028,
    "3,4,5,6": -4.03485969233316,
    "3,4,5,7": -2.7510989018939016,
    "3,4,6,7": 0.11219783729661392,
    "3,5,6,7": -0.5852634971816308,
    "4,5,6,7": -0.1638199371510023,
    "0,1,2,3,4": -0.17914564195226612,
    "0,1,2,3,5": -2.9811031006319264,
    "0,1,2,3,6": 0.046938470608438476,
    "0,1,2,3,7": -1.252865195299016,
    "0,1,2,4,5": -4.278464965510725,
    "0,1,2,4,6": -0.4565619486777923,
    "0,1,2,4,7": -2.662057580470615,
    "0,1,2,5,6": -0.023913482504981598,
    "0,1,2,5,7": -0.9957300866203487,
    "0,1,2,6,7": 0.9430686100072772,
    "0,1,3,4,5": -1.1976623517832152,
    "0,1,3,4,6": -5.4727842254498835,
    "0,1,3,4,7": -2.4588296719312943,
    "0,1,3,5,6": -5.121040911947543,
    "0,1,3,5,7": -1.8524887941601103,
    "0,1,3,6,7": 0.6878399400700941,
    "0,1,4,5,6": -1.0982085153744205,
    "0,1,4,5,7": -4.960634089530824,
    "0,1,4,6,7": 0.40306970298341405,
    "0,1,5,6,7": 0.9288399967215654,
    "0,2,3,4,5": -5.459566984010239,
    "0,2,3,4,6": -2.4564326064435464,
    "0,2,3,4,7": -1.6829921304587758,
    "0,2,3,5,6": -1.827308462111115,
    "0,2,3,5,7": -5.624311457003518,
    "0,2,3,6,7": 0.6323163949010724,
    "0,2,4,5,6": -4.494004940696494,
    "0,2,4,5,7": -1.6580125582411682,
    "0,2,4,6,7": 0.8539993967828217,
    "0,2,5,6,7": 0.6631122870113668,
    "0,3,4,5,6": -6.344490735231201,
    "0,3,4,5,7": -9.927883799819025,
    "0,3,4,6,7": 0.7269821888803462,
    "0,3,5,6,7": -0.6288797741822565,
    "0,4,5,6,7": 0.9305868243216087,
    "1,2,3,4,5": -3.1155576605793582,
    "1,2,3,4,6": -3.7494039285212537,
    "1,2,3,4,7": -1.3920747407641327,
    "1,2,3,5,6": -1.2403208752348913,
    "1,2,3,5,7": -1.9042615706831465,
    "1,2,3,6,7": 0.6559011580888008,
    "1,2,4,5,6": -2.357711073500844,
    "1,2,4,5,7": -19.392844495413293,
    "1,2,4,6,7": 0.29989362084196636,
    "1,2,5,6,7": -0.73790699043889,
    "1,3,4,5,6": -3.1494520525690124,
    "1,3,4,5,7": -5.070369290072737,
    "1,3,4,6,7": -1.2195257968280888,
    "1,3,5,6,7": 0.6577399501255217,
    "1,4,5,6,7": -0.3462579744879153,
    "2,3,4,5,6": -1.7764310836054915,
    "2,3,4,5,7": -0.9174984497837997,
    "2,3,4,6,7": 0.48359569116661805,
    "2,3,5,6,7": 0.6870126339721411,