{
  "object_name": "Game",
  "data_type": "game",
  "version": "1.4.2.dev29+g3d3c3a7e6.d20260421",
  "created_from": null,
  "description": null,
  "parameters": {},
  "timestamp": "2026-04-21T12:25:56.240403+00:00Z",
  "metadata": {
    "n_players": 8,
    "game_name": "Game_object",
    "normalization_value": -2.9801517672576425,
    "precompute_flag": false,
    "precomputed": true,
    "player_names": null
  },
  "data": {
    "Empty": -2.9801517672576425,
    "0": -0.3717176980897501,
    "1": -0.48854104154695444,
    "2": -1.0986730072331294,
    "3": -4.941927975970406,
    "4": -0.5262075849837087,
    "5": -0.6116828450158329,
    "6": -0.3385137472491879,
    "7": -7.691067824413029,
    "0,1": 0.15054594139731914,
    "0,2": 0.2460307842085172,
    "0,3": -0.3272016950351959,
    "0,4": 0.676238401652564,
    "0,5": 0.5490876147587997,
    "0,6": 0.5464894862108096,
    "0,7": 0.04797631603171848,
    "1,2": -1.3998556867558536,
    "1,3": -0.6687847342168198,
    "1,4": -0.3129490076070349,
    "1,5": -0.3442538660309935,
    "1,6": -13.242274442779609,
    "1,7": -1.1055848208888852,
    "2,3": -0.9100714427796903,
    "2,4": -0.778938220563083,
    "2,5": 0.237196957120256,
    "2,6": 0.0767433718113415,
    "2,7": -1.932360215263985,
    "3,4": -0.7597311601537238,
    "3,5": -0.32306136792351925,
    "3,6": -0.32738396297047867,
    "3,7": -0.09286837752624533,
    "4,5": -1.1037797279859203,
    "4,6": -0.44413968943351256,
    "4,7": -0.17263034018945822,
    "5,6": -0.3950892866566398,
    "5,7": -0.20004658975474943,
    "6,7": -0.5019135088650797,
    "0,1,2": -1.3519932484579442,
    "0,1,3": 0.11818133942258446,
    "0,1,4": 0.24622916861660338,
    "0,1,5": 0.31476487440559897,
    "0,1,6": -0.03797048672789516,
    "0,1,7": -0.6273320432344831,
    "0,2,3": -0.20402843179088603,
    "0,2,4": 0.23877985821815928,
    "0,2,5": 0.31404183420586773,
    "0,2,6": 0.6311533473967481,
    "0,2,7": -0.2953748173509283,
    "0,3,4": 0.38343652826970065,
    "0,3,5": 0.6226629645802899,
    "0,3,6": -0.8861389639325339,
    "0,3,7": 0.02128603858097755,
    "0,4,5": -1.373611350877626,
    "0,4,6": -0.033770833086604224,
    "0,4,7": 0.7964803772889648,
    "0,5,6": 0.7528533236777513,
    "0,5,7": -0.8161304303279668,
    "0,6,7": 0.7452394359006933,
    "1,2,3": -1.9103228465228228,
    "1,2,4": -1.2041345777696564,
    "1,2,5": 0.5941216866308641,
    "1,2,6": 0.03170952548761541,
    "1,2,7": -0.08739489875061457,
    "1,3,4": 0.18954887805621057,
    "1,3,5": -0.06399864753050655,
    "1,3,6": -1.954538485375978,
    "1,3,7": -1.014016960753998,
    "1,4,5": -1.2208507478315433,
    "1,4,6": -0.3527906752480512,
    "1,4,7": -0.09353861656923845,
    "1,5,6": 0.1332326169682293,
    "1,5,7": -0.08571743329224368,
    "1,6,7": -0.050818373231776626,
    "2,3,4": -0.20446450481638134,
    "2,3,5": -0.5526292629429745,
    "2,3,6": -1.091613095248511,
    "2,3,7": -14.553024717944599,
    "2,4,5": -0.28180005931859187,
    "2,4,6": -0.5091420577058003,
    "2,4,7": -0.5931614775838145,
    "2,5,6": 0.11826903488966989,
    "2,5,7": -1.9140628547758758,
    "2,6,7": 0.24022217355362974,
    "3,4,5": -1.5092087954248594,
    "3,4,6": -1.5882322921943706,
    "3,4,7": -0.5759404556103902,
    "3,5,6": -0.9622292755974764,
    "3,5,7": -1.7288925409923275,
    "3,6,7": -1.0554027443996046,
    "4,5,6": -1.5769128167769573,
    "4,5,7": -1.0420347903205576,
    "4,6,7": 0.551069365267389,
    "5,6,7": 0.12380628037561936,
    "0,1,2,3": -0.7159121201477372,
    "0,1,2,4": 0.19326601732585424,
    "0,1,2,5": -0.10094772398658769,
    "0,1,2,6": 0.37076427577338444,
    "0,1,2,7": 0.43590885179592953,
    "0,1,3,4": 0.4501997160976078,
    "0,1,3,5": -0.5155272801864501,
    "0,1,3,6": 0.17215982372263272,
    "0,1,3,7": 0.5859173038838715,
    "0,1,4,5": 0.5961085743256901,
    "0,1,4,6": -0.07113873627211809,
    "0,1,4,7": 0.08857403716826806,
    "0,1,5,6": 0.3469059080538073,
    "0,1,5,7": 0.7855005799845638,
    "0,1,6,7": 0.6793210621416008,
    "0,2,3,4": 0.24543959241064583,
    "0,2,3,5": 0.6574657049974769,
    "0,2,3,6": 0.4960096243186941,
    "0,2,3,7": -1.3841802787503572,
    "0,2,4,5": 0.550072334237389,
    "0,2,4,6": 0.7366293397293787,
    "0,2,4,7": 0.24919461574404267,
    "0,2,5,6": 0.6004644382433395,
    "0,2,5,7": -0.22912952238574325,
    "0,2,6,7": 0.1081091483901011,
    "0,3,4,5": -0.3810966335045465,
    "0,3,4,6": -0.7075862471250598,
    "0,3,4,7": -0.046806434006637865,
    "0,3,5,6": 0.3797923720179148,
    "0,3,5,7": -0.011081977440144941,
    "0,3,6,7": -0.8006959742769346,
    "0,4,5,6": 0.4950603961372284,
    "0,4,5,7": -0.8398605035214837,
    "0,4,6,7": -0.09821629463295145,
    "0,5,6,7": 0.8646916080236695,
    "1,2,3,4": -1.3710580379833073,
    "1,2,3,5": -1.8567676728156695,
    "1,2,3,6": 0.1285061544517514,
    "1,2,3,7": -1.7319597369369624,
    "1,2,4,5": -1.8597685506014714,
    "1,2,4,6": -0.4423809176621285,
    "1,2,4,7": -1.827348929556731,
    "1,2,5,6": 0.31413757398654785,
    "1,2,5,7": -1.7471684162123906,
    "1,2,6,7": -1.4726692334001656,
    "1,3,4,5": -1.8952980930418644,
    "1,3,4,6": -1.3795771990097019,
    "1,3,4,7": 0.13427969177700572,
    "1,3,5,6": -0.11159684023060978,
    "1,3,5,7": -1.1345352492053933,
    "1,3,6,7": -5.653392998535667,
    "1,4,5,6": -0.3015680198659496,
    "1,4,5,7": -0.7773103917085469,
    "1,4,6,7": -0.6426747648144364,
    "1,5,6,7": 0.4838194979116597,
    "2,3,4,5": -5.791541617459845,
    "2,3,4,6": -0.5671299026784264,
    "2,3,4,7": -0.421925179291744,
    "2,3,5,6": 0.48242382425186303,
    "2,3,5,7": 0.15063468977712835,
    "2,3,6,7": -0.7664159754356581,
    "2,4,5,6": 0.3001811400342854,
    "2,4,5,7": -0.5393158769050945,
    "2,4,6,7": -0.5509808899844304,
    "2,5,6,7": -0.6769560865348934,
    "3,4,5,6": -1.3924442671337118,
    "3,4,5,7": -0.24581432309627926,
    "3,4,6,7": 0.4099028201481769,
    "3,5,6,7": 0.662944640505087,
    "4,5,6,7": -0.2937849298744766,
    "0,1,2,3,4": 0.7140177746010808,
    "0,1,2,3,5": 0.11628863564240177,
    "0,1,2,3,6": -0.019096289390893917,
    "0,1,2,3,7": 0.16680608928320018,
    "0,1,2,4,5": 0.515389014528215,
    "0,1,2,4,6": -0.041870039481681776,
    "0,1,2,4,7": -0.6538432402189425,
    "0,1,2,5,6": -0.24695626671771675,
    "0,1,2,5,7": 0.2957665273466311,
    "0,1,2,6,7": 0.85121068915687,
    "0,1,3,4,5": 0.43113507871434653,
    "0,1,3,4,6": -0.06986214644553534,
    "0,1,3,4,7": 0.3600126490759489,
    "0,1,3,5,6": -0.5560240068062938,
    "0,1,3,5,7": 0.6315613021144465,
    "0,1,3,6,7": 0.057917016969684654,
    "0,1,4,5,6": 0.7776751583313781,
    "0,1,4,5,7": 0.4404307156658327,
    "0,1,4,6,7": 0.9243914031009524,
    "0,1,5,6,7": 0.6918636701812504,
    "0,2,3,4,5": -0.10026800695050775,
    "0,2,3,4,6": 0.6896542723542269,
    "0,2,3,4,7": 0.5739671431557387,
    "0,2,3,5,6": 0.4396336601823675,
    "0,2,3,5,7": 0.3427260812880264,
    "0,2,3,6,7": 0.8369076386186234,
    "0,2,4,5,6": -0.7497172466528501,
    "0,2,4,5,7": 0.20650185108982333,
    "0,2,4,6,7": 0.8092596625794167,
    "0,2,5,6,7": 0.9102243452449816,
    "0,3,4,5,6": 0.8226741026130218,
    "0,3,4,5,7": -0.3199851515194505,
    "0,3,4,6,7": 0.8081925405108668,
    "0,3,5,6,7": 0.9077207377258132,
    "0,4,5,6,7": 0.9190008195743468,
    "1,2,3,4,5": 0.1317932051105285,
    "1,2,3,4,6": 0.13695002174880688,
    "1,2,3,4,7": -3.1813178644017546,
    "1,2,3,5,6": -0.3252846185725611,
    "1,2,3,5,7": -0.3682533270121571,
    "1,2,3,6,7": -0.03690955925562478,
    "1,2,4,5,6": -0.23578372168448736,
    "1,2,4,5,7": -0.28713424249994524,
    "1,2,4,6,7": 0.7766303585577927,
    "1,2,5,6,7": 0.25810445331160536,
    "1,3,4,5,6": -1.3342048752930404,
    "1,3,4,5,7": -0.8890576575985434,
    "1,3,4,6,7": -2.4878329418335583,
    "1,3,5,6,7": -1.3483349923601171,
    "1,4,5,6,7": -0.5577395953611635,
    "2,3,4,5,6": -3.1975835224388085,
    "2,3,4,5,7": -0.7243948652842811,