{
  "object_name": "Game",
  "data_type": "game",
  "version": "1.4.2.dev29+g3d3c3a7e6.d20260421",
  "created_from": null,
  "description": null,
  "parameters": {},
  "timestamp": "2026-04-21T12:25:56.027555+00:00Z",
  "metadata": {
    "n_players": 8,
    "game_name": "Game_object",
    "normalization_value": -5.5415038129413245,
    "precompute_flag": false,
    "precomputed": true,
    "player_names": null
  },
  "data": {
    "Empty": -5.5415038129413245,
    "0": -0.9987491967073985,
    "1": -5.722258627010898,
    "2": -3.881880509395013,
    "3": -1.1239620896995564,
    "4": 0.01618367031611867,
    "5": -4.143518814720984,
    "6": 0.16942188989606188,
    "7": -10.870269952305948,
    "0,1": 0.13593698813890753,
    "0,2": 0.49311420814378326,
    "0,3": -0.4085638341211768,
    "0,4": 0.7833572589519391,
    "0,5": -4.363002726476876,
    "0,6": -2.1042981899790214,
    "0,7": -6.220049403906725,
    "1,2": -1.666781882222197,
    "1,3": -7.745754725122483,
    "1,4": -3.791112007074859,
    "1,5": -0.5604454126266647,
    "1,6": -2.324673285149676,
    "1,7": -5.446578390259336,
    "2,3": -0.17786948100307853,
    "2,4": -0.2834734052318264,
    "2,5": -1.0352842919864544,
    "2,6": -1.1968578427992376,
    "2,7": -0.26621121830551986,
    "3,4": -2.0753950603043116,
    "3,5": -12.43515339502018,
    "3,6": 0.31279851973431727,
    "3,7": -2.8373797639761302,
    "4,5": -7.36271722331727,
    "4,6": -0.8485832324211728,
    "4,7": -2.4121219275971493,
    "5,6": 0.03391133901108068,
    "5,7": 0.06471838005210528,
    "6,7": -1.0027029605206796,
    "0,1,2": -0.6014549163700733,
    "0,1,3": -1.7520068649793026,
    "0,1,4": -0.08815330545452915,
    "0,1,5": 0.19967408945736764,
    "0,1,6": -1.6789942932115496,
    "0,1,7": -4.228845435327725,
    "0,2,3": -2.100631764685134,
    "0,2,4": -7.835264978447169,
    "0,2,5": -0.5413492273956,
    "0,2,6": 0.3343577491430212,
    "0,2,7": -0.46524057480147984,
    "0,3,4": 0.31789978572869704,
    "0,3,5": -1.032684565479399,
    "0,3,6": 0.09424938561085838,
    "0,3,7": -3.6999527421292386,
    "0,4,5": -3.3807774828303234,
    "0,4,6": 0.5916784352175546,
    "0,4,7": -1.7230385485391557,
    "0,5,6": -0.13730387031400437,
    "0,5,7": 0.3095944778887967,
    "0,6,7": -0.038851300617765094,
    "1,2,3": 0.2668059386040673,
    "1,2,4": -0.436457079282053,
    "1,2,5": 0.15231453432367126,
    "1,2,6": -1.8290929441929875,
    "1,2,7": -0.7828239668384478,
    "1,3,4": -2.203801328917347,
    "1,3,5": -3.8400749479633713,
    "1,3,6": -1.3329963299257095,
    "1,3,7": -3.3710219260538494,
    "1,4,5": -2.2252976974035183,
    "1,4,6": -3.6367954620695606,
    "1,4,7": -1.3492943035583838,
    "1,5,6": -0.986478408605145,
    "1,5,7": -1.8269031780224503,
    "1,6,7": -3.9105149606805405,
    "2,3,4": -1.9286887216699062,
    "2,3,5": -1.072818962915989,
    "2,3,6": -2.7794532266023193,
    "2,3,7": -2.224871931970162,
    "2,4,5": -2.3072646917480255,
    "2,4,6": -1.0828210125282638,
    "2,4,7": -0.3752182294267634,
    "2,5,6": -0.1575889373675654,
    "2,5,7": 0.1441212877633664,
    "2,6,7": -1.5757170341684823,
    "3,4,5": -1.1679678351504617,
    "3,4,6": -0.9163072604447777,
    "3,4,7": -1.076586382578026,
    "3,5,6": -1.1271138355041477,
    "3,5,7": -1.8427341742284127,
    "3,6,7": -0.5994240371602824,
    "4,5,6": -3.537483019805588,
    "4,5,7": -2.3591057020603587,
    "4,6,7": 0.369492428653172,
    "5,6,7": 0.16738334080916706,
    "0,1,2,3": -2.2127928696223123,
    "0,1,2,4": 0.10181780120329187,
    "0,1,2,5": 0.3247871543450277,
    "0,1,2,6": 0.5419637898503461,
    "0,1,2,7": -1.089034286142811,
    "0,1,3,4": -1.377101998931304,
    "0,1,3,5": 0.6394311680721356,
    "0,1,3,6": -0.29934405217282567,
    "0,1,3,7": 0.4275857423216973,
    "0,1,4,5": 0.6280608417617328,
    "0,1,4,6": -1.0953334815409206,
    "0,1,4,7": 0.31355665753768325,
    "0,1,5,6": -0.1304969069568931,
    "0,1,5,7": 0.4545580841015219,
    "0,1,6,7": 0.525804305272231,
    "0,2,3,4": -0.8850289420135182,
    "0,2,3,5": -0.7384888248770549,
    "0,2,3,6": -0.7963325089789768,
    "0,2,3,7": -0.17804554007214035,
    "0,2,4,5": -0.34429003646255385,
    "0,2,4,6": -0.46382851930990343,
    "0,2,4,7": 0.10429971713747554,
    "0,2,5,6": -1.1002840760762638,
    "0,2,5,7": 0.2877991502597508,
    "0,2,6,7": 0.7284129197629863,
    "0,3,4,5": -0.18284153592957542,
    "0,3,4,6": -0.5386124294450916,
    "0,3,4,7": 0.1660725894846099,
    "0,3,5,6": -1.736317027631436,
    "0,3,5,7": 0.5451534537117422,
    "0,3,6,7": -0.12434754178474705,
    "0,4,5,6": -0.4734062626611404,
    "0,4,5,7": -0.3543025562365172,
    "0,4,6,7": -0.020747778499266234,
    "0,5,6,7": -0.4797789409226536,
    "1,2,3,4": -0.44247489917937655,
    "1,2,3,5": -8.095171973341563,
    "1,2,3,6": -1.1486766767588694,
    "1,2,3,7": -0.930657854118728,
    "1,2,4,5": -2.0922668254125827,
    "1,2,4,6": -2.0637952982017467,
    "1,2,4,7": -3.6159638924614184,
    "1,2,5,6": -0.35809312142812444,
    "1,2,5,7": -2.8256856044348777,
    "1,2,6,7": -1.3752954040395564,
    "1,3,4,5": -5.375082373381462,
    "1,3,4,6": -4.213568458360648,
    "1,3,4,7": -1.685635433784686,
    "1,3,5,6": -0.7039525921881589,
    "1,3,5,7": -2.486881883935254,
    "1,3,6,7": -0.04256394295292032,
    "1,4,5,6": 0.7290215075352953,
    "1,4,5,7": -1.1627254804842364,
    "1,4,6,7": -2.788893538893474,
    "1,5,6,7": 0.16576620504323103,
    "2,3,4,5": -2.857453284561902,
    "2,3,4,6": -0.2900523048017545,
    "2,3,4,7": -3.266775189720464,
    "2,3,5,6": -2.8258805104026994,
    "2,3,5,7": 0.17836940161900694,
    "2,3,6,7": -2.170609171155423,
    "2,4,5,6": -0.769022454827007,
    "2,4,5,7": -2.0665619216455644,
    "2,4,6,7": -1.1755287065731799,
    "2,5,6,7": 0.6164902423397978,
    "3,4,5,6": -1.6247792214089087,
    "3,4,5,7": -0.7139099772710225,
    "3,4,6,7": 0.4805537520391969,
    "3,5,6,7": -1.2416699141668412,
    "4,5,6,7": -0.19985705962233546,
    "0,1,2,3,4": -0.2749101327871686,
    "0,1,2,3,5": -0.09143891943724247,
    "0,1,2,3,6": -0.012838332040276068,
    "0,1,2,3,7": 0.03165150501470293,
    "0,1,2,4,5": -5.428386573737635,
    "0,1,2,4,6": 0.0789160340861571,
    "0,1,2,4,7": -2.2208930011219055,
    "0,1,2,5,6": 0.023612985837292988,
    "0,1,2,5,7": -1.1602378141047178,
    "0,1,2,6,7": 0.6259924360764829,
    "0,1,3,4,5": 0.3676233503542339,
    "0,1,3,4,6": 0.7546073626718754,
    "0,1,3,4,7": -0.7422365998827634,
    "0,1,3,5,6": -0.7938197883438023,
    "0,1,3,5,7": 0.3140131041941693,
    "0,1,3,6,7": 0.5103784733908088,
    "0,1,4,5,6": -0.09141002997738057,
    "0,1,4,5,7": 0.5020810640117452,
    "0,1,4,6,7": 0.25274880917660647,
    "0,1,5,6,7": 0.5487110942044324,
    "0,2,3,4,5": 0.3707719892878423,
    "0,2,3,4,6": -0.6454062273216212,
    "0,2,3,4,7": 0.052173158024496846,
    "0,2,3,5,6": 0.061788495206760774,
    "0,2,3,5,7": -0.7373974211947776,
    "0,2,3,6,7": -0.2591443005481051,
    "0,2,4,5,6": -4.008155480760997,
    "0,2,4,5,7": -2.5568398894674194,
    "0,2,4,6,7": -0.8190070123839337,
    "0,2,5,6,7": -1.860639302796324,
    "0,3,4,5,6": 0.18471061197073602,
    "0,3,4,5,7": -3.2526024313037274,
    "0,3,4,6,7": 0.8290783164429417,
    "0,3,5,6,7": 0.6296702401225276,
    "0,4,5,6,7": 0.26524215949671914,
    "1,2,3,4,5": -1.3961832371007632,
    "1,2,3,4,6": -0.8055174611119911,
    "1,2,3,4,7": -0.4914674709708382,
    "1,2,3,5,6": -0.7304411381540037,
    "1,2,3,5,7": -0.7556998615412811,
    "1,2,3,6,7": -0.47144926416279986,
    "1,2,4,5,6": 0.28868525767856534,
    "1,2,4,5,7": 0.37564742334026013,
    "1,2,4,6,7": -1.7005544312758487,
    "1,2,5,6,7": -1.204808876399393,
    "1,3,4,5,6": -1.8229273006412154,
    "1,3,4,5,7": -1.5986323471727046,
    "1,3,4,6,7": 0.40076034535785554,
    "1,3,5,6,7": -2.3151952317023503,
    "1,4,5,6,7": -3.747845260687672,
    "2,3,4,5,6": -0.11125352908775143,
    "2,3,4,5,7": -0.33958725577056903,
    "2,3,4,6,7": -0.12750343871529646,