{
  "object_name": "Game",
  "data_type": "game",
  "version": "1.4.2.dev29+g3d3c3a7e6.d20260421",
  "created_from": null,
  "description": null,
  "parameters": {},
  "timestamp": "2026-04-21T12:25:56.054015+00:00Z",
  "metadata": {
    "n_players": 8,
    "game_name": "Game_object",
    "normalization_value": -2.217008277251148,
    "precompute_flag": false,
    "precomputed": true,
    "player_names": null
  },
  "data": {
    "Empty": -2.217008277251148,
    "0": -10.812710220354967,
    "1": -1.0843452490228151,
    "2": -0.43240547272843854,
    "3": -0.026273827635440616,
    "4": -2.6875010151762986,
    "5": -0.40405206190502496,
    "6": 0.09897732563052564,
    "7": -0.8057319815431987,
    "0,1": -0.2077375521891347,
    "0,2": -0.711421344659386,
    "0,3": 0.6092369661736807,
    "0,4": -1.627340874463663,
    "0,5": -2.2453897327871135,
    "0,6": -0.20014976190843692,
    "0,7": -0.30128751435778733,
    "1,2": -0.3036361829124905,
    "1,3": -0.4058133834078905,
    "1,4": -1.5784919306653014,
    "1,5": -0.21977825646011673,
    "1,6": 0.11517480335889652,
    "1,7": -1.087904523411305,
    "2,3": -0.1835381209740552,
    "2,4": -1.5720402882529259,
    "2,5": -0.3135182418226903,
    "2,6": -1.1159380933163652,
    "2,7": -0.957396464386467,
    "3,4": -3.458323089250367,
    "3,5": -1.7326733682920277,
    "3,6": -5.617227307995931,
    "3,7": -4.051545451802743,
    "4,5": 0.0919278401784015,
    "4,6": -0.7469370291200288,
    "4,7": -1.239692134970002,
    "5,6": -0.4845620400505326,
    "5,7": -1.0372730359558506,
    "6,7": -0.1720250535655603,
    "0,1,2": -0.5249398138865249,
    "0,1,3": -1.1976481433095816,
    "0,1,4": -0.11715186585713533,
    "0,1,5": -8.653409477980038,
    "0,1,6": -0.25032680728091616,
    "0,1,7": -3.9252409629860994,
    "0,2,3": -1.1330170798106196,
    "0,2,4": 0.3692736802973797,
    "0,2,5": -0.7895024686126453,
    "0,2,6": -1.2192110215270975,
    "0,2,7": -0.5690643339753299,
    "0,3,4": -0.8070021015351445,
    "0,3,5": -1.7862361617068832,
    "0,3,6": 0.313470452027349,
    "0,3,7": 0.2790514553615565,
    "0,4,5": -1.3074635500828795,
    "0,4,6": -0.9037876782775838,
    "0,4,7": 0.20253153251295786,
    "0,5,6": 0.08447197242624704,
    "0,5,7": -1.4303604469908007,
    "0,6,7": -0.6644074058217484,
    "1,2,3": -0.7346316587361286,
    "1,2,4": -0.8883759979733776,
    "1,2,5": -1.118986744769813,
    "1,2,6": -2.402626765641906,
    "1,2,7": -1.7257447426722075,
    "1,3,4": -3.3253541335171306,
    "1,3,5": -12.304665793233767,
    "1,3,6": -0.16977673048491737,
    "1,3,7": -1.4390019352865808,
    "1,4,5": -1.3803774095078571,
    "1,4,6": -1.8281224389265152,
    "1,4,7": -0.9997104972526047,
    "1,5,6": -0.2669779675209627,
    "1,5,7": -3.912367150520166,
    "1,6,7": -0.8046905713350239,
    "2,3,4": -0.9287143226688825,
    "2,3,5": -0.49495911851786145,
    "2,3,6": -0.7464135363190723,
    "2,3,7": -0.6373543873116954,
    "2,4,5": 0.40029012603078185,
    "2,4,6": -1.1008752008622147,
    "2,4,7": -2.1086100849869793,
    "2,5,6": -0.48070682228470574,
    "2,5,7": -0.42423275666504723,
    "2,6,7": -0.7182769354358043,
    "3,4,5": -0.9137411159225282,
    "3,4,6": -1.9451027483529448,
    "3,4,7": -1.1536465765536144,
    "3,5,6": -1.0807975535951888,
    "3,5,7": -1.0804959494483612,
    "3,6,7": -0.1468671239149617,
    "4,5,6": -1.0193792092981928,
    "4,5,7": -0.20324684530091508,
    "4,6,7": -0.2124071456052965,
    "5,6,7": -0.8458874930367022,
    "0,1,2,3": -2.2022991430266545,
    "0,1,2,4": -0.09152343001897045,
    "0,1,2,5": -0.74220728077492,
    "0,1,2,6": -0.3259796816383622,
    "0,1,2,7": 0.7526969381833457,
    "0,1,3,4": 0.07637645248798486,
    "0,1,3,5": 0.1631587124933972,
    "0,1,3,6": -0.3834050300769325,
    "0,1,3,7": 0.5701253497175837,
    "0,1,4,5": -0.06019989256486746,
    "0,1,4,6": -1.9465672589613523,
    "0,1,4,7": -0.07829881449212484,
    "0,1,5,6": 0.3223022030094659,
    "0,1,5,7": -0.862971826569098,
    "0,1,6,7": 0.8167995024271524,
    "0,2,3,4": -1.8494426444848915,
    "0,2,3,5": -0.19010675762744778,
    "0,2,3,6": -1.0277458812708016,
    "0,2,3,7": -0.20993532104373847,
    "0,2,4,5": 0.458688373837735,
    "0,2,4,6": -0.03330957648544275,
    "0,2,4,7": 0.41532772357187075,
    "0,2,5,6": 0.6058859362487803,
    "0,2,5,7": 0.6043799452997602,
    "0,2,6,7": 0.43253387183020564,
    "0,3,4,5": -0.13080692480759426,
    "0,3,4,6": 0.46266478798543087,
    "0,3,4,7": 0.030362877918739928,
    "0,3,5,6": -0.20140993956750264,
    "0,3,5,7": 0.11666699629233523,
    "0,3,6,7": -1.430579764339114,
    "0,4,5,6": -2.301901833837593,
    "0,4,5,7": -0.029713336365424503,
    "0,4,6,7": 0.6186738678211786,
    "0,5,6,7": 0.549159151519168,
    "1,2,3,4": -1.9987921467948637,
    "1,2,3,5": -2.439237683882148,
    "1,2,3,6": -1.784698667939507,
    "1,2,3,7": -2.976520334055079,
    "1,2,4,5": -5.247252892132619,
    "1,2,4,6": -1.2518518989924083,
    "1,2,4,7": -2.37360293998185,
    "1,2,5,6": -5.483470333023518,
    "1,2,5,7": -0.8173607811797392,
    "1,2,6,7": 0.41331376837951805,
    "1,3,4,5": -2.735357620679874,
    "1,3,4,6": -0.9126139777088609,
    "1,3,4,7": -1.2869081719248467,
    "1,3,5,6": -0.7191540469574829,
    "1,3,5,7": -0.7522101292185319,
    "1,3,6,7": -0.8162849622277037,
    "1,4,5,6": -0.28095978371307107,
    "1,4,5,7": -1.1584993682568263,
    "1,4,6,7": -1.8603871947810222,
    "1,5,6,7": -0.5292477271684555,
    "2,3,4,5": -0.8300475183763953,
    "2,3,4,6": -1.429238479982951,
    "2,3,4,7": -0.3842265115711887,
    "2,3,5,6": -0.7292343127795549,
    "2,3,5,7": -1.9890727310500091,
    "2,3,6,7": -2.2294043280906575,
    "2,4,5,6": -1.3453640856174194,
    "2,4,5,7": -0.2861636349533685,
    "2,4,6,7": -0.18933146359841713,
    "2,5,6,7": -0.18746283433527933,
    "3,4,5,6": 0.30462547885578584,
    "3,4,5,7": -5.196786060101737,
    "3,4,6,7": -0.7231388865844337,
    "3,5,6,7": 0.09370568506879784,
    "4,5,6,7": -0.566220029697821,
    "0,1,2,3,4": 0.18867462036013372,
    "0,1,2,3,5": -0.2197603179151324,
    "0,1,2,3,6": 0.3241556748832446,
    "0,1,2,3,7": -0.46361387241716345,
    "0,1,2,4,5": -0.09871314444798429,
    "0,1,2,4,6": -0.15431592114163806,
    "0,1,2,4,7": 0.3724885980263739,
    "0,1,2,5,6": 0.4626981550874193,
    "0,1,2,5,7": 0.8693908174322393,
    "0,1,2,6,7": 0.2680340498238012,
    "0,1,3,4,5": -0.05792682204677568,
    "0,1,3,4,6": 0.5641908722719566,
    "0,1,3,4,7": 0.2260915444502659,
    "0,1,3,5,6": -1.0569368138398971,
    "0,1,3,5,7": -1.5572094451141014,
    "0,1,3,6,7": 0.005638667393486729,
    "0,1,4,5,6": -0.6970848884232037,
    "0,1,4,5,7": -0.20530996496695253,
    "0,1,4,6,7": 0.1449902740744623,
    "0,1,5,6,7": -0.35905604477740427,
    "0,2,3,4,5": -1.2612306926962495,
    "0,2,3,4,6": 0.21871697498168974,
    "0,2,3,4,7": -2.667952714229448,
    "0,2,3,5,6": 0.2205661105609743,
    "0,2,3,5,7": 0.4974913202297051,
    "0,2,3,6,7": 0.6885193516281198,
    "0,2,4,5,6": 0.5548669071170237,
    "0,2,4,5,7": -2.3680011434981085,
    "0,2,4,6,7": 0.04210375558630575,
    "0,2,5,6,7": 0.7648751006170458,
    "0,3,4,5,6": 0.705992872715355,
    "0,3,4,5,7": -0.2611971462380982,
    "0,3,4,6,7": 0.28036546581191035,
    "0,3,5,6,7": 0.43484907019203145,
    "0,4,5,6,7": -0.10634871056437678,
    "1,2,3,4,5": -1.362315022130999,
    "1,2,3,4,6": 0.10259479139334193,
    "1,2,3,4,7": -0.36012993452952524,
    "1,2,3,5,6": -0.31545809488968146,
    "1,2,3,5,7": -3.125075403854442,
    "1,2,3,6,7": -9.324035095641902,
    "1,2,4,5,6": -1.1344766749110295,
    "1,2,4,5,7": -0.48976421950344506,
    "1,2,4,6,7": -1.2149613798225518,
    "1,2,5,6,7": 0.689659341128962,
    "1,3,4,5,6": -1.2736284158727975,
    "1,3,4,5,7": 0.18743634447535895,
    "1,3,4,6,7": -0.3012391703295625,
    "1,3,5,6,7": 0.2671084892821719,
    "1,4,5,6,7": 0.1607169197664693,
    "2,3,4,5,6": -1.434731003738717,
    "2,3,4,5,7": -3.2674902559245274,