{
  "object_name": "Game",
  "data_type": "game",
  "version": "1.4.2.dev29+g3d3c3a7e6.d20260421",
  "created_from": null,
  "description": null,
  "parameters": {},
  "timestamp": "2026-04-21T12:25:56.140137+00:00Z",
  "metadata": {
    "n_players": 8,
    "game_name": "Game_object",
    "normalization_value": -2.7261882357502305,
    "precompute_flag": false,
    "precomputed": true,
    "player_names": null
  },
  "data": {
    "Empty": -2.7261882357502305,
    "0": -2.5942821884893696,
    "1": -7.151104462228618,
    "2": -1.3428496844970175,
    "3": -1.4639741735368763,
    "4": -12.722456786314563,
    "5": -4.00087860441471,
    "6": -4.059696406709304,
    "7": -0.11615844217878202,
    "0,1": -12.24038479232662,
    "0,2": -4.959428591646858,
    "0,3": -2.2290967274045554,
    "0,4": -3.3958182568315882,
    "0,5": -1.2797356078747142,
    "0,6": -4.454757684953749,
    "0,7": -0.8250741702109754,
    "1,2": -34.61220185317052,
    "1,3": -2.662681974396454,
    "1,4": -4.186446667996021,
    "1,5": -3.343558887872681,
    "1,6": -7.72814857339621,
    "1,7": -5.328639582210791,
    "2,3": -2.767594291072544,
    "2,4": -2.55630643807575,
    "2,5": -2.5634542147926065,
    "2,6": -5.456076709329363,
    "2,7": -14.195515557149886,
    "3,4": -0.6105075746284201,
    "3,5": -4.091178768325236,
    "3,6": -0.439050715084095,
    "3,7": -4.073253773415597,
    "4,5": -2.797234596067481,
    "4,6": -1.74102349729552,
    "4,7": -5.300729005169774,
    "5,6": -6.51607907055173,
    "5,7": -5.6888420161902316,
    "6,7": -5.579793882845029,
    "0,1,2": -3.114417620318018,
    "0,1,3": -2.09396755268068,
    "0,1,4": -3.9422359381321233,
    "0,1,5": -1.6362344021962865,
    "0,1,6": -1.0824746636665106,
    "0,1,7": -0.6323683358050909,
    "0,2,3": -5.041442121039424,
    "0,2,4": -1.1621935697909058,
    "0,2,5": -0.7663036335450975,
    "0,2,6": -6.2773351226856695,
    "0,2,7": -2.2590618139588385,
    "0,3,4": -2.0144295183241696,
    "0,3,5": -4.406085649126646,
    "0,3,6": -1.0655078393897184,
    "0,3,7": -9.426374851761622,
    "0,4,5": -1.6591950674998803,
    "0,4,6": -0.5299809553804176,
    "0,4,7": -1.2829909080974122,
    "0,5,6": -8.957691449180116,
    "0,5,7": -3.555391360552555,
    "0,6,7": 0.6017698914341878,
    "1,2,3": -4.530406725958884,
    "1,2,4": -4.469624864407063,
    "1,2,5": -2.782793112806868,
    "1,2,6": -11.917001004317695,
    "1,2,7": -1.1711918353223374,
    "1,3,4": -3.144128607014932,
    "1,3,5": -1.6678371934333525,
    "1,3,6": -3.5347721701901396,
    "1,3,7": -0.8851726824617592,
    "1,4,5": -5.000950041486511,
    "1,4,6": -1.376657419910706,
    "1,4,7": -2.509288583418121,
    "1,5,6": -2.095783470384676,
    "1,5,7": -4.493890419650505,
    "1,6,7": 0.6231148497793804,
    "2,3,4": -3.008408185276802,
    "2,3,5": -1.0194767956374453,
    "2,3,6": -4.0274405508384765,
    "2,3,7": -2.9495224191009135,
    "2,4,5": -2.283883399835555,
    "2,4,6": 0.1872528645908098,
    "2,4,7": -4.240226517889185,
    "2,5,6": -3.2045377622618556,
    "2,5,7": -2.8155257715331423,
    "2,6,7": 0.6712784543887159,
    "3,4,5": -7.362800313594391,
    "3,4,6": -3.362035152808871,
    "3,4,7": -0.159514525193299,
    "3,5,6": -0.08490583178043876,
    "3,5,7": -5.140512143619785,
    "3,6,7": -1.0236109842138004,
    "4,5,6": -0.2749744164807073,
    "4,5,7": -1.9892832350898528,
    "4,6,7": 0.16740813348765293,
    "5,6,7": -0.2068000847950171,
    "0,1,2,3": -3.3374691606180127,
    "0,1,2,4": -0.8215378278909784,
    "0,1,2,5": -2.56961504864725,
    "0,1,2,6": -0.28464901363700323,
    "0,1,2,7": -2.0133828945622327,
    "0,1,3,4": -0.8770507708778381,
    "0,1,3,5": -1.4313000763340837,
    "0,1,3,6": -10.495009356346872,
    "0,1,3,7": -13.79398235414794,
    "0,1,4,5": -9.329566895582383,
    "0,1,4,6": 0.07374091333312704,
    "0,1,4,7": -2.9654733971590703,
    "0,1,5,6": -0.35992187791072006,
    "0,1,5,7": -1.1522965468214363,
    "0,1,6,7": 0.5885892882861268,
    "0,2,3,4": -3.6538052755238164,
    "0,2,3,5": -2.4757803991366196,
    "0,2,3,6": -1.861250735964377,
    "0,2,3,7": -2.5742613990468746,
    "0,2,4,5": -1.2044332742613277,
    "0,2,4,6": 0.4440030777081817,
    "0,2,4,7": -3.167455681154597,
    "0,2,5,6": -2.06805532309898,
    "0,2,5,7": -0.9338439992704846,
    "0,2,6,7": 0.5720617404182137,
    "0,3,4,5": -5.94939469604933,
    "0,3,4,6": -1.652809193254634,
    "0,3,4,7": -3.8381738974176702,
    "0,3,5,6": -1.412423434826283,
    "0,3,5,7": -6.0308393512777,
    "0,3,6,7": -7.5904872485073085,
    "0,4,5,6": -11.516629550704344,
    "0,4,5,7": -2.6473190139186498,
    "0,4,6,7": 0.6201697971871449,
    "0,5,6,7": 0.6797641140773063,
    "1,2,3,4": -0.542489613874398,
    "1,2,3,5": -11.651215294291228,
    "1,2,3,6": -3.620903878165481,
    "1,2,3,7": -3.253677877889494,
    "1,2,4,5": -4.637208269989457,
    "1,2,4,6": -2.930143703553587,
    "1,2,4,7": -1.380943458689691,
    "1,2,5,6": -3.077040915301666,
    "1,2,5,7": -2.054817998691729,
    "1,2,6,7": 0.4533126259105823,
    "1,3,4,5": -6.747375824385021,
    "1,3,4,6": -11.957208097076336,
    "1,3,4,7": -0.8762876334514773,
    "1,3,5,6": -1.214212377105644,
    "1,3,5,7": -0.7310936260123835,
    "1,3,6,7": -0.570183227736609,
    "1,4,5,6": -1.2813107835969193,
    "1,4,5,7": -0.6181714236867684,
    "1,4,6,7": 0.2639720693190514,
    "1,5,6,7": 0.3539034512777679,
    "2,3,4,5": -8.50508796907246,
    "2,3,4,6": -6.773579452352015,
    "2,3,4,7": -2.7716686142064924,
    "2,3,5,6": -2.155451607386997,
    "2,3,5,7": -0.7803138489152035,
    "2,3,6,7": 0.08412683770463125,
    "2,4,5,6": -0.7630403288784364,
    "2,4,5,7": -5.357472904026621,
    "2,4,6,7": 0.31603588730163656,
    "2,5,6,7": 0.16870035442234943,
    "3,4,5,6": -2.449627882415721,
    "3,4,5,7": -1.4169921791205766,
    "3,4,6,7": 0.30066172852645645,
    "3,5,6,7": -0.4562624560960189,
    "4,5,6,7": -0.1495023415002421,
    "0,1,2,3,4": -1.3427009203044968,
    "0,1,2,3,5": -3.0330457499347663,
    "0,1,2,3,6": -5.815634020852529,
    "0,1,2,3,7": -4.826468843783062,
    "0,1,2,4,5": -4.945401875927629,
    "0,1,2,4,6": -2.691443498241441,
    "0,1,2,4,7": -3.069692343823424,
    "0,1,2,5,6": -0.49125220262212,
    "0,1,2,5,7": -2.4443938204851423,
    "0,1,2,6,7": 0.9519067143687423,
    "0,1,3,4,5": -3.1643768818145395,
    "0,1,3,4,6": -1.6993961381937273,
    "0,1,3,4,7": -2.1632145378455765,
    "0,1,3,5,6": -0.5802033881827444,
    "0,1,3,5,7": -1.2747483166374658,
    "0,1,3,6,7": 0.7640132494426641,
    "0,1,4,5,6": -5.084138277325912,
    "0,1,4,5,7": -2.8135853602696703,
    "0,1,4,6,7": 0.4879186416835223,
    "0,1,5,6,7": 0.5506965420955123,
    "0,2,3,4,5": -2.5313333422756723,
    "0,2,3,4,6": -0.020896894767624907,
    "0,2,3,4,7": -2.1229649873282375,
    "0,2,3,5,6": -0.5943207042971175,
    "0,2,3,5,7": -6.345460477137623,
    "0,2,3,6,7": 0.9061061022290614,
    "0,2,4,5,6": -1.5531165546484353,
    "0,2,4,5,7": -7.293095230534304,
    "0,2,4,6,7": 0.7084158606484545,
    "0,2,5,6,7": 0.04087431678214348,
    "0,3,4,5,6": -1.454472176696704,
    "0,3,4,5,7": -2.285056325757174,
    "0,3,4,6,7": -0.057722137944240526,
    "0,3,5,6,7": 0.44027810107439025,
    "0,4,5,6,7": 0.8072132552580968,
    "1,2,3,4,5": -3.6352645254465807,
    "1,2,3,4,6": -1.9720107478346134,
    "1,2,3,4,7": -0.7722228974283805,
    "1,2,3,5,6": -1.966695534036777,
    "1,2,3,5,7": -2.296975883027006,
    "1,2,3,6,7": 0.5183456153139702,
    "1,2,4,5,6": -7.920700208062794,
    "1,2,4,5,7": -3.404708927432848,
    "1,2,4,6,7": 0.5193213181788369,
    "1,2,5,6,7": 0.4073918950492893,
    "1,3,4,5,6": -1.4408036196468057,
    "1,3,4,5,7": -0.2026005403712441,
    "1,3,4,6,7": -0.7930656869771457,
    "1,3,5,6,7": 0.00038342482092468266,
    "1,4,5,6,7": -1.0154126611908896,
    "2,3,4,5,6": -3.819695641961178,
    "2,3,4,5,7": -8.022180447422311,
    "2,3,4,6,7": 0.6309144356141175,
    "2,3,5,6,7": -0.42357034806836236,