{
  "object_name": "Game",
  "data_type": "game",
  "version": "1.4.2.dev29+g3d3c3a7e6.d20260421",
  "created_from": null,
  "description": null,
  "parameters": {},
  "timestamp": "2026-04-21T12:25:56.253106+00:00Z",
  "metadata": {
    "n_players": 8,
    "game_name": "Game_object",
    "normalization_value": -2.5196122198190123,
    "precompute_flag": false,
    "precomputed": true,
    "player_names": null
  },
  "data": {
    "Empty": -2.5196122198190123,
    "0": -2.5723930656841283,
    "1": -0.4858923661133756,
    "2": -1.1451560676013481,
    "3": -0.999570481074707,
    "4": 0.02155111673951382,
    "5": -0.6682587907138047,
    "6": -1.1396127068641904,
    "7": -1.1155372973833488,
    "0,1": 0.6590192202472469,
    "0,2": -0.7890047136068512,
    "0,3": 0.41182674274334374,
    "0,4": -3.95032289420661,
    "0,5": -0.013788123073946501,
    "0,6": 0.30480342914608316,
    "0,7": -0.02517990460062336,
    "1,2": 0.16339042351000888,
    "1,3": -1.1343173076363908,
    "1,4": -1.6159651286294783,
    "1,5": -5.786626393905407,
    "1,6": -0.7210175451468033,
    "1,7": -1.2743254800656496,
    "2,3": -0.4483068045514229,
    "2,4": -0.7764453523679877,
    "2,5": -0.5546887100912097,
    "2,6": -4.2152933393528595,
    "2,7": -0.5271162562209364,
    "3,4": -0.14357157670767462,
    "3,5": -1.2159032718272296,
    "3,6": -0.1943368496678346,
    "3,7": -1.1703374442286956,
    "4,5": -0.01639985062944249,
    "4,6": -0.7506996714497927,
    "4,7": -0.678539283445585,
    "5,6": -1.5981470763281922,
    "5,7": -0.7264563094643572,
    "6,7": -0.11328575757121384,
    "0,1,2": 0.8263401431878372,
    "0,1,3": -0.1044373368597733,
    "0,1,4": -0.41651467429533895,
    "0,1,5": 0.6701742149789889,
    "0,1,6": -0.35237110249571835,
    "0,1,7": 0.5432397645807359,
    "0,2,3": -1.145924733220688,
    "0,2,4": -0.5532947518304105,
    "0,2,5": -0.22670121371645435,
    "0,2,6": -2.658104627109849,
    "0,2,7": -0.963417574035871,
    "0,3,4": -0.02760059651764668,
    "0,3,5": 0.14548094200120443,
    "0,3,6": -0.23042408720611562,
    "0,3,7": 0.7742237554092674,
    "0,4,5": 0.3249381745245049,
    "0,4,6": 0.6957835041561353,
    "0,4,7": -0.598553193694453,
    "0,5,6": 0.05798380442804252,
    "0,5,7": 0.6536494839709621,
    "0,6,7": 0.5769672580334103,
    "1,2,3": -5.052597096946169,
    "1,2,4": -1.359673764470525,
    "1,2,5": -6.933453830369668,
    "1,2,6": -0.574815388779079,
    "1,2,7": -1.160349946235991,
    "1,3,4": -0.951750134409042,
    "1,3,5": -5.068325825625092,
    "1,3,6": -0.5856088939866031,
    "1,3,7": -1.5976198273664335,
    "1,4,5": -6.766495073261662,
    "1,4,6": -0.548185980172573,
    "1,4,7": -0.6775852284796233,
    "1,5,6": -0.20099414670686322,
    "1,5,7": -1.9765401614820126,
    "1,6,7": -0.15094651714077245,
    "2,3,4": -1.5128472273361275,
    "2,3,5": -0.01976687560761836,
    "2,3,6": -1.4604244366946428,
    "2,3,7": -0.2224808349496754,
    "2,4,5": -1.8969521761007382,
    "2,4,6": -3.744780606612725,
    "2,4,7": -0.37340576053061225,
    "2,5,6": -0.6053159450301817,
    "2,5,7": -0.7948042443226195,
    "2,6,7": -0.514806048935962,
    "3,4,5": -1.2993947815000904,
    "3,4,6": -4.568321806294644,
    "3,4,7": -3.0487739116701587,
    "3,5,6": -0.31092380000829145,
    "3,5,7": 0.3072005407341162,
    "3,6,7": -3.2721559871514074,
    "4,5,6": -0.2377047315289038,
    "4,5,7": -1.571753294407214,
    "4,6,7": -2.520306171844231,
    "5,6,7": 0.014354070747919723,
    "0,1,2,3": -1.5321938597834177,
    "0,1,2,4": 0.05202572250204951,
    "0,1,2,5": -0.3524801444051089,
    "0,1,2,6": 0.30781072519944097,
    "0,1,2,7": -1.5640182654471024,
    "0,1,3,4": -0.92687741817705,
    "0,1,3,5": -0.29326453563275967,
    "0,1,3,6": 0.1383511815088314,
    "0,1,3,7": 0.5089584705125287,
    "0,1,4,5": 0.2952471434556052,
    "0,1,4,6": -0.430834219506935,
    "0,1,4,7": -0.8917788846050378,
    "0,1,5,6": 0.5415013244927507,
    "0,1,5,7": 0.2981705004493148,
    "0,1,6,7": 0.4920470542598191,
    "0,2,3,4": -1.2182884758656276,
    "0,2,3,5": 0.23254189778849754,
    "0,2,3,6": 0.35539972045718615,
    "0,2,3,7": -0.17238760349782334,
    "0,2,4,5": 0.42192919005899665,
    "0,2,4,6": 0.28519795834633177,
    "0,2,4,7": -0.11379745846391942,
    "0,2,5,6": 0.7371913690273699,
    "0,2,5,7": -0.008998866681838802,
    "0,2,6,7": 0.9165383579058299,
    "0,3,4,5": -0.5188094790874969,
    "0,3,4,6": -0.26395119637294173,
    "0,3,4,7": 0.29884504139212054,
    "0,3,5,6": 0.5986541404185,
    "0,3,5,7": -3.4188267986360064,
    "0,3,6,7": 0.8439782026578125,
    "0,4,5,6": 0.3761503696707572,
    "0,4,5,7": 0.14080360691313654,
    "0,4,6,7": 0.6530607536798397,
    "0,5,6,7": 0.3090234506412197,
    "1,2,3,4": -1.2808329320287966,
    "1,2,3,5": -1.7904332923278345,
    "1,2,3,6": -2.892121865610019,
    "1,2,3,7": 0.5823990921141176,
    "1,2,4,5": -1.6125920891582757,
    "1,2,4,6": -0.40218208494968777,
    "1,2,4,7": 0.12263996436252034,
    "1,2,5,6": 0.3867567724696199,
    "1,2,5,7": -0.18954360685599347,
    "1,2,6,7": -0.6454024117060377,
    "1,3,4,5": -1.1364020095232958,
    "1,3,4,6": -0.5998714209579441,
    "1,3,4,7": -2.7528281872662888,
    "1,3,5,6": -0.9765398045653864,
    "1,3,5,7": -3.549488429893935,
    "1,3,6,7": 0.3538868284233616,
    "1,4,5,6": 0.42794799284829343,
    "1,4,5,7": -0.1532436731909279,
    "1,4,6,7": -0.5725722717336026,
    "1,5,6,7": -0.5185338104622195,
    "2,3,4,5": -0.34348037845544677,
    "2,3,4,6": -2.681425242753872,
    "2,3,4,7": -2.3457617914206264,
    "2,3,5,6": -1.9011341900434857,
    "2,3,5,7": -0.2666256155239297,
    "2,3,6,7": -2.0274702273719925,
    "2,4,5,6": -1.2566626871000919,
    "2,4,5,7": -2.1571792913979415,
    "2,4,6,7": -0.3202260814095086,
    "2,5,6,7": 0.23256929677374094,
    "3,4,5,6": -0.6371399057497475,
    "3,4,5,7": -0.9609247538184509,
    "3,4,6,7": 0.10427288988675432,
    "3,5,6,7": 0.505429924512373,
    "4,5,6,7": 0.2981287950196919,
    "0,1,2,3,4": 0.332926522210519,
    "0,1,2,3,5": 0.35994432071503035,
    "0,1,2,3,6": -2.416998044541314,
    "0,1,2,3,7": 0.3010495357945462,
    "0,1,2,4,5": -0.41027009632241485,
    "0,1,2,4,6": 0.6738524243119824,
    "0,1,2,4,7": 0.5910184643243509,
    "0,1,2,5,6": 0.38408523156352115,
    "0,1,2,5,7": 0.3986991270502187,
    "0,1,2,6,7": 0.4895626039589448,
    "0,1,3,4,5": -0.062369399166984474,
    "0,1,3,4,6": 0.604573177467258,
    "0,1,3,4,7": -0.23835947597067175,
    "0,1,3,5,6": -0.4340252671624827,
    "0,1,3,5,7": -1.8113576122734312,
    "0,1,3,6,7": -1.6960974569398446,
    "0,1,4,5,6": 0.8931812519911316,
    "0,1,4,5,7": 0.4547945290584886,
    "0,1,4,6,7": 0.8413805122655763,
    "0,1,5,6,7": 0.8325103917270179,
    "0,2,3,4,5": 0.2143068689242924,
    "0,2,3,4,6": 0.8138154906889481,
    "0,2,3,4,7": -0.021135402610860776,
    "0,2,3,5,6": -0.24761642566485165,
    "0,2,3,5,7": 0.32994988373722645,
    "0,2,3,6,7": 0.29219342753496125,
    "0,2,4,5,6": -0.40832411869232277,
    "0,2,4,5,7": -0.44985888592733114,
    "0,2,4,6,7": 0.743081994056376,
    "0,2,5,6,7": 0.8126639264179415,
    "0,3,4,5,6": 0.12816180003017097,
    "0,3,4,5,7": -0.13598879856882307,
    "0,3,4,6,7": -0.5325088178684085,
    "0,3,5,6,7": 0.8686272674548806,
    "0,4,5,6,7": 0.7687805303865418,
    "1,2,3,4,5": -2.6391927858629343,
    "1,2,3,4,6": 0.11538011977933038,
    "1,2,3,4,7": 0.2829563508343136,
    "1,2,3,5,6": 0.570155652436523,
    "1,2,3,5,7": -5.075864908753182,
    "1,2,3,6,7": 0.016757571781529035,
    "1,2,4,5,6": -0.5467508031038153,
    "1,2,4,5,7": -0.0393707552833964,
    "1,2,4,6,7": -2.37852674541866,
    "1,2,5,6,7": -0.7293888348104545,
    "1,3,4,5,6": -3.197575148049383,
    "1,3,4,5,7": -0.9777626073519772,
    "1,3,4,6,7": 0.31399504022252234,
    "1,3,5,6,7": -0.053576254058442796,
    "1,4,5,6,7": -0.4015704066865038,
    "2,3,4,5,6": -1.9773237907137657,
    "2,3,4,5,7": -0.5360775834196894,
    "2,3,4,6,7": -1.816529343945815,