{
  "object_name": "Game",
  "data_type": "game",
  "version": "1.4.2.dev29+g3d3c3a7e6.d20260421",
  "created_from": null,
  "description": null,
  "parameters": {},
  "timestamp": "2026-04-21T12:25:56.160069+00:00Z",
  "metadata": {
    "n_players": 8,
    "game_name": "Game_object",
    "normalization_value": -8.584753768457738,
    "precompute_flag": false,
    "precomputed": true,
    "player_names": null
  },
  "data": {
    "Empty": -8.584753768457738,
    "0": -2.643086774947567,
    "1": -0.4345404340170027,
    "2": -1.5245388606324304,
    "3": -0.5778165943719369,
    "4": -2.756037793643549,
    "5": -6.59517294695413,
    "6": -4.413809842755571,
    "7": -2.6868207620885802,
    "0,1": -0.6600478698690806,
    "0,2": -2.6899099972547176,
    "0,3": -1.1782737657253697,
    "0,4": -6.233974152153003,
    "0,5": -3.1002324529452983,
    "0,6": -1.7580304100362913,
    "0,7": -2.6087990740007925,
    "1,2": -2.5489746001427527,
    "1,3": -1.6567766183227888,
    "1,4": -3.5895195333312984,
    "1,5": -2.8397895208981816,
    "1,6": -1.2373626529193928,
    "1,7": -1.8643649550846066,
    "2,3": -1.1419264413520795,
    "2,4": -2.892113389378781,
    "2,5": -1.9436960957854548,
    "2,6": -0.38664738830750744,
    "2,7": -8.01101219440696,
    "3,4": -12.363466261705124,
    "3,5": -3.1579632504592636,
    "3,6": -3.429682566431903,
    "3,7": -6.993189149820716,
    "4,5": -2.402944849656128,
    "4,6": -1.674336985143484,
    "4,7": -8.06718145657777,
    "5,6": -3.0004439575855084,
    "5,7": -1.1549772772695355,
    "6,7": 0.46893473218676107,
    "0,1,2": -2.5428570554954684,
    "0,1,3": -2.656466121261583,
    "0,1,4": -2.0915177360103243,
    "0,1,5": -17.011735221863052,
    "0,1,6": -2.0959601217426003,
    "0,1,7": -2.8145502691443665,
    "0,2,3": -1.05791074940903,
    "0,2,4": -2.4294627093030656,
    "0,2,5": -6.718297379990763,
    "0,2,6": -4.001877657403771,
    "0,2,7": -5.6661557853071205,
    "0,3,4": -1.8474012488501814,
    "0,3,5": -4.4713354697203895,
    "0,3,6": -1.1596744497266807,
    "0,3,7": -1.2981838448932677,
    "0,4,5": -7.582345132841146,
    "0,4,6": -2.648424652567526,
    "0,4,7": -0.6471025730412288,
    "0,5,6": -14.582301001508926,
    "0,5,7": -2.77141803452941,
    "0,6,7": 0.050737499323009194,
    "1,2,3": -1.8631675211190628,
    "1,2,4": -1.6380646403419772,
    "1,2,5": -3.874206807732274,
    "1,2,6": -2.408403673341934,
    "1,2,7": -12.040948877538597,
    "1,3,4": -3.6147081464929833,
    "1,3,5": -7.412463987636459,
    "1,3,6": -1.4625525263697403,
    "1,3,7": -6.17763249834761,
    "1,4,5": -2.5969007586413744,
    "1,4,6": -2.0243767051921084,
    "1,4,7": -5.120286867714684,
    "1,5,6": -3.9728038035567828,
    "1,5,7": -3.179225628648836,
    "1,6,7": -2.8599723658690346,
    "2,3,4": -2.079109683308347,
    "2,3,5": -1.5631190948530733,
    "2,3,6": -0.33317051046391377,
    "2,3,7": -1.8153293165985418,
    "2,4,5": -11.655329825743001,
    "2,4,6": -3.001730671556695,
    "2,4,7": -1.887045987746781,
    "2,5,6": -3.2547130324769,
    "2,5,7": -3.059346099833273,
    "2,6,7": 0.24390230526230794,
    "3,4,5": -4.792981807344093,
    "3,4,6": -1.4817985756803709,
    "3,4,7": -2.6770804264967105,
    "3,5,6": -5.304615495199381,
    "3,5,7": -1.551272217937378,
    "3,6,7": 0.5548879567016787,
    "4,5,6": -0.9022969587580727,
    "4,5,7": -4.03238812129779,
    "4,6,7": 0.08533744943616195,
    "5,6,7": 0.34209893861558016,
    "0,1,2,3": -5.440767456889426,
    "0,1,2,4": -1.2496634626303686,
    "0,1,2,5": -8.71847293070647,
    "0,1,2,6": -7.657001585375832,
    "0,1,2,7": -1.3474377614365136,
    "0,1,3,4": -3.5521811491003934,
    "0,1,3,5": -3.501077715049443,
    "0,1,3,6": -0.6930299912140945,
    "0,1,3,7": -1.677645258361832,
    "0,1,4,5": -2.566003251287131,
    "0,1,4,6": -3.100265579203544,
    "0,1,4,7": -4.913725992884921,
    "0,1,5,6": -2.082948967256537,
    "0,1,5,7": -1.8333719248355957,
    "0,1,6,7": 0.6555171223613069,
    "0,2,3,4": -3.0091372441984614,
    "0,2,3,5": -1.7303852005880551,
    "0,2,3,6": -3.7818582063467545,
    "0,2,3,7": -10.770090495505832,
    "0,2,4,5": -1.0091634142934152,
    "0,2,4,6": -4.8724531350701845,
    "0,2,4,7": 0.08645335379280517,
    "0,2,5,6": 0.32469661940827,
    "0,2,5,7": -2.837124850825939,
    "0,2,6,7": 0.6785206373221921,
    "0,3,4,5": -4.294121006429554,
    "0,3,4,6": -3.0937181730028493,
    "0,3,4,7": -1.7892706682423336,
    "0,3,5,6": -1.3431118892347067,
    "0,3,5,7": 0.4080516760786326,
    "0,3,6,7": 0.7349186239660259,
    "0,4,5,6": -2.8066523730204955,
    "0,4,5,7": -0.5514980120946353,
    "0,4,6,7": 0.8342189408730787,
    "0,5,6,7": -0.1428287726030515,
    "1,2,3,4": -5.088045557381735,
    "1,2,3,5": -2.290880059567078,
    "1,2,3,6": -2.655254388548125,
    "1,2,3,7": -2.7732727603669014,
    "1,2,4,5": -10.722203041651774,
    "1,2,4,6": -3.4639875318656843,
    "1,2,4,7": -1.444738276132333,
    "1,2,5,6": -7.677516864819463,
    "1,2,5,7": -3.7432915410140994,
    "1,2,6,7": 0.46518806779412425,
    "1,3,4,5": -1.508385099599876,
    "1,3,4,6": -4.380117358770843,
    "1,3,4,7": -3.2088865490054914,
    "1,3,5,6": -4.042174246118466,
    "1,3,5,7": -6.626483550624669,
    "1,3,6,7": -0.16798793372536025,
    "1,4,5,6": -1.8986287035384275,
    "1,4,5,7": -1.4462486333193425,
    "1,4,6,7": -0.1267950839459977,
    "1,5,6,7": 0.3289731408246719,
    "2,3,4,5": -0.2824532575759322,
    "2,3,4,6": -0.9980727425715226,
    "2,3,4,7": -0.6661884995249276,
    "2,3,5,6": -3.517118960413824,
    "2,3,5,7": -2.9641772175339867,
    "2,3,6,7": -0.16440505419119944,
    "2,4,5,6": -2.9955037455559816,
    "2,4,5,7": -1.1558440160891492,
    "2,4,6,7": 0.5433994200337169,
    "2,5,6,7": -0.3412056618000534,
    "3,4,5,6": -1.5432441149907312,
    "3,4,5,7": -10.939331665020983,
    "3,4,6,7": -0.8355929091567236,
    "3,5,6,7": 0.24937191075304577,
    "4,5,6,7": 0.48499421215676664,
    "0,1,2,3,4": 0.17576086048196948,
    "0,1,2,3,5": -3.3092576252414627,
    "0,1,2,3,6": -1.9460731217613425,
    "0,1,2,3,7": -6.131877657502892,
    "0,1,2,4,5": -5.566579646593177,
    "0,1,2,4,6": -0.07247959811084081,
    "0,1,2,4,7": -3.501751619689913,
    "0,1,2,5,6": -0.3306711949951475,
    "0,1,2,5,7": 0.0908727875569757,
    "0,1,2,6,7": 0.7839480507822146,
    "0,1,3,4,5": -0.7443030302970228,
    "0,1,3,4,6": -0.8265734631492561,
    "0,1,3,4,7": -2.0123218496251596,
    "0,1,3,5,6": -1.1754665342009276,
    "0,1,3,5,7": -4.982429824614779,
    "0,1,3,6,7": 0.21793935203878745,
    "0,1,4,5,6": -1.8141264049531935,
    "0,1,4,5,7": -0.7590282093885306,
    "0,1,4,6,7": 0.812831148803611,
    "0,1,5,6,7": 0.8857674063163289,
    "0,2,3,4,5": -3.2235248368902045,
    "0,2,3,4,6": -1.3405715181957247,
    "0,2,3,4,7": -2.84413533206638,
    "0,2,3,5,6": -1.1343524853197482,
    "0,2,3,5,7": -2.317298888246485,
    "0,2,3,6,7": 0.8282693579292951,
    "0,2,4,5,6": 0.15820251728474932,
    "0,2,4,5,7": -6.983219716951515,
    "0,2,4,6,7": 0.5783487200677828,
    "0,2,5,6,7": 0.7931357133798271,
    "0,3,4,5,6": -0.9836587507435073,
    "0,3,4,5,7": -4.725496681780654,
    "0,3,4,6,7": -1.1751650069103072,
    "0,3,5,6,7": 0.5106552181892541,
    "0,4,5,6,7": 0.460644257283374,
    "1,2,3,4,5": -4.95966807765169,
    "1,2,3,4,6": -2.525665208126247,
    "1,2,3,4,7": -0.4296617414374331,
    "1,2,3,5,6": -1.828471520888188,
    "1,2,3,5,7": -7.650763867012394,
    "1,2,3,6,7": -0.040442892372692274,
    "1,2,4,5,6": -12.00287179591041,
    "1,2,4,5,7": -3.8414514419234997,
    "1,2,4,6,7": 0.6980665280809566,
    "1,2,5,6,7": 0.14158779210829708,
    "1,3,4,5,6": 0.02341453048832476,
    "1,3,4,5,7": -4.418199080674112,
    "1,3,4,6,7": 0.25968959364945743,
    "1,3,5,6,7": 0.29205142814073815,
    "1,4,5,6,7": -0.2648349197046016,
    "2,3,4,5,6": -2.976109935258191,
    "2,3,4,5,7": -4.713776671034561,
    "2,3,4,6,7": 0.6358654673665805,
    "2,3,5,6,7": 0.5362799783633505,