{
  "object_name": "Game",
  "data_type": "game",
  "version": "1.4.2.dev29+g3d3c3a7e6.d20260421",
  "created_from": null,
  "description": null,
  "parameters": {},
  "timestamp": "2026-04-21T12:25:56.122179+00:00Z",
  "metadata": {
    "n_players": 8,
    "game_name": "Game_object",
    "normalization_value": -2.346221259665018,
    "precompute_flag": false,
    "precomputed": true,
    "player_names": null
  },
  "data": {
    "Empty": -2.346221259665018,
    "0": -6.082979372071892,
    "1": -1.5873955501190427,
    "2": -4.89727752737555,
    "3": -1.3516639429411046,
    "4": -3.0534007950906306,
    "5": -2.7306833913578292,
    "6": -1.4289236165514474,
    "7": -5.736785607211276,
    "0,1": -8.068936841165634,
    "0,2": -2.9449058057319206,
    "0,3": -3.3960701036788743,
    "0,4": -2.97961576607515,
    "0,5": -3.5930591728221604,
    "0,6": -0.6342577594561096,
    "0,7": -1.685987698331259,
    "1,2": -7.997347043259834,
    "1,3": -7.583381413008482,
    "1,4": -1.8557677941894952,
    "1,5": -3.2916001383333615,
    "1,6": -0.9894595059126581,
    "1,7": -3.6061357155233953,
    "2,3": -4.3831338457626705,
    "2,4": -1.2661340574430913,
    "2,5": -10.696348771208452,
    "2,6": -2.8860988490014945,
    "2,7": -1.1110535021996406,
    "3,4": -13.424506555153663,
    "3,5": -1.989213834825549,
    "3,6": -3.4334812483993327,
    "3,7": -2.1087794097165564,
    "4,5": -0.768930956179483,
    "4,6": -0.5804436683535228,
    "4,7": -0.9112191272534758,
    "5,6": -1.1471206497053141,
    "5,7": -2.2274585399474325,
    "6,7": 0.5828918073857129,
    "0,1,2": -3.641502436122595,
    "0,1,3": -2.1504804461719402,
    "0,1,4": -7.228828899386851,
    "0,1,5": -16.104822203505094,
    "0,1,6": -0.6370094846645822,
    "0,1,7": -1.916776316826013,
    "0,2,3": -3.627101791161527,
    "0,2,4": -3.5226717616125054,
    "0,2,5": -5.253175473044738,
    "0,2,6": -4.429088456476206,
    "0,2,7": -0.5492116081437204,
    "0,3,4": -2.9023517902209144,
    "0,3,5": -0.6533669671427194,
    "0,3,6": -4.827723909886672,
    "0,3,7": -2.3140913104847294,
    "0,4,5": -3.0414412301295055,
    "0,4,6": -0.9319362932472011,
    "0,4,7": -3.026393749653546,
    "0,5,6": 0.3082853768393614,
    "0,5,7": -2.871202803717312,
    "0,6,7": 0.815833633967001,
    "1,2,3": -2.3701598370517987,
    "1,2,4": -3.4935876155712533,
    "1,2,5": -7.792089922861406,
    "1,2,6": -1.1688879718873224,
    "1,2,7": -1.3783875692704082,
    "1,3,4": -5.6948161811398785,
    "1,3,5": -3.4619983241534955,
    "1,3,6": -6.791733278230072,
    "1,3,7": -8.350070533039375,
    "1,4,5": -0.6955042825212552,
    "1,4,6": -0.8241243132676721,
    "1,4,7": -2.281388869829076,
    "1,5,6": -0.9566962129924603,
    "1,5,7": -3.5281021391732867,
    "1,6,7": -1.2349155363937325,
    "2,3,4": -6.982901576051921,
    "2,3,5": 0.019023940360679892,
    "2,3,6": -2.724478296558,
    "2,3,7": -10.693743294234684,
    "2,4,5": -2.0081043256390636,
    "2,4,6": -1.639576920577798,
    "2,4,7": -6.571554807839646,
    "2,5,6": -2.5214957822159376,
    "2,5,7": -5.908498647338595,
    "2,6,7": -0.15952620879276802,
    "3,4,5": -2.2119621788290584,
    "3,4,6": -17.23291872157088,
    "3,4,7": -3.4183468404640847,
    "3,5,6": -4.594154996085992,
    "3,5,7": -7.4999317336807305,
    "3,6,7": 0.48651365430711946,
    "4,5,6": -0.9743345977790414,
    "4,5,7": -4.704026998044318,
    "4,6,7": 0.5877293150637362,
    "5,6,7": -0.2374300030153793,
    "0,1,2,3": -3.496041055456697,
    "0,1,2,4": -1.6394809027704405,
    "0,1,2,5": -6.21129684442615,
    "0,1,2,6": -2.759677635027337,
    "0,1,2,7": -3.832558665073716,
    "0,1,3,4": -1.6500659641756767,
    "0,1,3,5": -4.015021215292253,
    "0,1,3,6": -1.7372462210229958,
    "0,1,3,7": -2.848644653965095,
    "0,1,4,5": -4.743166761540143,
    "0,1,4,6": -2.7219656148757627,
    "0,1,4,7": 0.38399974350703914,
    "0,1,5,6": -10.507488577669504,
    "0,1,5,7": -4.898093568977981,
    "0,1,6,7": 0.39267546595768077,
    "0,2,3,4": -0.6591334440555061,
    "0,2,3,5": -1.568329505800619,
    "0,2,3,6": -4.257706475481089,
    "0,2,3,7": -4.125425223669387,
    "0,2,4,5": -1.4113835261164582,
    "0,2,4,6": -0.5127141859814932,
    "0,2,4,7": -3.3678155048774743,
    "0,2,5,6": -6.160854247095954,
    "0,2,5,7": -1.5769465940933558,
    "0,2,6,7": 0.40002664640578844,
    "0,3,4,5": -3.0387070467631974,
    "0,3,4,6": -0.7534150510309572,
    "0,3,4,7": -2.9222939518426503,
    "0,3,5,6": -2.5378140178377087,
    "0,3,5,7": -3.172179131465926,
    "0,3,6,7": 0.36182123088522944,
    "0,4,5,6": -1.7011644315517414,
    "0,4,5,7": -5.520604505358957,
    "0,4,6,7": 0.723506706098993,
    "0,5,6,7": 0.9290432549494755,
    "1,2,3,4": -1.8693517115360336,
    "1,2,3,5": -2.889538036671626,
    "1,2,3,6": -8.840274813040718,
    "1,2,3,7": -4.291825141311156,
    "1,2,4,5": -5.23733389045153,
    "1,2,4,6": -4.732379858121832,
    "1,2,4,7": -2.0661946980279846,
    "1,2,5,6": -0.6371116650931314,
    "1,2,5,7": -1.0904793598004,
    "1,2,6,7": 0.09247493494099424,
    "1,3,4,5": -0.5161134154467635,
    "1,3,4,6": -9.710167343318709,
    "1,3,4,7": -3.8266220600145484,
    "1,3,5,6": 0.15191538894778844,
    "1,3,5,7": -7.011428124715126,
    "1,3,6,7": -1.4922504016071119,
    "1,4,5,6": -4.171407821833544,
    "1,4,5,7": -12.343224645858507,
    "1,4,6,7": 0.22450340260793367,
    "1,5,6,7": -1.9558442860960996,
    "2,3,4,5": -3.9576465617322043,
    "2,3,4,6": -2.1355927790494538,
    "2,3,4,7": -2.5113444602328183,
    "2,3,5,6": -0.8698309159154227,
    "2,3,5,7": -10.610743605002527,
    "2,3,6,7": 0.38874281856379855,
    "2,4,5,6": -1.0941423574267488,
    "2,4,5,7": -2.955407773754767,
    "2,4,6,7": -0.24309685435200912,
    "2,5,6,7": 0.3215336518140407,
    "3,4,5,6": -2.5231183301846074,
    "3,4,5,7": -8.1185842820739,
    "3,4,6,7": -0.19591599113339964,
    "3,5,6,7": 0.7604653653916515,
    "4,5,6,7": 0.22267371232159983,
    "0,1,2,3,4": -1.6960671269287095,
    "0,1,2,3,5": -1.1430651020052562,
    "0,1,2,3,6": -2.448021763839477,
    "0,1,2,3,7": -1.414912348148365,
    "0,1,2,4,5": -7.4943008898307895,
    "0,1,2,4,6": -1.5010842390729278,
    "0,1,2,4,7": -2.5333667612993778,
    "0,1,2,5,6": -2.380695336480489,
    "0,1,2,5,7": -1.4057736278223887,
    "0,1,2,6,7": 0.8585039757536177,
    "0,1,3,4,5": -4.37849773768263,
    "0,1,3,4,6": -10.476062402742937,
    "0,1,3,4,7": -2.7267122457992787,
    "0,1,3,5,6": -1.3805673976435706,
    "0,1,3,5,7": -1.637141825337817,
    "0,1,3,6,7": 0.707066121045221,
    "0,1,4,5,6": -1.5493970030374036,
    "0,1,4,5,7": -5.078805380114185,
    "0,1,4,6,7": 0.5327134030100775,
    "0,1,5,6,7": 0.747863973880518,
    "0,2,3,4,5": -1.2055811035740414,
    "0,2,3,4,6": -3.4039796831138878,
    "0,2,3,4,7": -0.030371274767411194,
    "0,2,3,5,6": -1.7410317914988256,
    "0,2,3,5,7": -7.8775138046591415,
    "0,2,3,6,7": 0.45324420003579347,
    "0,2,4,5,6": -1.882282865344013,
    "0,2,4,5,7": -3.1519522331597463,
    "0,2,4,6,7": 0.39828857517032223,
    "0,2,5,6,7": 0.9151409253463101,
    "0,3,4,5,6": -2.7385578604112246,
    "0,3,4,5,7": -6.739797112128684,
    "0,3,4,6,7": -1.5055319814639039,
    "0,3,5,6,7": 0.6924821771252532,
    "0,4,5,6,7": 0.8750625623227836,
    "1,2,3,4,5": -1.9875094682675174,
    "1,2,3,4,6": -13.794385643816888,
    "1,2,3,4,7": -1.2940885425245754,
    "1,2,3,5,6": -2.347210233683616,
    "1,2,3,5,7": -2.005287643048548,
    "1,2,3,6,7": 0.6095280788323387,
    "1,2,4,5,6": -6.561968486385373,
    "1,2,4,5,7": -10.143874028941017,
    "1,2,4,6,7": -3.703848713474753,
    "1,2,5,6,7": 0.2839143653042274,
    "1,3,4,5,6": -0.18785997754570327,
    "1,3,4,5,7": -5.467636635000189,
    "1,3,4,6,7": -0.1607923728164229,
    "1,3,5,6,7": -0.1296966550806773,
    "1,4,5,6,7": 0.48955066825086346,
    "2,3,4,5,6": -2.775692019534738,
    "2,3,4,5,7": -2.198371582045294,
    "2,3,4,6,7": 0.5604474510658258,
    "2,3,5,6,7": 0.5409872616326382,