{
  "object_name": "Game",
  "data_type": "game",
  "version": "1.4.2.dev29+g3d3c3a7e6.d20260421",
  "created_from": null,
  "description": null,
  "parameters": {},
  "timestamp": "2026-04-21T12:25:56.051377+00:00Z",
  "metadata": {
    "n_players": 8,
    "game_name": "Game_object",
    "normalization_value": -6.948360357981914,
    "precompute_flag": false,
    "precomputed": true,
    "player_names": null
  },
  "data": {
    "Empty": -6.948360357981914,
    "0": -3.850131028750309,
    "1": -0.5494459944915273,
    "2": -3.5175423124147693,
    "3": -0.9972921464255313,
    "4": -0.17365164138868017,
    "5": -0.8028002340993197,
    "6": -0.9331690748462989,
    "7": -2.2482796313994187,
    "0,1": 0.6834408747798466,
    "0,2": -1.2031475323715317,
    "0,3": -2.8301528865175336,
    "0,4": -4.563194051746872,
    "0,5": -0.5573641745747588,
    "0,6": -0.47349807717049397,
    "0,7": 0.13182320290081062,
    "1,2": 0.2449314521883439,
    "1,3": -1.5715762130694246,
    "1,4": -3.4854897443846102,
    "1,5": -10.61295863480702,
    "1,6": -3.1311371960584786,
    "1,7": -1.4381847160882657,
    "2,3": -2.1972596007726763,
    "2,4": -0.4991305083623836,
    "2,5": -0.6437977822395153,
    "2,6": -1.3971017654192002,
    "2,7": -0.25371733365453886,
    "3,4": 0.20931470171742805,
    "3,5": -3.3293378534202978,
    "3,6": 0.13627281679155512,
    "3,7": -1.6248965633412595,
    "4,5": -1.0971192685434197,
    "4,6": -0.7233156788970465,
    "4,7": -1.2905404760823336,
    "5,6": -1.3014784664550079,
    "5,7": -0.7380078920132784,
    "6,7": 0.20117388459734165,
    "0,1,2": 0.6206694785814744,
    "0,1,3": -0.8703928456467802,
    "0,1,4": -0.9033081214109615,
    "0,1,5": 0.34555371915626676,
    "0,1,6": -0.1368413821977179,
    "0,1,7": 0.17726017076849865,
    "0,2,3": -3.660304903190699,
    "0,2,4": -0.7680594215765417,
    "0,2,5": -0.5015229800358225,
    "0,2,6": -7.840599583306574,
    "0,2,7": -0.8448454065727917,
    "0,3,4": -1.4619643882687505,
    "0,3,5": -0.11637287959169185,
    "0,3,6": -0.9023852544945286,
    "0,3,7": -0.9897054095209319,
    "0,4,5": -0.16028713514493687,
    "0,4,6": 0.14629249078832574,
    "0,4,7": -2.730739023196029,
    "0,5,6": -1.1874311145837253,
    "0,5,7": -0.031641309831550224,
    "0,6,7": -0.596806716793097,
    "1,2,3": -4.907963916420168,
    "1,2,4": -2.078981328777505,
    "1,2,5": -14.92978583148133,
    "1,2,6": -0.8447274283372528,
    "1,2,7": -0.7635320386606819,
    "1,3,4": -0.5492742070674883,
    "1,3,5": -6.179536695852046,
    "1,3,6": -0.2855994718054353,
    "1,3,7": -2.6329856523411643,
    "1,4,5": -7.6680305920489165,
    "1,4,6": -1.133887279888817,
    "1,4,7": -1.2160280239827617,
    "1,5,6": -1.0375904955325965,
    "1,5,7": -3.085549466985783,
    "1,6,7": -1.8083048423985288,
    "2,3,4": -1.8526475490165768,
    "2,3,5": -0.6649057174890858,
    "2,3,6": -0.6114824369920542,
    "2,3,7": -0.9136604310073928,
    "2,4,5": -1.837309546649156,
    "2,4,6": -5.830844633968191,
    "2,4,7": -3.078779182730253,
    "2,5,6": -0.5794695995663863,
    "2,5,7": -0.2676771241031888,
    "2,6,7": -0.12285996170069402,
    "3,4,5": -2.1922151702496198,
    "3,4,6": -1.2125458976132646,
    "3,4,7": -4.642270988550348,
    "3,5,6": 0.22544538458746866,
    "3,5,7": 0.07619628088112074,
    "3,6,7": -4.843539828115377,
    "4,5,6": -1.7242385033430478,
    "4,5,7": -1.7935983429409315,
    "4,6,7": -3.323299640647276,
    "5,6,7": 0.13273185802238563,
    "0,1,2,3": -1.5702967581097682,
    "0,1,2,4": -1.965823772771655,
    "0,1,2,5": -0.548080512704687,
    "0,1,2,6": 0.08499733830207679,
    "0,1,2,7": -0.5491323493476492,
    "0,1,3,4": -3.1264446615777324,
    "0,1,3,5": -1.2304484916428233,
    "0,1,3,6": -0.7236799690203868,
    "0,1,3,7": 0.27127426653270814,
    "0,1,4,5": -2.3475744047321006,
    "0,1,4,6": -3.432104489541393,
    "0,1,4,7": -2.0387880588453795,
    "0,1,5,6": 0.2998412941276307,
    "0,1,5,7": -0.006576735108864806,
    "0,1,6,7": 0.12095142148136495,
    "0,2,3,4": -2.704375199764552,
    "0,2,3,5": -0.6335377721066742,
    "0,2,3,6": -0.1592307133852482,
    "0,2,3,7": -1.7718959352132342,
    "0,2,4,5": -0.08564714861976874,
    "0,2,4,6": -0.12226066112745748,
    "0,2,4,7": -0.16915285905064392,
    "0,2,5,6": 0.7348373515306159,
    "0,2,5,7": -0.28356459282373225,
    "0,2,6,7": 0.8515076197594966,
    "0,3,4,5": -1.3684905544233903,
    "0,3,4,6": -0.5174713456829247,
    "0,3,4,7": -0.34163778767302166,
    "0,3,5,6": 0.41824046917902935,
    "0,3,5,7": -2.2575880957190932,
    "0,3,6,7": 0.6185550995466684,
    "0,4,5,6": -0.11468060508717048,
    "0,4,5,7": -1.4747186248307371,
    "0,4,6,7": 0.3825120719207167,
    "0,5,6,7": 0.12980152094961173,
    "1,2,3,4": -3.0138138383430464,
    "1,2,3,5": -2.3193149389312553,
    "1,2,3,6": -3.9421447131103244,
    "1,2,3,7": -0.665944336200468,
    "1,2,4,5": -0.6530160150567161,
    "1,2,4,6": -1.0096753869105441,
    "1,2,4,7": -1.2562102337253203,
    "1,2,5,6": -0.18493684409370048,
    "1,2,5,7": -0.15783495815658988,
    "1,2,6,7": -0.8694692035405995,
    "1,3,4,5": -2.7772825744529612,
    "1,3,4,6": -0.8822098411843138,
    "1,3,4,7": -3.0225999743060843,
    "1,3,5,6": -0.9159249742442317,
    "1,3,5,7": -5.990614659300801,
    "1,3,6,7": 0.6943826382709057,
    "1,4,5,6": -0.696227954928931,
    "1,4,5,7": -0.022215926308903233,
    "1,4,6,7": -0.5761327632667623,
    "1,5,6,7": -0.4915088172767754,
    "2,3,4,5": -1.6296084874689738,
    "2,3,4,6": -6.163478098610827,
    "2,3,4,7": -3.4213412105197136,
    "2,3,5,6": -2.4692563520986455,
    "2,3,5,7": -0.8873997519322183,
    "2,3,6,7": -1.4137654057712261,
    "2,4,5,6": -0.7631540521844264,
    "2,4,5,7": -2.1321957847592308,
    "2,4,6,7": 0.5032472829279222,
    "2,5,6,7": -0.020507390195179998,
    "3,4,5,6": -0.5450031229132011,
    "3,4,5,7": -1.5998688240713306,
    "3,4,6,7": -0.1550132631843255,
    "3,5,6,7": 0.07733160643779902,
    "4,5,6,7": 0.2872092526430362,
    "0,1,2,3,4": -0.5783996487042053,
    "0,1,2,3,5": 0.2038717993687471,
    "0,1,2,3,6": -5.730055615940363,
    "0,1,2,3,7": -0.7514937709986613,
    "0,1,2,4,5": -1.0363852562362377,
    "0,1,2,4,6": 0.433884578215635,
    "0,1,2,4,7": 0.3380812148311634,
    "0,1,2,5,6": -0.5558096930750187,
    "0,1,2,5,7": -0.810730321124502,
    "0,1,2,6,7": 0.5160998890642156,
    "0,1,3,4,5": -0.6501043820436427,
    "0,1,3,4,6": 0.8486227909803334,
    "0,1,3,4,7": -1.0846621691104934,
    "0,1,3,5,6": -1.191776254520542,
    "0,1,3,5,7": -1.5529472496166608,
    "0,1,3,6,7": -2.3723137733977677,
    "0,1,4,5,6": 0.616732810544448,
    "0,1,4,5,7": -0.42017158447567415,
    "0,1,4,6,7": 0.7636130299311572,
    "0,1,5,6,7": 0.3878196648147818,
    "0,2,3,4,5": -0.8585282230031066,
    "0,2,3,4,6": 0.7895905518485371,
    "0,2,3,4,7": -2.6473147372473966,
    "0,2,3,5,6": 0.4766167060349873,
    "0,2,3,5,7": -0.3948744071649335,
    "0,2,3,6,7": -1.300271500599798,
    "0,2,4,5,6": -3.020632022148999,
    "0,2,4,5,7": -2.773495807352755,
    "0,2,4,6,7": 0.34303484353758373,
    "0,2,5,6,7": 0.4451131350054499,
    "0,3,4,5,6": 0.19905371718227516,
    "0,3,4,5,7": -1.008370690247236,
    "0,3,4,6,7": 0.2881087727811149,
    "0,3,5,6,7": -1.8092015976780083,
    "0,4,5,6,7": 0.7542770474213717,
    "1,2,3,4,5": -1.6748012728541464,
    "1,2,3,4,6": -0.28451653139927324,
    "1,2,3,4,7": 0.37891841630032297,
    "1,2,3,5,6": 0.18531448481980772,
    "1,2,3,5,7": -5.687720321343818,
    "1,2,3,6,7": 0.1622489215177959,
    "1,2,4,5,6": -1.1577587332341959,
    "1,2,4,5,7": -0.8452527561001915,
    "1,2,4,6,7": -1.8640021919814664,
    "1,2,5,6,7": -1.0310573731244879,
    "1,3,4,5,6": -4.124520499394619,
    "1,3,4,5,7": -1.2589464029579656,
    "1,3,4,6,7": 0.33321914700530364,
    "1,3,5,6,7": -0.6019980900901933,
    "1,4,5,6,7": 0.39777082407879705,
    "2,3,4,5,6": -2.1573349099845656,
    "2,3,4,5,7": -1.0106468064015535,
    "2,3,4,6,7": -0.9774509328588075,