{
  "object_name": "Game",
  "data_type": "game",
  "version": "1.4.2.dev29+g3d3c3a7e6.d20260421",
  "created_from": null,
  "description": null,
  "parameters": {},
  "timestamp": "2026-04-21T12:25:56.066968+00:00Z",
  "metadata": {
    "n_players": 8,
    "game_name": "Game_object",
    "normalization_value": -3.4332586289280016,
    "precompute_flag": false,
    "precomputed": true,
    "player_names": null
  },
  "data": {
    "Empty": -3.4332586289280016,
    "0": -0.4311716511605883,
    "1": -0.569935226389495,
    "2": -3.1283045076207605,
    "3": -2.8280141954702516,
    "4": -3.964709540870908,
    "5": -1.3586173705023388,
    "6": -17.785340504099036,
    "7": -0.5594666717921124,
    "0,1": -1.726636417737053,
    "0,2": -0.5665097902532499,
    "0,3": -0.47044105210608933,
    "0,4": -1.2917644149063374,
    "0,5": -1.7373239261965585,
    "0,6": -2.3908751778180783,
    "0,7": 0.23551201735477445,
    "1,2": -3.0539981168586436,
    "1,3": -0.6144443557292225,
    "1,4": -0.6329041238635573,
    "1,5": -1.9276474651686928,
    "1,6": 0.39329187644443186,
    "1,7": -2.197238983977478,
    "2,3": -1.1796888936753098,
    "2,4": -6.019714664645671,
    "2,5": -4.564307783103168,
    "2,6": -2.0686380168734457,
    "2,7": -2.965546294895517,
    "3,4": -1.7780919219271087,
    "3,5": -1.6633800398972416,
    "3,6": -17.21037998386709,
    "3,7": -1.039126633916959,
    "4,5": -0.13590291091851303,
    "4,6": -2.2693454030094378,
    "4,7": -4.013731752682307,
    "5,6": -2.143439992047533,
    "5,7": -1.9539469615713827,
    "6,7": 0.47388066352254454,
    "0,1,2": 0.13256228883662757,
    "0,1,3": -1.7648030041483183,
    "0,1,4": -5.572226490009927,
    "0,1,5": -1.7507100047411228,
    "0,1,6": -4.825893156901857,
    "0,1,7": -0.5166649784797197,
    "0,2,3": -2.1239612492598554,
    "0,2,4": -0.3517736315562583,
    "0,2,5": -0.7550140990958467,
    "0,2,6": -0.03639094122012798,
    "0,2,7": -10.08695265992614,
    "0,3,4": -3.9607659202826015,
    "0,3,5": -6.381935323529306,
    "0,3,6": 0.5940341464621048,
    "0,3,7": 0.2067979816606762,
    "0,4,5": -0.7414217837787942,
    "0,4,6": -0.6620590187461635,
    "0,4,7": -0.24038230057134924,
    "0,5,6": -2.3103269669394053,
    "0,5,7": -23.70123733796582,
    "0,6,7": 0.5824103460473433,
    "1,2,3": -4.830980930691137,
    "1,2,4": -1.1990437519630914,
    "1,2,5": -2.8070477805957528,
    "1,2,6": -18.45717092077979,
    "1,2,7": -0.990984370821222,
    "1,3,4": -0.6881802714611951,
    "1,3,5": -0.1665695345728,
    "1,3,6": -1.3135165652874266,
    "1,3,7": -2.3678923473475404,
    "1,4,5": -4.1648609277943756,
    "1,4,6": -2.6080038928484077,
    "1,4,7": -1.2892625332870766,
    "1,5,6": -2.2946168819667303,
    "1,5,7": -6.267265217841526,
    "1,6,7": -1.1403258758176187,
    "2,3,4": -7.641151258070748,
    "2,3,5": -2.410414971470819,
    "2,3,6": -0.6196021394702163,
    "2,3,7": -0.3183845134076373,
    "2,4,5": -1.1981848313953485,
    "2,4,6": 0.40631675981926685,
    "2,4,7": -2.6773305597693136,
    "2,5,6": -2.7139698670061683,
    "2,5,7": -4.247490960787327,
    "2,6,7": 0.471699127931015,
    "3,4,5": -2.433126242531094,
    "3,4,6": -1.2836858923753902,
    "3,4,7": -1.2294493380886617,
    "3,5,6": -1.024265687764483,
    "3,5,7": -35.05760674080893,
    "3,6,7": -3.2962599765475176,
    "4,5,6": -7.895990021743652,
    "4,5,7": -3.389997133209027,
    "4,6,7": 0.3180181646787269,
    "5,6,7": -1.875324158831278,
    "0,1,2,3": 0.27283532135153477,
    "0,1,2,4": -4.036947210619623,
    "0,1,2,5": -2.4184242748200115,
    "0,1,2,6": -4.664396700186296,
    "0,1,2,7": -2.1670958640484708,
    "0,1,3,4": -1.4725302059504153,
    "0,1,3,5": 0.41753500893298023,
    "0,1,3,6": 0.16965236985828902,
    "0,1,3,7": -3.252333205821749,
    "0,1,4,5": -1.0721766644840796,
    "0,1,4,6": -0.6671142061151747,
    "0,1,4,7": -2.969284189359712,
    "0,1,5,6": -2.632654671002709,
    "0,1,5,7": -2.0670493422487017,
    "0,1,6,7": 0.7360908142608455,
    "0,2,3,4": -3.6758490763419234,
    "0,2,3,5": -0.7143125254062497,
    "0,2,3,6": -0.5300047922240312,
    "0,2,3,7": -0.15436702656313694,
    "0,2,4,5": 0.4126179998577054,
    "0,2,4,6": -12.823528372539355,
    "0,2,4,7": -0.2577265087658438,
    "0,2,5,6": -2.9300414757139426,
    "0,2,5,7": 0.29386092666663843,
    "0,2,6,7": 0.4525056943568545,
    "0,3,4,5": -3.7089802554824356,
    "0,3,4,6": -1.8396249770311832,
    "0,3,4,7": -1.08970731969917,
    "0,3,5,6": -0.6560346195026401,
    "0,3,5,7": -0.19593525582396576,
    "0,3,6,7": 0.8064067920914719,
    "0,4,5,6": -0.6270921114440986,
    "0,4,5,7": -2.8721873705622345,
    "0,4,6,7": 0.9593747006032676,
    "0,5,6,7": 0.8386472564568409,
    "1,2,3,4": -4.52229299058875,
    "1,2,3,5": -0.23259381760484876,
    "1,2,3,6": -1.2193677144031465,
    "1,2,3,7": -1.5344427337174245,
    "1,2,4,5": -0.7527471394183907,
    "1,2,4,6": -0.9222434321044035,
    "1,2,4,7": -1.6128646114789773,
    "1,2,5,6": -6.625156275125385,
    "1,2,5,7": -0.8119263477478014,
    "1,2,6,7": -0.41555773390379724,
    "1,3,4,5": -2.033064552276442,
    "1,3,4,6": -0.19023355160665179,
    "1,3,4,7": -1.6675152592238454,
    "1,3,5,6": -1.2564049617246509,
    "1,3,5,7": -2.4185374204527244,
    "1,3,6,7": 0.12855653328279026,
    "1,4,5,6": -1.0459935311437114,
    "1,4,5,7": -2.903421711807546,
    "1,4,6,7": 0.1935932741984654,
    "1,5,6,7": 0.4319430155606452,
    "2,3,4,5": -7.002576533145994,
    "2,3,4,6": -1.736232044598141,
    "2,3,4,7": -0.19592757761376411,
    "2,3,5,6": -5.437879494631208,
    "2,3,5,7": 0.19256616245397928,
    "2,3,6,7": 0.5946811948538665,
    "2,4,5,6": -2.633288094562363,
    "2,4,5,7": -9.21760254754703,
    "2,4,6,7": 0.4845535228786845,
    "2,5,6,7": -0.13436710102880967,
    "3,4,5,6": -2.161960492706242,
    "3,4,5,7": -1.178504649923597,
    "3,4,6,7": 0.4993152349298694,
    "3,5,6,7": 0.7290261617170876,
    "4,5,6,7": 0.6019611747786805,
    "0,1,2,3,4": -4.2952943167549,
    "0,1,2,3,5": -1.938279427978706,
    "0,1,2,3,6": 0.49101984177755575,
    "0,1,2,3,7": -0.7040944105253402,
    "0,1,2,4,5": -1.4323063487839907,
    "0,1,2,4,6": -0.7030615014705222,
    "0,1,2,4,7": -1.035934120365253,
    "0,1,2,5,6": -0.17814957912766483,
    "0,1,2,5,7": -2.305189704601174,
    "0,1,2,6,7": 0.5892862114900141,
    "0,1,3,4,5": -6.597397490545918,
    "0,1,3,4,6": -0.7354551835367709,
    "0,1,3,4,7": -1.182611107388627,
    "0,1,3,5,6": -0.023938334535455352,
    "0,1,3,5,7": 0.08832737169415483,
    "0,1,3,6,7": 0.5621267446030486,
    "0,1,4,5,6": -2.3224979091213647,
    "0,1,4,5,7": 0.5381048053375893,
    "0,1,4,6,7": 0.7757823186989109,
    "0,1,5,6,7": 0.8525458136566934,
    "0,2,3,4,5": -6.308353357549889,
    "0,2,3,4,6": -2.5636227265924454,
    "0,2,3,4,7": -0.3980681754486357,
    "0,2,3,5,6": -5.0088906866144765,
    "0,2,3,5,7": -1.3402226214463928,
    "0,2,3,6,7": 0.7383849919004952,
    "0,2,4,5,6": -1.9338200548715734,
    "0,2,4,5,7": -2.386817880922539,
    "0,2,4,6,7": 0.6569644100245853,
    "0,2,5,6,7": 0.9437124569010841,
    "0,3,4,5,6": -3.9971376127537424,
    "0,3,4,5,7": -0.8189764386041352,
    "0,3,4,6,7": 0.5544246454854551,
    "0,3,5,6,7": 0.8081779404239608,
    "0,4,5,6,7": 0.5094073779088244,
    "1,2,3,4,5": -0.607530766328747,
    "1,2,3,4,6": -2.919149682810864,
    "1,2,3,4,7": -1.7145764919813784,
    "1,2,3,5,6": -0.4218930952250479,
    "1,2,3,5,7": -14.900291100917514,
    "1,2,3,6,7": 0.344320556231418,
    "1,2,4,5,6": -0.31205276170128293,
    "1,2,4,5,7": -0.36556317658545256,
    "1,2,4,6,7": 0.06361415678219418,
    "1,2,5,6,7": 0.7624322423965442,
    "1,3,4,5,6": -1.3812998342118146,
    "1,3,4,5,7": -0.43794272264611345,
    "1,3,4,6,7": 0.2773987476649564,
    "1,3,5,6,7": -0.29712581902342117,
    "1,4,5,6,7": -0.008875121545099729,
    "2,3,4,5,6": -2.690176197534959,
    "2,3,4,5,7": -2.7307778864006274,
    "2,3,4,6,7": -0.36015100088892216,
    "2,3,5,6,7": 0.7162651039894377,