{
  "object_name": "Game",
  "data_type": "game",
  "version": "1.4.2.dev29+g3d3c3a7e6.d20260421",
  "created_from": null,
  "description": null,
  "parameters": {},
  "timestamp": "2026-04-21T12:25:56.163487+00:00Z",
  "metadata": {
    "n_players": 8,
    "game_name": "Game_object",
    "normalization_value": -4.141713302478818,
    "precompute_flag": false,
    "precomputed": true,
    "player_names": null
  },
  "data": {
    "Empty": -4.141713302478818,
    "0": -7.632008542702872,
    "1": -3.6446973236316262,
    "2": -0.6304774677428546,
    "3": -3.707734900389428,
    "4": -0.7624601132022983,
    "5": -4.122327652333158,
    "6": -0.9477809451854724,
    "7": -0.5752412314530881,
    "0,1": -1.06239102289071,
    "0,2": -1.386942570058629,
    "0,3": -2.582268480020424,
    "0,4": -2.041625639804948,
    "0,5": -2.9658399858905646,
    "0,6": -1.805582997921745,
    "0,7": -10.18078217033088,
    "1,2": -3.1871751257695404,
    "1,3": -2.493032516733931,
    "1,4": -3.0569458488405257,
    "1,5": -20.308781885819343,
    "1,6": -8.914339081527736,
    "1,7": -2.0158526376318187,
    "2,3": -0.8048900176241103,
    "2,4": -2.075542693314159,
    "2,5": -4.552468352179252,
    "2,6": -2.205336022265954,
    "2,7": -3.0062479666821753,
    "3,4": -5.512368011464985,
    "3,5": -1.689273752027498,
    "3,6": -1.9491684538433578,
    "3,7": -1.8658268642308156,
    "4,5": -1.3246359442277993,
    "4,6": -0.6610652247119233,
    "4,7": -0.9006286771279051,
    "5,6": -2.209114926440689,
    "5,7": -42.03818356763317,
    "6,7": -0.4114390046043259,
    "0,1,2": -5.873836425730318,
    "0,1,3": -4.125202902814692,
    "0,1,4": -13.366766221581546,
    "0,1,5": -3.513045859227211,
    "0,1,6": -28.679234476302636,
    "0,1,7": -1.379346186304364,
    "0,2,3": -1.749528204650288,
    "0,2,4": -1.8148784208654303,
    "0,2,5": -1.214135945610408,
    "0,2,6": -0.21171821132799518,
    "0,2,7": -3.183649452569057,
    "0,3,4": -3.1481567245886577,
    "0,3,5": -4.859675033899994,
    "0,3,6": -4.2749000060102516,
    "0,3,7": -2.1714880807795476,
    "0,4,5": -5.309733439841623,
    "0,4,6": -1.1442045653532436,
    "0,4,7": -3.12469187422374,
    "0,5,6": -6.370637992817501,
    "0,5,7": -5.264567366908062,
    "0,6,7": 0.636211573367782,
    "1,2,3": -3.0820080931984144,
    "1,2,4": -4.383294545120555,
    "1,2,5": -1.98570148778056,
    "1,2,6": -4.729847647091491,
    "1,2,7": -6.145259589280008,
    "1,3,4": -3.3234422137548663,
    "1,3,5": -2.5588259833360683,
    "1,3,6": -1.0942825937708318,
    "1,3,7": -1.6899003813204203,
    "1,4,5": -7.107195922687451,
    "1,4,6": -0.8496763176181081,
    "1,4,7": -3.570345022582785,
    "1,5,6": -5.7317187994976235,
    "1,5,7": -2.2415665985420707,
    "1,6,7": 0.5002277533594954,
    "2,3,4": -7.3058196323712234,
    "2,3,5": -2.0724709655814944,
    "2,3,6": -4.432449306947161,
    "2,3,7": -1.6610185863618137,
    "2,4,5": -3.2194281800658207,
    "2,4,6": -4.057338855619565,
    "2,4,7": -4.662536610177694,
    "2,5,6": -0.7604910676173626,
    "2,5,7": -3.256838270535038,
    "2,6,7": -0.45773098723743133,
    "3,4,5": -4.178434972303182,
    "3,4,6": -2.263039668055055,
    "3,4,7": -2.2976602032828843,
    "3,5,6": -0.5818903448433994,
    "3,5,7": -6.05598555676615,
    "3,6,7": 0.5837108881997288,
    "4,5,6": -5.473036369077341,
    "4,5,7": -2.9859121634756427,
    "4,6,7": 0.4248159558038638,
    "5,6,7": 0.30682545864199107,
    "0,1,2,3": -0.5558758140593116,
    "0,1,2,4": -1.9999059813985465,
    "0,1,2,5": -4.087972076774954,
    "0,1,2,6": -0.06048657344365305,
    "0,1,2,7": -6.280860172959407,
    "0,1,3,4": -1.3981394600945625,
    "0,1,3,5": -5.818910302636756,
    "0,1,3,6": 0.05108614228197128,
    "0,1,3,7": -2.499329579874099,
    "0,1,4,5": -5.464374028892508,
    "0,1,4,6": -2.2983468398751326,
    "0,1,4,7": -1.6634469515893051,
    "0,1,5,6": -0.9506922002672653,
    "0,1,5,7": -3.283144355648256,
    "0,1,6,7": 0.6326150833177749,
    "0,2,3,4": -3.767347999110817,
    "0,2,3,5": -1.0678687056662768,
    "0,2,3,6": -11.696538284131641,
    "0,2,3,7": -5.302743015302628,
    "0,2,4,5": -1.9110342541352052,
    "0,2,4,6": -1.460867493217724,
    "0,2,4,7": -2.5663721574201253,
    "0,2,5,6": -4.485706936178972,
    "0,2,5,7": -1.4136804095655822,
    "0,2,6,7": 0.6647772961103966,
    "0,3,4,5": -6.4918980216150635,
    "0,3,4,6": -5.648249985070614,
    "0,3,4,7": -2.029922500278021,
    "0,3,5,6": -0.7570182587543131,
    "0,3,5,7": -5.372503665769518,
    "0,3,6,7": 0.4611219199410893,
    "0,4,5,6": -0.5140317770565923,
    "0,4,5,7": -3.039282785204864,
    "0,4,6,7": 0.4713372188734314,
    "0,5,6,7": 0.7342371984820053,
    "1,2,3,4": -5.013938290819859,
    "1,2,3,5": -0.5547481338997697,
    "1,2,3,6": -5.712834249733465,
    "1,2,3,7": -0.3710059276180604,
    "1,2,4,5": -8.681019543551457,
    "1,2,4,6": -3.9650085145763008,
    "1,2,4,7": -7.028804646370093,
    "1,2,5,6": -1.6668348247557372,
    "1,2,5,7": -2.6192961138106186,
    "1,2,6,7": -0.2210853026427222,
    "1,3,4,5": -3.937041059192315,
    "1,3,4,6": -3.780916086672346,
    "1,3,4,7": -5.324403520931909,
    "1,3,5,6": -1.844500546026015,
    "1,3,5,7": -3.7150308194760617,
    "1,3,6,7": 0.09226754762822698,
    "1,4,5,6": -0.28324789905367553,
    "1,4,5,7": -2.7901511016996183,
    "1,4,6,7": 0.23175756461130026,
    "1,5,6,7": -2.271625556004766,
    "2,3,4,5": -3.672926660369961,
    "2,3,4,6": -0.6417518916759608,
    "2,3,4,7": -3.5921738737793243,
    "2,3,5,6": -8.529944613283943,
    "2,3,5,7": -12.851185831948326,
    "2,3,6,7": 0.892163108057923,
    "2,4,5,6": -4.758845603142059,
    "2,4,5,7": -0.6358431700702525,
    "2,4,6,7": 0.4565433436847589,
    "2,5,6,7": -0.33429837632873816,
    "3,4,5,6": -5.264871642071798,
    "3,4,5,7": 0.379145916003938,
    "3,4,6,7": -0.06867685684944469,
    "3,5,6,7": -0.03853484360638726,
    "4,5,6,7": -0.48391580008852086,
    "0,1,2,3,4": -1.1985879536825084,
    "0,1,2,3,5": -0.3249370609648923,
    "0,1,2,3,6": -5.911835175888737,
    "0,1,2,3,7": -3.8820425897436257,
    "0,1,2,4,5": 0.05254056656756845,
    "0,1,2,4,6": -0.4092243662792536,
    "0,1,2,4,7": -3.274524646050054,
    "0,1,2,5,6": -3.6299056269701007,
    "0,1,2,5,7": -2.918190616966468,
    "0,1,2,6,7": 0.866416222148617,
    "0,1,3,4,5": -6.809641817466705,
    "0,1,3,4,6": -0.35047227734143016,
    "0,1,3,4,7": 0.0009418701086670866,
    "0,1,3,5,6": -3.9401389362736623,
    "0,1,3,5,7": -1.101324031861263,
    "0,1,3,6,7": 0.6833420343026652,
    "0,1,4,5,6": -3.254996148515173,
    "0,1,4,5,7": -6.95778155919759,
    "0,1,4,6,7": 0.7494470255462922,
    "0,1,5,6,7": 0.6308691097329536,
    "0,2,3,4,5": -0.40044489443900466,
    "0,2,3,4,6": -0.5527500501834011,
    "0,2,3,4,7": -0.6749719663069365,
    "0,2,3,5,6": -0.26922109617195766,
    "0,2,3,5,7": -3.9833398375386073,
    "0,2,3,6,7": 0.6530870232408523,
    "0,2,4,5,6": -11.384418925158796,
    "0,2,4,5,7": -3.1572064838624554,
    "0,2,4,6,7": 0.7959131127575191,
    "0,2,5,6,7": 0.6534017116592079,
    "0,3,4,5,6": -0.9833768440174822,
    "0,3,4,5,7": -1.8309239681734422,
    "0,3,4,6,7": 0.09984236775804478,
    "0,3,5,6,7": -0.0131054581269896,
    "0,4,5,6,7": 0.8635870263585366,
    "1,2,3,4,5": -2.4153141287796527,
    "1,2,3,4,6": -0.4349605622767392,
    "1,2,3,4,7": -0.7556533972264066,
    "1,2,3,5,6": -2.554916664522821,
    "1,2,3,5,7": -5.701784821461282,
    "1,2,3,6,7": -0.18542144626573687,
    "1,2,4,5,6": -29.65102850804552,
    "1,2,4,5,7": -12.717563763837516,
    "1,2,4,6,7": 0.6328404574890658,
    "1,2,5,6,7": 0.3834718109512788,
    "1,3,4,5,6": -4.012586482662952,
    "1,3,4,5,7": -1.8060536120463033,
    "1,3,4,6,7": 0.33868569530690285,
    "1,3,5,6,7": -0.0769142822385962,
    "1,4,5,6,7": 0.32291242941761467,
    "2,3,4,5,6": -4.581563189461978,
    "2,3,4,5,7": -4.851976501982187,
    "2,3,4,6,7": 0.13383758994038175,
    "2,3,5,6,7": 0.6272204776420152,