{
  "object_name": "Game",
  "data_type": "game",
  "version": "1.4.2.dev29+g3d3c3a7e6.d20260421",
  "created_from": null,
  "description": null,
  "parameters": {},
  "timestamp": "2026-04-21T12:25:56.234493+00:00Z",
  "metadata": {
    "n_players": 8,
    "game_name": "Game_object",
    "normalization_value": -0.7419698115811757,
    "precompute_flag": false,
    "precomputed": true,
    "player_names": null
  },
  "data": {
    "Empty": -0.7419698115811757,
    "0": -0.964528771196905,
    "1": -0.4156681251719392,
    "2": -3.7269538204104,
    "3": -1.0915587555654254,
    "4": -5.077054730599695,
    "5": -5.759626611544936,
    "6": -2.286869353468815,
    "7": 0.02820411939435119,
    "0,1": -0.5223206421410573,
    "0,2": -0.7481211145336173,
    "0,3": -0.5567995811902999,
    "0,4": -0.04524219479548153,
    "0,5": 0.2536916256375178,
    "0,6": -0.5465221151536874,
    "0,7": 0.5805747162680328,
    "1,2": -0.38868923551955104,
    "1,3": -0.29284948201683414,
    "1,4": -9.483786148769955,
    "1,5": -1.1806297087141364,
    "1,6": -1.8962225085958706,
    "1,7": -0.862593489712203,
    "2,3": -2.626126277972228,
    "2,4": -0.7141164069502424,
    "2,5": -0.6436162261832283,
    "2,6": 0.14184289227373015,
    "2,7": -5.232342567906998,
    "3,4": -4.096074366006062,
    "3,5": -0.5832156641414339,
    "3,6": -3.0938718361974544,
    "3,7": -1.3426177225633813,
    "4,5": -0.56524717944028,
    "4,6": -1.4390879382745627,
    "4,7": -0.18927399101521725,
    "5,6": -0.9349527517260552,
    "5,7": -0.7855376666610243,
    "6,7": -0.9799938353537181,
    "0,1,2": 0.6730986987543104,
    "0,1,3": 0.30002286967329483,
    "0,1,4": -0.8997630036076567,
    "0,1,5": 0.10485492606638502,
    "0,1,6": 0.29047241086896647,
    "0,1,7": -1.3708575404428736,
    "0,2,3": -1.7253442248357302,
    "0,2,4": 0.5334818713164897,
    "0,2,5": 0.2508732450035125,
    "0,2,6": 0.2693020416851507,
    "0,2,7": -1.045372542158605,
    "0,3,4": 0.10699767988762587,
    "0,3,5": -0.414264440453715,
    "0,3,6": 0.3621207765762142,
    "0,3,7": -1.4683215667083869,
    "0,4,5": 0.41570162375159536,
    "0,4,6": -0.5511877880678051,
    "0,4,7": 0.21422211502114374,
    "0,5,6": -0.10830397313828288,
    "0,5,7": 0.4181909633883838,
    "0,6,7": -1.309297066634115,
    "1,2,3": -1.3491270353082854,
    "1,2,4": -0.2984590011406827,
    "1,2,5": -0.2529781242836797,
    "1,2,6": -1.343968120125727,
    "1,2,7": -1.1209696913473448,
    "1,3,4": -0.5692816605759408,
    "1,3,5": -4.4893008398667735,
    "1,3,6": -4.888354134449373,
    "1,3,7": -0.17875994392721095,
    "1,4,5": -1.328131366688095,
    "1,4,6": -2.240688250238649,
    "1,4,7": -2.3005061890589737,
    "1,5,6": 0.010478301209334129,
    "1,5,7": -0.971427056046622,
    "1,6,7": 0.5465432888712701,
    "2,3,4": -3.859762425516566,
    "2,3,5": -5.846346808488507,
    "2,3,6": 0.16168578107942455,
    "2,3,7": -3.849341829783887,
    "2,4,5": -0.7025685574903051,
    "2,4,6": -0.9206446309484713,
    "2,4,7": -1.8519325052631066,
    "2,5,6": -0.478103606324497,
    "2,5,7": -0.16299909111691524,
    "2,6,7": 0.4087600317116056,
    "3,4,5": -7.468795797326621,
    "3,4,6": -2.7690724600512473,
    "3,4,7": -2.37566869353594,
    "3,5,6": -1.1099928988105257,
    "3,5,7": -2.7821140693865494,
    "3,6,7": -0.01759362346640736,
    "4,5,6": -0.43638736477516105,
    "4,5,7": -0.2881603149125842,
    "4,6,7": -0.1821620983799599,
    "5,6,7": 0.3681351176994856,
    "0,1,2,3": 0.050500485157805475,
    "0,1,2,4": -0.3537377722011883,
    "0,1,2,5": 0.6006572527032216,
    "0,1,2,6": 0.07630274314620833,
    "0,1,2,7": -0.47678412573141715,
    "0,1,3,4": -0.10835589918576827,
    "0,1,3,5": 0.09525269687071847,
    "0,1,3,6": 0.46793071368697425,
    "0,1,3,7": -0.6612242054334785,
    "0,1,4,5": -1.2288065246897055,
    "0,1,4,6": 0.489006486367755,
    "0,1,4,7": -3.286664320261302,
    "0,1,5,6": 0.08418934563960268,
    "0,1,5,7": 0.07392205791729911,
    "0,1,6,7": -0.8946449760947726,
    "0,2,3,4": 0.5535156599597458,
    "0,2,3,5": 0.422785161308567,
    "0,2,3,6": 0.5047164004542486,
    "0,2,3,7": -1.4374348761866131,
    "0,2,4,5": -0.48195219992652283,
    "0,2,4,6": -4.3395504448116435,
    "0,2,4,7": 0.6654427417312617,
    "0,2,5,6": -0.13884077588165034,
    "0,2,5,7": -0.009897500081772481,
    "0,2,6,7": 0.9092058082769914,
    "0,3,4,5": 0.466673883036016,
    "0,3,4,6": -0.8046310434115336,
    "0,3,4,7": -0.3468828301321798,
    "0,3,5,6": 0.28750458368063425,
    "0,3,5,7": -2.230376067489856,
    "0,3,6,7": 0.4146008725206628,
    "0,4,5,6": 0.7234545088091459,
    "0,4,5,7": 0.08074099378837385,
    "0,4,6,7": 0.6710594307981932,
    "0,5,6,7": 0.9605192515961155,
    "1,2,3,4": -0.4584765986751371,
    "1,2,3,5": 0.13603089797755763,
    "1,2,3,6": -3.501000807138859,
    "1,2,3,7": -1.2547884652139913,
    "1,2,4,5": -5.453065321091691,
    "1,2,4,6": -1.0913105206949152,
    "1,2,4,7": -0.8891778940922022,
    "1,2,5,6": 0.43011986148638204,
    "1,2,5,7": 0.13729487802642815,
    "1,2,6,7": -0.453253008916223,
    "1,3,4,5": -1.796764792706493,
    "1,3,4,6": -1.430316870750107,
    "1,3,4,7": -2.497745657790507,
    "1,3,5,6": -0.5059445473726714,
    "1,3,5,7": -1.5935089679052,
    "1,3,6,7": -1.2309731417406096,
    "1,4,5,6": -0.13587620793227106,
    "1,4,5,7": -1.133327076121684,
    "1,4,6,7": -0.07439276863590205,
    "1,5,6,7": 0.8629999691696215,
    "2,3,4,5": -0.8415417204426074,
    "2,3,4,6": -1.0742507050308983,
    "2,3,4,7": -2.3754281691552075,
    "2,3,5,6": -0.21549524292853928,
    "2,3,5,7": -2.1940373193911595,
    "2,3,6,7": 0.5753871942896656,
    "2,4,5,6": -1.863419943357047,
    "2,4,5,7": -0.7322617838189651,
    "2,4,6,7": -0.5756435231739174,
    "2,5,6,7": -4.133885307268388,
    "3,4,5,6": -1.458575920586496,
    "3,4,5,7": -5.116439630032437,
    "3,4,6,7": -0.14988046406137445,
    "3,5,6,7": -0.21173854613840093,
    "4,5,6,7": -0.3875370045489679,
    "0,1,2,3,4": -0.7374185887072733,
    "0,1,2,3,5": 0.45540889112841776,
    "0,1,2,3,6": 0.4433577123612146,
    "0,1,2,3,7": -11.214306018968182,
    "0,1,2,4,5": 0.3403357000009327,
    "0,1,2,4,6": -2.872471677056711,
    "0,1,2,4,7": 0.7458086986045351,
    "0,1,2,5,6": 0.3872766595282062,
    "0,1,2,5,7": 0.4225423612734055,
    "0,1,2,6,7": 0.7267713589517721,
    "0,1,3,4,5": -0.3117352241590945,
    "0,1,3,4,6": 0.7303609321131818,
    "0,1,3,4,7": 0.796158241346861,
    "0,1,3,5,6": 0.5527273844775635,
    "0,1,3,5,7": -0.22200227050974863,
    "0,1,3,6,7": 0.5348951915890616,
    "0,1,4,5,6": 0.24802974347619222,
    "0,1,4,5,7": 0.18238767871015749,
    "0,1,4,6,7": -0.28628976767187275,
    "0,1,5,6,7": 0.9338003135631545,
    "0,2,3,4,5": 0.398518762063518,
    "0,2,3,4,6": 0.7509954238197667,
    "0,2,3,4,7": -0.6644212327528272,
    "0,2,3,5,6": 0.007669683083227907,
    "0,2,3,5,7": 0.7939095672220374,
    "0,2,3,6,7": 0.8795835605081048,
    "0,2,4,5,6": 0.45628396759823453,
    "0,2,4,5,7": 0.23219603977420078,
    "0,2,4,6,7": 0.029659733813724,
    "0,2,5,6,7": 0.7942930121865368,
    "0,3,4,5,6": -1.340645051709997,
    "0,3,4,5,7": -0.7499697804730547,
    "0,3,4,6,7": 0.550304668976737,
    "0,3,5,6,7": 0.9124069269356041,
    "0,4,5,6,7": 0.8391226284888356,
    "1,2,3,4,5": -2.4561931292873096,
    "1,2,3,4,6": -2.384930719576351,
    "1,2,3,4,7": -0.8934928986370148,
    "1,2,3,5,6": 0.4513556379133081,
    "1,2,3,5,7": -0.6719229873554022,
    "1,2,3,6,7": 0.7553754715985209,
    "1,2,4,5,6": -0.3727046197500854,
    "1,2,4,5,7": -1.8380444980352975,
    "1,2,4,6,7": -1.8346423605864213,
    "1,2,5,6,7": -0.22728754316202648,
    "1,3,4,5,6": -1.154167577565059,
    "1,3,4,5,7": -0.0498342861461194,
    "1,3,4,6,7": -2.2036549895285713,
    "1,3,5,6,7": -0.6087420209677634,
    "1,4,5,6,7": 0.5771779641700229,
    "2,3,4,5,6": -0.4746867889134645,
    "2,3,4,5,7": -0.39251282696775913,
    "2,3,4,6,7": 0.4871577679288376,
    "2,3,5,6,7": 0.6088451176751057,