{
  "object_name": "Game",
  "data_type": "game",
  "version": "1.4.2.dev29+g3d3c3a7e6.d20260421",
  "created_from": null,
  "description": null,
  "parameters": {},
  "timestamp": "2026-04-21T12:25:56.102372+00:00Z",
  "metadata": {
    "n_players": 8,
    "game_name": "Game_object",
    "normalization_value": -1.0833711043997765,
    "precompute_flag": false,
    "precomputed": true,
    "player_names": null
  },
  "data": {
    "Empty": -1.0833711043997765,
    "0": -0.20228229650737695,
    "1": -2.406517970154436,
    "2": 0.015726593922209986,
    "3": -1.8271291968136647,
    "4": -1.8107585315783785,
    "5": -4.319927368152883,
    "6": -0.9954490508723632,
    "7": -1.1108281283034533,
    "0,1": -3.288303425851362,
    "0,2": -0.4058903571391417,
    "0,3": -3.644175174711261,
    "0,4": -0.3861616431982535,
    "0,5": 0.026895351958521108,
    "0,6": -1.398939069431504,
    "0,7": -0.4048012252608739,
    "1,2": -0.6088226856856593,
    "1,3": -3.76581698735123,
    "1,4": -3.2580118268964915,
    "1,5": 0.4739010646946503,
    "1,6": -2.504210831605692,
    "1,7": -0.9039079067758857,
    "2,3": -2.795855510162938,
    "2,4": -1.1053642977139235,
    "2,5": -2.2940741549593273,
    "2,6": 0.5426956263374508,
    "2,7": -2.753845989507168,
    "3,4": -2.4768793393487996,
    "3,5": -6.512670574779265,
    "3,6": -1.5429875669281445,
    "3,7": -1.1676743116346553,
    "4,5": -1.3538740133100093,
    "4,6": -1.3768839490639495,
    "4,7": -2.8668365929304507,
    "5,6": 0.16363357682627466,
    "5,7": -2.541600076064854,
    "6,7": -0.05541251342841691,
    "0,1,2": -5.698915631946028,
    "0,1,3": -6.938508791151839,
    "0,1,4": -0.745908495699215,
    "0,1,5": -0.656202717350427,
    "0,1,6": -0.7375655547931015,
    "0,1,7": -20.859407990459342,
    "0,2,3": -0.14205882122261526,
    "0,2,4": -1.4357241415400348,
    "0,2,5": -4.712997313772256,
    "0,2,6": -0.9627814198538296,
    "0,2,7": -2.0024029731729227,
    "0,3,4": 0.08182256459784754,
    "0,3,5": -1.8643942626688488,
    "0,3,6": -1.3989349414632293,
    "0,3,7": -0.057136394687877345,
    "0,4,5": 0.08859022301612163,
    "0,4,6": -6.287422269803002,
    "0,4,7": -0.5741346327283554,
    "0,5,6": -4.612731117939002,
    "0,5,7": -6.669442401763881,
    "0,6,7": 0.6934763166625657,
    "1,2,3": -14.534523461800458,
    "1,2,4": -1.8706289654427457,
    "1,2,5": -0.7900182116081771,
    "1,2,6": -2.833996485255017,
    "1,2,7": -0.14777032766304754,
    "1,3,4": -4.279400255100734,
    "1,3,5": -3.8337673592700536,
    "1,3,6": -0.617346680464443,
    "1,3,7": -0.3943651328170108,
    "1,4,5": -2.541663302813502,
    "1,4,6": -0.06561564532906172,
    "1,4,7": -2.89722726937114,
    "1,5,6": -1.0016933071406764,
    "1,5,7": -1.160148248200798,
    "1,6,7": -0.5010210932228256,
    "2,3,4": -1.879917495012604,
    "2,3,5": -3.1927966666708825,
    "2,3,6": -0.10692027669292203,
    "2,3,7": -1.4978248206816382,
    "2,4,5": -3.241602643477548,
    "2,4,6": -0.6734215328832425,
    "2,4,7": -0.5240229014020494,
    "2,5,6": 0.8086883102090102,
    "2,5,7": -0.15307328570799927,
    "2,6,7": 0.48946859479530835,
    "3,4,5": -1.4899219393143235,
    "3,4,6": -2.8804710800802606,
    "3,4,7": 0.5129383262983849,
    "3,5,6": -8.24310292123119,
    "3,5,7": -1.5406493830176031,
    "3,6,7": 0.0042174607747668125,
    "4,5,6": -2.3473561277577257,
    "4,5,7": -2.8212655544246483,
    "4,6,7": -0.3929435332074782,
    "5,6,7": 0.07190889265198819,
    "0,1,2,3": -1.88370579403838,
    "0,1,2,4": -0.991667047318785,
    "0,1,2,5": -0.45804353375080575,
    "0,1,2,6": -0.5058346176872304,
    "0,1,2,7": -0.7042644529960136,
    "0,1,3,4": 0.2931824690984579,
    "0,1,3,5": -4.776319820698454,
    "0,1,3,6": -2.5847746305628148,
    "0,1,3,7": -3.995909897257497,
    "0,1,4,5": -6.5538540891053,
    "0,1,4,6": 0.048205274737477155,
    "0,1,4,7": -0.8691984833533077,
    "0,1,5,6": 0.08291690212592451,
    "0,1,5,7": -4.454259215550693,
    "0,1,6,7": 0.2630431155278835,
    "0,2,3,4": -0.5819222657863825,
    "0,2,3,5": 0.008049327433748754,
    "0,2,3,6": -4.045705756497116,
    "0,2,3,7": -1.9214983066956672,
    "0,2,4,5": -0.14385143603649198,
    "0,2,4,6": -2.122477900169328,
    "0,2,4,7": -6.4373957018591685,
    "0,2,5,6": -0.026672547816774195,
    "0,2,5,7": 0.4044785533846106,
    "0,2,6,7": 0.5168106454834946,
    "0,3,4,5": -0.6435259758965302,
    "0,3,4,6": -1.0286694912885235,
    "0,3,4,7": -0.464741424020247,
    "0,3,5,6": -0.18002591915786925,
    "0,3,5,7": -2.009015447354566,
    "0,3,6,7": 0.8478488590981884,
    "0,4,5,6": -0.6550293601707771,
    "0,4,5,7": 0.3936798269372883,
    "0,4,6,7": 0.6550596222371164,
    "0,5,6,7": -0.4928153866226044,
    "1,2,3,4": -0.5259509101125193,
    "1,2,3,5": -2.194638452005087,
    "1,2,3,6": -1.3133632764757794,
    "1,2,3,7": -1.0239716398745595,
    "1,2,4,5": -4.451973535436094,
    "1,2,4,6": 0.352953516422034,
    "1,2,4,7": -1.5638499144864397,
    "1,2,5,6": -0.9640771827603709,
    "1,2,5,7": -0.22654991448426376,
    "1,2,6,7": 0.7857551918335478,
    "1,3,4,5": -0.8171294490958505,
    "1,3,4,6": -4.2976450604508525,
    "1,3,4,7": -3.446120238416479,
    "1,3,5,6": -1.0997344393103843,
    "1,3,5,7": -1.1079739064305727,
    "1,3,6,7": 0.43618384941506516,
    "1,4,5,6": -3.870698423872275,
    "1,4,5,7": -11.151135737074352,
    "1,4,6,7": 0.046640916398350774,
    "1,5,6,7": 0.7569669476399137,
    "2,3,4,5": -0.8452212292702537,
    "2,3,4,6": -1.635056622724131,
    "2,3,4,7": -1.3894091688051944,
    "2,3,5,6": -0.7061122413363594,
    "2,3,5,7": -4.681685628727721,
    "2,3,6,7": 0.4857285956805125,
    "2,4,5,6": -0.5878767653271457,
    "2,4,5,7": -1.7367119650983036,
    "2,4,6,7": -0.8496429654624498,
    "2,5,6,7": 0.581944336086909,
    "3,4,5,6": -2.416301078140376,
    "3,4,5,7": -1.5249598369109378,
    "3,4,6,7": 0.029223651095443004,
    "3,5,6,7": 0.09343534421065369,
    "4,5,6,7": 0.5990593568991294,
    "0,1,2,3,4": -0.29362346366016756,
    "0,1,2,3,5": -0.6741348503871294,
    "0,1,2,3,6": -0.9060667176629857,
    "0,1,2,3,7": -0.47804110628610275,
    "0,1,2,4,5": -1.0531299786435633,
    "0,1,2,4,6": 0.25863853287429894,
    "0,1,2,4,7": -0.27934058705888254,
    "0,1,2,5,6": -0.7250589371635063,
    "0,1,2,5,7": -4.0241425892200775,
    "0,1,2,6,7": 0.8518313505256386,
    "0,1,3,4,5": -6.626574153988378,
    "0,1,3,4,6": 0.7359201395448418,
    "0,1,3,4,7": -0.13923947174853302,
    "0,1,3,5,6": -2.642719891954111,
    "0,1,3,5,7": 0.611166353515919,
    "0,1,3,6,7": 0.7987421102376019,
    "0,1,4,5,6": -3.0480986631693128,
    "0,1,4,5,7": -4.7151366126356065,
    "0,1,4,6,7": 0.1863921553153408,
    "0,1,5,6,7": 0.8980756751285087,
    "0,2,3,4,5": -1.1918323535337034,
    "0,2,3,4,6": 0.3207918160727231,
    "0,2,3,4,7": -0.06262331384962416,
    "0,2,3,5,6": -1.385946390809262,
    "0,2,3,5,7": -0.8822620167923685,
    "0,2,3,6,7": 0.9143865103692808,
    "0,2,4,5,6": 0.08571615948796163,
    "0,2,4,5,7": -1.5691716863060257,
    "0,2,4,6,7": 0.5735758989146187,
    "0,2,5,6,7": 0.8831693751833368,
    "0,3,4,5,6": 0.15775358686822583,
    "0,3,4,5,7": 0.12134464798831024,
    "0,3,4,6,7": 0.9137900035561844,
    "0,3,5,6,7": 0.9453341728098352,
    "0,4,5,6,7": 0.8066139737747331,
    "1,2,3,4,5": -1.3385071697618396,
    "1,2,3,4,6": -1.323843188799645,
    "1,2,3,4,7": -0.4777180638507279,
    "1,2,3,5,6": -1.4664477940214704,
    "1,2,3,5,7": -0.3851540267455107,
    "1,2,3,6,7": 0.7147272070912557,
    "1,2,4,5,6": 0.06191905821186272,
    "1,2,4,5,7": -3.3564766479112054,
    "1,2,4,6,7": 0.30082934123998106,
    "1,2,5,6,7": -0.07245398721637519,
    "1,3,4,5,6": -0.3315007855271761,
    "1,3,4,5,7": -6.998304504892489,
    "1,3,4,6,7": 0.45432330279822886,
    "1,3,5,6,7": 0.6197192179259339,
    "1,4,5,6,7": -0.409459291926195,
    "2,3,4,5,6": -2.5102174066540632,
    "2,3,4,5,7": 0.08819047282765213,
    "2,3,4,6,7": 0.06840985605857475,