{
  "object_name": "Game",
  "data_type": "game",
  "version": "1.4.2.dev29+g3d3c3a7e6.d20260421",
  "created_from": null,
  "description": null,
  "parameters": {},
  "timestamp": "2026-04-21T12:25:56.034384+00:00Z",
  "metadata": {
    "n_players": 8,
    "game_name": "Game_object",
    "normalization_value": -0.9876592298587663,
    "precompute_flag": false,
    "precomputed": true,
    "player_names": null
  },
  "data": {
    "Empty": -0.9876592298587663,
    "0": -0.5842216659033481,
    "1": -1.410971927858089,
    "2": -2.37073597174553,
    "3": -2.31551661830948,
    "4": -1.422834298905849,
    "5": -0.4683986776473734,
    "6": -0.07092726407260463,
    "7": -1.1644941790186514,
    "0,1": -2.1460306895594696,
    "0,2": 0.06190714769403749,
    "0,3": 0.3737193660059128,
    "0,4": -7.590571097004204,
    "0,5": -3.606138851431135,
    "0,6": -8.89001062547776,
    "0,7": -1.494241603302942,
    "1,2": -0.32934416234144326,
    "1,3": -4.5074735077572825,
    "1,4": -1.1621330527900375,
    "1,5": -0.6207884078264123,
    "1,6": -10.16737671040827,
    "1,7": -4.112237658132215,
    "2,3": -1.1207063052693145,
    "2,4": -1.629737377548809,
    "2,5": -1.3445782540757518,
    "2,6": -1.5168590001742825,
    "2,7": -2.426220792442968,
    "3,4": -8.251692225011977,
    "3,5": -2.213891895916899,
    "3,6": -1.0882114868522494,
    "3,7": -8.448411480289861,
    "4,5": -2.6315904211360137,
    "4,6": -0.48648619369259527,
    "4,7": -1.4418061433220988,
    "5,6": -0.4737961779011044,
    "5,7": -1.8063712655022104,
    "6,7": 0.015800367455063413,
    "0,1,2": -0.7319847560446371,
    "0,1,3": 0.3458220128890481,
    "0,1,4": -2.7026178582552465,
    "0,1,5": -0.41911458300113336,
    "0,1,6": -0.15160241621553916,
    "0,1,7": -0.551677841006323,
    "0,2,3": -2.3484818251199395,
    "0,2,4": -0.3911312252751231,
    "0,2,5": 0.11196382052026654,
    "0,2,6": -1.928847237437091,
    "0,2,7": -7.569726273796787,
    "0,3,4": -4.351169105391158,
    "0,3,5": 0.41252340317649394,
    "0,3,6": -0.8883544222219142,
    "0,3,7": -2.048586951867529,
    "0,4,5": -0.789939322750618,
    "0,4,6": -0.0010615292665847598,
    "0,4,7": -0.7201541026889344,
    "0,5,6": -0.31512222808293244,
    "0,5,7": 0.011346030437967669,
    "0,6,7": -0.05386536356196037,
    "1,2,3": -2.327401818667467,
    "1,2,4": -0.24416173536980068,
    "1,2,5": -0.43100186217888137,
    "1,2,6": -1.4131408230670006,
    "1,2,7": -2.002245649957404,
    "1,3,4": -10.310621508914462,
    "1,3,5": -1.474874089270216,
    "1,3,6": -3.1912680651928076,
    "1,3,7": -12.001325842193404,
    "1,4,5": -2.202010996210682,
    "1,4,6": -1.0999752214174943,
    "1,4,7": -3.5699116236568837,
    "1,5,6": -0.25894904460562884,
    "1,5,7": -0.7912290901686048,
    "1,6,7": -0.6636208664187941,
    "2,3,4": -0.5397730932589961,
    "2,3,5": -4.782225863095475,
    "2,3,6": -1.6126668477648436,
    "2,3,7": -2.438849369767171,
    "2,4,5": -0.9969891594776013,
    "2,4,6": -0.9829636862259714,
    "2,4,7": 0.32380774025713044,
    "2,5,6": -0.1671130448930025,
    "2,5,7": -0.5247876337831996,
    "2,6,7": -0.473601412860684,
    "3,4,5": -3.4811224807408223,
    "3,4,6": -6.069620688115621,
    "3,4,7": -7.26567812423229,
    "3,5,6": -1.21938761874446,
    "3,5,7": -2.4099909884246022,
    "3,6,7": -0.317659376620423,
    "4,5,6": -3.483682598376922,
    "4,5,7": -0.6048600960664163,
    "4,6,7": -0.9316091177605244,
    "5,6,7": -2.5451713261999207,
    "0,1,2,3": -0.6268116990070067,
    "0,1,2,4": -1.0894163949585236,
    "0,1,2,5": -1.5002403945829994,
    "0,1,2,6": 0.6059116813274688,
    "0,1,2,7": -2.3483644800535486,
    "0,1,3,4": -0.7687750796624322,
    "0,1,3,5": -0.21553084382204357,
    "0,1,3,6": -0.2188730486012247,
    "0,1,3,7": 0.46285032659756786,
    "0,1,4,5": -0.3182322578345811,
    "0,1,4,6": -1.2363241141254715,
    "0,1,4,7": -2.0481585947413583,
    "0,1,5,6": -0.4236422093193397,
    "0,1,5,7": -0.25369583873239954,
    "0,1,6,7": 0.28713468759157124,
    "0,2,3,4": -1.3464188616236403,
    "0,2,3,5": 0.5231697525757544,
    "0,2,3,6": -3.5321154592232586,
    "0,2,3,7": -2.173568587577688,
    "0,2,4,5": -1.6251864744558437,
    "0,2,4,6": 0.36557316597007206,
    "0,2,4,7": 0.47495682529496985,
    "0,2,5,6": -0.10410820093647533,
    "0,2,5,7": 0.024181388410154825,
    "0,2,6,7": 0.5275401055297944,
    "0,3,4,5": -1.0548397338168432,
    "0,3,4,6": -0.3641878863144672,
    "0,3,4,7": -2.991657993245244,
    "0,3,5,6": -3.306421809447343,
    "0,3,5,7": -4.285559919930854,
    "0,3,6,7": -2.503501489350686,
    "0,4,5,6": 0.506481896456454,
    "0,4,5,7": 0.1357312503224164,
    "0,4,6,7": -0.21607790969644336,
    "0,5,6,7": -0.15315622980300692,
    "1,2,3,4": -1.1786803919134639,
    "1,2,3,5": -6.860749455261993,
    "1,2,3,6": -1.6052763593546655,
    "1,2,3,7": -2.1347487596705172,
    "1,2,4,5": 0.0858483642872524,
    "1,2,4,6": -0.9737596200536929,
    "1,2,4,7": -0.7729306644300087,
    "1,2,5,6": -0.6371902191068015,
    "1,2,5,7": -0.3126989972155543,
    "1,2,6,7": -3.5832411570460936,
    "1,3,4,5": -0.4880106033912184,
    "1,3,4,6": -2.161596731214314,
    "1,3,4,7": -2.5253946800236755,
    "1,3,5,6": -0.4132645544928957,
    "1,3,5,7": -2.2242479253945038,
    "1,3,6,7": -0.20973298400157825,
    "1,4,5,6": -2.0187726347218486,
    "1,4,5,7": -2.7038954176453007,
    "1,4,6,7": -0.0316638896314656,
    "1,5,6,7": -1.2432292150235105,
    "2,3,4,5": -1.2797710098879431,
    "2,3,4,6": -2.5645536963117204,
    "2,3,4,7": -4.4065610262495145,
    "2,3,5,6": -0.614175693231658,
    "2,3,5,7": -1.3531066876151687,
    "2,3,6,7": -2.2060972862285833,
    "2,4,5,6": -0.5516811830742749,
    "2,4,5,7": -0.2515155823698727,
    "2,4,6,7": -1.125227213869446,
    "2,5,6,7": -1.410369354506003,
    "3,4,5,6": -0.3885926981336303,
    "3,4,5,7": -0.461570170777416,
    "3,4,6,7": -0.43668074236402465,
    "3,5,6,7": 0.21530900834063604,
    "4,5,6,7": -0.6640191121627594,
    "0,1,2,3,4": -0.7699280950037679,
    "0,1,2,3,5": 0.3608955062476442,
    "0,1,2,3,6": 0.30092035240644943,
    "0,1,2,3,7": -0.11516132531649337,
    "0,1,2,4,5": -2.7638712192009653,
    "0,1,2,4,6": -0.6952569549123657,
    "0,1,2,4,7": -1.464949824318531,
    "0,1,2,5,6": 0.40859981833656556,
    "0,1,2,5,7": 0.4565668053890255,
    "0,1,2,6,7": 0.806188897909099,
    "0,1,3,4,5": 0.514071888174781,
    "0,1,3,4,6": -2.1430727820280353,
    "0,1,3,4,7": 0.05432064425533101,
    "0,1,3,5,6": -0.6988864392098004,
    "0,1,3,5,7": -1.092317271341619,
    "0,1,3,6,7": 0.7515953197072571,
    "0,1,4,5,6": 0.2276368638378219,
    "0,1,4,5,7": 0.6622730825382174,
    "0,1,4,6,7": 0.8755190942920401,
    "0,1,5,6,7": 0.16945602442739294,
    "0,2,3,4,5": -2.10175457903136,
    "0,2,3,4,6": -0.40154237265397685,
    "0,2,3,4,7": -0.33828246604343915,
    "0,2,3,5,6": -2.0627373472187767,
    "0,2,3,5,7": 0.4135043307333671,
    "0,2,3,6,7": 0.8566802936751922,
    "0,2,4,5,6": 0.8248310634817088,
    "0,2,4,5,7": 0.257014492727042,
    "0,2,4,6,7": 0.6303900431684173,
    "0,2,5,6,7": -0.5804632819639279,
    "0,3,4,5,6": -0.9952018444131747,
    "0,3,4,5,7": 0.2545460853962288,
    "0,3,4,6,7": 0.19034576646150536,
    "0,3,5,6,7": -0.5217131920979947,
    "0,4,5,6,7": 0.7271159229296122,
    "1,2,3,4,5": -5.73676713632296,
    "1,2,3,4,6": -0.5106834240436073,
    "1,2,3,4,7": -2.421212113234658,
    "1,2,3,5,6": -0.3819276375682876,
    "1,2,3,5,7": -0.05327512523382616,
    "1,2,3,6,7": 0.04600181484635002,
    "1,2,4,5,6": -0.6749932584127112,
    "1,2,4,5,7": -0.07353516414746308,
    "1,2,4,6,7": -3.525918851604107,
    "1,2,5,6,7": -0.1692506858571814,
    "1,3,4,5,6": -4.638926585057075,
    "1,3,4,5,7": -1.1404447071458894,
    "1,3,4,6,7": -1.380765147988138,
    "1,3,5,6,7": 0.3788307945688111,
    "1,4,5,6,7": 0.5600513488650667,
    "2,3,4,5,6": 0.09354868265034522,
    "2,3,4,5,7": -0.6539673205732914,
    "2,3,4,6,7": -0.4814793539080189,