{
  "object_name": "Game",
  "data_type": "game",
  "version": "1.4.2.dev29+g3d3c3a7e6.d20260421",
  "created_from": null,
  "description": null,
  "parameters": {},
  "timestamp": "2026-04-21T12:25:56.255079+00:00Z",
  "metadata": {
    "n_players": 8,
    "game_name": "Game_object",
    "normalization_value": -0.6547808704016504,
    "precompute_flag": false,
    "precomputed": true,
    "player_names": null
  },
  "data": {
    "Empty": -0.6547808704016504,
    "0": -0.3296097267101987,
    "1": -1.981716705790335,
    "2": 0.09672656394959944,
    "3": -0.45921259935695513,
    "4": -1.1116072862133861,
    "5": -2.0148848063180966,
    "6": -0.6184676292556777,
    "7": -1.574504417619886,
    "0,1": -0.23436540711001985,
    "0,2": -0.00015492734443500744,
    "0,3": -3.6325213169784885,
    "0,4": 0.5614166959963232,
    "0,5": 0.7797863756808581,
    "0,6": -0.13348379376421193,
    "0,7": 0.14144075964972114,
    "1,2": -1.025114525745773,
    "1,3": -0.9490173301815437,
    "1,4": -1.0846375434927715,
    "1,5": 0.13754241255681465,
    "1,6": -1.9408555318788205,
    "1,7": -0.9666376851791472,
    "2,3": -1.6682786586812939,
    "2,4": -0.7223169096336346,
    "2,5": -1.157895409027836,
    "2,6": 0.26436728478656135,
    "2,7": -0.7255969428462625,
    "3,4": -1.3913783455427087,
    "3,5": -3.828252774146131,
    "3,6": -1.1187422437165293,
    "3,7": -0.4496480352155936,
    "4,5": -1.80176605234643,
    "4,6": -0.9162842018743458,
    "4,7": -1.7585940714265913,
    "5,6": -0.4074979381313706,
    "5,7": -0.5536661531876781,
    "6,7": 0.2575349044919387,
    "0,1,2": -0.8966070361377949,
    "0,1,3": -1.1639584365914528,
    "0,1,4": -0.1448805994833553,
    "0,1,5": 0.0960081843198779,
    "0,1,6": -1.2317346129336846,
    "0,1,7": -6.525227071366555,
    "0,2,3": 0.46126566899906607,
    "0,2,4": 0.11631917833997574,
    "0,2,5": -1.259961327007359,
    "0,2,6": -0.3941997171330691,
    "0,2,7": 0.34880351544815547,
    "0,3,4": 0.34761973449993777,
    "0,3,5": -0.4492838613278247,
    "0,3,6": 0.36507346537021,
    "0,3,7": 0.3985713169119607,
    "0,4,5": 0.6806952962570352,
    "0,4,6": -0.4212097156479542,
    "0,4,7": 0.25906411539815555,
    "0,5,6": -0.8228992730510056,
    "0,5,7": -0.3795709008543593,
    "0,6,7": 0.40470568886139946,
    "1,2,3": -18.89738078864469,
    "1,2,4": -3.104903843610704,
    "1,2,5": -0.8381731480930481,
    "1,2,6": -1.810062462735226,
    "1,2,7": -1.1583590355460194,
    "1,3,4": -1.9724425972848594,
    "1,3,5": -1.961897830905197,
    "1,3,6": -0.9387124576461046,
    "1,3,7": 0.16676204698431918,
    "1,4,5": -0.16163367892613634,
    "1,4,6": 0.05130616866790694,
    "1,4,7": -4.194555532314076,
    "1,5,6": -0.2895757286053595,
    "1,5,7": -0.39990300111581334,
    "1,6,7": -0.5104429854541437,
    "2,3,4": -1.137084036077927,
    "2,3,5": -2.358701691044582,
    "2,3,6": -0.44603320544640224,
    "2,3,7": -0.9414204424557322,
    "2,4,5": -1.5339176207269274,
    "2,4,6": -0.12840951401225276,
    "2,4,7": -0.7548517872393157,
    "2,5,6": 0.2559683031422525,
    "2,5,7": -0.31567940856420384,
    "2,6,7": -0.17223451995724082,
    "3,4,5": -0.1412509660180059,
    "3,4,6": -0.7156334399051136,
    "3,4,7": -0.23227380557700528,
    "3,5,6": -2.9691971938868296,
    "3,5,7": -0.4924539541336659,
    "3,6,7": -0.34470946934445124,
    "4,5,6": -1.831968068161569,
    "4,5,7": -0.19169626029750453,
    "4,6,7": -0.6553101575953073,
    "5,6,7": -0.31008208866310594,
    "0,1,2,3": -0.6219901275949293,
    "0,1,2,4": 0.07036313763216195,
    "0,1,2,5": 0.7114618743448875,
    "0,1,2,6": 0.5357411599220443,
    "0,1,2,7": 0.3459118038893989,
    "0,1,3,4": 0.7293229972903449,
    "0,1,3,5": -0.41878906639125013,
    "0,1,3,6": -0.8845753312811242,
    "0,1,3,7": -0.8552286437118348,
    "0,1,4,5": -0.8749600842703693,
    "0,1,4,6": 0.38855838422155153,
    "0,1,4,7": 0.5381376659566407,
    "0,1,5,6": 0.7374736310515932,
    "0,1,5,7": -0.1870180010828706,
    "0,1,6,7": 0.10873637715831808,
    "0,2,3,4": 0.201430140490079,
    "0,2,3,5": 0.5928463255300727,
    "0,2,3,6": -0.7241789717980041,
    "0,2,3,7": -0.33562977164578456,
    "0,2,4,5": 0.8238494912678821,
    "0,2,4,6": -1.2621422435184257,
    "0,2,4,7": -2.1471304869542136,
    "0,2,5,6": 0.65202125806208,
    "0,2,5,7": 0.7666357131947495,
    "0,2,6,7": -0.13980433602868714,
    "0,3,4,5": 0.5617083639051037,
    "0,3,4,6": -0.14761691060569215,
    "0,3,4,7": 0.3814541030926385,
    "0,3,5,6": 0.7461237389273732,
    "0,3,5,7": 0.5345278857046301,
    "0,3,6,7": 0.9012546387044216,
    "0,4,5,6": 0.37393948594817394,
    "0,4,5,7": 0.6149413258477545,
    "0,4,6,7": 0.7321119840548052,
    "0,5,6,7": 0.11496743850192293,
    "1,2,3,4": -1.3179910123182887,
    "1,2,3,5": -1.7522211633725067,
    "1,2,3,6": -0.38164253233529166,
    "1,2,3,7": 0.2228797739226006,
    "1,2,4,5": -1.434395026203001,
    "1,2,4,6": 0.70767654831428,
    "1,2,4,7": -1.0219574651179695,
    "1,2,5,6": -0.13536174223026753,
    "1,2,5,7": -0.6639029577670923,
    "1,2,6,7": 0.23295131930816027,
    "1,3,4,5": -0.35800853423847667,
    "1,3,4,6": -2.378800484656797,
    "1,3,4,7": -1.6939920358978835,
    "1,3,5,6": -1.7765002911653762,
    "1,3,5,7": -1.319416712797739,
    "1,3,6,7": 0.050462937477440906,
    "1,4,5,6": -0.4563635469740568,
    "1,4,5,7": -4.244849692180732,
    "1,4,6,7": 0.3589099360921588,
    "1,5,6,7": 0.19576578310094495,
    "2,3,4,5": -0.8999194463738964,
    "2,3,4,6": -0.6061500425476813,
    "2,3,4,7": -0.2146966091294813,
    "2,3,5,6": -0.730085032212408,
    "2,3,5,7": -0.7129322058663738,
    "2,3,6,7": 0.3478026622919407,
    "2,4,5,6": 0.19722594599530419,
    "2,4,5,7": -1.3197854107768774,
    "2,4,6,7": -2.941421717412125,
    "2,5,6,7": 0.1527123326150529,
    "3,4,5,6": -0.5869050356176073,
    "3,4,5,7": -1.1842490159504795,
    "3,4,6,7": -0.2400609041506081,
    "3,5,6,7": -1.3166104712403244,
    "4,5,6,7": -0.4900790898932723,
    "0,1,2,3,4": 0.43507672531220254,
    "0,1,2,3,5": -0.009882864484553888,
    "0,1,2,3,6": 0.4585404555353372,
    "0,1,2,3,7": 0.30971006222341524,
    "0,1,2,4,5": 0.6407109074217607,
    "0,1,2,4,6": 0.7847713157342147,
    "0,1,2,4,7": 0.10831095058074147,
    "0,1,2,5,6": 0.4963441389709635,
    "0,1,2,5,7": -1.2057303100214516,
    "0,1,2,6,7": 0.5401382702286988,
    "0,1,3,4,5": -0.9464176367657084,
    "0,1,3,4,6": 0.4764080284434221,
    "0,1,3,4,7": 0.6372712068299358,
    "0,1,3,5,6": -0.40446343084873737,
    "0,1,3,5,7": 0.5104637506764231,
    "0,1,3,6,7": 0.6778514433597673,
    "0,1,4,5,6": 0.13922936152910248,
    "0,1,4,5,7": 0.06906851868480823,
    "0,1,4,6,7": -0.650306661093482,
    "0,1,5,6,7": 0.8058680930261448,
    "0,2,3,4,5": 0.542916069470329,
    "0,2,3,4,6": 0.5265298308416396,
    "0,2,3,4,7": 0.8009152525627763,
    "0,2,3,5,6": -0.1475478984696008,
    "0,2,3,5,7": 0.47342976775371914,
    "0,2,3,6,7": 0.9520793967693271,
    "0,2,4,5,6": 0.8193031648135471,
    "0,2,4,5,7": 0.14564239674416612,
    "0,2,4,6,7": 0.2663645901233175,
    "0,2,5,6,7": 0.87374774696464,
    "0,3,4,5,6": 0.6728679876543324,
    "0,3,4,5,7": 0.6435272323271501,
    "0,3,4,6,7": 0.8719475856635259,
    "0,3,5,6,7": 0.898000529022063,
    "0,4,5,6,7": 0.9302330459469813,
    "1,2,3,4,5": -0.9078233212962017,
    "1,2,3,4,6": -0.5407936035824799,
    "1,2,3,4,7": -0.14909899742186772,
    "1,2,3,5,6": -1.1832884987880292,
    "1,2,3,5,7": -0.366407313793772,
    "1,2,3,6,7": 0.12478095251157617,
    "1,2,4,5,6": 0.6807713722380818,
    "1,2,4,5,7": -0.5623443433441118,
    "1,2,4,6,7": 0.17094696159032619,
    "1,2,5,6,7": -0.753390974669673,
    "1,3,4,5,6": -0.4961622847504419,
    "1,3,4,5,7": -3.141183842904396,
    "1,3,4,6,7": 0.020158700413222652,
    "1,3,5,6,7": -0.007376192646049384,
    "1,4,5,6,7": 0.2202767241443926,
    "2,3,4,5,6": 0.4595494243952587,
    "2,3,4,5,7": 0.6477261079315477,
    "2,3,4,6,7": -0.4782878161395927,