{
  "object_name": "Game",
  "data_type": "game",
  "version": "1.4.2.dev29+g3d3c3a7e6.d20260421",
  "created_from": null,
  "description": null,
  "parameters": {},
  "timestamp": "2026-04-21T12:25:56.257221+00:00Z",
  "metadata": {
    "n_players": 8,
    "game_name": "Game_object",
    "normalization_value": -2.038752220396409,
    "precompute_flag": false,
    "precomputed": true,
    "player_names": null
  },
  "data": {
    "Empty": -2.038752220396409,
    "0": -3.391318293691529,
    "1": -0.626174415976944,
    "2": -0.11699426852960348,
    "3": -0.31739101350469356,
    "4": -2.5302129382678546,
    "5": -0.03937683251441371,
    "6": -0.04034046036827443,
    "7": -1.25310602799355,
    "0,1": -0.0025661515839587867,
    "0,2": -1.1241264464754255,
    "0,3": 0.8797754485651238,
    "0,4": -0.9048375273213365,
    "0,5": -1.338839688938811,
    "0,6": 0.00574059403332805,
    "0,7": 0.29977196858817046,
    "1,2": 0.02544860215120559,
    "1,3": -0.6070087000318753,
    "1,4": -1.896688010863079,
    "1,5": -0.48231981721736195,
    "1,6": -0.6038225797951398,
    "1,7": -1.2682525041285824,
    "2,3": -0.4481043410799106,
    "2,4": -1.224864145246976,
    "2,5": 0.37904622946461386,
    "2,6": -0.8679965554992466,
    "2,7": -1.139719063760234,
    "3,4": -1.267577763103965,
    "3,5": -1.0807509805018096,
    "3,6": -2.442402595944017,
    "3,7": -3.6769991572035314,
    "4,5": 0.2245723456988984,
    "4,6": -0.3277416855505453,
    "4,7": -1.399887316138031,
    "5,6": -0.11032350049207729,
    "5,7": -0.8714101327567556,
    "6,7": -0.20691239214423462,
    "0,1,2": 0.2550684706332974,
    "0,1,3": -1.094058407395953,
    "0,1,4": 0.4856561923243684,
    "0,1,5": -5.922203795073515,
    "0,1,6": -0.6834358569930452,
    "0,1,7": -1.4738778121734795,
    "0,2,3": -0.012773869369894664,
    "0,2,4": 0.4242576415086807,
    "0,2,5": -0.7188792117058174,
    "0,2,6": -1.5028362728373743,
    "0,2,7": -0.9133759449734749,
    "0,3,4": -2.4140962598025437,
    "0,3,5": -0.008818221893321043,
    "0,3,6": 0.02944263508312106,
    "0,3,7": 0.3392497639327444,
    "0,4,5": 0.1012016894452642,
    "0,4,6": -0.8926485179412587,
    "0,4,7": 0.1663673186094088,
    "0,5,6": -0.07162205476655958,
    "0,5,7": -0.02412171809531105,
    "0,6,7": 0.33884635174626165,
    "1,2,3": -0.7745885347327093,
    "1,2,4": -0.08913336672152838,
    "1,2,5": -0.6759150502732916,
    "1,2,6": -1.6694632357388541,
    "1,2,7": -2.333550642364746,
    "1,3,4": -3.346812481964416,
    "1,3,5": -7.882089885132526,
    "1,3,6": -0.06383868105121748,
    "1,3,7": -1.4882502378434,
    "1,4,5": -0.5797217769994385,
    "1,4,6": -1.6940893129228125,
    "1,4,7": -1.29084081012412,
    "1,5,6": -1.6437850586820986,
    "1,5,7": -1.093228160156869,
    "1,6,7": -0.07942047467208879,
    "2,3,4": -0.36818815068412936,
    "2,3,5": 0.0072361619005937294,
    "2,3,6": -0.0981846197758165,
    "2,3,7": -0.1419819481264164,
    "2,4,5": 0.19308962673123609,
    "2,4,6": -0.7878365074696871,
    "2,4,7": -1.2633050833190569,
    "2,5,6": -0.2106184241912752,
    "2,5,7": 0.11545455399132676,
    "2,6,7": -0.48041265644838993,
    "3,4,5": -1.0516413022554638,
    "3,4,6": -1.1341641600874008,
    "3,4,7": -0.9697978579704711,
    "3,5,6": -1.104347613053271,
    "3,5,7": -0.44292638134344187,
    "3,6,7": 0.40854292532859493,
    "4,5,6": -0.7691652426702764,
    "4,5,7": -0.6787893422581357,
    "4,6,7": -0.013629833240522693,
    "5,6,7": 0.2348809244409661,
    "0,1,2,3": -0.9650080473531102,
    "0,1,2,4": -0.5912484646528193,
    "0,1,2,5": -0.7806310664858673,
    "0,1,2,6": -0.006384884503203958,
    "0,1,2,7": 0.6084323513676082,
    "0,1,3,4": -0.42145830788183924,
    "0,1,3,5": 0.020542311116386602,
    "0,1,3,6": -0.5555514409243907,
    "0,1,3,7": -0.11092936746825965,
    "0,1,4,5": 0.6581642682432071,
    "0,1,4,6": -1.0718676420959854,
    "0,1,4,7": -0.4022641841422683,
    "0,1,5,6": 0.43993862663544137,
    "0,1,5,7": -0.11826225892858022,
    "0,1,6,7": 0.8287987081059595,
    "0,2,3,4": -1.0612088197983196,
    "0,2,3,5": 0.5358424761520799,
    "0,2,3,6": 0.21358687800606646,
    "0,2,3,7": -0.6258931461896877,
    "0,2,4,5": 0.32277961988161974,
    "0,2,4,6": -0.2442821116182161,
    "0,2,4,7": 0.7326014144781847,
    "0,2,5,6": 0.8578347170256909,
    "0,2,5,7": 0.8263597601309659,
    "0,2,6,7": 0.6013212975891772,
    "0,3,4,5": 0.5276179831908288,
    "0,3,4,6": -0.5257995602050276,
    "0,3,4,7": -0.0001775386924378619,
    "0,3,5,6": -0.033069766724510785,
    "0,3,5,7": 0.6553649905497341,
    "0,3,6,7": -0.07742082765291292,
    "0,4,5,6": -0.3928432464268483,
    "0,4,5,7": 0.8463466922633366,
    "0,4,6,7": 0.8437232506172037,
    "0,5,6,7": 0.8553303785084834,
    "1,2,3,4": -1.9264269248377475,
    "1,2,3,5": -1.0909351595671883,
    "1,2,3,6": -1.395154211394264,
    "1,2,3,7": -2.418191427840813,
    "1,2,4,5": -3.746677641210404,
    "1,2,4,6": -0.205663849587421,
    "1,2,4,7": -0.8249797522422204,
    "1,2,5,6": -3.4053113015882124,
    "1,2,5,7": -0.5746812622951132,
    "1,2,6,7": 0.15326286894850305,
    "1,3,4,5": 0.14491167588992704,
    "1,3,4,6": -0.9453473098270031,
    "1,3,4,7": -0.5284649898059068,
    "1,3,5,6": -0.5282044378966668,
    "1,3,5,7": 0.023359024665957184,
    "1,3,6,7": 0.1459639097511779,
    "1,4,5,6": -0.46593017260706837,
    "1,4,5,7": -0.6015742763644498,
    "1,4,6,7": -0.2160024163666998,
    "1,5,6,7": 0.014550980100921818,
    "2,3,4,5": 0.08497188058708571,
    "2,3,4,6": -1.3133505232875273,
    "2,3,4,7": 0.2567693490434265,
    "2,3,5,6": 0.04100379252943909,
    "2,3,5,7": -0.6014161711906374,
    "2,3,6,7": -1.5958378828750757,
    "2,4,5,6": -0.3056642442679214,
    "2,4,5,7": -0.5104342191137461,
    "2,4,6,7": 0.04187120993874349,
    "2,5,6,7": -0.3167607457791144,
    "3,4,5,6": 0.3209770059873541,
    "3,4,5,7": -5.176023306715475,
    "3,4,6,7": -3.6708760184988902,
    "3,5,6,7": 0.23826879116623567,
    "4,5,6,7": 0.2962810898184589,
    "0,1,2,3,4": 0.7403396329002385,
    "0,1,2,3,5": -0.25910356506721066,
    "0,1,2,3,6": 0.2498387629990969,
    "0,1,2,3,7": -0.9119351948459888,
    "0,1,2,4,5": 0.290547185000009,
    "0,1,2,4,6": 0.18869473996737474,
    "0,1,2,4,7": 0.5263205860060316,
    "0,1,2,5,6": 0.6218407271992371,
    "0,1,2,5,7": 0.8110674619436942,
    "0,1,2,6,7": 0.4706409992382119,
    "0,1,3,4,5": 0.5359055705399416,
    "0,1,3,4,6": 0.5289324333411813,
    "0,1,3,4,7": 0.5697326948480622,
    "0,1,3,5,6": 0.15056654890059895,
    "0,1,3,5,7": -0.055712455729629795,
    "0,1,3,6,7": 0.16738866948362918,
    "0,1,4,5,6": 0.10857283417878483,
    "0,1,4,5,7": 0.10830170662739269,
    "0,1,4,6,7": 0.19691313775731356,
    "0,1,5,6,7": 0.9380989332533324,
    "0,2,3,4,5": -0.5600120033545246,
    "0,2,3,4,6": 0.5090350122846804,
    "0,2,3,4,7": -0.8457992597644353,
    "0,2,3,5,6": 0.4220548703192418,
    "0,2,3,5,7": 0.5696692478373577,
    "0,2,3,6,7": 0.7728722523305817,
    "0,2,4,5,6": 0.7310359183515418,
    "0,2,4,5,7": -0.08728189060122804,
    "0,2,4,6,7": 0.4532268287244722,
    "0,2,5,6,7": 0.8085465261161674,
    "0,3,4,5,6": 0.8885030455425663,
    "0,3,4,5,7": -0.14530435838329936,
    "0,3,4,6,7": 0.48856228502951027,
    "0,3,5,6,7": 0.8152204618380661,
    "0,4,5,6,7": 0.8722972256088452,
    "1,2,3,4,5": -1.7793718788808377,
    "1,2,3,4,6": -0.34751471321816796,
    "1,2,3,4,7": -0.4241108925152772,
    "1,2,3,5,6": -0.3386571538460408,
    "1,2,3,5,7": -1.5979218315094008,
    "1,2,3,6,7": -2.776188862088519,
    "1,2,4,5,6": -1.3330747403655097,
    "1,2,4,5,7": -0.4901099782300318,
    "1,2,4,6,7": -0.7058195053737166,
    "1,2,5,6,7": 0.5059936029560708,
    "1,3,4,5,6": -0.7406738323006121,
    "1,3,4,5,7": -0.01080846718534878,
    "1,3,4,6,7": -0.042726994815497354,
    "1,3,5,6,7": 0.3768028035376131,
    "1,4,5,6,7": 0.2091928464096714,
    "2,3,4,5,6": -0.5223746814945032,
    "2,3,4,5,7": -0.4963398635833789,