{
  "object_name": "Game",
  "data_type": "game",
  "version": "1.4.2.dev29+g3d3c3a7e6.d20260421",
  "created_from": null,
  "description": null,
  "parameters": {},
  "timestamp": "2026-04-21T12:25:56.170076+00:00Z",
  "metadata": {
    "n_players": 8,
    "game_name": "Game_object",
    "normalization_value": -3.9916134093578552,
    "precompute_flag": false,
    "precomputed": true,
    "player_names": null
  },
  "data": {
    "Empty": -3.9916134093578552,
    "0": -4.996550668937801,
    "1": -6.192385660200045,
    "2": -4.0702858825892365,
    "3": -0.6379731307416951,
    "4": -17.634206546572972,
    "5": -6.646218518480192,
    "6": -2.941689299091342,
    "7": -6.311956018068985,
    "0,1": -7.1739157048209705,
    "0,2": -0.5820637154354635,
    "0,3": -2.1564991688796917,
    "0,4": -0.7181554931421801,
    "0,5": -1.3005502723234215,
    "0,6": -1.4542629768695474,
    "0,7": -2.305782873357395,
    "1,2": -12.596775997680892,
    "1,3": -2.9476940972318393,
    "1,4": -2.1062427826927985,
    "1,5": -2.2652674586632413,
    "1,6": -1.1875534966950476,
    "1,7": -3.7836173944988953,
    "2,3": -2.1207820048427006,
    "2,4": -2.002745927960878,
    "2,5": -7.804190096137328,
    "2,6": -10.262675940459046,
    "2,7": -3.9254754775202434,
    "3,4": -3.301464380458837,
    "3,5": -3.6342507384544005,
    "3,6": -0.5707284831264359,
    "3,7": -1.289471912465102,
    "4,5": -4.747499628710373,
    "4,6": -2.11867733156542,
    "4,7": -3.471725059363199,
    "5,6": -4.835242558075436,
    "5,7": -0.24965673515856812,
    "6,7": -1.6002658580371345,
    "0,1,2": -1.6468184259901593,
    "0,1,3": -6.814418154016439,
    "0,1,4": -2.7366510266638153,
    "0,1,5": -3.5839706011734664,
    "0,1,6": -3.308267207451613,
    "0,1,7": -0.07956794545652834,
    "0,2,3": -0.1978337189083721,
    "0,2,4": -2.932822544346542,
    "0,2,5": -1.3954018077314467,
    "0,2,6": -2.925096084706344,
    "0,2,7": -0.17138666171153027,
    "0,3,4": -6.243843817460136,
    "0,3,5": -0.9572021958636543,
    "0,3,6": -3.2199074093326896,
    "0,3,7": -0.08671482606998615,
    "0,4,5": -2.337710758221388,
    "0,4,6": -4.947822752945103,
    "0,4,7": -1.0140334502072017,
    "0,5,6": -2.171948642618033,
    "0,5,7": -3.02966435205534,
    "0,6,7": 0.5680250530124399,
    "1,2,3": -1.4863331511679823,
    "1,2,4": -5.042548966484844,
    "1,2,5": -2.618870594447396,
    "1,2,6": -1.7542979907641052,
    "1,2,7": -5.133234045628837,
    "1,3,4": -0.5395441064984963,
    "1,3,5": -0.17345321858474438,
    "1,3,6": -4.865125585901045,
    "1,3,7": -7.210326766986833,
    "1,4,5": -1.3477330281339372,
    "1,4,6": -8.193455270825563,
    "1,4,7": -1.8681153647140425,
    "1,5,6": -1.4429499240635506,
    "1,5,7": -1.5045402587152377,
    "1,6,7": -1.669922727936401,
    "2,3,4": -3.123325420424867,
    "2,3,5": -7.140281218251518,
    "2,3,6": -2.297641850573091,
    "2,3,7": -2.2114481181013423,
    "2,4,5": -5.8196163551258975,
    "2,4,6": -0.5326430144698455,
    "2,4,7": -9.939600722233456,
    "2,5,6": -1.230120515883026,
    "2,5,7": -2.2739935786510412,
    "2,6,7": 0.07819233530621572,
    "3,4,5": -5.270266125994078,
    "3,4,6": -0.6143199058158217,
    "3,4,7": -4.775297254150725,
    "3,5,6": -4.635645379971769,
    "3,5,7": -2.4464721910723144,
    "3,6,7": 0.7247601473896019,
    "4,5,6": -4.624416512747806,
    "4,5,7": -1.5047380411450817,
    "4,6,7": -0.035697014253479376,
    "5,6,7": -0.27248262454972627,
    "0,1,2,3": -2.7366270749261075,
    "0,1,2,4": -6.422711857044694,
    "0,1,2,5": -2.830089914523353,
    "0,1,2,6": -7.173091922925252,
    "0,1,2,7": -5.151117041167174,
    "0,1,3,4": -2.4385656374745674,
    "0,1,3,5": -0.6404067113970675,
    "0,1,3,6": -0.5985828336293266,
    "0,1,3,7": -1.65743953274314,
    "0,1,4,5": -8.531098426857753,
    "0,1,4,6": -2.73482438259032,
    "0,1,4,7": -6.40223649228204,
    "0,1,5,6": -0.4280203423818285,
    "0,1,5,7": -3.105828813557361,
    "0,1,6,7": 0.4409968272445902,
    "0,2,3,4": -3.323901537760344,
    "0,2,3,5": -4.444730136522208,
    "0,2,3,6": -0.9701942084145103,
    "0,2,3,7": -1.883373697899196,
    "0,2,4,5": -8.947682615024043,
    "0,2,4,6": -7.015463440003696,
    "0,2,4,7": -3.763391831074257,
    "0,2,5,6": 0.20125393832756056,
    "0,2,5,7": -5.321046386000848,
    "0,2,6,7": 0.8132311223949287,
    "0,3,4,5": -10.040571841556753,
    "0,3,4,6": -1.7013441845876085,
    "0,3,4,7": -0.4106532161414851,
    "0,3,5,6": -0.054006393644016715,
    "0,3,5,7": -6.992559691692376,
    "0,3,6,7": -0.06702053562587773,
    "0,4,5,6": -0.9810284271617662,
    "0,4,5,7": -4.01842824128851,
    "0,4,6,7": 0.7441754389587993,
    "0,5,6,7": 0.5282052263726869,
    "1,2,3,4": -5.343774738713661,
    "1,2,3,5": -0.38664486099271556,
    "1,2,3,6": -2.0876182511453543,
    "1,2,3,7": -2.6956439802114924,
    "1,2,4,5": -4.975268022190947,
    "1,2,4,6": -2.957577871112708,
    "1,2,4,7": -2.296440311718893,
    "1,2,5,6": -3.5476131911380238,
    "1,2,5,7": -6.700422849525827,
    "1,2,6,7": -1.1661867644437325,
    "1,3,4,5": -0.0762561127517356,
    "1,3,4,6": -0.9658369818165635,
    "1,3,4,7": -6.357677426341336,
    "1,3,5,6": -7.994561829660368,
    "1,3,5,7": -3.8181492451183665,
    "1,3,6,7": -0.21640403392912266,
    "1,4,5,6": -4.217567208599872,
    "1,4,5,7": -0.5380596417580823,
    "1,4,6,7": -0.155606951005141,
    "1,5,6,7": 0.5193220705895908,
    "2,3,4,5": -5.520964898988668,
    "2,3,4,6": -8.138769374035409,
    "2,3,4,7": -1.1468356023367443,
    "2,3,5,6": -6.5723015077180476,
    "2,3,5,7": -3.8235812234923587,
    "2,3,6,7": 0.6637607154894071,
    "2,4,5,6": -2.856527260740171,
    "2,4,5,7": -2.874547429253595,
    "2,4,6,7": -0.7143075545396835,
    "2,5,6,7": 0.35761625442678024,
    "3,4,5,6": -5.511807626581456,
    "3,4,5,7": -4.563116146206905,
    "3,4,6,7": 0.4197790436999118,
    "3,5,6,7": 0.46318796064849244,
    "4,5,6,7": -0.21386178498014186,
    "0,1,2,3,4": -2.4822139346112353,
    "0,1,2,3,5": -0.15497646969339374,
    "0,1,2,3,6": -0.06225935347073053,
    "0,1,2,3,7": -3.827817763845106,
    "0,1,2,4,5": -0.46275630444980487,
    "0,1,2,4,6": -1.417915529640375,
    "0,1,2,4,7": -4.0058699133748075,
    "0,1,2,5,6": -0.8215632456578101,
    "0,1,2,5,7": -7.323554792484263,
    "0,1,2,6,7": 0.7603546161466523,
    "0,1,3,4,5": -3.110969063862232,
    "0,1,3,4,6": -10.014866252146915,
    "0,1,3,4,7": -2.3406651729022467,
    "0,1,3,5,6": -4.9065116047631285,
    "0,1,3,5,7": -2.2146951418915246,
    "0,1,3,6,7": 0.6430062959114975,
    "0,1,4,5,6": -2.103157463415437,
    "0,1,4,5,7": -8.960017757993871,
    "0,1,4,6,7": 0.3166882205336944,
    "0,1,5,6,7": 0.9076945257347384,
    "0,2,3,4,5": -3.1208660710007416,
    "0,2,3,4,6": -15.147564737261781,
    "0,2,3,4,7": -0.67587457829686,
    "0,2,3,5,6": 0.4574619491577666,
    "0,2,3,5,7": -8.44853089175168,
    "0,2,3,6,7": 0.47545339686230004,
    "0,2,4,5,6": -1.3691429448533374,
    "0,2,4,5,7": -4.490275164158854,
    "0,2,4,6,7": 0.8207519107176555,
    "0,2,5,6,7": 0.9280737458246175,
    "0,3,4,5,6": -3.469926481655291,
    "0,3,4,5,7": -1.3613487702505345,
    "0,3,4,6,7": 0.8611434969123773,
    "0,3,5,6,7": 0.8291131292138222,
    "0,4,5,6,7": 0.7268248262051606,
    "1,2,3,4,5": -2.325324072520923,
    "1,2,3,4,6": -0.37753351713610206,
    "1,2,3,4,7": -5.941117399304505,
    "1,2,3,5,6": 0.26237062726893545,
    "1,2,3,5,7": -4.829438809497377,
    "1,2,3,6,7": 0.2896699716438761,
    "1,2,4,5,6": -7.164344783043557,
    "1,2,4,5,7": -4.568714957616733,
    "1,2,4,6,7": 0.15116069638314045,
    "1,2,5,6,7": 0.7857021814226083,
    "1,3,4,5,6": -3.582012824006158,
    "1,3,4,5,7": -5.505660025596528,
    "1,3,4,6,7": -2.8581813923685364,
    "1,3,5,6,7": 0.820587310323007,
    "1,4,5,6,7": 0.5585736201524871,
    "2,3,4,5,6": -1.8963374933593347,
    "2,3,4,5,7": -0.5533517188396919,
    "2,3,4,6,7": 0.4422452172770762,
    "2,3,5,6,7": 0.3985754036686411,