{
  "object_name": "Game",
  "data_type": "game",
  "version": "1.4.2.dev29+g3d3c3a7e6.d20260421",
  "created_from": null,
  "description": null,
  "parameters": {},
  "timestamp": "2026-04-21T12:25:56.081350+00:00Z",
  "metadata": {
    "n_players": 8,
    "game_name": "Game_object",
    "normalization_value": -1.046652265527305,
    "precompute_flag": false,
    "precomputed": true,
    "player_names": null
  },
  "data": {
    "Empty": -1.046652265527305,
    "0": -3.363627402388845,
    "1": -1.403334698070446,
    "2": -0.9191120982028071,
    "3": -3.246195287300213,
    "4": -4.540071432368423,
    "5": -1.4276602802957252,
    "6": -4.753508396217797,
    "7": -0.20569925621168883,
    "0,1": -3.3037825286282656,
    "0,2": -3.1100320838641524,
    "0,3": -1.6936784497638997,
    "0,4": -5.302286031749389,
    "0,5": -2.12984300937097,
    "0,6": -1.4104890896283035,
    "0,7": -1.2910645693449272,
    "1,2": -33.74781258617696,
    "1,3": -1.652533016792229,
    "1,4": -3.527021109455375,
    "1,5": -9.78841182292873,
    "1,6": -6.828413336159215,
    "1,7": -3.9521941483786973,
    "2,3": -1.6877400093038593,
    "2,4": -3.951985899887216,
    "2,5": -2.035192041366364,
    "2,6": -5.484007936735087,
    "2,7": -1.7052995602625978,
    "3,4": -1.1858735306256318,
    "3,5": -2.6810271339353737,
    "3,6": -2.4656422455623286,
    "3,7": -0.764810546351415,
    "4,5": -3.8578247396329832,
    "4,6": -1.5439194040534425,
    "4,7": -2.7138983350046324,
    "5,6": -0.820936513257323,
    "5,7": -7.51743999139444,
    "6,7": 0.2499867219456381,
    "0,1,2": -5.047894128278997,
    "0,1,3": -2.198787705113463,
    "0,1,4": -4.241581675791636,
    "0,1,5": -0.808147451426414,
    "0,1,6": -0.07202383384209887,
    "0,1,7": 0.009639863527519554,
    "0,2,3": -13.194974697515557,
    "0,2,4": -0.9229293815428148,
    "0,2,5": -1.3366838136550117,
    "0,2,6": -2.6131382832696457,
    "0,2,7": -0.11447903510571922,
    "0,3,4": -2.62625533152097,
    "0,3,5": -1.5017988760780145,
    "0,3,6": -0.42688838998586043,
    "0,3,7": -2.961918236899766,
    "0,4,5": -0.7299739116851411,
    "0,4,6": -0.18899287793380481,
    "0,4,7": -0.7247282312340582,
    "0,5,6": -2.1727416931095025,
    "0,5,7": -3.1519586986207813,
    "0,6,7": 0.6331412909588499,
    "1,2,3": -3.5332560438047915,
    "1,2,4": -3.738012046706988,
    "1,2,5": -1.238447865400989,
    "1,2,6": -2.7421894621627625,
    "1,2,7": -1.7757753258720448,
    "1,3,4": -0.7917921267792001,
    "1,3,5": -3.0128110648363293,
    "1,3,6": -1.6773481040266702,
    "1,3,7": 0.03296169962278506,
    "1,4,5": -3.487708791706388,
    "1,4,6": -0.7065490598604123,
    "1,4,7": -2.7203825679237528,
    "1,5,6": -0.3494109072243685,
    "1,5,7": -2.3758998030247107,
    "1,6,7": 0.21838282791294072,
    "2,3,4": -2.6942543520690476,
    "2,3,5": -0.9231492775810728,
    "2,3,6": -3.23214643158812,
    "2,3,7": -2.0892784950160075,
    "2,4,5": -1.6894459535887094,
    "2,4,6": -0.0979217767532552,
    "2,4,7": -4.9590763416900705,
    "2,5,6": -1.9208343180590188,
    "2,5,7": -1.8043017045642222,
    "2,6,7": 0.3501274356823739,
    "3,4,5": -2.3210059793771687,
    "3,4,6": -2.2102608021138384,
    "3,4,7": -0.05259532252900079,
    "3,5,6": 0.27390855549715076,
    "3,5,7": -2.516209171379672,
    "3,6,7": -0.5402734003543808,
    "4,5,6": 0.3964859951059536,
    "4,5,7": -2.034593481928977,
    "4,6,7": 0.12965970933375037,
    "5,6,7": -1.6842133305335159,
    "0,1,2,3": -1.8129947965866928,
    "0,1,2,4": -0.8788579270768742,
    "0,1,2,5": -2.03639645978397,
    "0,1,2,6": 0.2552219556898576,
    "0,1,2,7": -0.025379442403628216,
    "0,1,3,4": -1.8795950570253077,
    "0,1,3,5": -1.0670920595347084,
    "0,1,3,6": -24.9796122811755,
    "0,1,3,7": -8.400509996300814,
    "0,1,4,5": -3.0724873229511944,
    "0,1,4,6": 0.13415228831261228,
    "0,1,4,7": -1.5854298041066572,
    "0,1,5,6": -0.38185314729817055,
    "0,1,5,7": -1.3515182810900805,
    "0,1,6,7": 0.6165980079320885,
    "0,2,3,4": -1.5231986169921696,
    "0,2,3,5": -2.9472669064444936,
    "0,2,3,6": -1.272810159068115,
    "0,2,3,7": -1.4887495619989233,
    "0,2,4,5": -1.1409580009542166,
    "0,2,4,6": 0.023276774016059876,
    "0,2,4,7": -0.13806950656829553,
    "0,2,5,6": -0.24704130315240258,
    "0,2,5,7": -1.130245234755309,
    "0,2,6,7": 0.9320764122434011,
    "0,3,4,5": -4.079373104097348,
    "0,3,4,6": -1.930108871968379,
    "0,3,4,7": -2.0632724454695577,
    "0,3,5,6": 0.4034313824452159,
    "0,3,5,7": -1.6365781142962907,
    "0,3,6,7": 0.7252962520621858,
    "0,4,5,6": -12.519695726552984,
    "0,4,5,7": -1.255799020420211,
    "0,4,6,7": 0.015031462006606211,
    "0,5,6,7": 0.6967210700484661,
    "1,2,3,4": -6.229494300517329,
    "1,2,3,5": -3.9446679026926406,
    "1,2,3,6": -5.568108252720719,
    "1,2,3,7": -2.2192176022114625,
    "1,2,4,5": -3.3970341397044095,
    "1,2,4,6": -0.11766159104334761,
    "1,2,4,7": -0.555368674017986,
    "1,2,5,6": -1.331142431702442,
    "1,2,5,7": -3.171871134001189,
    "1,2,6,7": 0.6346016380366846,
    "1,3,4,5": -2.681385957604173,
    "1,3,4,6": -9.98176476865726,
    "1,3,4,7": -3.118530422812353,
    "1,3,5,6": -1.1013030830541437,
    "1,3,5,7": -1.1861118441180887,
    "1,3,6,7": -0.5294929770084984,
    "1,4,5,6": -0.8953704510170188,
    "1,4,5,7": -1.4793514727126382,
    "1,4,6,7": 0.31666280439749017,
    "1,5,6,7": 0.07499963727405612,
    "2,3,4,5": -3.2751709758200827,
    "2,3,4,6": -2.5500740111292686,
    "2,3,4,7": -3.744543500402761,
    "2,3,5,6": -0.8340049583208953,
    "2,3,5,7": -0.397803823882835,
    "2,3,6,7": 0.4819985305009721,
    "2,4,5,6": -1.0986856816010344,
    "2,4,5,7": -2.16997084783375,
    "2,4,6,7": 0.360592297276241,
    "2,5,6,7": 0.5171122357570572,
    "3,4,5,6": -1.372557951074822,
    "3,4,5,7": -0.162396295856007,
    "3,4,6,7": -0.013428487839420411,
    "3,5,6,7": -0.5901240551020706,
    "4,5,6,7": 0.079789382731844,
    "0,1,2,3,4": 0.2906046479500879,
    "0,1,2,3,5": -5.840994017997576,
    "0,1,2,3,6": -1.872794683951453,
    "0,1,2,3,7": -11.53926856265186,
    "0,1,2,4,5": -2.022110162756808,
    "0,1,2,4,6": -0.72273041931549,
    "0,1,2,4,7": -2.0267226155881684,
    "0,1,2,5,6": -0.6356520823037137,
    "0,1,2,5,7": -0.16697568644088268,
    "0,1,2,6,7": 0.6103771743253978,
    "0,1,3,4,5": -0.3544291415244758,
    "0,1,3,4,6": -0.7527198026316824,
    "0,1,3,4,7": 0.4564202253601114,
    "0,1,3,5,6": -0.4907944973743923,
    "0,1,3,5,7": -1.18919491407088,
    "0,1,3,6,7": 0.8207926806437245,
    "0,1,4,5,6": -8.415409357968453,
    "0,1,4,5,7": -1.9122282695386685,
    "0,1,4,6,7": 0.7935934672980771,
    "0,1,5,6,7": 0.7483100574831936,
    "0,2,3,4,5": -1.7775274145324733,
    "0,2,3,4,6": 0.1454592624270531,
    "0,2,3,4,7": -0.6478909805164632,
    "0,2,3,5,6": -1.2052664621878795,
    "0,2,3,5,7": -6.380718646225979,
    "0,2,3,6,7": 0.8934189629137611,
    "0,2,4,5,6": -0.2742725683561349,
    "0,2,4,5,7": -2.0009277805582557,
    "0,2,4,6,7": 0.7361067566477453,
    "0,2,5,6,7": 0.8893953176641177,
    "0,3,4,5,6": -0.42198555299027185,
    "0,3,4,5,7": -0.550984553166705,
    "0,3,4,6,7": -0.07143525730076417,
    "0,3,5,6,7": 0.8911802999413381,
    "0,4,5,6,7": 0.5981400495804723,
    "1,2,3,4,5": -9.988578688407737,
    "1,2,3,4,6": -0.5413840112963146,
    "1,2,3,4,7": -0.4774359297857609,
    "1,2,3,5,6": -4.9735665512321745,
    "1,2,3,5,7": -2.9444112689244477,
    "1,2,3,6,7": -1.026731748244988,
    "1,2,4,5,6": -8.928938872935875,
    "1,2,4,5,7": -1.634662752652059,
    "1,2,4,6,7": 0.7507553589297878,
    "1,2,5,6,7": 0.6851093257813794,
    "1,3,4,5,6": -1.2188959701296325,
    "1,3,4,5,7": 0.3579347712734956,
    "1,3,4,6,7": -0.23818337229560815,
    "1,3,5,6,7": -0.11683928390237974,
    "1,4,5,6,7": 0.5143422624755596,
    "2,3,4,5,6": -4.608607497093323,
    "2,3,4,5,7": -4.757518322754667,
    "2,3,4,6,7": 0.40715507534050144,
    "2,3,5,6,7": 0.15644027883147715,