{
  "object_name": "Game",
  "data_type": "game",
  "version": "1.4.2.dev29+g3d3c3a7e6.d20260421",
  "created_from": null,
  "description": null,
  "parameters": {},
  "timestamp": "2026-04-21T12:25:56.064180+00:00Z",
  "metadata": {
    "n_players": 8,
    "game_name": "Game_object",
    "normalization_value": -1.0391175499824135,
    "precompute_flag": false,
    "precomputed": true,
    "player_names": null
  },
  "data": {
    "Empty": -1.0391175499824135,
    "0": 0.2008716020317558,
    "1": -2.4712172118728404,
    "2": -2.038917080185084,
    "3": -2.366507950171566,
    "4": -1.4338542660979323,
    "5": -3.359279841288509,
    "6": -3.3933878591928472,
    "7": -0.23161312413029678,
    "0,1": -1.3410531353177668,
    "0,2": 0.5013697857871877,
    "0,3": -0.6929492334392726,
    "0,4": -4.794530413475533,
    "0,5": -1.082998137780705,
    "0,6": -2.0098335355455945,
    "0,7": -0.06770054189026187,
    "1,2": -1.2923116454623997,
    "1,3": -1.5675233227014154,
    "1,4": -2.407705587501563,
    "1,5": -0.5428398908323182,
    "1,6": -2.6713553828542316,
    "1,7": -1.8982132931703215,
    "2,3": -0.6924913732783475,
    "2,4": -0.4673916830121876,
    "2,5": -0.8039025300632476,
    "2,6": 0.4738538122460657,
    "2,7": -1.9002578192158883,
    "3,4": -2.1875029598758737,
    "3,5": -0.9488111547616203,
    "3,6": -0.7500246135317341,
    "3,7": -1.1445066975123686,
    "4,5": -1.677240562624819,
    "4,6": -1.0412746377997193,
    "4,7": -2.1615217237753828,
    "5,6": -0.36351473745673624,
    "5,7": -0.6141616873330411,
    "6,7": 0.6282287341640204,
    "0,1,2": -1.2809196441693933,
    "0,1,3": -1.9714595816377747,
    "0,1,4": -2.7391507892782796,
    "0,1,5": -4.42928722608219,
    "0,1,6": -0.20882504090210374,
    "0,1,7": 0.1921086953785166,
    "0,2,3": -2.022820749756228,
    "0,2,4": -3.025254337472968,
    "0,2,5": -0.6896739167478259,
    "0,2,6": -3.55316559814643,
    "0,2,7": -0.8706178831001652,
    "0,3,4": -1.1241273856746243,
    "0,3,5": -0.5930991962493797,
    "0,3,6": 0.10126683705539086,
    "0,3,7": 0.6509268433993598,
    "0,4,5": -2.6806548237344736,
    "0,4,6": -0.26060313516864464,
    "0,4,7": -0.8148209923827829,
    "0,5,6": 0.802033673699972,
    "0,5,7": -1.5022037073900512,
    "0,6,7": 0.8041935789341832,
    "1,2,3": -0.9996146810210749,
    "1,2,4": -1.1159835472628905,
    "1,2,5": -1.4023752652989607,
    "1,2,6": -2.291182442447853,
    "1,2,7": 0.03803884770563026,
    "1,3,4": -1.5060361101581767,
    "1,3,5": 0.21465385719266927,
    "1,3,6": -1.5388584685755324,
    "1,3,7": -2.9426718940170353,
    "1,4,5": -1.683072788170119,
    "1,4,6": -11.306543055119205,
    "1,4,7": -1.1196079565223793,
    "1,5,6": -4.94763424620453,
    "1,5,7": -1.9567290510966773,
    "1,6,7": -0.3342113149440422,
    "2,3,4": -5.7303765391722905,
    "2,3,5": -1.5088821611149874,
    "2,3,6": -7.738674603142595,
    "2,3,7": -1.2532051683262235,
    "2,4,5": -2.163239241560344,
    "2,4,6": -0.837024870490148,
    "2,4,7": -1.8233625048821298,
    "2,5,6": -0.4692755971874836,
    "2,5,7": 0.3530037381339197,
    "2,6,7": 0.37882141365797606,
    "3,4,5": -0.897535093963284,
    "3,4,6": -3.0097054219466512,
    "3,4,7": -0.16475715221214515,
    "3,5,6": -0.6810759929291823,
    "3,5,7": -1.7786484218123242,
    "3,6,7": 0.11904859222240294,
    "4,5,6": -3.1939851511782757,
    "4,5,7": -2.6615756660045653,
    "4,6,7": -0.4159179275179139,
    "5,6,7": 0.6916821225092084,
    "0,1,2,3": -2.895064604102637,
    "0,1,2,4": -1.7853183269697932,
    "0,1,2,5": 0.40930918445416586,
    "0,1,2,6": -2.728228557206075,
    "0,1,2,7": -0.10670792558612963,
    "0,1,3,4": -0.6097469403548177,
    "0,1,3,5": -1.5102111040430422,
    "0,1,3,6": 0.006973295679794433,
    "0,1,3,7": -0.24098794277699276,
    "0,1,4,5": -0.21942203605247235,
    "0,1,4,6": 0.1687822705744274,
    "0,1,4,7": -0.418171771936551,
    "0,1,5,6": 0.861136005229653,
    "0,1,5,7": -0.0483135023628134,
    "0,1,6,7": 0.91001498793384,
    "0,2,3,4": 0.2536599581626826,
    "0,2,3,5": -0.6424681952766613,
    "0,2,3,6": -0.23245433464885545,
    "0,2,3,7": 0.059033922017733276,
    "0,2,4,5": 0.28685330485072147,
    "0,2,4,6": -1.6475347961985372,
    "0,2,4,7": -4.666376151005921,
    "0,2,5,6": -1.4326075837330428,
    "0,2,5,7": -0.35962252867826616,
    "0,2,6,7": 0.7640130466876954,
    "0,3,4,5": -0.7015976257901986,
    "0,3,4,6": -0.43653902814292045,
    "0,3,4,7": -0.45445777051889213,
    "0,3,5,6": -1.2075048629953296,
    "0,3,5,7": -1.2365847312572362,
    "0,3,6,7": 0.8000171128161422,
    "0,4,5,6": -12.197057059946944,
    "0,4,5,7": -0.5063567644187865,
    "0,4,6,7": 0.18797649958473261,
    "0,5,6,7": 0.9689277169691035,
    "1,2,3,4": -4.71178248300923,
    "1,2,3,5": 0.5988946932420385,
    "1,2,3,6": 0.40600931217566893,
    "1,2,3,7": -0.2234777167667612,
    "1,2,4,5": -6.659868062429039,
    "1,2,4,6": -1.8283706875098158,
    "1,2,4,7": -7.840266861615998,
    "1,2,5,6": -2.282875500580745,
    "1,2,5,7": 0.4937834350487924,
    "1,2,6,7": 0.20238952397661003,
    "1,3,4,5": -2.5033739922321967,
    "1,3,4,6": -3.6624977644815244,
    "1,3,4,7": -1.079378150244131,
    "1,3,5,6": -10.25832588791329,
    "1,3,5,7": -0.6167171933561235,
    "1,3,6,7": 0.09966149715724482,
    "1,4,5,6": -2.3984256843843177,
    "1,4,5,7": -0.7032107350245922,
    "1,4,6,7": 0.2704187308825511,
    "1,5,6,7": -0.509646656767714,
    "2,3,4,5": -6.26709767394657,
    "2,3,4,6": -1.8244972728311302,
    "2,3,4,7": -8.757724155985,
    "2,3,5,6": -2.1151176585905183,
    "2,3,5,7": 0.26585356489513823,
    "2,3,6,7": 0.47657727697150665,
    "2,4,5,6": -0.9770936041948275,
    "2,4,5,7": -1.7540113216688145,
    "2,4,6,7": 0.2901462149402759,
    "2,5,6,7": 0.7414688956291182,
    "3,4,5,6": -0.8241468475698395,
    "3,4,5,7": -6.432246145566555,
    "3,4,6,7": -0.12171068101803684,
    "3,5,6,7": 0.02344770025423837,
    "4,5,6,7": 0.4056979561131243,
    "0,1,2,3,4": -0.007218632732242769,
    "0,1,2,3,5": -0.17947846458755512,
    "0,1,2,3,6": 0.13844600604187007,
    "0,1,2,3,7": -0.08502173467321805,
    "0,1,2,4,5": -0.44796865554450505,
    "0,1,2,4,6": -0.04460131195227901,
    "0,1,2,4,7": -7.18617319967513,
    "0,1,2,5,6": -2.648428317140171,
    "0,1,2,5,7": -2.510417534961264,
    "0,1,2,6,7": 0.7224605370523154,
    "0,1,3,4,5": -5.026641569461979,
    "0,1,3,4,6": -0.7097464442894097,
    "0,1,3,4,7": -0.5275105990876874,
    "0,1,3,5,6": -0.2552176597544087,
    "0,1,3,5,7": -0.1318394595542005,
    "0,1,3,6,7": 0.5325266263594424,
    "0,1,4,5,6": -0.35041204845956564,
    "0,1,4,5,7": -2.6896670968171614,
    "0,1,4,6,7": 0.9324576784040504,
    "0,1,5,6,7": 0.577580192511527,
    "0,2,3,4,5": -0.32371914462033935,
    "0,2,3,4,6": -0.41386891357540323,
    "0,2,3,4,7": 0.3489657506723962,
    "0,2,3,5,6": -0.09520216122533132,
    "0,2,3,5,7": -0.06299790440143593,
    "0,2,3,6,7": 0.7727608009655914,
    "0,2,4,5,6": 0.10632603352142644,
    "0,2,4,5,7": -1.5778501636954738,
    "0,2,4,6,7": 0.7495541453855726,
    "0,2,5,6,7": 0.9562227690736758,
    "0,3,4,5,6": 0.2601353869144736,
    "0,3,4,5,7": -1.0157184793362024,
    "0,3,4,6,7": -0.7702717937254153,
    "0,3,5,6,7": 0.5255136024428259,
    "0,4,5,6,7": 0.918242079306643,
    "1,2,3,4,5": -0.48567723391164574,
    "1,2,3,4,6": -2.5348183584354587,
    "1,2,3,4,7": -2.9697471121431103,
    "1,2,3,5,6": -0.3319732601857681,
    "1,2,3,5,7": -2.0763398326080176,
    "1,2,3,6,7": 0.48209792130844265,
    "1,2,4,5,6": -1.0875365394170822,
    "1,2,4,5,7": -1.7700009953202205,
    "1,2,4,6,7": 0.04304802023276466,
    "1,2,5,6,7": -0.3979768050929591,
    "1,3,4,5,6": 0.05891648183596787,
    "1,3,4,5,7": -1.1799259052258648,
    "1,3,4,6,7": -1.054893163851228,
    "1,3,5,6,7": -0.9958901013045194,
    "1,4,5,6,7": 0.6605455401033051,
    "2,3,4,5,6": -1.1303703208819624,
    "2,3,4,5,7": -0.10875328459324773,
    "2,3,4,6,7": 0.6880094767197986,