{
  "object_name": "Game",
  "data_type": "game",
  "version": "1.4.2.dev29+g3d3c3a7e6.d20260421",
  "created_from": null,
  "description": null,
  "parameters": {},
  "timestamp": "2026-04-21T12:25:56.125564+00:00Z",
  "metadata": {
    "n_players": 8,
    "game_name": "Game_object",
    "normalization_value": -9.30112516954,
    "precompute_flag": false,
    "precomputed": true,
    "player_names": null
  },
  "data": {
    "Empty": -9.30112516954,
    "0": -3.95858630462722,
    "1": -2.1376778126903515,
    "2": -8.943023022251264,
    "3": -5.619939905871659,
    "4": -1.8144011548917973,
    "5": -3.6021348096736236,
    "6": -0.7688058338535149,
    "7": -3.629693600187931,
    "0,1": -4.531585371860316,
    "0,2": -0.6695351371698144,
    "0,3": -3.7554810774360146,
    "0,4": -5.041979726883578,
    "0,5": -13.934685558571978,
    "0,6": -4.443672166923679,
    "0,7": -15.343634198739284,
    "1,2": -4.71562581578115,
    "1,3": -7.0381667634992535,
    "1,4": -8.229361085171655,
    "1,5": -0.7674462907390849,
    "1,6": -10.590159049534808,
    "1,7": -8.466902340432013,
    "2,3": -1.1393110724260036,
    "2,4": -0.6696250938371757,
    "2,5": -3.393105331992409,
    "2,6": -6.013233464778402,
    "2,7": -1.0583983768963563,
    "3,4": -2.252376080401455,
    "3,5": -7.895273992040785,
    "3,6": -1.669472069019036,
    "3,7": -2.817976324880292,
    "4,5": -10.917695210966071,
    "4,6": -0.6236337492157902,
    "4,7": -2.7839147537281193,
    "5,6": -2.1943225333692022,
    "5,7": -0.7282514115728036,
    "6,7": -0.8653422226883758,
    "0,1,2": -3.3413149688858406,
    "0,1,3": -1.3021854614079582,
    "0,1,4": -1.1185199180646377,
    "0,1,5": -1.6050163359213068,
    "0,1,6": -11.858325673934797,
    "0,1,7": -3.083175839511064,
    "0,2,3": -3.066781261289857,
    "0,2,4": -7.508240861073018,
    "0,2,5": -0.8708136439328524,
    "0,2,6": -1.8671237651212444,
    "0,2,7": -2.616662580639502,
    "0,3,4": -0.8426447474777667,
    "0,3,5": -5.590574170292876,
    "0,3,6": -0.4930079910441165,
    "0,3,7": -4.877220568647608,
    "0,4,5": -12.5749884171587,
    "0,4,6": -4.762939433067926,
    "0,4,7": -1.5302499738367001,
    "0,5,6": -2.3567372255712216,
    "0,5,7": -3.1439149087729,
    "0,6,7": 0.02375659778549366,
    "1,2,3": -1.0559022137111005,
    "1,2,4": -1.392324321834963,
    "1,2,5": -4.150459626877625,
    "1,2,6": -1.1385108892805262,
    "1,2,7": -1.9765565081119982,
    "1,3,4": -8.78304454185345,
    "1,3,5": -3.577718652015978,
    "1,3,6": -0.5442460118794898,
    "1,3,7": -5.691613504371248,
    "1,4,5": -2.355264759567998,
    "1,4,6": -1.230067726226988,
    "1,4,7": -4.335956527597632,
    "1,5,6": -5.85229724129638,
    "1,5,7": -1.7523165824763525,
    "1,6,7": -1.1138409464551882,
    "2,3,4": -3.812913681442672,
    "2,3,5": -3.28069284634027,
    "2,3,6": -0.8587444817783485,
    "2,3,7": -5.056226374587579,
    "2,4,5": -4.346880639454442,
    "2,4,6": -2.9064948124896754,
    "2,4,7": -5.189047826299642,
    "2,5,6": -3.330525822521147,
    "2,5,7": -1.4446409929993682,
    "2,6,7": 0.16477877450299816,
    "3,4,5": -3.2545008725144067,
    "3,4,6": -1.6845000196750832,
    "3,4,7": -1.446414706310438,
    "3,5,6": -2.694105985560911,
    "3,5,7": -2.7341984744015067,
    "3,6,7": 0.07976068006249959,
    "4,5,6": -1.6919809320757921,
    "4,5,7": -5.672890018909354,
    "4,6,7": -0.5136345401052111,
    "5,6,7": 0.4211186787648111,
    "0,1,2,3": -5.550410096731017,
    "0,1,2,4": -1.243630492303991,
    "0,1,2,5": -2.072573884524517,
    "0,1,2,6": 0.7573024390646643,
    "0,1,2,7": -4.656982289055147,
    "0,1,3,4": -1.8546390496374343,
    "0,1,3,5": -4.021602917592308,
    "0,1,3,6": -2.854792133432473,
    "0,1,3,7": -5.122046266684625,
    "0,1,4,5": -2.2179003252768528,
    "0,1,4,6": -3.3043718448715245,
    "0,1,4,7": -0.687347667109431,
    "0,1,5,6": -1.8734513404315072,
    "0,1,5,7": -4.341636365270879,
    "0,1,6,7": 0.5638209203095597,
    "0,2,3,4": -7.3622710503837645,
    "0,2,3,5": -2.51987288471693,
    "0,2,3,6": -2.0839011532208223,
    "0,2,3,7": -4.072904581355982,
    "0,2,4,5": -6.598153810376281,
    "0,2,4,6": -3.5173650345356613,
    "0,2,4,7": -1.1984030717919683,
    "0,2,5,6": -0.5140204147166991,
    "0,2,5,7": -5.663341420189902,
    "0,2,6,7": 0.8186623329759813,
    "0,3,4,5": -6.13441734200261,
    "0,3,4,6": -3.7943554133409014,
    "0,3,4,7": -1.1135812847289261,
    "0,3,5,6": -5.194751607572551,
    "0,3,5,7": 0.4632871476436904,
    "0,3,6,7": 0.6651074890506944,
    "0,4,5,6": -1.559885813919092,
    "0,4,5,7": -3.2425447617779124,
    "0,4,6,7": 0.7338153819115019,
    "0,5,6,7": 0.1866404140974437,
    "1,2,3,4": -1.371220572361095,
    "1,2,3,5": -6.856428536732343,
    "1,2,3,6": 0.34199170222597974,
    "1,2,3,7": -1.3451599978616793,
    "1,2,4,5": -4.19352493095889,
    "1,2,4,6": -1.241677564529295,
    "1,2,4,7": -6.904913165996271,
    "1,2,5,6": -1.4212246596105258,
    "1,2,5,7": -4.452712013757902,
    "1,2,6,7": 0.45036378781351283,
    "1,3,4,5": -3.8203732763653866,
    "1,3,4,6": -4.302797255274814,
    "1,3,4,7": -4.63658066701491,
    "1,3,5,6": -2.3357704061891242,
    "1,3,5,7": -3.580496238311201,
    "1,3,6,7": 0.4559246640157578,
    "1,4,5,6": 0.3359741102364242,
    "1,4,5,7": -2.923567882793021,
    "1,4,6,7": 0.024202560959777242,
    "1,5,6,7": 0.35496076032038937,
    "2,3,4,5": -3.7420884032385553,
    "2,3,4,6": -1.2010000406238546,
    "2,3,4,7": -4.37291731406968,
    "2,3,5,6": -2.0410117202267393,
    "2,3,5,7": -0.2753110147072084,
    "2,3,6,7": -0.4203206298526583,
    "2,4,5,6": -5.254683851032133,
    "2,4,5,7": -4.9011450253604085,
    "2,4,6,7": -0.5976495769386905,
    "2,5,6,7": 0.4614289765496886,
    "3,4,5,6": -1.364511753788452,
    "3,4,5,7": -12.795940208090038,
    "3,4,6,7": 0.40773754960138797,
    "3,5,6,7": -0.48280018521567936,
    "4,5,6,7": -0.09019072730328426,
    "0,1,2,3,4": -2.1193896591741814,
    "0,1,2,3,5": -1.3732106445679348,
    "0,1,2,3,6": -5.376336497135681,
    "0,1,2,3,7": -2.8189247778531894,
    "0,1,2,4,5": -6.420142157676707,
    "0,1,2,4,6": -3.153679341844853,
    "0,1,2,4,7": -2.8446232424382245,
    "0,1,2,5,6": -2.0687227851246717,
    "0,1,2,5,7": -0.7801059601251055,
    "0,1,2,6,7": 0.9712749411957907,
    "0,1,3,4,5": -3.4814283459955284,
    "0,1,3,4,6": 0.14762933648376841,
    "0,1,3,4,7": -1.462200156035907,
    "0,1,3,5,6": -2.6972028891306836,
    "0,1,3,5,7": -1.016996983415655,
    "0,1,3,6,7": 0.7700199303876732,
    "0,1,4,5,6": -0.48038310504145354,
    "0,1,4,5,7": -0.6413819582346632,
    "0,1,4,6,7": 0.30222670264472073,
    "0,1,5,6,7": 0.5734609582460442,
    "0,2,3,4,5": -0.2672392652731703,
    "0,2,3,4,6": -0.391062761629142,
    "0,2,3,4,7": -0.8247945897711597,
    "0,2,3,5,6": -0.5623739150909945,
    "0,2,3,5,7": -1.9043046809192297,
    "0,2,3,6,7": 0.601373472681386,
    "0,2,4,5,6": -3.099708549684311,
    "0,2,4,5,7": -3.091348826024813,
    "0,2,4,6,7": 0.7291075482176699,
    "0,2,5,6,7": 0.7433782427601066,
    "0,3,4,5,6": -1.2808541093682861,
    "0,3,4,5,7": -11.293549640458501,
    "0,3,4,6,7": 0.17309710184132276,
    "0,3,5,6,7": 0.799984663028773,
    "0,4,5,6,7": 0.639444834846531,
    "1,2,3,4,5": -2.9036622793753035,
    "1,2,3,4,6": -8.235965894195974,
    "1,2,3,4,7": -1.1129465975223707,
    "1,2,3,5,6": -0.9572796392138256,
    "1,2,3,5,7": -3.197939950587253,
    "1,2,3,6,7": 0.3858566411878712,
    "1,2,4,5,6": -0.39260969412133306,
    "1,2,4,5,7": -0.34974825473416327,
    "1,2,4,6,7": 0.8355723846976976,
    "1,2,5,6,7": 0.4154884637613585,
    "1,3,4,5,6": -7.343693763433546,
    "1,3,4,5,7": -4.208840303380978,
    "1,3,4,6,7": 0.4296770860796285,
    "1,3,5,6,7": -0.2995432420854387,
    "1,4,5,6,7": -0.04479333034721211,
    "2,3,4,5,6": -5.703740601816122,
    "2,3,4,5,7": -1.060518742272106,
    "2,3,4,6,7": 0.45093888206166977,
    "2,3,5,6,7": -0.10549807103252329,
    "2,4,5,6,7": -6.762970307229414,