{
  "object_name": "Game",
  "data_type": "game",
  "version": "1.4.2.dev29+g3d3c3a7e6.d20260421",
  "created_from": null,
  "description": null,
  "parameters": {},
  "timestamp": "2026-04-21T12:25:56.154701+00:00Z",
  "metadata": {
    "n_players": 8,
    "game_name": "Game_object",
    "normalization_value": -2.1607063096101697,
    "precompute_flag": false,
    "precomputed": true,
    "player_names": null
  },
  "data": {
    "Empty": -2.1607063096101697,
    "0": -9.383680696171446,
    "1": -1.9620469503031828,
    "2": -0.4350363746977186,
    "3": -1.0443036439259918,
    "4": -24.52691174834993,
    "5": -5.708384339317574,
    "6": -6.503677176160415,
    "7": -1.0051365387291118,
    "0,1": -0.9818158812308235,
    "0,2": -1.9494312343341629,
    "0,3": -3.1799032592593406,
    "0,4": -3.1071271027982394,
    "0,5": -1.7598332435296258,
    "0,6": -3.389361932900818,
    "0,7": -1.1279351447537276,
    "1,2": -3.8534660873206077,
    "1,3": -1.4262745718890462,
    "1,4": -2.492339569291584,
    "1,5": -6.368703882559955,
    "1,6": -2.5552192004430285,
    "1,7": -4.366775368470378,
    "2,3": -2.0175550670025175,
    "2,4": -19.859934091207585,
    "2,5": -4.222542714382577,
    "2,6": -2.277183559541435,
    "2,7": -6.802693995467779,
    "3,4": -3.0242234475631324,
    "3,5": -1.4745903947857077,
    "3,6": -0.5728446016041444,
    "3,7": -0.0215967369468395,
    "4,5": -8.103611270209269,
    "4,6": -20.430031028871095,
    "4,7": -2.9625011948418,
    "5,6": -1.9343638034514017,
    "5,7": -6.296227100218026,
    "6,7": -0.4241818873578638,
    "0,1,2": -2.3418065218097515,
    "0,1,3": -1.8209663331691508,
    "0,1,4": -3.967887083568633,
    "0,1,5": -2.008608150123067,
    "0,1,6": -8.044489916313543,
    "0,1,7": -1.8624560065273967,
    "0,2,3": -1.2016086578073901,
    "0,2,4": -2.1386757485672154,
    "0,2,5": -5.435701714218237,
    "0,2,6": -5.673679833807703,
    "0,2,7": -18.77009519433444,
    "0,3,4": -5.635081794194172,
    "0,3,5": -0.5095603141965659,
    "0,3,6": -1.0818580121326722,
    "0,3,7": -4.684136919566518,
    "0,4,5": -0.9344485100468636,
    "0,4,6": -6.612028852048347,
    "0,4,7": -2.842626694874298,
    "0,5,6": -2.6345540068921265,
    "0,5,7": -0.12900893565436977,
    "0,6,7": 0.5615477044157455,
    "1,2,3": -5.504002804892543,
    "1,2,4": -5.2509779224393744,
    "1,2,5": -3.4029608909136604,
    "1,2,6": -2.357489619518089,
    "1,2,7": -1.7501794118642433,
    "1,3,4": -2.292184738019672,
    "1,3,5": -2.636138456104588,
    "1,3,6": -4.852680819845914,
    "1,3,7": -0.9042040012628076,
    "1,4,5": -2.6943713211696574,
    "1,4,6": -5.235608408038761,
    "1,4,7": -0.9683781578623099,
    "1,5,6": -0.9700616843188232,
    "1,5,7": -1.0376100444194636,
    "1,6,7": 0.4382355411342561,
    "2,3,4": -1.446759029712057,
    "2,3,5": -2.0437507962603707,
    "2,3,6": -3.937136933279934,
    "2,3,7": -1.0541299481405875,
    "2,4,5": -0.4159470869656412,
    "2,4,6": 0.16562689666519548,
    "2,4,7": -2.6504657180925775,
    "2,5,6": -10.09863661440803,
    "2,5,7": -0.5915835440492723,
    "2,6,7": -3.208209027733255,
    "3,4,5": -0.38485794973718135,
    "3,4,6": 0.09190488967110899,
    "3,4,7": -2.4383337051914995,
    "3,5,6": -0.7533309778875945,
    "3,5,7": -0.3460909043954794,
    "3,6,7": 0.07106018421402571,
    "4,5,6": -0.08991741979402601,
    "4,5,7": -5.586629079126104,
    "4,6,7": 0.18182922387336242,
    "5,6,7": 0.4140281609785348,
    "0,1,2,3": -4.063323597000736,
    "0,1,2,4": -4.195750694087171,
    "0,1,2,5": -1.1634541258340216,
    "0,1,2,6": -9.4132464393167,
    "0,1,2,7": -3.626742753187199,
    "0,1,3,4": -2.3690805892942035,
    "0,1,3,5": -0.5479251974619845,
    "0,1,3,6": -9.296435900125077,
    "0,1,3,7": -2.2836632654546203,
    "0,1,4,5": -0.831284709306805,
    "0,1,4,6": -0.7444066602925865,
    "0,1,4,7": -8.629597499563637,
    "0,1,5,6": -6.523493396578293,
    "0,1,5,7": -0.2065774611343747,
    "0,1,6,7": 0.13136961935576807,
    "0,2,3,4": -1.4498527445038167,
    "0,2,3,5": -1.454201501735974,
    "0,2,3,6": -1.714476723679037,
    "0,2,3,7": -0.36797252280478654,
    "0,2,4,5": -10.96876828388028,
    "0,2,4,6": -5.721131509905437,
    "0,2,4,7": -14.597341223529446,
    "0,2,5,6": -1.90492438629874,
    "0,2,5,7": -0.31596503636461204,
    "0,2,6,7": -0.37516459709716177,
    "0,3,4,5": -4.505245021424365,
    "0,3,4,6": -0.7316683408102131,
    "0,3,4,7": -1.867079676700083,
    "0,3,5,6": -1.2012437456979943,
    "0,3,5,7": -0.818198279489093,
    "0,3,6,7": 0.04731171698230463,
    "0,4,5,6": -1.100329312906425,
    "0,4,5,7": -1.0274165309581553,
    "0,4,6,7": 0.9141825977272355,
    "0,5,6,7": 0.8563417035092011,
    "1,2,3,4": -5.491763527233387,
    "1,2,3,5": -8.720037027500645,
    "1,2,3,6": -5.950689429626898,
    "1,2,3,7": -1.38601412406181,
    "1,2,4,5": -5.049307688891796,
    "1,2,4,6": -5.769205878341267,
    "1,2,4,7": -4.417337102800792,
    "1,2,5,6": -21.484866290859568,
    "1,2,5,7": -2.932044705704065,
    "1,2,6,7": 0.41499215149530333,
    "1,3,4,5": -1.5981909844346749,
    "1,3,4,6": -1.269186984509076,
    "1,3,4,7": -1.6857270855671032,
    "1,3,5,6": -2.396212714545482,
    "1,3,5,7": -4.504496909291543,
    "1,3,6,7": -0.5487653529950611,
    "1,4,5,6": -4.035234185756333,
    "1,4,5,7": -2.914753198310511,
    "1,4,6,7": -0.7546778356146899,
    "1,5,6,7": 0.7828796285665768,
    "2,3,4,5": -3.5059570258877972,
    "2,3,4,6": -5.336169639332899,
    "2,3,4,7": -2.84144087772317,
    "2,3,5,6": -6.379365153601692,
    "2,3,5,7": -1.7213566667290041,
    "2,3,6,7": 0.17793529387551543,
    "2,4,5,6": -0.43904084846416636,
    "2,4,5,7": -2.5071485963439115,
    "2,4,6,7": 0.3167046830663732,
    "2,5,6,7": -5.2124344905754345,
    "3,4,5,6": -1.291037128751976,
    "3,4,5,7": -1.6461633964458167,
    "3,4,6,7": 0.1362736071179571,
    "3,5,6,7": 0.1977577020543363,
    "4,5,6,7": 0.645105090312712,
    "0,1,2,3,4": -0.21805741055349404,
    "0,1,2,3,5": -0.916487928212077,
    "0,1,2,3,6": -1.5203313074464462,
    "0,1,2,3,7": -1.214596454943588,
    "0,1,2,4,5": -2.308388293060844,
    "0,1,2,4,6": -0.914897484845427,
    "0,1,2,4,7": -1.2105171401697286,
    "0,1,2,5,6": -2.102975704783974,
    "0,1,2,5,7": -8.715339807007105,
    "0,1,2,6,7": 0.6445733800531583,
    "0,1,3,4,5": -0.15276159743908235,
    "0,1,3,4,6": 0.5902694001911365,
    "0,1,3,4,7": -2.786716450715125,
    "0,1,3,5,6": -1.621588841505277,
    "0,1,3,5,7": -1.1954731649440364,
    "0,1,3,6,7": -2.119501916254339,
    "0,1,4,5,6": -0.0823242936355808,
    "0,1,4,5,7": -2.3302569847750316,
    "0,1,4,6,7": 0.46305717949189884,
    "0,1,5,6,7": 0.6468326426350557,
    "0,2,3,4,5": -1.469063054617716,
    "0,2,3,4,6": 0.5325538951999405,
    "0,2,3,4,7": -2.3185472521472934,
    "0,2,3,5,6": -1.3064500365801397,
    "0,2,3,5,7": -1.3822886842403337,
    "0,2,3,6,7": 0.7025914874750623,
    "0,2,4,5,6": -1.5168212552942886,
    "0,2,4,5,7": -2.6768798912896576,
    "0,2,4,6,7": -0.026877412829980463,
    "0,2,5,6,7": 0.22187327985643535,
    "0,3,4,5,6": 0.4577588218854093,
    "0,3,4,5,7": 0.04753375295495543,
    "0,3,4,6,7": 0.6072906657694774,
    "0,3,5,6,7": 0.8370138411115848,
    "0,4,5,6,7": -1.3307549190476875,
    "1,2,3,4,5": -9.117651651144675,
    "1,2,3,4,6": -0.9297126424965789,
    "1,2,3,4,7": -2.8066669868191116,
    "1,2,3,5,6": -0.5077287254084528,
    "1,2,3,5,7": -0.5462250956330856,
    "1,2,3,6,7": -0.51586194197209,
    "1,2,4,5,6": -5.741157667526261,
    "1,2,4,5,7": -0.9347102901241291,
    "1,2,4,6,7": -0.16097735569347105,
    "1,2,5,6,7": 0.8011811424386801,
    "1,3,4,5,6": -0.4641517276770808,
    "1,3,4,5,7": 0.004896357147867625,
    "1,3,4,6,7": 0.052338206932833864,
    "1,3,5,6,7": 0.04847786133398568,
    "1,4,5,6,7": 0.5150701549058359,
    "2,3,4,5,6": 0.9062467118100184,
    "2,3,4,5,7": -6.455805198189681,
    "2,3,4,6,7": 0.5649780849677452,
    "2,3,5,6,7": 0.8517891530982371,