{
  "object_name": "Game",
  "data_type": "game",
  "version": "1.4.2.dev29+g3d3c3a7e6.d20260421",
  "created_from": null,
  "description": null,
  "parameters": {},
  "timestamp": "2026-04-21T12:25:56.244789+00:00Z",
  "metadata": {
    "n_players": 8,
    "game_name": "Game_object",
    "normalization_value": -1.1979895129508886,
    "precompute_flag": false,
    "precomputed": true,
    "player_names": null
  },
  "data": {
    "Empty": -1.1979895129508886,
    "0": 0.1326719792456823,
    "1": -1.0652319797313394,
    "2": -1.077255183878798,
    "3": -1.5352014475470006,
    "4": -1.0581110956436337,
    "5": -1.3988794939078502,
    "6": -0.4971228596262134,
    "7": -2.512303348825139,
    "0,1": 0.1938253456587934,
    "0,2": 0.8963520540444838,
    "0,3": -0.7558029428356585,
    "0,4": 0.08767687184127115,
    "0,5": -0.7681671833256867,
    "0,6": 0.7795238698022131,
    "0,7": -1.5213943747329668,
    "1,2": -2.282709512113818,
    "1,3": -1.0611652404668046,
    "1,4": -0.2630108035232612,
    "1,5": -0.902114528809008,
    "1,6": -1.8555746475398327,
    "1,7": -1.9132022390149226,
    "2,3": -4.0340116965974575,
    "2,4": -0.5014884408828855,
    "2,5": -1.300279880114712,
    "2,6": -0.33145700126205546,
    "2,7": -0.4635574552738684,
    "3,4": -1.1317593164729085,
    "3,5": -0.5259002632848764,
    "3,6": -0.5588642142992026,
    "3,7": -1.2118570768909223,
    "4,5": 0.3494119124213245,
    "4,6": -0.3478153890605964,
    "4,7": -0.6994855519859533,
    "5,6": -2.9043373168165356,
    "5,7": -0.7656735179719718,
    "6,7": 0.282879320683585,
    "0,1,2": -0.2953606608401722,
    "0,1,3": 0.296641881303052,
    "0,1,4": 0.3011844315193125,
    "0,1,5": 0.2482187853155412,
    "0,1,6": 0.3231011011625131,
    "0,1,7": 0.20883618849809682,
    "0,2,3": 0.158851515731823,
    "0,2,4": 0.5400231186456999,
    "0,2,5": -0.9431554010495706,
    "0,2,6": -0.3639031940368056,
    "0,2,7": 0.13729641521297875,
    "0,3,4": 0.32110763964399436,
    "0,3,5": 0.22618827425832955,
    "0,3,6": 0.7552889096501314,
    "0,3,7": -0.8785090569900658,
    "0,4,5": 0.0715606430572967,
    "0,4,6": 0.15793270850861207,
    "0,4,7": -0.005576307280762638,
    "0,5,6": 0.5652431966525333,
    "0,5,7": 0.28547615642119195,
    "0,6,7": 0.2041392047112175,
    "1,2,3": 0.3015266598005655,
    "1,2,4": -1.0186833239994586,
    "1,2,5": -1.397926576175772,
    "1,2,6": -0.7059767331705697,
    "1,2,7": -0.9713111998243913,
    "1,3,4": -3.150295635415672,
    "1,3,5": -1.3621351268992368,
    "1,3,6": -0.3495665854309715,
    "1,3,7": -0.9591200651201843,
    "1,4,5": -0.8022835108386122,
    "1,4,6": -0.829929586560715,
    "1,4,7": -3.5375069385426627,
    "1,5,6": -0.6978248758362262,
    "1,5,7": -0.41483479673584056,
    "1,6,7": -0.4003144797135123,
    "2,3,4": -0.2876554640899742,
    "2,3,5": -0.9767188804584397,
    "2,3,6": -13.24865168032604,
    "2,3,7": -0.025653174907912524,
    "2,4,5": -1.2536566228562767,
    "2,4,6": -1.6811145986344633,
    "2,4,7": 0.2506256942212084,
    "2,5,6": 0.05791856975416443,
    "2,5,7": -1.13392245450558,
    "2,6,7": -0.35797155988792895,
    "3,4,5": -0.09315553519709296,
    "3,4,6": -3.185297367945755,
    "3,4,7": -1.3965742459727863,
    "3,5,6": -1.2473238805789597,
    "3,5,7": -2.0390834153130277,
    "3,6,7": -0.3791552972447736,
    "4,5,6": -2.094752116756328,
    "4,5,7": -3.3244858082093005,
    "4,6,7": -4.245393202666108,
    "5,6,7": -0.11052208584985701,
    "0,1,2,3": -1.4187938512054075,
    "0,1,2,4": 0.17219361786013554,
    "0,1,2,5": 0.5652964746256193,
    "0,1,2,6": -0.20546002933541319,
    "0,1,2,7": 0.057758538252178804,
    "0,1,3,4": 0.41797801025015713,
    "0,1,3,5": 0.8894755443500879,
    "0,1,3,6": 0.22561284501557144,
    "0,1,3,7": -3.568231049044396,
    "0,1,4,5": 0.6122840166475909,
    "0,1,4,6": 0.531593298307911,
    "0,1,4,7": 0.1330651196854492,
    "0,1,5,6": 0.7216996504713571,
    "0,1,5,7": 0.5643447857083772,
    "0,1,6,7": 0.6683239172707058,
    "0,2,3,4": -0.13321073893245727,
    "0,2,3,5": 0.5909645667689332,
    "0,2,3,6": -0.30429233721103244,
    "0,2,3,7": -2.5788537037396284,
    "0,2,4,5": 0.26298084317864967,
    "0,2,4,6": -0.7683384983827235,
    "0,2,4,7": -0.5042452911413104,
    "0,2,5,6": 0.06861052992363936,
    "0,2,5,7": -0.37352030468992403,
    "0,2,6,7": -0.4824806192460205,
    "0,3,4,5": 0.08827145945272574,
    "0,3,4,6": 0.4981618993173462,
    "0,3,4,7": -0.5007105173753368,
    "0,3,5,6": 0.6419419725128352,
    "0,3,5,7": 0.5450524024108606,
    "0,3,6,7": 0.094700182753372,
    "0,4,5,6": -0.5360414423548436,
    "0,4,5,7": 0.021122721981383208,
    "0,4,6,7": 0.9048320529245565,
    "0,5,6,7": 0.7742433161162712,
    "1,2,3,4": -4.321240189073011,
    "1,2,3,5": 0.4532759886958556,
    "1,2,3,6": -1.3235611870136612,
    "1,2,3,7": -4.845167561244633,
    "1,2,4,5": -1.1330280561733952,
    "1,2,4,6": -0.39946119637298994,
    "1,2,4,7": -1.3773419833246328,
    "1,2,5,6": -0.5129784631624905,
    "1,2,5,7": -1.128358070771172,
    "1,2,6,7": -0.7356041663941433,
    "1,3,4,5": -1.5813096512289802,
    "1,3,4,6": -0.9723621154352566,
    "1,3,4,7": -2.1316783478586765,
    "1,3,5,6": -2.4055608324006394,
    "1,3,5,7": -0.5038717286189993,
    "1,3,6,7": 0.49104615959782694,
    "1,4,5,6": -0.025936280374523557,
    "1,4,5,7": -0.2924946743644554,
    "1,4,6,7": -1.5823399452641405,
    "1,5,6,7": -0.12817746828452536,
    "2,3,4,5": -2.4682875534047604,
    "2,3,4,6": -12.302604802115825,
    "2,3,4,7": -0.5630476466124104,
    "2,3,5,6": -0.7607278046151484,
    "2,3,5,7": -1.4111549387157751,
    "2,3,6,7": -0.5993156800609365,
    "2,4,5,6": -0.6896709930625256,
    "2,4,5,7": -0.3403512903713204,
    "2,4,6,7": -4.001449597037272,
    "2,5,6,7": 0.7340086535117634,
    "3,4,5,6": -0.7524158428312413,
    "3,4,5,7": -0.5493586039876515,
    "3,4,6,7": -3.958573599933171,
    "3,5,6,7": -0.5060872013612139,
    "4,5,6,7": -0.31590094328952945,
    "0,1,2,3,4": -0.4212957530506529,
    "0,1,2,3,5": 0.6067465390136565,
    "0,1,2,3,6": 0.7131807733692433,
    "0,1,2,3,7": -0.02620595480747201,
    "0,1,2,4,5": 0.673696290087971,
    "0,1,2,4,6": 0.6897031373311132,
    "0,1,2,4,7": 0.8476054365771212,
    "0,1,2,5,6": -0.20106306835704202,
    "0,1,2,5,7": -0.10846688738706578,
    "0,1,2,6,7": 0.5711156742212147,
    "0,1,3,4,5": 0.18442369564568695,
    "0,1,3,4,6": -0.4978888294530832,
    "0,1,3,4,7": 0.5681246374298214,
    "0,1,3,5,6": 0.35828190051744335,
    "0,1,3,5,7": 0.7274570610544066,
    "0,1,3,6,7": 0.08017496949601366,
    "0,1,4,5,6": 0.14521106092662428,
    "0,1,4,5,7": 0.4158714077442528,
    "0,1,4,6,7": 0.6750083053102361,
    "0,1,5,6,7": 0.904537535780678,
    "0,2,3,4,5": -0.2126370863791318,
    "0,2,3,4,6": -0.39066231046108557,
    "0,2,3,4,7": 0.05620836562884557,
    "0,2,3,5,6": -0.16299146215002658,
    "0,2,3,5,7": 0.10813323412526343,
    "0,2,3,6,7": 0.7411351086052584,
    "0,2,4,5,6": 0.7704376055572104,
    "0,2,4,5,7": -0.5147371087085046,
    "0,2,4,6,7": -2.241353827363672,
    "0,2,5,6,7": 0.9715697641613257,
    "0,3,4,5,6": 0.43215706639439533,
    "0,3,4,5,7": 0.712500287638444,
    "0,3,4,6,7": 0.20717472474346343,
    "0,3,5,6,7": 0.9392190637371498,
    "0,4,5,6,7": 0.6769782258027339,
    "1,2,3,4,5": -0.9765349328029791,
    "1,2,3,4,6": 0.5456709094881654,
    "1,2,3,4,7": -0.28366991508775374,
    "1,2,3,5,6": 0.2689454866243083,
    "1,2,3,5,7": -1.1684160602225928,
    "1,2,3,6,7": -1.3338326342968845,
    "1,2,4,5,6": -0.6978987554158935,
    "1,2,4,5,7": -0.12927410063622324,
    "1,2,4,6,7": 0.16810879920741095,
    "1,2,5,6,7": 0.18843891242229627,
    "1,3,4,5,6": -1.2536584077623778,
    "1,3,4,5,7": -0.4418977795672163,
    "1,3,4,6,7": 0.5765975796611625,
    "1,3,5,6,7": 0.13606697090988218,
    "1,4,5,6,7": 0.7456364830508059,
    "2,3,4,5,6": -0.01727630941892877,
    "2,3,4,5,7": -0.11863697525474404,
    "2,3,4,6,7": -0.17407833033058773,