{
  "object_name": "Game",
  "data_type": "game",
  "version": "1.4.2.dev29+g3d3c3a7e6.d20260421",
  "created_from": null,
  "description": null,
  "parameters": {},
  "timestamp": "2026-04-21T12:25:56.145591+00:00Z",
  "metadata": {
    "n_players": 8,
    "game_name": "Game_object",
    "normalization_value": -3.210047716547198,
    "precompute_flag": false,
    "precomputed": true,
    "player_names": null
  },
  "data": {
    "Empty": -3.210047716547198,
    "0": -0.733455066134284,
    "1": -2.470193338682355,
    "2": -6.047272117595802,
    "3": -1.8152397625742154,
    "4": -1.5517649331407735,
    "5": -1.24370897165551,
    "6": -1.0481691572721572,
    "7": -4.296578258082736,
    "0,1": -0.313086441958184,
    "0,2": -0.5268660910191092,
    "0,3": -5.054437805876424,
    "0,4": -7.189942205293473,
    "0,5": -2.670264408113024,
    "0,6": -3.523928816261992,
    "0,7": -3.24422125504263,
    "1,2": -3.8204912330566323,
    "1,3": 0.0022758105408351437,
    "1,4": -7.267618231258,
    "1,5": -0.9324299710668946,
    "1,6": -7.8099267873697045,
    "1,7": -2.932808779339919,
    "2,3": -0.06823291315799795,
    "2,4": -2.6583611978845743,
    "2,5": -2.6303961742191784,
    "2,6": -0.02062171320248085,
    "2,7": -8.884330324436156,
    "3,4": -10.829319418814066,
    "3,5": -1.798717679896522,
    "3,6": -2.079292965143637,
    "3,7": -4.439894687579653,
    "4,5": -4.344143288657102,
    "4,6": -4.095160536026904,
    "4,7": -4.158219251889495,
    "5,6": -5.902822375181416,
    "5,7": -13.208867014495656,
    "6,7": 0.028677306673355107,
    "0,1,2": -5.390743379453714,
    "0,1,3": -1.1160678063225427,
    "0,1,4": -10.469125381695804,
    "0,1,5": -1.6838366614829572,
    "0,1,6": -1.69731870781396,
    "0,1,7": -3.0883159991372136,
    "0,2,3": -2.3964631821862996,
    "0,2,4": -3.468496824364621,
    "0,2,5": -8.321396646527582,
    "0,2,6": -2.612991617179789,
    "0,2,7": -0.6591429341613719,
    "0,3,4": -1.9063923875194675,
    "0,3,5": -2.9195092030550454,
    "0,3,6": -0.19935067454197108,
    "0,3,7": -2.858209220280399,
    "0,4,5": -1.2773036285097552,
    "0,4,6": -10.001897636576762,
    "0,4,7": -2.329449396155261,
    "0,5,6": -7.049776491087544,
    "0,5,7": -5.395125950462198,
    "0,6,7": 0.901675803836005,
    "1,2,3": 0.4965939236676823,
    "1,2,4": -1.9165473946005558,
    "1,2,5": -4.270758018938739,
    "1,2,6": -2.5150898167460007,
    "1,2,7": -6.493795470938849,
    "1,3,4": -1.5271539946373283,
    "1,3,5": -7.245738890561622,
    "1,3,6": -3.253735956014201,
    "1,3,7": -6.326219289743469,
    "1,4,5": -2.3501512028401543,
    "1,4,6": -1.8681685195670226,
    "1,4,7": -7.311997711198291,
    "1,5,6": -3.340587991017496,
    "1,5,7": -0.5632373922463652,
    "1,6,7": -0.05148821234533352,
    "2,3,4": -1.108708275229095,
    "2,3,5": -3.299392692949911,
    "2,3,6": -6.9427351338069,
    "2,3,7": -3.2628623786045203,
    "2,4,5": -9.442256577925631,
    "2,4,6": -2.9934045635796935,
    "2,4,7": -3.8811796654040656,
    "2,5,6": -2.1154722574839027,
    "2,5,7": -5.037632053566429,
    "2,6,7": -1.227133023385039,
    "3,4,5": -2.0965566949430867,
    "3,4,6": -2.0750374940852083,
    "3,4,7": -0.6436823970122483,
    "3,5,6": -2.286227302202967,
    "3,5,7": -3.4672507871793163,
    "3,6,7": -2.143477573478776,
    "4,5,6": -0.8484702683940679,
    "4,5,7": -13.397389278912701,
    "4,6,7": -0.7706592796671081,
    "5,6,7": 0.4554891986286661,
    "0,1,2,3": -0.4584394633343418,
    "0,1,2,4": -9.050377141892904,
    "0,1,2,5": -4.087860252708575,
    "0,1,2,6": -8.751924714425714,
    "0,1,2,7": -7.129673564487353,
    "0,1,3,4": -3.0571787268381003,
    "0,1,3,5": -2.054869304449497,
    "0,1,3,6": -8.411427701273848,
    "0,1,3,7": -2.230365344570049,
    "0,1,4,5": -1.3274831347990799,
    "0,1,4,6": -4.625040516579124,
    "0,1,4,7": -13.890536439939208,
    "0,1,5,6": -3.2076805937418094,
    "0,1,5,7": -4.548224585915892,
    "0,1,6,7": 0.27779411549069477,
    "0,2,3,4": -4.784212285898062,
    "0,2,3,5": -2.8821973604084055,
    "0,2,3,6": -4.652045009265325,
    "0,2,3,7": -8.589754665037601,
    "0,2,4,5": -1.023833013003192,
    "0,2,4,6": -2.88444689173133,
    "0,2,4,7": -0.5544069086465311,
    "0,2,5,6": -7.385468766294149,
    "0,2,5,7": -0.3569675984932619,
    "0,2,6,7": 0.9297703873909319,
    "0,3,4,5": -1.266966800210684,
    "0,3,4,6": 0.23082326747842452,
    "0,3,4,7": -13.014777705210856,
    "0,3,5,6": -4.589000895442655,
    "0,3,5,7": -19.66582161307937,
    "0,3,6,7": 0.8201572620397413,
    "0,4,5,6": 0.1820988066700232,
    "0,4,5,7": -3.7764993906200948,
    "0,4,6,7": 0.598464427095306,
    "0,5,6,7": -0.18355222983030828,
    "1,2,3,4": -4.674601214229583,
    "1,2,3,5": -1.77183216615019,
    "1,2,3,6": -2.1775328544545345,
    "1,2,3,7": -9.336151708013523,
    "1,2,4,5": -8.018590257037378,
    "1,2,4,6": -1.901664161491789,
    "1,2,4,7": -3.076326527913558,
    "1,2,5,6": -5.925662063334294,
    "1,2,5,7": -3.2821168330723047,
    "1,2,6,7": 0.20623507574983657,
    "1,3,4,5": -1.2087873593748948,
    "1,3,4,6": -5.794572628511927,
    "1,3,4,7": -7.650634659393852,
    "1,3,5,6": -2.628439064137528,
    "1,3,5,7": -3.2033748182210253,
    "1,3,6,7": -1.3483104795783434,
    "1,4,5,6": -8.222985707627183,
    "1,4,5,7": -1.3353362482443014,
    "1,4,6,7": 0.605223488979664,
    "1,5,6,7": 0.23728095098040947,
    "2,3,4,5": -0.08153860609179908,
    "2,3,4,6": -2.05684427504584,
    "2,3,4,7": -1.928354399320472,
    "2,3,5,6": -1.393671988650183,
    "2,3,5,7": -3.0965912917724703,
    "2,3,6,7": 0.4960368696935845,
    "2,4,5,6": -1.7574493559145532,
    "2,4,5,7": -9.099695207603805,
    "2,4,6,7": 0.4149380022950878,
    "2,5,6,7": 0.6070890666192315,
    "3,4,5,6": -2.7655131466847647,
    "3,4,5,7": -3.0538312589449603,
    "3,4,6,7": 0.24913397818318728,
    "3,5,6,7": 0.06003708866775359,
    "4,5,6,7": 0.6211099235649582,
    "0,1,2,3,4": -1.965552941403852,
    "0,1,2,3,5": -2.171114418025572,
    "0,1,2,3,6": -4.796808095657538,
    "0,1,2,3,7": -7.661870738879971,
    "0,1,2,4,5": -5.855063474439478,
    "0,1,2,4,6": -2.842746541673033,
    "0,1,2,4,7": -2.7773317577121115,
    "0,1,2,5,6": -3.5446491634294137,
    "0,1,2,5,7": -0.635472604042677,
    "0,1,2,6,7": 0.6173201196991578,
    "0,1,3,4,5": -9.145644631969008,
    "0,1,3,4,6": -1.238365848293081,
    "0,1,3,4,7": -7.652027076856777,
    "0,1,3,5,6": -1.9489020434225282,
    "0,1,3,5,7": -2.0463176068372304,
    "0,1,3,6,7": 0.6737782119492051,
    "0,1,4,5,6": -3.7465961183455008,
    "0,1,4,5,7": -1.6624489267194273,
    "0,1,4,6,7": 0.6857798439539164,
    "0,1,5,6,7": 0.8114584012283457,
    "0,2,3,4,5": -1.0090921176449004,
    "0,2,3,4,6": -1.1945941693045135,
    "0,2,3,4,7": -1.3376255277628966,
    "0,2,3,5,6": -5.569755507510436,
    "0,2,3,5,7": -3.4844503493415244,
    "0,2,3,6,7": 0.8948764126347044,
    "0,2,4,5,6": -0.5310850586376006,
    "0,2,4,5,7": -1.0897820941939567,
    "0,2,4,6,7": 0.6522014246976373,
    "0,2,5,6,7": 0.8170649015555728,
    "0,3,4,5,6": -1.5532476789958096,
    "0,3,4,5,7": -1.8645335568047305,
    "0,3,4,6,7": 0.8671505497870702,
    "0,3,5,6,7": 0.7477209508987193,
    "0,4,5,6,7": 0.8295718773870226,
    "1,2,3,4,5": -2.662932088349352,
    "1,2,3,4,6": -6.729950207240161,
    "1,2,3,4,7": -1.6175023279643463,
    "1,2,3,5,6": -0.1416620820981509,
    "1,2,3,5,7": -10.662479795200266,
    "1,2,3,6,7": -0.6549512432085904,
    "1,2,4,5,6": -2.798721279076032,
    "1,2,4,5,7": -0.677732373551599,
    "1,2,4,6,7": -0.6363154153896085,
    "1,2,5,6,7": 0.8108995688785723,
    "1,3,4,5,6": -4.794488112389349,
    "1,3,4,5,7": -2.669640611790091,
    "1,3,4,6,7": 0.2800001022184253,
    "1,3,5,6,7": 0.6796537116330494,
    "1,4,5,6,7": 0.11427876148561733,
    "2,3,4,5,6": -3.5708174747090666,
    "2,3,4,5,7": -4.264787050767109,
    "2,3,4,6,7": 0.5182033439697942,
    "2,3,5,6,7": 0.16061044726889828,
    "2,4,5,6,7": 0.20252363025686493,