{
  "object_name": "Game",
  "data_type": "game",
  "version": "1.4.2.dev29+g3d3c3a7e6.d20260421",
  "created_from": null,
  "description": null,
  "parameters": {},
  "timestamp": "2026-04-21T12:25:56.243015+00:00Z",
  "metadata": {
    "n_players": 8,
    "game_name": "Game_object",
    "normalization_value": -0.9433117670319247,
    "precompute_flag": false,
    "precomputed": true,
    "player_names": null
  },
  "data": {
    "Empty": -0.9433117670319247,
    "0": 0.437648868890374,
    "1": -0.8538762497122006,
    "2": -1.5710225320189322,
    "3": -0.7862338514105556,
    "4": -2.4261059652108945,
    "5": -2.3987135835595454,
    "6": -1.7557447055700641,
    "7": -0.16038842696620748,
    "0,1": -0.14437732290939476,
    "0,2": 0.467016940411493,
    "0,3": -0.3443008114555297,
    "0,4": -1.9831714829806835,
    "0,5": 0.7918395530225383,
    "0,6": -0.5380149338662021,
    "0,7": -0.4706190311743772,
    "1,2": 0.23790623953551027,
    "1,3": -2.7601311961989423,
    "1,4": -2.5332579496437106,
    "1,5": -7.813228951307515,
    "1,6": -0.0031420542430316,
    "1,7": -0.9571351433533666,
    "2,3": -0.9906229239574331,
    "2,4": -0.6496389224472605,
    "2,5": -0.3907413436458953,
    "2,6": -0.7134069483780903,
    "2,7": -0.5255533324235055,
    "3,4": -1.0841621184838912,
    "3,5": -3.4219061391150785,
    "3,6": -0.36497288297810604,
    "3,7": -1.5033086878725062,
    "4,5": -0.7241715127971069,
    "4,6": -3.411677661474868,
    "4,7": -0.003429619701785569,
    "5,6": -0.457397352194685,
    "5,7": -0.01842121035560984,
    "6,7": -0.3081363777379136,
    "0,1,2": 0.6475692693035604,
    "0,1,3": 0.023641555072798637,
    "0,1,4": 0.4749729342966952,
    "0,1,5": -0.2571473506706001,
    "0,1,6": 0.6170298255403758,
    "0,1,7": 0.3694763532431652,
    "0,2,3": -2.5114476196823663,
    "0,2,4": -1.0319541903668261,
    "0,2,5": 0.48244659308380966,
    "0,2,6": -0.09120248395820063,
    "0,2,7": -0.6263175568955559,
    "0,3,4": -0.6239346955169427,
    "0,3,5": 0.11099987216627905,
    "0,3,6": -0.6420200540694028,
    "0,3,7": 0.10747907769057119,
    "0,4,5": 0.4963797599919063,
    "0,4,6": -5.075646952407135,
    "0,4,7": 0.3560406195575845,
    "0,5,6": 0.6185716599757072,
    "0,5,7": 0.3780813139568091,
    "0,6,7": -0.4069641525012553,
    "1,2,3": -0.2603292219029876,
    "1,2,4": 0.1906275118650994,
    "1,2,5": -2.8249905908222908,
    "1,2,6": -2.3260754716025005,
    "1,2,7": -2.2356456477492253,
    "1,3,4": -1.7485774860010053,
    "1,3,5": -5.2874230649510725,
    "1,3,6": -2.9291063264571227,
    "1,3,7": -2.3988082183787056,
    "1,4,5": -0.9922949553104943,
    "1,4,6": 0.2687135136113329,
    "1,4,7": -2.935082201887087,
    "1,5,6": -6.460274726195392,
    "1,5,7": -1.4305018125502098,
    "1,6,7": 0.029164587813912513,
    "2,3,4": -0.6021788037927918,
    "2,3,5": -6.0963413210689765,
    "2,3,6": -0.471158420803208,
    "2,3,7": -1.0099489601259215,
    "2,4,5": -3.904266330326614,
    "2,4,6": -2.0751299366433114,
    "2,4,7": -1.3558017973486676,
    "2,5,6": 0.42085816546000676,
    "2,5,7": 0.02778674723419161,
    "2,6,7": 0.3158870696748347,
    "3,4,5": -0.9193819038173423,
    "3,4,6": -2.0404579406441723,
    "3,4,7": -0.11871871859095307,
    "3,5,6": -0.6395353631124547,
    "3,5,7": -0.0667478357839657,
    "3,6,7": 0.4064297621815237,
    "4,5,6": -1.0386873445174416,
    "4,5,7": 0.2050521194413748,
    "4,6,7": -0.9330849868821527,
    "5,6,7": 0.6912572527739012,
    "0,1,2,3": -0.17346737934426182,
    "0,1,2,4": -0.42985541224461765,
    "0,1,2,5": 0.2620635437135057,
    "0,1,2,6": 0.2011535117661014,
    "0,1,2,7": 0.28622903094296726,
    "0,1,3,4": 0.4199794841033717,
    "0,1,3,5": -0.4298518164277676,
    "0,1,3,6": -0.5311297137723323,
    "0,1,3,7": 0.20611084310335093,
    "0,1,4,5": 0.2572207500091248,
    "0,1,4,6": -0.9863017731854677,
    "0,1,4,7": -0.3239562895100292,
    "0,1,5,6": -0.19847742030759363,
    "0,1,5,7": -5.550203685455811,
    "0,1,6,7": 0.227012174924051,
    "0,2,3,4": -1.283013360196506,
    "0,2,3,5": 0.08224055591592727,
    "0,2,3,6": -0.8526445061078309,
    "0,2,3,7": 0.4311323490865425,
    "0,2,4,5": 0.6713300708048588,
    "0,2,4,6": -0.9252274002022429,
    "0,2,4,7": 0.36296433338481016,
    "0,2,5,6": 0.6778519022143803,
    "0,2,5,7": -0.49576360454104207,
    "0,2,6,7": 0.676666018114666,
    "0,3,4,5": -1.940415829441576,
    "0,3,4,6": -0.2972591569109362,
    "0,3,4,7": 0.08421831376866173,
    "0,3,5,6": 0.25664629838541086,
    "0,3,5,7": -0.37623021517149846,
    "0,3,6,7": 0.4464557003912407,
    "0,4,5,6": -0.23921259115201976,
    "0,4,5,7": 0.6306354546541577,
    "0,4,6,7": 0.7201677249907286,
    "0,5,6,7": -0.6136207509401743,
    "1,2,3,4": -2.082681580265799,
    "1,2,3,5": 0.36666650551881086,
    "1,2,3,6": -0.5900943338168336,
    "1,2,3,7": -1.7465516877457508,
    "1,2,4,5": -0.4492553721906538,
    "1,2,4,6": -1.3408197959729873,
    "1,2,4,7": -2.759383657205603,
    "1,2,5,6": -0.7248426786506668,
    "1,2,5,7": -0.19485037994321863,
    "1,2,6,7": 0.3561398278634279,
    "1,3,4,5": -0.829379325724523,
    "1,3,4,6": -1.3598142787450893,
    "1,3,4,7": -1.7801469724710328,
    "1,3,5,6": 0.07801404785293375,
    "1,3,5,7": -1.2609494535009098,
    "1,3,6,7": -1.397444873736184,
    "1,4,5,6": -0.5637230824655424,
    "1,4,5,7": -0.9130149620828452,
    "1,4,6,7": -0.6595134630051118,
    "1,5,6,7": -0.6239695308035174,
    "2,3,4,5": 0.08018220752258998,
    "2,3,4,6": -0.3914916554330763,
    "2,3,4,7": -1.1900634163091839,
    "2,3,5,6": -0.4742622976297841,
    "2,3,5,7": -0.3913968477208021,
    "2,3,6,7": 0.17541289626532808,
    "2,4,5,6": -0.19197998515937065,
    "2,4,5,7": -0.23525541892972934,
    "2,4,6,7": 0.4578115769093598,
    "2,5,6,7": -0.6042956290016601,
    "3,4,5,6": -0.8108111691756243,
    "3,4,5,7": -3.757653088711381,
    "3,4,6,7": -0.4479671189873793,
    "3,5,6,7": -0.9200477363240207,
    "4,5,6,7": -2.702624328968429,
    "0,1,2,3,4": -0.026311593425381696,
    "0,1,2,3,5": -0.07040816539452877,
    "0,1,2,3,6": 0.6329227937729511,
    "0,1,2,3,7": -1.0930686158870424,
    "0,1,2,4,5": 0.1029623731659105,
    "0,1,2,4,6": 0.5992308328213252,
    "0,1,2,4,7": 0.4630939145106321,
    "0,1,2,5,6": 0.6198948390199541,
    "0,1,2,5,7": -0.3954413371361012,
    "0,1,2,6,7": 0.9127414029631136,
    "0,1,3,4,5": -0.284703238032016,
    "0,1,3,4,6": 0.5656286976143634,
    "0,1,3,4,7": -1.4408627638005673,
    "0,1,3,5,6": 0.5761564527026224,
    "0,1,3,5,7": -0.6270791784011196,
    "0,1,3,6,7": 0.5726884073895389,
    "0,1,4,5,6": 0.1671434461172795,
    "0,1,4,5,7": -3.183824601499878,
    "0,1,4,6,7": 0.7703150311002188,
    "0,1,5,6,7": 0.8064131129606948,
    "0,2,3,4,5": 0.5601273362409132,
    "0,2,3,4,6": -0.17412157802773076,
    "0,2,3,4,7": -0.024852628756843353,
    "0,2,3,5,6": -0.23331706116696393,
    "0,2,3,5,7": 0.44465124369332953,
    "0,2,3,6,7": 0.8285219951703199,
    "0,2,4,5,6": 0.7092622665964716,
    "0,2,4,5,7": 0.7834076308076996,
    "0,2,4,6,7": 0.5027535374341969,
    "0,2,5,6,7": 0.8558308879972419,
    "0,3,4,5,6": -3.519139744063617,
    "0,3,4,5,7": 0.06192306632418254,
    "0,3,4,6,7": 0.30099922267237744,
    "0,3,5,6,7": 0.8856315084751374,
    "0,4,5,6,7": 0.6258501933418371,
    "1,2,3,4,5": -2.985068337465114,
    "1,2,3,4,6": -3.1780705202601744,
    "1,2,3,4,7": -0.3488972293172228,
    "1,2,3,5,6": 0.18544948275160245,
    "1,2,3,5,7": -0.8264052019645445,
    "1,2,3,6,7": -1.1406547739195423,
    "1,2,4,5,6": -0.22779306177252856,
    "1,2,4,5,7": -0.9423311747662724,
    "1,2,4,6,7": 0.22267832684389433,
    "1,2,5,6,7": -0.41253265270895234,
    "1,3,4,5,6": 0.2691296673064546,
    "1,3,4,5,7": -0.7122336145852721,
    "1,3,4,6,7": -0.8734233203112338,
    "1,3,5,6,7": -1.7031281179935283,
    "1,4,5,6,7": 0.5232968569948347,
    "2,3,4,5,6": -0.8048593014862029,
    "2,3,4,5,7": -0.41503916749727865,
    "2,3,4,6,7": -0.16664661229988886,