{
  "object_name": "Game",
  "data_type": "game",
  "version": "1.4.2.dev29+g3d3c3a7e6.d20260421",
  "created_from": null,
  "description": null,
  "parameters": {},
  "timestamp": "2026-04-21T12:25:56.149306+00:00Z",
  "metadata": {
    "n_players": 8,
    "game_name": "Game_object",
    "normalization_value": -1.6000370139001485,
    "precompute_flag": false,
    "precomputed": true,
    "player_names": null
  },
  "data": {
    "Empty": -1.6000370139001485,
    "0": -2.955587842132267,
    "1": -2.7999840411284036,
    "2": -3.3164922193502644,
    "3": -5.69461142940963,
    "4": -3.5373201328039947,
    "5": -23.12057474428877,
    "6": -8.207543363801475,
    "7": -1.6501667282459613,
    "0,1": -5.771710680412394,
    "0,2": -0.75308364028734,
    "0,3": -2.815931378910556,
    "0,4": -2.2615040398546373,
    "0,5": -6.128816489896594,
    "0,6": -6.092433293087664,
    "0,7": -2.187338135357717,
    "1,2": -1.9937156990145137,
    "1,3": -9.387474461669479,
    "1,4": -4.305202008215899,
    "1,5": -2.53384922808186,
    "1,6": -0.7617993490551693,
    "1,7": -3.283891589208789,
    "2,3": -2.977465870197175,
    "2,4": -0.4632422014497526,
    "2,5": -3.8018928183633314,
    "2,6": -1.3252436175065543,
    "2,7": -3.51011006222201,
    "3,4": -10.164960945850524,
    "3,5": -5.293920503147779,
    "3,6": -0.33433309233994635,
    "3,7": -32.73892990321047,
    "4,5": -1.7356175193559036,
    "4,6": -5.965305502822695,
    "4,7": -3.267491832358795,
    "5,6": -8.887705977934838,
    "5,7": -2.3450197169332245,
    "6,7": 0.15236488472951903,
    "0,1,2": -1.272333631276056,
    "0,1,3": -4.121041363765746,
    "0,1,4": -0.5670753174396024,
    "0,1,5": -3.328570876692843,
    "0,1,6": 0.5490657431261364,
    "0,1,7": -9.440472558988994,
    "0,2,3": -6.110920342163496,
    "0,2,4": -3.072653055105838,
    "0,2,5": -0.20079445894334347,
    "0,2,6": -3.989976743197576,
    "0,2,7": -3.7482238824511827,
    "0,3,4": -0.9537485123849607,
    "0,3,5": -2.1075056315988707,
    "0,3,6": -4.942211439643314,
    "0,3,7": -2.1814514516261623,
    "0,4,5": 0.017544114406376043,
    "0,4,6": -11.023345417229981,
    "0,4,7": -0.6969240495372884,
    "0,5,6": -0.4126204015116597,
    "0,5,7": -1.8824497612594597,
    "0,6,7": 0.6157815858121601,
    "1,2,3": -5.091997092457941,
    "1,2,4": -1.3202890735855877,
    "1,2,5": -3.8202852590596965,
    "1,2,6": -5.9529535198082595,
    "1,2,7": -6.462885320251397,
    "1,3,4": -2.0971715749287108,
    "1,3,5": -4.534447107459479,
    "1,3,6": -4.769494670858348,
    "1,3,7": -4.516780477352693,
    "1,4,5": -3.3007939306578553,
    "1,4,6": -2.74655882085506,
    "1,4,7": -8.665905304650112,
    "1,5,6": -5.437878232714625,
    "1,5,7": -6.067035398494831,
    "1,6,7": 0.10336931057148158,
    "2,3,4": -2.5308413161030994,
    "2,3,5": -14.675516390889916,
    "2,3,6": -2.263620867035281,
    "2,3,7": -2.312994004174756,
    "2,4,5": -3.5853671666229996,
    "2,4,6": -5.010563779901308,
    "2,4,7": -5.569782794305853,
    "2,5,6": -1.172483077219458,
    "2,5,7": -2.413687588692924,
    "2,6,7": 0.40950113047460435,
    "3,4,5": -1.9048223981381787,
    "3,4,6": -6.339581800305892,
    "3,4,7": -1.6229032534592651,
    "3,5,6": -2.745570003848359,
    "3,5,7": -1.3348761840647443,
    "3,6,7": 0.30725391013748937,
    "4,5,6": -4.026823733420892,
    "4,5,7": -1.41099495788246,
    "4,6,7": 0.40804972932557815,
    "5,6,7": 0.5284957373895965,
    "0,1,2,3": -2.7148213042553846,
    "0,1,2,4": -1.8561665792655933,
    "0,1,2,5": -0.3739674202139991,
    "0,1,2,6": -6.907378538587713,
    "0,1,2,7": -0.5175717087280294,
    "0,1,3,4": -5.24417201412165,
    "0,1,3,5": -7.3287142633625475,
    "0,1,3,6": -3.8059100300816358,
    "0,1,3,7": -0.7830179808116329,
    "0,1,4,5": -1.668998342534794,
    "0,1,4,6": -1.0857450080424464,
    "0,1,4,7": -3.7655467216864134,
    "0,1,5,6": -1.7985428203160563,
    "0,1,5,7": -10.444838902718809,
    "0,1,6,7": 0.3939223015707991,
    "0,2,3,4": -2.862143012858964,
    "0,2,3,5": -0.5180787164530458,
    "0,2,3,6": -3.4447255133400994,
    "0,2,3,7": -0.2849979236771367,
    "0,2,4,5": -0.6366474975873615,
    "0,2,4,6": 0.31492166157613355,
    "0,2,4,7": -3.1175772533502792,
    "0,2,5,6": -0.3000582960212519,
    "0,2,5,7": -2.310224190873035,
    "0,2,6,7": 0.7344195862850211,
    "0,3,4,5": -0.9438598908599882,
    "0,3,4,6": -3.856561389224078,
    "0,3,4,7": -0.4460266586569992,
    "0,3,5,6": -4.397456917736847,
    "0,3,5,7": -2.42772395662581,
    "0,3,6,7": 0.31667292220401444,
    "0,4,5,6": -6.437443637287191,
    "0,4,5,7": -0.5269657151463911,
    "0,4,6,7": 0.2192600550093926,
    "0,5,6,7": 0.5251585209935545,
    "1,2,3,4": -1.290263625678295,
    "1,2,3,5": -2.93036062043295,
    "1,2,3,6": -0.9696023298588554,
    "1,2,3,7": -7.287331446848448,
    "1,2,4,5": -2.461270924808841,
    "1,2,4,6": -8.82617336577856,
    "1,2,4,7": -1.5082739042621847,
    "1,2,5,6": -9.561023125512332,
    "1,2,5,7": -2.8002897338152035,
    "1,2,6,7": 0.6831485550969962,
    "1,3,4,5": -0.6747338233699138,
    "1,3,4,6": -3.7336770792747647,
    "1,3,4,7": -3.2450349479237808,
    "1,3,5,6": -1.1673498515933045,
    "1,3,5,7": -3.914359196003722,
    "1,3,6,7": -0.5838976777294445,
    "1,4,5,6": -1.3946890115451716,
    "1,4,5,7": -4.831441748632712,
    "1,4,6,7": -0.4528124786614507,
    "1,5,6,7": 0.19076208436365305,
    "2,3,4,5": -1.518050196809388,
    "2,3,4,6": -1.84727378617213,
    "2,3,4,7": -1.7586313746028064,
    "2,3,5,6": -1.3240485342180621,
    "2,3,5,7": -1.216690411017229,
    "2,3,6,7": 0.6247954540403309,
    "2,4,5,6": -1.5881244235645,
    "2,4,5,7": -4.441753204087916,
    "2,4,6,7": 0.6222282553835852,
    "2,5,6,7": 0.6293679352539742,
    "3,4,5,6": -3.4086264800517068,
    "3,4,5,7": -7.531599539183407,
    "3,4,6,7": 0.04832425324595635,
    "3,5,6,7": 0.25573322584878244,
    "4,5,6,7": -1.1716147254401008,
    "0,1,2,3,4": -3.409348451224923,
    "0,1,2,3,5": -0.6394584724759331,
    "0,1,2,3,6": -1.1753370323151073,
    "0,1,2,3,7": -4.177504654906886,
    "0,1,2,4,5": -0.6850972647364728,
    "0,1,2,4,6": -3.1466641284043266,
    "0,1,2,4,7": -1.5828793545399589,
    "0,1,2,5,6": -0.24522122599912244,
    "0,1,2,5,7": -3.6071642296641517,
    "0,1,2,6,7": 0.696046566237692,
    "0,1,3,4,5": -1.2593154067182635,
    "0,1,3,4,6": -1.0681052068301748,
    "0,1,3,4,7": -12.6200116174062,
    "0,1,3,5,6": -0.704612353860318,
    "0,1,3,5,7": -10.284572712180495,
    "0,1,3,6,7": 0.49725556940405424,
    "0,1,4,5,6": -2.7592307767855933,
    "0,1,4,5,7": -7.3836602444695565,
    "0,1,4,6,7": 0.5386123517507106,
    "0,1,5,6,7": 0.8523858925051981,
    "0,2,3,4,5": -0.15070701412531173,
    "0,2,3,4,6": -1.561855786498357,
    "0,2,3,4,7": -3.1774936367394533,
    "0,2,3,5,6": -4.705172754358851,
    "0,2,3,5,7": -1.2304925221357377,
    "0,2,3,6,7": 0.9198128011270411,
    "0,2,4,5,6": 0.12402458399822547,
    "0,2,4,5,7": -0.5154215251171643,
    "0,2,4,6,7": 0.857667931829371,
    "0,2,5,6,7": 0.8467229546071748,
    "0,3,4,5,6": -4.788539809490127,
    "0,3,4,5,7": -2.7989446305011634,
    "0,3,4,6,7": 0.4971657526511135,
    "0,3,5,6,7": 0.8176934665636796,
    "0,4,5,6,7": 0.5949781442265547,
    "1,2,3,4,5": -7.0639587855644805,
    "1,2,3,4,6": -15.295501295105382,
    "1,2,3,4,7": -2.355670720032684,
    "1,2,3,5,6": -1.3458152079706198,
    "1,2,3,5,7": -1.5180451263631367,
    "1,2,3,6,7": -0.28864082202270436,
    "1,2,4,5,6": -5.29016006698214,
    "1,2,4,5,7": -2.0897782283529818,
    "1,2,4,6,7": 0.16565079902888702,
    "1,2,5,6,7": 0.44147463893401107,
    "1,3,4,5,6": -1.1859928538294695,
    "1,3,4,5,7": -2.249540796898794,
    "1,3,4,6,7": -0.6841319716739698,
    "1,3,5,6,7": -0.7205175166607514,
    "1,4,5,6,7": 0.6151483102515789,
    "2,3,4,5,6": -1.4034103886707503,
    "2,3,4,5,7": -3.9906711809304634,
    "2,3,4,6,7": 0.7130530483797533,
    "2,3,5,6,7": 0.2318069643970706,