{
  "object_name": "Game",
  "data_type": "game",
  "version": "1.4.2.dev29+g3d3c3a7e6.d20260421",
  "created_from": null,
  "description": null,
  "parameters": {},
  "timestamp": "2026-04-21T12:25:56.132473+00:00Z",
  "metadata": {
    "n_players": 8,
    "game_name": "Game_object",
    "normalization_value": -0.9946126614740183,
    "precompute_flag": false,
    "precomputed": true,
    "player_names": null
  },
  "data": {
    "Empty": -0.9946126614740183,
    "0": -1.3120315469934587,
    "1": -4.801062138989444,
    "2": -4.782194619302429,
    "3": -5.201648693799427,
    "4": -1.4606628132035309,
    "5": -6.059751653104649,
    "6": -7.470834857545743,
    "7": -1.8542038292464311,
    "0,1": -0.48801836111198216,
    "0,2": -0.5212898131833614,
    "0,3": -5.835517532367208,
    "0,4": -6.341091506864615,
    "0,5": -1.876129110493033,
    "0,6": -2.3008397444674227,
    "0,7": -3.680020581685593,
    "1,2": -1.9059189635344351,
    "1,3": -3.345609697600116,
    "1,4": -6.181374583003492,
    "1,5": -9.56365664786669,
    "1,6": -1.8920767358532626,
    "1,7": -2.4296832767642935,
    "2,3": -5.800754592862305,
    "2,4": -6.073157457645513,
    "2,5": -5.745711518492598,
    "2,6": -4.7576136012360815,
    "2,7": -1.4273737909293436,
    "3,4": -1.8769475158874283,
    "3,5": -6.5958842347984135,
    "3,6": -1.5246561434073818,
    "3,7": -7.202985662475879,
    "4,5": -2.7634109008725063,
    "4,6": -8.483307319372797,
    "4,7": -3.6440281738941858,
    "5,6": -0.47112825199896835,
    "5,7": -13.771605689052988,
    "6,7": 0.2424644112476413,
    "0,1,2": 0.15992509969640456,
    "0,1,3": -2.8397331698470762,
    "0,1,4": -5.905397831823493,
    "0,1,5": -6.823388082523044,
    "0,1,6": -4.043125784583973,
    "0,1,7": -0.3492328068154471,
    "0,2,3": -1.638702557172523,
    "0,2,4": -2.0160059141735314,
    "0,2,5": -0.697595558168205,
    "0,2,6": -0.6245308100944735,
    "0,2,7": -1.7900290813722068,
    "0,3,4": -0.6078818097726708,
    "0,3,5": -0.7037060833578004,
    "0,3,6": -3.132132855395886,
    "0,3,7": -7.1139458144238805,
    "0,4,5": -3.838351604439926,
    "0,4,6": -0.9060593367151628,
    "0,4,7": -8.56693509166343,
    "0,5,6": -4.105528254294379,
    "0,5,7": -3.0059843088198503,
    "0,6,7": -0.15475893820692943,
    "1,2,3": -2.343057758053691,
    "1,2,4": -3.679560323175573,
    "1,2,5": -5.476149092550764,
    "1,2,6": -0.9939424079073458,
    "1,2,7": -8.099740110719049,
    "1,3,4": -3.694554834131183,
    "1,3,5": -5.980916966702812,
    "1,3,6": -3.4131385289916025,
    "1,3,7": -4.146686494542958,
    "1,4,5": -7.415952215028982,
    "1,4,6": -7.802119385836621,
    "1,4,7": -2.113023788191342,
    "1,5,6": -3.1388306533348356,
    "1,5,7": -6.813283398776635,
    "1,6,7": -2.325135004059137,
    "2,3,4": -1.2354179425149359,
    "2,3,5": -2.3411815062771923,
    "2,3,6": -0.6691385195776605,
    "2,3,7": -1.059736895648526,
    "2,4,5": 0.09829299243209433,
    "2,4,6": -3.6684387624223564,
    "2,4,7": -3.5056681081561525,
    "2,5,6": -2.706217759935609,
    "2,5,7": -2.045257223799891,
    "2,6,7": -2.0564818686055855,
    "3,4,5": -8.717767861216595,
    "3,4,6": -6.550088735689475,
    "3,4,7": -0.17495906351763124,
    "3,5,6": -2.7902232204396347,
    "3,5,7": -4.542606771914621,
    "3,6,7": -0.5964117842222372,
    "4,5,6": -19.096341349119786,
    "4,5,7": -0.26819025327710766,
    "4,6,7": 0.39959748566723974,
    "5,6,7": -0.44725222432216505,
    "0,1,2,3": -0.3355325327841385,
    "0,1,2,4": -1.5983320468005573,
    "0,1,2,5": -4.920496278115123,
    "0,1,2,6": -2.568651784127158,
    "0,1,2,7": -0.524561174115141,
    "0,1,3,4": -3.1509072594395917,
    "0,1,3,5": -3.8855363542673365,
    "0,1,3,6": -7.691155857137021,
    "0,1,3,7": -1.530645095270439,
    "0,1,4,5": -1.0084448778511836,
    "0,1,4,6": -6.263660386303401,
    "0,1,4,7": -3.75358879357617,
    "0,1,5,6": -2.5605012850076347,
    "0,1,5,7": -0.1131044540918884,
    "0,1,6,7": 0.7859064436892991,
    "0,2,3,4": -13.644336125075816,
    "0,2,3,5": -0.19405491238750128,
    "0,2,3,6": -2.7524548253228285,
    "0,2,3,7": -0.26300009727269846,
    "0,2,4,5": -3.5827157566840153,
    "0,2,4,6": -1.4460496940929137,
    "0,2,4,7": -2.665565409566859,
    "0,2,5,6": -2.6937198094209958,
    "0,2,5,7": -3.3224392630220008,
    "0,2,6,7": 0.7258285209136629,
    "0,3,4,5": -0.36571616811574814,
    "0,3,4,6": -3.9865370253011596,
    "0,3,4,7": -2.5238995406630833,
    "0,3,5,6": -11.637696737511199,
    "0,3,5,7": -1.2659040828605685,
    "0,3,6,7": 0.48725440625550076,
    "0,4,5,6": -3.5709566995009396,
    "0,4,5,7": -1.228322431119047,
    "0,4,6,7": 0.5411380751220192,
    "0,5,6,7": 0.908060246029085,
    "1,2,3,4": -1.1314714902083467,
    "1,2,3,5": -3.1242981721329963,
    "1,2,3,6": -2.0549642347563233,
    "1,2,3,7": -3.7468336518990943,
    "1,2,4,5": -0.8837927307981477,
    "1,2,4,6": -5.997336414126761,
    "1,2,4,7": -12.404147217178844,
    "1,2,5,6": -3.033746868042365,
    "1,2,5,7": -1.9478010458904707,
    "1,2,6,7": -1.301520014129884,
    "1,3,4,5": -0.10132181165460574,
    "1,3,4,6": 0.08215327804604922,
    "1,3,4,7": -2.5074103371741585,
    "1,3,5,6": -2.16841918477225,
    "1,3,5,7": -4.907659358695167,
    "1,3,6,7": 0.21278733649174475,
    "1,4,5,6": -3.6145688442649098,
    "1,4,5,7": -4.554027149919032,
    "1,4,6,7": -0.19316732902739409,
    "1,5,6,7": 0.786198933386446,
    "2,3,4,5": -7.2634070830296835,
    "2,3,4,6": -10.293932607703434,
    "2,3,4,7": -2.5869938973683504,
    "2,3,5,6": -0.9533848154804097,
    "2,3,5,7": -2.5541434478424594,
    "2,3,6,7": -0.775830407647546,
    "2,4,5,6": -3.3738774708221264,
    "2,4,5,7": -2.4858595609067375,
    "2,4,6,7": 0.2445518439401423,
    "2,5,6,7": 0.46947765696818033,
    "3,4,5,6": -1.9655370662387268,
    "3,4,5,7": -4.427646237946904,
    "3,4,6,7": 0.3505786475396313,
    "3,5,6,7": 0.3754604934756405,
    "4,5,6,7": 0.3591027985877432,
    "0,1,2,3,4": -3.635753149413542,
    "0,1,2,3,5": -1.3351812944242734,
    "0,1,2,3,6": -0.015477134509555901,
    "0,1,2,3,7": -0.5796891209436856,
    "0,1,2,4,5": -1.3238091817533917,
    "0,1,2,4,6": -1.4880624522379855,
    "0,1,2,4,7": -16.74659805707346,
    "0,1,2,5,6": -0.42566341488039305,
    "0,1,2,5,7": -6.542988850078705,
    "0,1,2,6,7": 0.1932692933048512,
    "0,1,3,4,5": -0.40897978388665557,
    "0,1,3,4,6": -1.3714623202965934,
    "0,1,3,4,7": -0.9669778845896975,
    "0,1,3,5,6": -1.6937856777051281,
    "0,1,3,5,7": -3.734460540026129,
    "0,1,3,6,7": -0.08170893816148217,
    "0,1,4,5,6": -1.064975240174343,
    "0,1,4,5,7": -4.357396748688698,
    "0,1,4,6,7": 0.6951963406047617,
    "0,1,5,6,7": 0.7756416603382061,
    "0,2,3,4,5": -5.8566820314270265,
    "0,2,3,4,6": -1.461815281091757,
    "0,2,3,4,7": -1.6045587188778763,
    "0,2,3,5,6": 0.026210886466911276,
    "0,2,3,5,7": 0.32761064510576887,
    "0,2,3,6,7": 0.876951033690629,
    "0,2,4,5,6": -13.71247062138299,
    "0,2,4,5,7": -4.477273960481452,
    "0,2,4,6,7": 0.5418435489694673,
    "0,2,5,6,7": 0.9112938135126729,
    "0,3,4,5,6": -0.6435576502470968,
    "0,3,4,5,7": -3.195548691092223,
    "0,3,4,6,7": 0.4357305355760087,
    "0,3,5,6,7": 0.45158550597890257,
    "0,4,5,6,7": 0.5072549037734275,
    "1,2,3,4,5": -5.704133918656408,
    "1,2,3,4,6": 0.42296685264883205,
    "1,2,3,4,7": -5.012091727103781,
    "1,2,3,5,6": -0.518269198370714,
    "1,2,3,5,7": -5.449452419435526,
    "1,2,3,6,7": -0.10944617962798908,
    "1,2,4,5,6": -1.8196520972008288,
    "1,2,4,5,7": -4.967372576288403,
    "1,2,4,6,7": 0.4280981034358775,
    "1,2,5,6,7": 0.5140509546763568,
    "1,3,4,5,6": -2.1969340133594133,
    "1,3,4,5,7": -2.3235249095465673,
    "1,3,4,6,7": -0.42328733118292017,
    "1,3,5,6,7": 0.1982411670550448,
    "1,4,5,6,7": 0.504487673676058,
    "2,3,4,5,6": -0.4436142247228072,
    "2,3,4,5,7": -2.901437066770913,
    "2,3,4,6,7": 0.6268999501365256,
    "2,3,5,6,7": 0.3763408614100613,