{
  "object_name": "Game",
  "data_type": "game",
  "version": "1.4.2.dev29+g3d3c3a7e6.d20260421",
  "created_from": null,
  "description": null,
  "parameters": {},
  "timestamp": "2026-04-21T12:25:56.161821+00:00Z",
  "metadata": {
    "n_players": 8,
    "game_name": "Game_object",
    "normalization_value": -1.1365321881945434,
    "precompute_flag": false,
    "precomputed": true,
    "player_names": null
  },
  "data": {
    "Empty": -1.1365321881945434,
    "0": -7.409885497697543,
    "1": -5.435077037551286,
    "2": 0.4556004765587798,
    "3": -3.6932343844039712,
    "4": -3.6236678715606923,
    "5": -0.7594472316653806,
    "6": -8.550627994260473,
    "7": -13.028788860934526,
    "0,1": -0.6187848004837098,
    "0,2": -6.658204988476226,
    "0,3": -2.9619787988286745,
    "0,4": -2.7558763368154495,
    "0,5": -1.9693394393291506,
    "0,6": -0.49063206830735684,
    "0,7": -9.652726452304062,
    "1,2": -4.191158776724305,
    "1,3": -1.4847807526996415,
    "1,4": -3.6924185598553034,
    "1,5": -2.3775842757673296,
    "1,6": -2.011123813489266,
    "1,7": -4.551644706588671,
    "2,3": -0.7077601648004423,
    "2,4": -1.6271877765982947,
    "2,5": -8.947758519194586,
    "2,6": -0.484461120795445,
    "2,7": -5.253904758904255,
    "3,4": -2.3886847236244444,
    "3,5": -2.726460694276527,
    "3,6": -0.7061177873027813,
    "3,7": -1.6896312678704333,
    "4,5": -3.282377818658901,
    "4,6": -1.2947749019492032,
    "4,7": -2.6242423451746677,
    "5,6": -1.246595523789019,
    "5,7": -3.079162264749831,
    "6,7": 0.11108180055194306,
    "0,1,2": 0.3129823737149955,
    "0,1,3": -1.8513342142974754,
    "0,1,4": -1.4618931839776415,
    "0,1,5": -5.355267869922732,
    "0,1,6": -3.2772313169296394,
    "0,1,7": -16.127158710833083,
    "0,2,3": -1.030361297530236,
    "0,2,4": -3.679064526235993,
    "0,2,5": -0.2758822638304701,
    "0,2,6": -0.4985667897815069,
    "0,2,7": -0.6179225976839022,
    "0,3,4": -5.101841853578989,
    "0,3,5": -2.5047569833889347,
    "0,3,6": -0.9942054628808785,
    "0,3,7": -7.250393076465214,
    "0,4,5": -7.480304176157574,
    "0,4,6": -1.211962554325373,
    "0,4,7": -7.9527576846052455,
    "0,5,6": -4.12865261579991,
    "0,5,7": -3.974520857475639,
    "0,6,7": 0.7668413460610768,
    "1,2,3": -4.2188356433106655,
    "1,2,4": -3.278664618319934,
    "1,2,5": -8.228130899080504,
    "1,2,6": -5.058555522938591,
    "1,2,7": -7.352183111047038,
    "1,3,4": -2.2283849900657873,
    "1,3,5": -3.9027855170814396,
    "1,3,6": -2.1243824309387946,
    "1,3,7": -1.2378916973268366,
    "1,4,5": -2.066688279996384,
    "1,4,6": -2.6843999908700313,
    "1,4,7": -5.864069177327817,
    "1,5,6": -3.1930336562164516,
    "1,5,7": -3.065696334134878,
    "1,6,7": 0.49952740980090304,
    "2,3,4": -2.966246220037356,
    "2,3,5": -7.386373494019669,
    "2,3,6": -0.14365897793721172,
    "2,3,7": -3.418573802727873,
    "2,4,5": -1.8251272419562792,
    "2,4,6": -0.6063447000639537,
    "2,4,7": -2.901144552458201,
    "2,5,6": -4.0581654839221875,
    "2,5,7": -2.556437977224524,
    "2,6,7": 0.1665952399785825,
    "3,4,5": -5.491090634652026,
    "3,4,6": -1.449942052801927,
    "3,4,7": -7.7079969926256915,
    "3,5,6": -8.379051329916908,
    "3,5,7": -9.689453072223174,
    "3,6,7": -0.49668798013338256,
    "4,5,6": -4.675462008770292,
    "4,5,7": -2.7120329072849536,
    "4,6,7": -0.022656953224144072,
    "5,6,7": 0.2036616697466601,
    "0,1,2,3": -4.632853036356414,
    "0,1,2,4": -1.24900913958643,
    "0,1,2,5": -1.6136758932210498,
    "0,1,2,6": -3.275692253450776,
    "0,1,2,7": -2.1059435857881503,
    "0,1,3,4": -1.3423157204627065,
    "0,1,3,5": -3.698526268812455,
    "0,1,3,6": -0.14933381450526984,
    "0,1,3,7": -5.289365185690641,
    "0,1,4,5": -5.682160542209171,
    "0,1,4,6": -3.872651194792474,
    "0,1,4,7": -1.482543670386982,
    "0,1,5,6": -0.35432811153856125,
    "0,1,5,7": -3.427629769097819,
    "0,1,6,7": 0.42655862280308776,
    "0,2,3,4": -0.9104193106576159,
    "0,2,3,5": -1.4567989220074185,
    "0,2,3,6": -0.8583993386119719,
    "0,2,3,7": -3.8016343837383237,
    "0,2,4,5": -5.991904121344427,
    "0,2,4,6": -0.6217165896902965,
    "0,2,4,7": -0.8459883586017178,
    "0,2,5,6": -2.760534347169591,
    "0,2,5,7": -2.8931843617121022,
    "0,2,6,7": -0.09508687345798439,
    "0,3,4,5": -5.56488843548006,
    "0,3,4,6": -2.7257987338217444,
    "0,3,4,7": -1.8428671829756094,
    "0,3,5,6": -3.0179442582364384,
    "0,3,5,7": -3.274671516601331,
    "0,3,6,7": 0.6760149797995649,
    "0,4,5,6": -2.4246308791660307,
    "0,4,5,7": -17.231621860352043,
    "0,4,6,7": 0.6364471181064169,
    "0,5,6,7": 0.854427203030206,
    "1,2,3,4": -1.598743819774311,
    "1,2,3,5": -4.94609206107632,
    "1,2,3,6": -0.7494772403642207,
    "1,2,3,7": -2.0431755250643393,
    "1,2,4,5": -4.015704552237422,
    "1,2,4,6": -11.474053905047949,
    "1,2,4,7": -6.513666442887262,
    "1,2,5,6": -0.2013691502588253,
    "1,2,5,7": -0.45311316851843375,
    "1,2,6,7": -0.6253088966344955,
    "1,3,4,5": -1.3267623370252144,
    "1,3,4,6": -0.7281977679483858,
    "1,3,4,7": -2.1841795447326096,
    "1,3,5,6": -1.7522115034641126,
    "1,3,5,7": -9.945656635969673,
    "1,3,6,7": -0.7116753984684734,
    "1,4,5,6": -8.02024830042747,
    "1,4,5,7": -4.814127248265684,
    "1,4,6,7": 0.38416795432784934,
    "1,5,6,7": -0.2994468572114035,
    "2,3,4,5": -6.096061032456561,
    "2,3,4,6": 0.20190738026639676,
    "2,3,4,7": -2.329003278645064,
    "2,3,5,6": -7.504907962002511,
    "2,3,5,7": -9.266276711321785,
    "2,3,6,7": 0.6490722686107241,
    "2,4,5,6": -0.5808515953799374,
    "2,4,5,7": -3.071865741168823,
    "2,4,6,7": -0.22254267392322924,
    "2,5,6,7": 0.38765800964456787,
    "3,4,5,6": -2.7473327676152905,
    "3,4,5,7": -1.996783334861262,
    "3,4,6,7": 0.1333563885354827,
    "3,5,6,7": -0.24973104178773942,
    "4,5,6,7": -4.352477102545405,
    "0,1,2,3,4": -1.4291571423728016,
    "0,1,2,3,5": -1.9955376343119005,
    "0,1,2,3,6": 0.5501317903267898,
    "0,1,2,3,7": -1.5096680765647235,
    "0,1,2,4,5": -1.3784488603510852,
    "0,1,2,4,6": -1.4446000391808482,
    "0,1,2,4,7": -2.3099432768955483,
    "0,1,2,5,6": -0.852549087838355,
    "0,1,2,5,7": -1.156966757782151,
    "0,1,2,6,7": 0.9493735466493546,
    "0,1,3,4,5": -2.041500350079759,
    "0,1,3,4,6": -9.724111508609045,
    "0,1,3,4,7": -1.6513649318452623,
    "0,1,3,5,6": -12.046780312044405,
    "0,1,3,5,7": 0.08590450355024581,
    "0,1,3,6,7": 0.6752266739000152,
    "0,1,4,5,6": -6.099492840172437,
    "0,1,4,5,7": -0.3617826529398096,
    "0,1,4,6,7": 0.4783877959792807,
    "0,1,5,6,7": 0.7181141186627524,
    "0,2,3,4,5": -2.6634329749546524,
    "0,2,3,4,6": -0.2516120067811807,
    "0,2,3,4,7": -1.9712404929141432,
    "0,2,3,5,6": -0.42815264504068584,
    "0,2,3,5,7": -3.273736616728482,
    "0,2,3,6,7": 0.31345914700206856,
    "0,2,4,5,6": -2.1073986373283877,
    "0,2,4,5,7": -1.3078824095523145,
    "0,2,4,6,7": 0.8627714894093219,
    "0,2,5,6,7": 0.5687571501738471,
    "0,3,4,5,6": -3.4701199592683407,
    "0,3,4,5,7": -4.801586543513422,
    "0,3,4,6,7": 0.41435644064866806,
    "0,3,5,6,7": 0.9479307543099093,
    "0,4,5,6,7": 0.12732810502141756,
    "1,2,3,4,5": -0.8231783061360658,
    "1,2,3,4,6": -2.255643636772918,
    "1,2,3,4,7": -1.5357950857309755,
    "1,2,3,5,6": -1.6312850848488822,
    "1,2,3,5,7": -0.040483077710434356,
    "1,2,3,6,7": -0.864231857951095,
    "1,2,4,5,6": -2.1497284732817326,
    "1,2,4,5,7": -5.6099208756803804,
    "1,2,4,6,7": 0.16177426495875402,
    "1,2,5,6,7": 0.25696527634020516,
    "1,3,4,5,6": 0.1816417260367117,
    "1,3,4,5,7": -3.693563403009936,
    "1,3,4,6,7": -1.1119063176568549,
    "1,3,5,6,7": 0.12047740722637479,
    "1,4,5,6,7": 0.5767003006511816,
    "2,3,4,5,6": -9.892736808189712,
    "2,3,4,5,7": -5.057304062246131,
    "2,3,4,6,7": 0.20372492592914027,
    "2,3,5,6,7": 0.49422839718653544,