{
  "object_name": "Game",
  "data_type": "game",
  "version": "1.4.2.dev29+g3d3c3a7e6.d20260421",
  "created_from": null,
  "description": null,
  "parameters": {},
  "timestamp": "2026-04-21T12:25:56.152899+00:00Z",
  "metadata": {
    "n_players": 8,
    "game_name": "Game_object",
    "normalization_value": -4.98877993860096,
    "precompute_flag": false,
    "precomputed": true,
    "player_names": null
  },
  "data": {
    "Empty": -4.98877993860096,
    "0": -4.0316849827473575,
    "1": -5.805306104343241,
    "2": -0.5351132345595009,
    "3": -3.4302191426935913,
    "4": -4.280517663003381,
    "5": -7.086334700057872,
    "6": -6.9383539040442495,
    "7": -1.7200496354946155,
    "0,1": -3.579050544952457,
    "0,2": -2.070258212650495,
    "0,3": -10.987350985385824,
    "0,4": -3.2565067846955253,
    "0,5": -1.0784750133861873,
    "0,6": -2.3534331005288087,
    "0,7": -0.4175112110988495,
    "1,2": -0.8336192688695683,
    "1,3": -13.614454423248844,
    "1,4": -1.889405974742814,
    "1,5": -4.83763938140116,
    "1,6": -3.1640655973980616,
    "1,7": -1.8782531687014243,
    "2,3": -6.993286138267997,
    "2,4": -5.908753033981718,
    "2,5": -1.048730932510749,
    "2,6": -2.2862499011781323,
    "2,7": -0.2958483760736952,
    "3,4": -4.235866965074657,
    "3,5": -5.076225587065738,
    "3,6": -0.852939152514161,
    "3,7": -2.4347875927004123,
    "4,5": -6.071937339767429,
    "4,6": -2.7840671531150547,
    "4,7": -2.880542984748565,
    "5,6": -1.75191950195094,
    "5,7": -8.26601555875454,
    "6,7": -0.19269163031201053,
    "0,1,2": -2.604983848348751,
    "0,1,3": -2.654458555651855,
    "0,1,4": -0.7386021934214959,
    "0,1,5": -5.280302947719409,
    "0,1,6": -16.387908582641806,
    "0,1,7": -3.619078238936261,
    "0,2,3": -2.2306610887405185,
    "0,2,4": -14.081959773859412,
    "0,2,5": -2.670089506603662,
    "0,2,6": -4.396474738742908,
    "0,2,7": -8.050428164674672,
    "0,3,4": -3.4297662224400325,
    "0,3,5": -1.7840674603367597,
    "0,3,6": -1.9035250562972834,
    "0,3,7": -1.9757931986863424,
    "0,4,5": -0.45963177381158826,
    "0,4,6": -0.7507646982303127,
    "0,4,7": -2.8891931708458616,
    "0,5,6": -2.867440030565826,
    "0,5,7": -14.481283459413707,
    "0,6,7": 0.7641435088110788,
    "1,2,3": -6.917039155835621,
    "1,2,4": -1.6121138079065398,
    "1,2,5": -3.4347702078057702,
    "1,2,6": -5.789382619933479,
    "1,2,7": -0.9772510448437359,
    "1,3,4": -3.140185175780128,
    "1,3,5": -6.367091929137028,
    "1,3,6": -7.088317535926899,
    "1,3,7": -1.8309920204860943,
    "1,4,5": -7.805751674237641,
    "1,4,6": -1.2673235703202659,
    "1,4,7": -4.589417596676631,
    "1,5,6": -3.1122097401837117,
    "1,5,7": -3.344747222049108,
    "1,6,7": 0.1160029541551495,
    "2,3,4": -13.950716688467285,
    "2,3,5": -2.7515970829563448,
    "2,3,6": -2.924677140872642,
    "2,3,7": -1.6603034596313564,
    "2,4,5": -5.615990435512296,
    "2,4,6": -2.0189109114266395,
    "2,4,7": -6.120171528273759,
    "2,5,6": -1.0111317230116494,
    "2,5,7": -3.6081986474379937,
    "2,6,7": -0.43964553975123444,
    "3,4,5": -0.300088041977578,
    "3,4,6": -2.5103816863387967,
    "3,4,7": -6.603700962310535,
    "3,5,6": -1.8711344195680661,
    "3,5,7": -5.575871881338331,
    "3,6,7": -0.06618162100864033,
    "4,5,6": -3.4626966726296535,
    "4,5,7": -7.15055782657082,
    "4,6,7": -0.410824947938621,
    "5,6,7": -0.3803310242641478,
    "0,1,2,3": -3.0590402741037037,
    "0,1,2,4": -3.9255541403553327,
    "0,1,2,5": -1.661251319780991,
    "0,1,2,6": -2.101477781890649,
    "0,1,2,7": 0.34257343171679766,
    "0,1,3,4": -5.574414505506606,
    "0,1,3,5": -0.4377112933507403,
    "0,1,3,6": -1.004133133505579,
    "0,1,3,7": -0.42941283241654915,
    "0,1,4,5": -2.849911683153518,
    "0,1,4,6": -5.498727483183209,
    "0,1,4,7": -4.063677747282434,
    "0,1,5,6": -1.3202864798799392,
    "0,1,5,7": -0.44681288833536903,
    "0,1,6,7": 0.7935990287834545,
    "0,2,3,4": -1.9666155285339366,
    "0,2,3,5": -5.787496599128821,
    "0,2,3,6": 0.13671985206787296,
    "0,2,3,7": -5.770396925661086,
    "0,2,4,5": -3.8344771032244953,
    "0,2,4,6": -6.21750067296959,
    "0,2,4,7": -2.4032522139145334,
    "0,2,5,6": -0.3938011714235925,
    "0,2,5,7": -4.876468964790482,
    "0,2,6,7": 0.6752078665018921,
    "0,3,4,5": -3.4511630679283014,
    "0,3,4,6": -4.463334558987588,
    "0,3,4,7": -4.6681274142114315,
    "0,3,5,6": -0.2177687497327796,
    "0,3,5,7": -3.105947655848751,
    "0,3,6,7": 0.21214533784056522,
    "0,4,5,6": -5.02116186618177,
    "0,4,5,7": -2.53953848707753,
    "0,4,6,7": 0.8554663669663715,
    "0,5,6,7": 0.7912282579804216,
    "1,2,3,4": -5.250370803109322,
    "1,2,3,5": -4.698732716088518,
    "1,2,3,6": -3.25863363330724,
    "1,2,3,7": -9.962149284929964,
    "1,2,4,5": -2.06260629975328,
    "1,2,4,6": -2.261171100397979,
    "1,2,4,7": -2.3392508140150157,
    "1,2,5,6": -9.858888478495334,
    "1,2,5,7": -5.740047960310064,
    "1,2,6,7": 0.3740004348226995,
    "1,3,4,5": -8.435132476506991,
    "1,3,4,6": -3.8149696260158112,
    "1,3,4,7": -4.442633849107523,
    "1,3,5,6": -1.9674154184131387,
    "1,3,5,7": -3.9963633463244665,
    "1,3,6,7": 0.5919620858157897,
    "1,4,5,6": -3.0811947138954174,
    "1,4,5,7": -1.7805158927014197,
    "1,4,6,7": -0.2367857148577832,
    "1,5,6,7": -1.1046888873283738,
    "2,3,4,5": -3.9813080103984424,
    "2,3,4,6": -1.7625285559301385,
    "2,3,4,7": -17.01259603820371,
    "2,3,5,6": -0.3972653445651464,
    "2,3,5,7": -3.7269322458426792,
    "2,3,6,7": 0.22613103232469844,
    "2,4,5,6": -0.9497889040964342,
    "2,4,5,7": -1.9269764118398691,
    "2,4,6,7": -0.3796542384849617,
    "2,5,6,7": 0.15748697235492393,
    "3,4,5,6": -3.4393410159186732,
    "3,4,5,7": -1.0245002664748881,
    "3,4,6,7": 0.7069852049441185,
    "3,5,6,7": -0.11181134966863482,
    "4,5,6,7": -0.18237745133226202,
    "0,1,2,3,4": -2.00122070844874,
    "0,1,2,3,5": -2.5555574000375647,
    "0,1,2,3,6": -2.1568826336223497,
    "0,1,2,3,7": -9.235598867872786,
    "0,1,2,4,5": -1.4873294429836297,
    "0,1,2,4,6": -2.86010352439803,
    "0,1,2,4,7": -0.9463521410886706,
    "0,1,2,5,6": -0.875267086793877,
    "0,1,2,5,7": -0.873885767655386,
    "0,1,2,6,7": 0.629673043812776,
    "0,1,3,4,5": -1.5872492769055664,
    "0,1,3,4,6": 0.22849503161397533,
    "0,1,3,4,7": -2.2158709463881068,
    "0,1,3,5,6": -10.804854490449534,
    "0,1,3,5,7": -1.8147662416998203,
    "0,1,3,6,7": 0.8468408875259936,
    "0,1,4,5,6": -1.6750429927422799,
    "0,1,4,5,7": -2.1479001446326054,
    "0,1,4,6,7": 0.6057787421389629,
    "0,1,5,6,7": 0.9470065087578261,
    "0,2,3,4,5": -1.7375055717436378,
    "0,2,3,4,6": -0.5071575269965165,
    "0,2,3,4,7": -5.773347211492198,
    "0,2,3,5,6": -0.0211129097148961,
    "0,2,3,5,7": -1.2649321679045786,
    "0,2,3,6,7": 0.87976094935426,
    "0,2,4,5,6": -1.3890652657808737,
    "0,2,4,5,7": -2.809614098951966,
    "0,2,4,6,7": 0.6530850411120819,
    "0,2,5,6,7": 0.9083092305951801,
    "0,3,4,5,6": -1.9816987137603377,
    "0,3,4,5,7": -2.6960986245734224,
    "0,3,4,6,7": 0.570023924051233,
    "0,3,5,6,7": 0.6396627055239968,
    "0,4,5,6,7": 0.25617857831270785,
    "1,2,3,4,5": -1.4200092374844835,
    "1,2,3,4,6": -7.098805190733984,
    "1,2,3,4,7": -1.7083172334766807,
    "1,2,3,5,6": -1.2293070257908454,
    "1,2,3,5,7": -3.898767340752121,
    "1,2,3,6,7": -0.4997282904207019,
    "1,2,4,5,6": -3.9215709742788984,
    "1,2,4,5,7": -3.033493222929774,
    "1,2,4,6,7": 0.6671007487968503,
    "1,2,5,6,7": 0.5484045422905626,
    "1,3,4,5,6": -4.941988846286532,
    "1,3,4,5,7": -0.7388493867560673,
    "1,3,4,6,7": 0.14723423832414884,
    "1,3,5,6,7": 0.5488644127778539,
    "1,4,5,6,7": -0.49250303268821605,
    "2,3,4,5,6": -1.7560018924810263,
    "2,3,4,5,7": -2.7743373483570237,
    "2,3,4,6,7": 0.2718349276091421,
    "2,3,5,6,7": -0.13452362955509845,