{
  "object_name": "Game",
  "data_type": "game",
  "version": "1.4.2.dev29+g3d3c3a7e6.d20260421",
  "created_from": null,
  "description": null,
  "parameters": {},
  "timestamp": "2026-04-21T12:25:56.058157+00:00Z",
  "metadata": {
    "n_players": 8,
    "game_name": "Game_object",
    "normalization_value": -3.0171253215635003,
    "precompute_flag": false,
    "precomputed": true,
    "player_names": null
  },
  "data": {
    "Empty": -3.0171253215635003,
    "0": -0.6007338979334347,
    "1": -0.8652919451032932,
    "2": -3.343697934206947,
    "3": -1.1135841995561835,
    "4": -2.6238731138541773,
    "5": -3.7273349904168196,
    "6": -0.055748588705923474,
    "7": -1.9713930024658635,
    "0,1": -1.496806883461768,
    "0,2": 0.4638326564573887,
    "0,3": -1.234488760744247,
    "0,4": -0.5582011382122234,
    "0,5": -1.6144090961252324,
    "0,6": -1.1859003082735997,
    "0,7": -0.06169234764789744,
    "1,2": 0.3811753374690413,
    "1,3": -3.238448585272808,
    "1,4": -3.7972675812483745,
    "1,5": -1.8283087718877642,
    "1,6": -0.48517580339480415,
    "1,7": -3.7628219991454657,
    "2,3": -0.6534075940378317,
    "2,4": -0.6477665481613799,
    "2,5": -1.4115109161164687,
    "2,6": -4.9364649924223025,
    "2,7": 0.12073112740830305,
    "3,4": -3.21491177288162,
    "3,5": -1.7749903353465561,
    "3,6": -1.1563147362863617,
    "3,7": -1.5166422446024512,
    "4,5": -1.5197992316539373,
    "4,6": -0.5793417560214289,
    "4,7": -2.19374114363443,
    "5,6": -0.6993108474890444,
    "5,7": -2.545685490846786,
    "6,7": -1.1807457146659175,
    "0,1,2": -0.011915622571374795,
    "0,1,3": 0.05240624453782072,
    "0,1,4": 0.3274584922850581,
    "0,1,5": 0.2933130301277139,
    "0,1,6": -12.687460856772693,
    "0,1,7": -2.1051928466724052,
    "0,2,3": -0.8738942321064631,
    "0,2,4": -0.4496266107051212,
    "0,2,5": 0.5194819826076823,
    "0,2,6": -0.20162069633739121,
    "0,2,7": 0.5206155385510134,
    "0,3,4": -5.352920258404177,
    "0,3,5": -0.29243797345757394,
    "0,3,6": -4.727693046014511,
    "0,3,7": 0.676263167477988,
    "0,4,5": -0.15181835459866022,
    "0,4,6": 0.1252293646058421,
    "0,4,7": -0.19241398506653518,
    "0,5,6": -1.9586338136941577,
    "0,5,7": -5.552848266749361,
    "0,6,7": 0.4000725539675717,
    "1,2,3": -2.420955596395277,
    "1,2,4": -0.03012484777971136,
    "1,2,5": -0.4325909344954664,
    "1,2,6": -0.12512125526163298,
    "1,2,7": -0.5057550648159614,
    "1,3,4": -0.8074471829689789,
    "1,3,5": -1.2436461629479334,
    "1,3,6": -1.006843531823709,
    "1,3,7": -5.531336507023641,
    "1,4,5": -1.11133165541781,
    "1,4,6": -0.7550198247041799,
    "1,4,7": -0.12393842924463327,
    "1,5,6": -1.7172920913361738,
    "1,5,7": -1.9172202282870434,
    "1,6,7": 0.12744965599751923,
    "2,3,4": -2.0708258228637715,
    "2,3,5": -3.438182901134155,
    "2,3,6": -2.896453030558174,
    "2,3,7": -1.0836342129261327,
    "2,4,5": -1.583624741060604,
    "2,4,6": -1.0571974079331121,
    "2,4,7": -1.0113590230176586,
    "2,5,6": -2.113771208769116,
    "2,5,7": 0.03638779800330072,
    "2,6,7": 0.004292428932267445,
    "3,4,5": -0.708673809248276,
    "3,4,6": -2.226380353368633,
    "3,4,7": -0.2605443978479032,
    "3,5,6": -0.4340919189146528,
    "3,5,7": -0.49847085420737636,
    "3,6,7": -2.2615547129158515,
    "4,5,6": -0.4744277447132106,
    "4,5,7": -0.305891350275701,
    "4,6,7": -3.884446029196292,
    "5,6,7": -0.7741599726199031,
    "0,1,2,3": 0.06482428739510304,
    "0,1,2,4": -0.21753198702498255,
    "0,1,2,5": -0.1755334623447089,
    "0,1,2,6": -0.25557600218005727,
    "0,1,2,7": -0.1039467220863477,
    "0,1,3,4": -0.8753746345028852,
    "0,1,3,5": 0.623320715261135,
    "0,1,3,6": 0.12703231719984076,
    "0,1,3,7": -0.700700160858716,
    "0,1,4,5": 0.34999557888812494,
    "0,1,4,6": -0.11777657346237436,
    "0,1,4,7": -0.24055717717643654,
    "0,1,5,6": 0.5984075717718119,
    "0,1,5,7": -3.933333790547538,
    "0,1,6,7": 0.8593098648513122,
    "0,2,3,4": -1.206348472527699,
    "0,2,3,5": -0.06416147838355735,
    "0,2,3,6": -2.392924826057108,
    "0,2,3,7": -0.12236129924864048,
    "0,2,4,5": 0.2798087250758955,
    "0,2,4,6": -1.0015603203212011,
    "0,2,4,7": -0.842583372337093,
    "0,2,5,6": 0.8776749147026441,
    "0,2,5,7": -1.086193210203584,
    "0,2,6,7": -0.9588843413330728,
    "0,3,4,5": 0.2864709509308414,
    "0,3,4,6": -0.7090647076561969,
    "0,3,4,7": 0.1335623164677755,
    "0,3,5,6": -1.6951198268108216,
    "0,3,5,7": 0.45648894127147,
    "0,3,6,7": 0.5003886563395544,
    "0,4,5,6": -2.354165984356323,
    "0,4,5,7": -0.04765668782436028,
    "0,4,6,7": -0.0033481191215603,
    "0,5,6,7": -1.0902041783498668,
    "1,2,3,4": -0.4063861563012965,
    "1,2,3,5": -0.8570839075660168,
    "1,2,3,6": -1.3524415820350204,
    "1,2,3,7": -2.4585959867995384,
    "1,2,4,5": -0.7362769447481636,
    "1,2,4,6": -3.127329912907861,
    "1,2,4,7": 0.40664736237751575,
    "1,2,5,6": -1.1021676861556284,
    "1,2,5,7": -0.027228182249201094,
    "1,2,6,7": -2.4616480977965534,
    "1,3,4,5": -10.385106824351153,
    "1,3,4,6": -2.86860835966945,
    "1,3,4,7": -9.981339225767245,
    "1,3,5,6": -0.9373289772391931,
    "1,3,5,7": 0.07024047586258708,
    "1,3,6,7": -0.7011361797940932,
    "1,4,5,6": -0.24935636609152168,
    "1,4,5,7": -1.6725044361375216,
    "1,4,6,7": 0.9014692552172214,
    "1,5,6,7": -1.793650803554391,
    "2,3,4,5": -1.9775750496167759,
    "2,3,4,6": -0.03147005869015418,
    "2,3,4,7": -1.0662395454577709,
    "2,3,5,6": -0.7067362699057549,
    "2,3,5,7": 0.08522731386749005,
    "2,3,6,7": -1.209888310977584,
    "2,4,5,6": -2.3756766428432603,
    "2,4,5,7": -0.4693525700176886,
    "2,4,6,7": 0.06721864002920064,
    "2,5,6,7": 0.6654736477778174,
    "3,4,5,6": -3.250777630064391,
    "3,4,5,7": -0.20676068736187259,
    "3,4,6,7": 0.45165304400431916,
    "3,5,6,7": 0.272432432040589,
    "4,5,6,7": -1.7682041597821039,
    "0,1,2,3,4": -1.3228401144124868,
    "0,1,2,3,5": 0.3257852660663382,
    "0,1,2,3,6": -0.03756245432240379,
    "0,1,2,3,7": 0.24480331755711604,
    "0,1,2,4,5": 0.038145923554019245,
    "0,1,2,4,6": 0.06271285052322917,
    "0,1,2,4,7": -1.0556959990774915,
    "0,1,2,5,6": 0.019170932007967822,
    "0,1,2,5,7": -0.04762555589153239,
    "0,1,2,6,7": 0.3431113919750026,
    "0,1,3,4,5": -1.1538451313408107,
    "0,1,3,4,6": -0.6758799568164602,
    "0,1,3,4,7": 0.5219361474870465,
    "0,1,3,5,6": -0.9300966665889825,
    "0,1,3,5,7": 0.7088551892406982,
    "0,1,3,6,7": 0.7800740206884128,
    "0,1,4,5,6": -0.1787949814641241,
    "0,1,4,5,7": -0.0020865595088528366,
    "0,1,4,6,7": 0.6091224847975203,
    "0,1,5,6,7": 0.9233433189640217,
    "0,2,3,4,5": 0.5065827063894607,
    "0,2,3,4,6": -1.6048940926135802,
    "0,2,3,4,7": 0.09174868123625257,
    "0,2,3,5,6": 0.4735537665526791,
    "0,2,3,5,7": 0.9428278473758064,
    "0,2,3,6,7": 0.8510744047207667,
    "0,2,4,5,6": 0.2051141749040949,
    "0,2,4,5,7": -8.505039699727197,
    "0,2,4,6,7": 0.3295884586481138,
    "0,2,5,6,7": 0.8151234620254568,
    "0,3,4,5,6": 0.23061934268679563,
    "0,3,4,5,7": 0.2495448005423908,
    "0,3,4,6,7": 0.8374225653736896,
    "0,3,5,6,7": 0.9268585936547784,
    "0,4,5,6,7": 0.8714271115991156,
    "1,2,3,4,5": -1.3450002727974049,
    "1,2,3,4,6": -1.9726760309820328,
    "1,2,3,4,7": -1.4441090802031122,
    "1,2,3,5,6": -0.7309127130611872,
    "1,2,3,5,7": -3.84584806059289,
    "1,2,3,6,7": 0.27131067278880117,
    "1,2,4,5,6": -2.4524798578822846,
    "1,2,4,5,7": -0.9096596638639289,
    "1,2,4,6,7": -1.5485074820655291,
    "1,2,5,6,7": -0.027010102788079582,
    "1,3,4,5,6": 0.44216894747973534,
    "1,3,4,5,7": 0.5970545229524922,
    "1,3,4,6,7": 0.1569096934137082,
    "1,3,5,6,7": 0.7558056261246949,
    "1,4,5,6,7": -0.7868130572746519,
    "2,3,4,5,6": -1.046408683082483,
    "2,3,4,5,7": -3.625781065249397,
    "2,3,4,6,7": -0.10656308791006275,