{
  "object_name": "Game",
  "data_type": "game",
  "version": "1.4.2.dev29+g3d3c3a7e6.d20260421",
  "created_from": null,
  "description": null,
  "parameters": {},
  "timestamp": "2026-04-21T12:25:56.086316+00:00Z",
  "metadata": {
    "n_players": 8,
    "game_name": "Game_object",
    "normalization_value": -3.329303296136503,
    "precompute_flag": false,
    "precomputed": true,
    "player_names": null
  },
  "data": {
    "Empty": -3.329303296136503,
    "0": -0.686226987572097,
    "1": -2.508110636923215,
    "2": -8.068430805986047,
    "3": -1.1422233274179145,
    "4": -3.434723841204666,
    "5": -1.021298970134783,
    "6": -1.2108268149854169,
    "7": -12.15850453044619,
    "0,1": -1.626319065109468,
    "0,2": -1.0185661422145569,
    "0,3": -3.0483251028573033,
    "0,4": -2.6551358986803417,
    "0,5": -0.9969176107085338,
    "0,6": -0.9075905626684586,
    "0,7": -2.59135549730103,
    "1,2": -5.503040607301356,
    "1,3": -0.08637286473652495,
    "1,4": -15.24135724984573,
    "1,5": -1.5597822731965456,
    "1,6": -5.039960175637506,
    "1,7": -0.19555859781105123,
    "2,3": 0.37367389835064013,
    "2,4": -1.2032775250652148,
    "2,5": -1.63087196954818,
    "2,6": 0.4519656247258831,
    "2,7": -2.7118550309879033,
    "3,4": -5.236519153523015,
    "3,5": -1.5849750113214967,
    "3,6": 0.04343011780267125,
    "3,7": -2.8130252641428286,
    "4,5": -0.2025888627863568,
    "4,6": -1.7592702526799022,
    "4,7": -1.6529360060964682,
    "5,6": -7.702061686860748,
    "5,7": -12.20336969265629,
    "6,7": -0.7636897019367825,
    "0,1,2": -4.866475832004015,
    "0,1,3": -0.7459656136886599,
    "0,1,4": -2.254215630997453,
    "0,1,5": 0.0112457505463337,
    "0,1,6": -2.006518798279166,
    "0,1,7": -1.7423010222518975,
    "0,2,3": -1.6240458620773341,
    "0,2,4": -1.1191225033469645,
    "0,2,5": -2.4552191353356654,
    "0,2,6": -0.5727937666618539,
    "0,2,7": -0.4432819267778487,
    "0,3,4": -1.9603070077447344,
    "0,3,5": -2.660026386770468,
    "0,3,6": 0.16460324627643486,
    "0,3,7": -1.9706146715021982,
    "0,4,5": -1.0957290890393248,
    "0,4,6": -6.093114117594812,
    "0,4,7": -1.7092985815985053,
    "0,5,6": -0.9372751875804082,
    "0,5,7": -3.561312288659681,
    "0,6,7": 0.6908941893486844,
    "1,2,3": -0.31572179843666137,
    "1,2,4": -0.6455358120481463,
    "1,2,5": -4.468346438743357,
    "1,2,6": -1.7010319926600728,
    "1,2,7": -3.324793623176018,
    "1,3,4": -4.548601083970097,
    "1,3,5": -12.125138841631415,
    "1,3,6": -1.8757707440286802,
    "1,3,7": -3.3266653185065582,
    "1,4,5": -0.42147800740526975,
    "1,4,6": -0.8792722747688944,
    "1,4,7": -3.804794184601473,
    "1,5,6": -2.3889516314773847,
    "1,5,7": 0.19121956785400762,
    "1,6,7": -0.0501548610371616,
    "2,3,4": -0.8376023636117622,
    "2,3,5": -3.1744772616550057,
    "2,3,6": -0.9743416451712721,
    "2,3,7": -4.901838002506793,
    "2,4,5": -6.754200076884148,
    "2,4,6": -0.5800944039621274,
    "2,4,7": -0.6500162806887162,
    "2,5,6": -1.7834691051201386,
    "2,5,7": -1.6653091467413312,
    "2,6,7": -0.8045306788225217,
    "3,4,5": -2.6255326991899115,
    "3,4,6": -1.3208002104984362,
    "3,4,7": -0.7614931013366486,
    "3,5,6": -1.2639749026269107,
    "3,5,7": -2.0547237682041932,
    "3,6,7": 0.212406381498635,
    "4,5,6": -2.0421514012227204,
    "4,5,7": -30.519649240961396,
    "4,6,7": -1.186073657597201,
    "5,6,7": 0.6959758432120668,
    "0,1,2,3": -0.8039052511701852,
    "0,1,2,4": -3.825980886547966,
    "0,1,2,5": -7.158952157137888,
    "0,1,2,6": -3.213087636589229,
    "0,1,2,7": -9.772090214514499,
    "0,1,3,4": -1.4222465332933814,
    "0,1,3,5": -1.4843982427383544,
    "0,1,3,6": -5.682787855245354,
    "0,1,3,7": -1.4793209189394219,
    "0,1,4,5": -0.6504901834643211,
    "0,1,4,6": -0.8346725387369682,
    "0,1,4,7": -4.036774951558949,
    "0,1,5,6": -0.6302243407435704,
    "0,1,5,7": -9.393154181467319,
    "0,1,6,7": 0.4376576929931554,
    "0,2,3,4": -4.103181853264404,
    "0,2,3,5": -9.259870996732172,
    "0,2,3,6": -3.4124821153022795,
    "0,2,3,7": -5.7488041014723485,
    "0,2,4,5": -3.1793997722312772,
    "0,2,4,6": -2.8719977966985453,
    "0,2,4,7": 0.727144495393989,
    "0,2,5,6": -3.6356172794604076,
    "0,2,5,7": -0.23869800264017438,
    "0,2,6,7": 0.7570981149632781,
    "0,3,4,5": -0.01724712075289614,
    "0,3,4,6": -0.9573192988095842,
    "0,3,4,7": -10.449525095354954,
    "0,3,5,6": -1.6761035236827366,
    "0,3,5,7": -6.967771030883203,
    "0,3,6,7": 0.5015281668565155,
    "0,4,5,6": -0.35911419605514827,
    "0,4,5,7": -1.042721694387486,
    "0,4,6,7": 0.7657829978652022,
    "0,5,6,7": 0.903161645224109,
    "1,2,3,4": -4.03259074862291,
    "1,2,3,5": -0.24605521883405324,
    "1,2,3,6": -3.4885268956677935,
    "1,2,3,7": -3.413490596018698,
    "1,2,4,5": -3.169600971661353,
    "1,2,4,6": -0.9945107882226298,
    "1,2,4,7": 0.3184283109220244,
    "1,2,5,6": -4.490541520418381,
    "1,2,5,7": -0.4546074615194393,
    "1,2,6,7": 0.3581017618536114,
    "1,3,4,5": -2.0363232765626287,
    "1,3,4,6": -9.745003807764027,
    "1,3,4,7": -1.7463411486869322,
    "1,3,5,6": -0.39706904670696175,
    "1,3,5,7": -0.32301420396704406,
    "1,3,6,7": -1.6057534455661728,
    "1,4,5,6": -5.463564081400694,
    "1,4,5,7": -2.053376535619491,
    "1,4,6,7": 0.4614593942925934,
    "1,5,6,7": -0.016245958120668647,
    "2,3,4,5": -0.14968796573020438,
    "2,3,4,6": -3.7422364214234216,
    "2,3,4,7": -0.33358799174739606,
    "2,3,5,6": -1.141700816837024,
    "2,3,5,7": -5.779806367417591,
    "2,3,6,7": 0.49985319731302413,
    "2,4,5,6": -1.5603089460191857,
    "2,4,5,7": -5.450460274706696,
    "2,4,6,7": 0.38343544466641233,
    "2,5,6,7": 0.5598881005881808,
    "3,4,5,6": -2.848559240281887,
    "3,4,5,7": -1.1490706419817025,
    "3,4,6,7": 0.35760574065664996,
    "3,5,6,7": 0.11163223659632426,
    "4,5,6,7": 0.17763525283218407,
    "0,1,2,3,4": -1.243199819435926,
    "0,1,2,3,5": -3.662004797485772,
    "0,1,2,3,6": -1.1922581095639537,
    "0,1,2,3,7": -4.138587529062361,
    "0,1,2,4,5": -1.8338363519799974,
    "0,1,2,4,6": -1.8539883403424828,
    "0,1,2,4,7": -0.9164967374925441,
    "0,1,2,5,6": -1.1378341782760475,
    "0,1,2,5,7": -0.31792336046029734,
    "0,1,2,6,7": 0.4101451245094754,
    "0,1,3,4,5": -26.983125342292713,
    "0,1,3,4,6": 0.24354257379333943,
    "0,1,3,4,7": -1.5302823707693216,
    "0,1,3,5,6": -0.04294783507134148,
    "0,1,3,5,7": -0.18289796944870473,
    "0,1,3,6,7": 0.8784443469465331,
    "0,1,4,5,6": -4.536894726251767,
    "0,1,4,5,7": -0.34858181722195036,
    "0,1,4,6,7": 0.5306532121842032,
    "0,1,5,6,7": 0.8705118066541564,
    "0,2,3,4,5": 0.6092960890064186,
    "0,2,3,4,6": 0.042619187371911726,
    "0,2,3,4,7": -0.570501668311227,
    "0,2,3,5,6": -1.2938708503402023,
    "0,2,3,5,7": -1.771645371520032,
    "0,2,3,6,7": 0.9282142638902958,
    "0,2,4,5,6": 0.22913353609100306,
    "0,2,4,5,7": -1.3679612442830495,
    "0,2,4,6,7": 0.7326357049659851,
    "0,2,5,6,7": 0.7827102643582491,
    "0,3,4,5,6": -0.16741626582518188,
    "0,3,4,5,7": -0.43932470845770144,
    "0,3,4,6,7": 0.8931908968543476,
    "0,3,5,6,7": 0.746786796635037,
    "0,4,5,6,7": 0.9562024720672403,
    "1,2,3,4,5": -4.500877910683899,
    "1,2,3,4,6": -1.9224392130763817,
    "1,2,3,4,7": -2.5256783873351463,
    "1,2,3,5,6": 0.14615944123013525,
    "1,2,3,5,7": -0.7394753441924213,
    "1,2,3,6,7": -0.5858691947323802,
    "1,2,4,5,6": -3.313004769811168,
    "1,2,4,5,7": -1.0778174204937105,
    "1,2,4,6,7": -1.398614852851872,
    "1,2,5,6,7": 0.5649131116265893,
    "1,3,4,5,6": -1.9432847932937523,
    "1,3,4,5,7": -1.8467364657091387,
    "1,3,4,6,7": 0.03616527160667615,
    "1,3,5,6,7": 0.6677781238273475,
    "1,4,5,6,7": 0.1273600422555321,
    "2,3,4,5,6": -2.4480837240390043,
    "2,3,4,5,7": -3.7926773792479525,
    "2,3,4,6,7": 0.8103474090592646,
    "2,3,5,6,7": 0.40056743281318263,