{
  "object_name": "Game",
  "data_type": "game",
  "version": "1.4.2.dev29+g3d3c3a7e6.d20260421",
  "created_from": null,
  "description": null,
  "parameters": {},
  "timestamp": "2026-04-21T12:25:56.259967+00:00Z",
  "metadata": {
    "n_players": 8,
    "game_name": "Game_object",
    "normalization_value": -0.007677211994468136,
    "precompute_flag": false,
    "precomputed": true,
    "player_names": null
  },
  "data": {
    "Empty": -0.007677211994468136,
    "0": 0.24009157563818861,
    "1": -2.001568206118931,
    "2": -0.26786904890520913,
    "3": -1.0855561898410424,
    "4": -1.607300391690908,
    "5": -0.11385900149983175,
    "6": -1.5915591914908873,
    "7": -7.820021119265707,
    "0,1": 0.3721689005204476,
    "0,2": -4.0863187715083935,
    "0,3": 0.3448103995221935,
    "0,4": -0.44696147244156226,
    "0,5": -0.2015471046424855,
    "0,6": 0.3832042283827851,
    "0,7": -0.9033727027624066,
    "1,2": 0.19423112561171374,
    "1,3": -0.06887452150455431,
    "1,4": -0.6557110771279382,
    "1,5": -2.662500261204415,
    "1,6": -2.0658450415256913,
    "1,7": -0.367249900086589,
    "2,3": -0.5101688788696308,
    "2,4": -0.5738361511519641,
    "2,5": -3.9403246387964277,
    "2,6": -0.4246554644134999,
    "2,7": -0.5596816675582139,
    "3,4": -0.5028650232164755,
    "3,5": -0.3642995594045091,
    "3,6": -0.23567413595149023,
    "3,7": -2.011261198560072,
    "4,5": -2.4203227519272774,
    "4,6": -1.0806268573456492,
    "4,7": -0.18045949666600203,
    "5,6": -0.5654198411257723,
    "5,7": -0.6705584922570011,
    "6,7": 0.12853360561872773,
    "0,1,2": 0.7088323328491921,
    "0,1,3": 0.21171216142031335,
    "0,1,4": 0.6627297991232687,
    "0,1,5": -0.7735521279508564,
    "0,1,6": 0.16702437118503122,
    "0,1,7": 0.37286160244457356,
    "0,2,3": 0.06707293384806245,
    "0,2,4": -0.051988002564942404,
    "0,2,5": 0.5466823038695012,
    "0,2,6": -0.10283772364404231,
    "0,2,7": -0.9488971840958667,
    "0,3,4": -1.7129771616045573,
    "0,3,5": 0.5651458265497469,
    "0,3,6": 0.12269304677215442,
    "0,3,7": -1.851904355561416,
    "0,4,5": -0.0010811018939371753,
    "0,4,6": 0.43821866804118004,
    "0,4,7": -2.795164979491787,
    "0,5,6": 0.5932221473114057,
    "0,5,7": -0.7628122593040483,
    "0,6,7": 0.8815685715640859,
    "1,2,3": -1.9043074579759582,
    "1,2,4": -1.6038615334225876,
    "1,2,5": -3.1006839836385973,
    "1,2,6": -5.0323543502236,
    "1,2,7": -3.3060176022909316,
    "1,3,4": -0.736274719260779,
    "1,3,5": -0.40452050468981815,
    "1,3,6": -0.5422877288702603,
    "1,3,7": -0.1604562451002256,
    "1,4,5": -0.5994650447243726,
    "1,4,6": 0.16597233315954651,
    "1,4,7": -0.03357122277415581,
    "1,5,6": -1.5271802720169187,
    "1,5,7": -0.513104407734218,
    "1,6,7": -0.01407610149052907,
    "2,3,4": -0.8192666149338086,
    "2,3,5": -1.8452818798230277,
    "2,3,6": -0.00863760213698228,
    "2,3,7": -1.858999490083988,
    "2,4,5": -0.6617861288349094,
    "2,4,6": -0.05957566310502882,
    "2,4,7": -0.14265841015073,
    "2,5,6": -1.6647405499644248,
    "2,5,7": -0.7650352833214873,
    "2,6,7": -0.5448201068234217,
    "3,4,5": -7.381615312972327,
    "3,4,6": -1.1811979714813057,
    "3,4,7": -1.2975064329039965,
    "3,5,6": 0.23674867563719781,
    "3,5,7": -5.102997846014741,
    "3,6,7": -3.1037351476228903,
    "4,5,6": -0.9085554527358777,
    "4,5,7": -0.5057381612132337,
    "4,6,7": -0.7264485049986515,
    "5,6,7": -0.7357683813723068,
    "0,1,2,3": 0.5556745539312422,
    "0,1,2,4": -0.15763832895344065,
    "0,1,2,5": 0.7925104123845694,
    "0,1,2,6": 0.24215975349329566,
    "0,1,2,7": 0.6492613916782617,
    "0,1,3,4": -1.2404569659697837,
    "0,1,3,5": 0.1535872132231344,
    "0,1,3,6": 0.02760645101909387,
    "0,1,3,7": -1.1087759131923627,
    "0,1,4,5": -0.3277202791001044,
    "0,1,4,6": 0.11917048986271706,
    "0,1,4,7": -0.009414411623747121,
    "0,1,5,6": 0.33762853183340824,
    "0,1,5,7": -0.026323168195295565,
    "0,1,6,7": 0.38976260837542864,
    "0,2,3,4": 0.021014922998302876,
    "0,2,3,5": 0.2357474252953874,
    "0,2,3,6": 0.30540767540766256,
    "0,2,3,7": -1.4756465976136153,
    "0,2,4,5": -1.0622858185697162,
    "0,2,4,6": -3.103360020191202,
    "0,2,4,7": -0.41118580992939213,
    "0,2,5,6": 0.1735414477016306,
    "0,2,5,7": 0.5853127646689125,
    "0,2,6,7": -1.521694576460391,
    "0,3,4,5": 0.4832283220181298,
    "0,3,4,6": 0.3391119006095573,
    "0,3,4,7": 0.6450021210932577,
    "0,3,5,6": 0.5001299069858042,
    "0,3,5,7": -0.5210252879145252,
    "0,3,6,7": 0.7884601209478252,
    "0,4,5,6": 0.747108074818805,
    "0,4,5,7": 0.34929827328586716,
    "0,4,6,7": 0.6819921253538985,
    "0,5,6,7": 0.9165629322113945,
    "1,2,3,4": -0.7399617701792847,
    "1,2,3,5": -3.718635608294117,
    "1,2,3,6": -1.5816074706118473,
    "1,2,3,7": -1.5484690627381812,
    "1,2,4,5": -0.3498214455040436,
    "1,2,4,6": -2.116079954481293,
    "1,2,4,7": -2.1424835704668586,
    "1,2,5,6": -1.1615721254634965,
    "1,2,5,7": -0.3270834298538401,
    "1,2,6,7": 0.01533449169966028,
    "1,3,4,5": -0.1226040512990616,
    "1,3,4,6": -1.7452797499389843,
    "1,3,4,7": -0.2439535586463344,
    "1,3,5,6": 0.002226200262247957,
    "1,3,5,7": -2.3535821349874557,
    "1,3,6,7": -0.009698809891786064,
    "1,4,5,6": -3.1123254910114158,
    "1,4,5,7": -1.2635174811219252,
    "1,4,6,7": 0.019687661444403703,
    "1,5,6,7": 0.5133276886541946,
    "2,3,4,5": -5.431137071233903,
    "2,3,4,6": -0.46251172598923174,
    "2,3,4,7": -0.9089136537741871,
    "2,3,5,6": -4.496989265183739,
    "2,3,5,7": -1.3864347475234147,
    "2,3,6,7": -0.5343510735215087,
    "2,4,5,6": -2.432255681598112,
    "2,4,5,7": -0.3716515204695656,
    "2,4,6,7": -0.11497038487644518,
    "2,5,6,7": 0.2417480882621016,
    "3,4,5,6": -2.1803200725458054,
    "3,4,5,7": -1.0779629412862373,
    "3,4,6,7": -0.3336384740619398,
    "3,5,6,7": -0.8959788548252527,
    "4,5,6,7": -2.5620198255613347,
    "0,1,2,3,4": -0.9030053006633068,
    "0,1,2,3,5": -0.9395566504103985,
    "0,1,2,3,6": 0.625481417224544,
    "0,1,2,3,7": 0.3204767645459011,
    "0,1,2,4,5": 0.36276660993510224,
    "0,1,2,4,6": 0.17756306680264522,
    "0,1,2,4,7": 0.026178071696741467,
    "0,1,2,5,6": 0.5713631573926656,
    "0,1,2,5,7": 0.5631877354605865,
    "0,1,2,6,7": 0.8567609222664215,
    "0,1,3,4,5": -0.09430678952884164,
    "0,1,3,4,6": -2.140853540779973,
    "0,1,3,4,7": 0.07536596948921648,
    "0,1,3,5,6": -2.509086563240348,
    "0,1,3,5,7": 0.8019821762820503,
    "0,1,3,6,7": 0.8055563665708625,
    "0,1,4,5,6": 0.08695075126240959,
    "0,1,4,5,7": 0.5889302142873662,
    "0,1,4,6,7": 0.42131272193648206,
    "0,1,5,6,7": 0.5761616736478476,
    "0,2,3,4,5": -2.588179861408569,
    "0,2,3,4,6": 0.3855108573642453,
    "0,2,3,4,7": 0.33587766268097563,
    "0,2,3,5,6": 0.8925921975135902,
    "0,2,3,5,7": -0.09054096744023532,
    "0,2,3,6,7": 0.2517962600475032,
    "0,2,4,5,6": 0.2441871484124456,
    "0,2,4,5,7": 0.13829126884399556,
    "0,2,4,6,7": 0.6139502188053833,
    "0,2,5,6,7": 0.8497005604275641,
    "0,3,4,5,6": 0.3542458537192261,
    "0,3,4,5,7": -0.040095171117829675,
    "0,3,4,6,7": 0.6197646523206123,
    "0,3,5,6,7": 0.8358183073754026,
    "0,4,5,6,7": 0.7241639390538479,
    "1,2,3,4,5": -0.3760490078579348,
    "1,2,3,4,6": -0.08861789024801858,
    "1,2,3,4,7": -0.46115760006018136,
    "1,2,3,5,6": -0.6955152873106658,
    "1,2,3,5,7": 0.7623597182851072,
    "1,2,3,6,7": -1.9031977612304498,
    "1,2,4,5,6": -0.8583291188662898,
    "1,2,4,5,7": -1.213985082148827,
    "1,2,4,6,7": 0.3092038559912811,
    "1,2,5,6,7": -0.2041050007475329,
    "1,3,4,5,6": 0.566011055957119,
    "1,3,4,5,7": -2.2539372213147697,
    "1,3,4,6,7": -3.115186571804612,
    "1,3,5,6,7": -0.271904370984523,
    "1,4,5,6,7": 0.40608552183687474,
    "2,3,4,5,6": -1.7560597750772873,
    "2,3,4,5,7": -2.2051237419052043,
    "2,3,4,6,7": -0.21665537431154336,