{
  "object_name": "Game",
  "data_type": "game",
  "version": "1.4.2.dev29+g3d3c3a7e6.d20260421",
  "created_from": null,
  "description": null,
  "parameters": {},
  "timestamp": "2026-04-21T12:25:56.023311+00:00Z",
  "metadata": {
    "n_players": 8,
    "game_name": "Game_object",
    "normalization_value": -5.079122489720025,
    "precompute_flag": false,
    "precomputed": true,
    "player_names": null
  },
  "data": {
    "Empty": -5.079122489720025,
    "0": -0.6073782805970722,
    "1": -0.1108962887202436,
    "2": -2.073157396968866,
    "3": -1.1429465540730077,
    "4": -3.09873710069201,
    "5": -1.3082151813265344,
    "6": -17.93298703328305,
    "7": 0.037416954789159185,
    "0,1": -0.30620862703487783,
    "0,2": -0.5456680301260401,
    "0,3": 0.3284864085805119,
    "0,4": -0.7051958931415738,
    "0,5": -0.7120932773141051,
    "0,6": -1.9187373332761917,
    "0,7": 0.19672217832087413,
    "1,2": -3.521689765000713,
    "1,3": -0.4917910319656189,
    "1,4": -0.3574077170500767,
    "1,5": -0.44163977546370736,
    "1,6": 0.06586500974086973,
    "1,7": -1.2619382744419037,
    "2,3": -0.6292534393303368,
    "2,4": -5.554438561092597,
    "2,5": -2.9510490078437095,
    "2,6": -1.019959905277958,
    "2,7": -2.5870260442703334,
    "3,4": -1.8611688838722724,
    "3,5": -1.1588373292522398,
    "3,6": -4.72014546249856,
    "3,7": 0.6301901400681773,
    "4,5": -0.8268652016037892,
    "4,6": -0.697505249742582,
    "4,7": 0.11143263443694085,
    "5,6": -0.7924405992958419,
    "5,7": -1.7116645165943445,
    "6,7": -0.03263488754813504,
    "0,1,2": -0.8634755566431647,
    "0,1,3": -0.9914272230461509,
    "0,1,4": -2.5718911625613146,
    "0,1,5": -0.18386940954885245,
    "0,1,6": -6.311907886183775,
    "0,1,7": 0.18125941699919546,
    "0,2,3": -1.2039156327047578,
    "0,2,4": 0.10400057010467811,
    "0,2,5": -1.6326165503315346,
    "0,2,6": 0.21913390543926226,
    "0,2,7": -4.424104433269746,
    "0,3,4": -2.879527305815612,
    "0,3,5": -2.0509748814755104,
    "0,3,6": -0.23019584297050044,
    "0,3,7": -0.2267767811489032,
    "0,4,5": -0.17575795790635795,
    "0,4,6": 0.2717595263366459,
    "0,4,7": -0.9012705278466338,
    "0,5,6": -4.218563906700526,
    "0,5,7": -8.094677248222334,
    "0,6,7": 0.15307621564870588,
    "1,2,3": -2.8281989286843774,
    "1,2,4": -1.0908934005165607,
    "1,2,5": -2.283217230676876,
    "1,2,6": -6.540406933310245,
    "1,2,7": -1.1626278174919635,
    "1,3,4": -0.001453725723649768,
    "1,3,5": -1.034613856101215,
    "1,3,6": 0.03842594519268738,
    "1,3,7": -0.6099769973244629,
    "1,4,5": -6.000160832323966,
    "1,4,6": -0.5591457303098548,
    "1,4,7": -1.5298675961779975,
    "1,5,6": -1.6238899121498886,
    "1,5,7": -4.279042765866578,
    "1,6,7": -1.414079201819491,
    "2,3,4": -5.308887038889,
    "2,3,5": -1.032318378494701,
    "2,3,6": -0.2611520948090935,
    "2,3,7": -0.8153173158480123,
    "2,4,5": -0.47693784632067127,
    "2,4,6": -0.3784331911031682,
    "2,4,7": -0.8845353044171631,
    "2,5,6": -1.0097579804071612,
    "2,5,7": -5.104416944175093,
    "2,6,7": 0.23798372222248965,
    "3,4,5": -1.7861812137027817,
    "3,4,6": -0.9253616539479077,
    "3,4,7": -1.010659982591286,
    "3,5,6": -0.17809937542076404,
    "3,5,7": -10.518497718923665,
    "3,6,7": -2.376771847975707,
    "4,5,6": -2.1972076458962047,
    "4,5,7": -0.8750207159924026,
    "4,6,7": 0.05483733054332296,
    "5,6,7": -1.196218371934831,
    "0,1,2,3": 0.7320967798800078,
    "0,1,2,4": -0.6375485035748392,
    "0,1,2,5": -0.17440997146781734,
    "0,1,2,6": -2.799887155788125,
    "0,1,2,7": -2.435842563154863,
    "0,1,3,4": -0.6710782402034543,
    "0,1,3,5": 0.5135491449417215,
    "0,1,3,6": -0.011942606155539659,
    "0,1,3,7": -1.4821604568460947,
    "0,1,4,5": 0.08377236908156716,
    "0,1,4,6": -0.6976113168914586,
    "0,1,4,7": -0.9077438676784793,
    "0,1,5,6": 0.012914226030689147,
    "0,1,5,7": -0.3980919490725596,
    "0,1,6,7": 0.6941208575924475,
    "0,2,3,4": -1.2118915532560384,
    "0,2,3,5": -0.35803284767798327,
    "0,2,3,6": -0.34816568371815215,
    "0,2,3,7": 0.9025824497882203,
    "0,2,4,5": -0.3478647976444862,
    "0,2,4,6": -13.124593428585154,
    "0,2,4,7": -0.6630094492697562,
    "0,2,5,6": -1.060294612219034,
    "0,2,5,7": -0.37630811304799616,
    "0,2,6,7": -2.669835698716061,
    "0,3,4,5": -1.214897444302426,
    "0,3,4,6": 0.10695704776338077,
    "0,3,4,7": -1.1553044757318847,
    "0,3,5,6": 0.5946080179566755,
    "0,3,5,7": -0.30942510134855605,
    "0,3,6,7": 0.8117606399659154,
    "0,4,5,6": 0.04136810433127058,
    "0,4,5,7": 0.02801163830719866,
    "0,4,6,7": 0.8916699853674027,
    "0,5,6,7": 0.8021248208501515,
    "1,2,3,4": -8.863652256188914,
    "1,2,3,5": -0.03980787707119848,
    "1,2,3,6": -1.3050146955347866,
    "1,2,3,7": -0.5803417652848029,
    "1,2,4,5": 0.0714061739779267,
    "1,2,4,6": -1.1222364480747276,
    "1,2,4,7": -2.496178405540512,
    "1,2,5,6": -4.498577832787995,
    "1,2,5,7": -0.1910703910076017,
    "1,2,6,7": -1.539624788150181,
    "1,3,4,5": -1.689576382423927,
    "1,3,4,6": 0.22246991983892506,
    "1,3,4,7": -1.0581944984916505,
    "1,3,5,6": -0.6544995338626469,
    "1,3,5,7": -0.01642087002083925,
    "1,3,6,7": -0.501641116096402,
    "1,4,5,6": -0.40695004431611825,
    "1,4,5,7": -1.3722077978945433,
    "1,4,6,7": -5.955975912005335,
    "1,5,6,7": -0.481368857830885,
    "2,3,4,5": -3.749161200993436,
    "2,3,4,6": -0.36674266095604,
    "2,3,4,7": -0.33455357242746864,
    "2,3,5,6": -3.153558686702568,
    "2,3,5,7": 0.1757467773187722,
    "2,3,6,7": -0.704859097008995,
    "2,4,5,6": -3.9265627098960536,
    "2,4,5,7": -3.264655415720341,
    "2,4,6,7": -0.4677456697539182,
    "2,5,6,7": -1.0339586253681392,
    "3,4,5,6": -1.041209173790504,
    "3,4,5,7": -1.1570011415379708,
    "3,4,6,7": -0.5723759617165987,
    "3,5,6,7": 0.041963793415576434,
    "4,5,6,7": -0.2031129539913341,
    "0,1,2,3,4": -1.3483828375830131,
    "0,1,2,3,5": -0.7820167108868274,
    "0,1,2,3,6": 0.6456251305768159,
    "0,1,2,3,7": 0.5256405880262311,
    "0,1,2,4,5": 0.2823610366609729,
    "0,1,2,4,6": 0.10973443521168136,
    "0,1,2,4,7": -2.3680816590844005,
    "0,1,2,5,6": 0.28172740312874756,
    "0,1,2,5,7": 0.2008306725610658,
    "0,1,2,6,7": -0.25315499392588103,
    "0,1,3,4,5": -4.351430089179848,
    "0,1,3,4,6": 0.42677051001022936,
    "0,1,3,4,7": -0.3594624129437711,
    "0,1,3,5,6": -0.12900481227938831,
    "0,1,3,5,7": 0.2662722228039478,
    "0,1,3,6,7": 0.7382552289884692,
    "0,1,4,5,6": -2.2669429153815264,
    "0,1,4,5,7": 0.5934541411648208,
    "0,1,4,6,7": 0.7208288579542137,
    "0,1,5,6,7": 0.8663728312482302,
    "0,2,3,4,5": -4.323316935671222,
    "0,2,3,4,6": -2.6109526426773764,
    "0,2,3,4,7": 0.24756098135099847,
    "0,2,3,5,6": -5.6028626846671115,
    "0,2,3,5,7": 0.22640426041820394,
    "0,2,3,6,7": 0.4266988173611055,
    "0,2,4,5,6": -1.4035199518102246,
    "0,2,4,5,7": -0.6174390432121839,
    "0,2,4,6,7": -1.2668884996964214,
    "0,2,5,6,7": 0.9109309727046364,
    "0,3,4,5,6": 0.1351374690924757,
    "0,3,4,5,7": -0.22069598455664252,
    "0,3,4,6,7": 0.3082972663618585,
    "0,3,5,6,7": 0.1524229479823872,
    "0,4,5,6,7": -0.31548788238717407,
    "1,2,3,4,5": -0.6820748026930732,
    "1,2,3,4,6": -5.03012346930642,
    "1,2,3,4,7": -0.6314591284333488,
    "1,2,3,5,6": -0.5244137153356008,
    "1,2,3,5,7": -15.108343928452424,
    "1,2,3,6,7": 0.34260374302304175,
    "1,2,4,5,6": -0.2907014399293322,
    "1,2,4,5,7": -0.12014646510615057,
    "1,2,4,6,7": 0.2878983589661471,
    "1,2,5,6,7": -0.6091448326634779,
    "1,3,4,5,6": -0.9888079023127574,
    "1,3,4,5,7": -0.12666104702139624,
    "1,3,4,6,7": -4.921949073329193,
    "1,3,5,6,7": -1.4774969421116384,
    "1,4,5,6,7": 0.02016257700038382,
    "2,3,4,5,6": -1.6700372676876287,
    "2,3,4,5,7": -1.1002121937488432,
    "2,3,4,6,7": -3.3362325320646127,