{
  "object_name": "Game",
  "data_type": "game",
  "version": "1.4.2.dev29+g3d3c3a7e6.d20260421",
  "created_from": null,
  "description": null,
  "parameters": {},
  "timestamp": "2026-04-21T12:25:56.237572+00:00Z",
  "metadata": {
    "n_players": 8,
    "game_name": "Game_object",
    "normalization_value": -2.939453947618912,
    "precompute_flag": false,
    "precomputed": true,
    "player_names": null
  },
  "data": {
    "Empty": -2.939453947618912,
    "0": -0.042713560400541084,
    "1": -1.3579622970366305,
    "2": -3.8588286397072418,
    "3": -1.0680579236919394,
    "4": -4.494430335514808,
    "5": -0.6482236952762837,
    "6": -0.758337104960781,
    "7": -4.1058761654654585,
    "0,1": -0.2922515772904206,
    "0,2": 0.04960213543814307,
    "0,3": -1.1274313103950742,
    "0,4": -1.0532061232976746,
    "0,5": 0.5597474803325495,
    "0,6": 0.2341323055023663,
    "0,7": -0.44195792432806424,
    "1,2": -2.444632556976155,
    "1,3": -0.7235564285133647,
    "1,4": -8.320806337978889,
    "1,5": -0.3284037576855605,
    "1,6": -2.62629447761863,
    "1,7": -0.14658668454070223,
    "2,3": 0.01789571673806878,
    "2,4": -0.21925944916106688,
    "2,5": -0.8596810435500333,
    "2,6": 0.17088287832484528,
    "2,7": -1.1068333739999905,
    "3,4": -3.4340981632441325,
    "3,5": -0.3039108806940347,
    "3,6": -0.6024790637644666,
    "3,7": -0.5975823980296304,
    "4,5": 0.4173283284445366,
    "4,6": -1.2561011793725303,
    "4,7": -0.8505077559535881,
    "5,6": -1.4834778807621558,
    "5,7": -3.597988907518575,
    "6,7": -1.9397178590033546,
    "0,1,2": 0.19437631958810997,
    "0,1,3": 0.3074223430881906,
    "0,1,4": -1.0489622134743732,
    "0,1,5": 0.5851487407163264,
    "0,1,6": -0.797753948011243,
    "0,1,7": 0.21636082373062038,
    "0,2,3": 0.528447541492591,
    "0,2,4": 0.3890233843143116,
    "0,2,5": -0.7395278055215873,
    "0,2,6": 0.06961138701192637,
    "0,2,7": -0.13604023454098368,
    "0,3,4": -0.1637157758260941,
    "0,3,5": -0.5659665420317146,
    "0,3,6": 0.6653070931148793,
    "0,3,7": 0.013297890211215524,
    "0,4,5": 0.3560566942785758,
    "0,4,6": -0.623079541550396,
    "0,4,7": -0.6213624254225472,
    "0,5,6": 0.5884065196151753,
    "0,5,7": -1.1897036420797202,
    "0,6,7": 0.7672775528552807,
    "1,2,3": 0.47387259706259566,
    "1,2,4": -0.6059754914627964,
    "1,2,5": -1.4560939165058002,
    "1,2,6": -1.1553040313437335,
    "1,2,7": -3.9775621620808295,
    "1,3,4": -2.612217655814803,
    "1,3,5": -2.712527244415784,
    "1,3,6": -1.6628265107875038,
    "1,3,7": -2.52791165276274,
    "1,4,5": 0.5740367726294096,
    "1,4,6": -1.2905552038619597,
    "1,4,7": -2.0812728056550642,
    "1,5,6": -0.0009788559738672653,
    "1,5,7": 0.5147109174858324,
    "1,6,7": -1.1955467046785397,
    "2,3,4": -0.25610068502197114,
    "2,3,5": -1.7183486311030407,
    "2,3,6": -2.185264508582497,
    "2,3,7": -1.0953667092305666,
    "2,4,5": -5.336806648052278,
    "2,4,6": -0.052411935185689984,
    "2,4,7": 0.20802576787811056,
    "2,5,6": -0.4333201630724588,
    "2,5,7": -2.241268678503764,
    "2,6,7": -2.3741681700168824,
    "3,4,5": -2.067577813519985,
    "3,4,6": -0.9270879750003915,
    "3,4,7": -0.3222969846289434,
    "3,5,6": -0.12246094653148676,
    "3,5,7": -0.8715793251269142,
    "3,6,7": 0.06717217240432727,
    "4,5,6": -0.6638698828977028,
    "4,5,7": -14.197933508448651,
    "4,6,7": -1.7381924149759906,
    "5,6,7": 0.34313911494761296,
    "0,1,2,3": 0.603505739659219,
    "0,1,2,4": -1.1393289002622886,
    "0,1,2,5": -2.112689240859093,
    "0,1,2,6": -0.8944642278822179,
    "0,1,2,7": -1.487302574449934,
    "0,1,3,4": -0.20605435992537902,
    "0,1,3,5": 0.3563125764991043,
    "0,1,3,6": -0.6649329034346707,
    "0,1,3,7": 0.14810471083406684,
    "0,1,4,5": 0.9009276128165027,
    "0,1,4,6": 0.3073131762241348,
    "0,1,4,7": -1.3137566522856852,
    "0,1,5,6": 0.12591112420563866,
    "0,1,5,7": -2.4202341117535524,
    "0,1,6,7": 0.7318929386787849,
    "0,2,3,4": 0.02108811084786555,
    "0,2,3,5": -0.3836678984828894,
    "0,2,3,6": -1.6155684905118846,
    "0,2,3,7": -1.2000775394671055,
    "0,2,4,5": -0.24726606176902743,
    "0,2,4,6": 0.27618968484897877,
    "0,2,4,7": 0.7952042866973315,
    "0,2,5,6": 0.23529706848556886,
    "0,2,5,7": 0.6089166778709953,
    "0,2,6,7": 0.8436177849774185,
    "0,3,4,5": 0.32294090726861346,
    "0,3,4,6": 0.10679546282346508,
    "0,3,4,7": -2.7329738694064933,
    "0,3,5,6": -0.4243837595278428,
    "0,3,5,7": -2.4779639045451476,
    "0,3,6,7": 0.729439424455284,
    "0,4,5,6": 0.5596525287581278,
    "0,4,5,7": 0.5516808638194711,
    "0,4,6,7": 0.5527507502511978,
    "0,5,6,7": 0.9021637586955426,
    "1,2,3,4": -0.9267276572728367,
    "1,2,3,5": -0.5241157937326888,
    "1,2,3,6": -0.9897516064058374,
    "1,2,3,7": -1.4986045398678467,
    "1,2,4,5": -3.7876105475735997,
    "1,2,4,6": -1.0496270939295451,
    "1,2,4,7": 0.047154381751747576,
    "1,2,5,6": -4.4035698113841395,
    "1,2,5,7": -0.3803206634966785,
    "1,2,6,7": 0.27907458694376563,
    "1,3,4,5": -0.6770394995959086,
    "1,3,4,6": -1.530447973469034,
    "1,3,4,7": -1.2974842261106487,
    "1,3,5,6": -0.706724494423123,
    "1,3,5,7": -0.5019097409669395,
    "1,3,6,7": -0.9457944564177043,
    "1,4,5,6": -1.317276144776793,
    "1,4,5,7": -0.3507942241848949,
    "1,4,6,7": 0.13512092807758258,
    "1,5,6,7": -0.5338153636634477,
    "2,3,4,5": 0.14241101636412912,
    "2,3,4,6": -2.762835761846104,
    "2,3,4,7": -0.5049872891609493,
    "2,3,5,6": 0.4415461701492869,
    "2,3,5,7": -1.1217549166135452,
    "2,3,6,7": -0.1311502818881547,
    "2,4,5,6": -0.3167999177476539,
    "2,4,5,7": -1.5266437034559157,
    "2,4,6,7": -0.6545252268586372,
    "2,5,6,7": 0.28564772941272754,
    "3,4,5,6": -3.4932076770062963,
    "3,4,5,7": -0.28500645680638814,
    "3,4,6,7": 0.34587753258736,
    "3,5,6,7": -0.24694914713635852,
    "4,5,6,7": -0.0022731080179951846,
    "0,1,2,3,4": -0.26173006407349075,
    "0,1,2,3,5": -0.821273892967995,
    "0,1,2,3,6": 0.38979924998003823,
    "0,1,2,3,7": -1.0952348597451995,
    "0,1,2,4,5": 0.10476050972061568,
    "0,1,2,4,6": -0.26550986578114033,
    "0,1,2,4,7": 0.1931605333255635,
    "0,1,2,5,6": 0.4660640186620081,
    "0,1,2,5,7": 0.7423564402929772,
    "0,1,2,6,7": 0.23635205174297447,
    "0,1,3,4,5": -3.1935019690935222,
    "0,1,3,4,6": 0.4957808814148227,
    "0,1,3,4,7": 0.37675727825651506,
    "0,1,3,5,6": 0.5758196313713646,
    "0,1,3,5,7": 0.253650211348209,
    "0,1,3,6,7": 0.7974691661762734,
    "0,1,4,5,6": -0.7702189234742345,
    "0,1,4,5,7": 0.6569907627268956,
    "0,1,4,6,7": 0.3461758144220717,
    "0,1,5,6,7": 0.9444948946838836,
    "0,2,3,4,5": 0.7671850096925916,
    "0,2,3,4,6": 0.7091558007885677,
    "0,2,3,4,7": -0.10103991167840998,
    "0,2,3,5,6": 0.011946790051444722,
    "0,2,3,5,7": -0.42117170131889314,
    "0,2,3,6,7": 0.849114728624179,
    "0,2,4,5,6": 0.7225416789365111,
    "0,2,4,5,7": -0.13529997380526382,
    "0,2,4,6,7": 0.5271231493349705,
    "0,2,5,6,7": 0.45287366671934026,
    "0,3,4,5,6": 0.5916192492802335,
    "0,3,4,5,7": 0.7167669097551537,
    "0,3,4,6,7": 0.8340328207272856,
    "0,3,5,6,7": 0.8494530096513617,
    "0,4,5,6,7": 0.8442761772621903,
    "1,2,3,4,5": -0.8477850533292626,
    "1,2,3,4,6": 0.31003810650228014,
    "1,2,3,4,7": 0.5294169257838766,
    "1,2,3,5,6": 0.21375175271862312,
    "1,2,3,5,7": -0.6898624425594306,
    "1,2,3,6,7": -0.9386952169370746,
    "1,2,4,5,6": -2.013772325976069,
    "1,2,4,5,7": -0.013906750860205763,
    "1,2,4,6,7": -2.0651878065962843,
    "1,2,5,6,7": 0.4613626633870229,
    "1,3,4,5,6": -1.5871773166036331,
    "1,3,4,5,7": -0.02337271452734435,
    "1,3,4,6,7": -1.3339831786606489,
    "1,3,5,6,7": 0.272497728614043,
    "1,4,5,6,7": 0.01488691956251098,
    "2,3,4,5,6": -1.6766950579390207,
    "2,3,4,5,7": -1.1357563081676458,
    "2,3,4,6,7": 0.23546667974952484,