{
  "object_name": "Game",
  "data_type": "game",
  "version": "1.4.2.dev29+g3d3c3a7e6.d20260421",
  "created_from": null,
  "description": null,
  "parameters": {},
  "timestamp": "2026-04-21T12:25:56.232096+00:00Z",
  "metadata": {
    "n_players": 8,
    "game_name": "Game_object",
    "normalization_value": -3.6127790035989413,
    "precompute_flag": false,
    "precomputed": true,
    "player_names": null
  },
  "data": {
    "Empty": -3.6127790035989413,
    "0": 0.5143424216411534,
    "1": -1.121246652552529,
    "2": -1.7505918487943335,
    "3": -0.036955228993561295,
    "4": -2.5310835991643144,
    "5": 0.15722007279104477,
    "6": -1.866704470252393,
    "7": 0.03448297027168434,
    "0,1": 0.21209422178126358,
    "0,2": 0.4347004795415427,
    "0,3": -6.765300556920901,
    "0,4": -0.6396180061588121,
    "0,5": -0.003008116678249406,
    "0,6": 0.18548729279211862,
    "0,7": -0.40055665209548086,
    "1,2": -3.078697333280168,
    "1,3": -2.2502039901450956,
    "1,4": 0.20091416199550127,
    "1,5": -0.35356295484531053,
    "1,6": -2.958874382935984,
    "1,7": -1.3582493623119527,
    "2,3": -2.2898063905068904,
    "2,4": -1.7791623994280426,
    "2,5": -2.4867706595593537,
    "2,6": -1.0095763811576681,
    "2,7": -1.1698033756699302,
    "3,4": -3.924033695456637,
    "3,5": -0.953586696413101,
    "3,6": -0.8759937780248035,
    "3,7": -0.7696233559976491,
    "4,5": -0.4149063378402216,
    "4,6": -0.608077982062639,
    "4,7": -1.9198295048593579,
    "5,6": -0.9080857942285634,
    "5,7": -2.128882262097875,
    "6,7": 0.1233612448850987,
    "0,1,2": 0.6732601664350498,
    "0,1,3": 0.68092754648411,
    "0,1,4": 0.47383136413541793,
    "0,1,5": 0.2512080796299002,
    "0,1,6": -1.6341881683090045,
    "0,1,7": 0.7515963397652856,
    "0,2,3": -0.32424082609876037,
    "0,2,4": 0.20529322451855547,
    "0,2,5": -1.222186144002237,
    "0,2,6": 0.19703834449762248,
    "0,2,7": 0.09462903956940905,
    "0,3,4": -0.15221488205419953,
    "0,3,5": 0.4160156062833863,
    "0,3,6": 0.21112985919805194,
    "0,3,7": -0.6092620717179873,
    "0,4,5": 0.519981332792226,
    "0,4,6": -0.8968104813633333,
    "0,4,7": 0.7164759420806261,
    "0,5,6": 0.2693453180489065,
    "0,5,7": 0.5416156062357824,
    "0,6,7": 0.7766104984450823,
    "1,2,3": -0.3115190412760567,
    "1,2,4": -0.3408665936467048,
    "1,2,5": -0.3575032612472975,
    "1,2,6": 0.004166791606639464,
    "1,2,7": -0.7487973401376047,
    "1,3,4": -1.214767766484096,
    "1,3,5": -1.1959784702226077,
    "1,3,6": -0.6541845910451873,
    "1,3,7": -2.878586763315162,
    "1,4,5": -2.083722261595245,
    "1,4,6": -1.0821979202152598,
    "1,4,7": -0.5781813179702773,
    "1,5,6": 0.01696891266286915,
    "1,5,7": -1.0672391909331633,
    "1,6,7": -0.5330604418006015,
    "2,3,4": -1.080972553475418,
    "2,3,5": 0.28658517436281983,
    "2,3,6": -0.4442761746542092,
    "2,3,7": -0.44645746172035894,
    "2,4,5": -0.5334107270458073,
    "2,4,6": -0.4078487695702262,
    "2,4,7": -0.2253684233991302,
    "2,5,6": -0.6518629896971342,
    "2,5,7": 0.5522415345271392,
    "2,6,7": 0.5526393327469472,
    "3,4,5": -1.1413830795513071,
    "3,4,6": -2.267096546026359,
    "3,4,7": -0.17827463237168195,
    "3,5,6": -1.025133193587036,
    "3,5,7": -1.1911032606709262,
    "3,6,7": 0.27820458910107804,
    "4,5,6": -0.07337296305512453,
    "4,5,7": -5.999851944053897,
    "4,6,7": -0.03158716315329091,
    "5,6,7": 0.14359943938852782,
    "0,1,2,3": -0.6608751802191064,
    "0,1,2,4": 0.04532830343544225,
    "0,1,2,5": 0.3707719256324036,
    "0,1,2,6": 0.9145697316475476,
    "0,1,2,7": 0.3629294446203657,
    "0,1,3,4": 0.46281469160201405,
    "0,1,3,5": -1.1622425252719424,
    "0,1,3,6": 0.10504710022143848,
    "0,1,3,7": 0.8660321065984086,
    "0,1,4,5": -0.7727309811002794,
    "0,1,4,6": 0.013723993633990461,
    "0,1,4,7": 0.5192769009962421,
    "0,1,5,6": 0.5766247001758218,
    "0,1,5,7": -0.32686691974171467,
    "0,1,6,7": 0.7490221322753898,
    "0,2,3,4": 0.36473399827115016,
    "0,2,3,5": 0.25335583603599354,
    "0,2,3,6": -1.7611163827270309,
    "0,2,3,7": 0.6338841005892584,
    "0,2,4,5": 0.49475210509077827,
    "0,2,4,6": -0.38199647813613113,
    "0,2,4,7": -0.9239243241140251,
    "0,2,5,6": 0.4183493369853275,
    "0,2,5,7": 0.03711650715162784,
    "0,2,6,7": 0.35191674997511135,
    "0,3,4,5": 0.44726747413448487,
    "0,3,4,6": 0.39108557604944494,
    "0,3,4,7": -0.9250483310564792,
    "0,3,5,6": 0.45998613682558187,
    "0,3,5,7": 0.5108281186639257,
    "0,3,6,7": 0.7075837958896307,
    "0,4,5,6": 0.7466792478434847,
    "0,4,5,7": -0.23022164210456442,
    "0,4,6,7": 0.02422565142405253,
    "0,5,6,7": 0.4927321798735894,
    "1,2,3,4": -1.6639768869800626,
    "1,2,3,5": -1.0108847017118463,
    "1,2,3,6": 0.0958749282982364,
    "1,2,3,7": -0.1813542729464972,
    "1,2,4,5": -5.9348766046979335,
    "1,2,4,6": -0.8658420550327905,
    "1,2,4,7": -1.4442168440471836,
    "1,2,5,6": -1.1534060899460132,
    "1,2,5,7": -6.523470007385121,
    "1,2,6,7": -0.2686905887479083,
    "1,3,4,5": -0.05066843296310042,
    "1,3,4,6": -0.6296247657993925,
    "1,3,4,7": -3.8281619900117034,
    "1,3,5,6": 0.06880494446771634,
    "1,3,5,7": 0.41435825817678007,
    "1,3,6,7": 0.2416209235414074,
    "1,4,5,6": -1.6309544989003033,
    "1,4,5,7": -3.9707513656633786,
    "1,4,6,7": -1.947375920725925,
    "1,5,6,7": 0.09630193935710896,
    "2,3,4,5": -1.4395640433097383,
    "2,3,4,6": -7.898806651353135,
    "2,3,4,7": -7.387488296846023,
    "2,3,5,6": -1.3319200634891861,
    "2,3,5,7": -0.2354506901274449,
    "2,3,6,7": 0.2346062057449254,
    "2,4,5,6": -0.43510872379946464,
    "2,4,5,7": -1.0855742455122819,
    "2,4,6,7": 0.06612994494660529,
    "2,5,6,7": -2.1027462573704243,
    "3,4,5,6": -1.0621153707875806,
    "3,4,5,7": -0.10063335078040936,
    "3,4,6,7": -0.8045583360628099,
    "3,5,6,7": -1.157900959065461,
    "4,5,6,7": -0.795400923013672,
    "0,1,2,3,4": -2.6365436194219676,
    "0,1,2,3,5": 0.3113887325221054,
    "0,1,2,3,6": -0.11736255983657529,
    "0,1,2,3,7": 0.03353811154439834,
    "0,1,2,4,5": 0.592382071052901,
    "0,1,2,4,6": 0.13258659711796195,
    "0,1,2,4,7": -1.6067580888585296,
    "0,1,2,5,6": 0.4310921548268323,
    "0,1,2,5,7": 0.8369959126105188,
    "0,1,2,6,7": 0.5980065374270924,
    "0,1,3,4,5": 0.16047970448527094,
    "0,1,3,4,6": 0.2612751447541539,
    "0,1,3,4,7": 0.12973040775477984,
    "0,1,3,5,6": 0.11012845365843205,
    "0,1,3,5,7": -0.12147253432648464,
    "0,1,3,6,7": 0.9208342540541616,
    "0,1,4,5,6": 0.4875396373988977,
    "0,1,4,5,7": -1.305249820865395,
    "0,1,4,6,7": 0.7722852822894513,
    "0,1,5,6,7": 0.888309347561487,
    "0,2,3,4,5": 0.09593438264376264,
    "0,2,3,4,6": 0.34690818964386005,
    "0,2,3,4,7": -0.18487194694712428,
    "0,2,3,5,6": 0.07681055613823262,
    "0,2,3,5,7": 0.20206104952840354,
    "0,2,3,6,7": 0.5306223242206496,
    "0,2,4,5,6": -0.4547159820243647,
    "0,2,4,5,7": -1.3081888135855784,
    "0,2,4,6,7": -0.30820933142872176,
    "0,2,5,6,7": 0.8287231976444762,
    "0,3,4,5,6": 0.36803169615732745,
    "0,3,4,5,7": 0.1498479501106802,
    "0,3,4,6,7": 0.8060530536570121,
    "0,3,5,6,7": 0.8245236275373085,
    "0,4,5,6,7": 0.8717852869321551,
    "1,2,3,4,5": 0.3558650862321808,
    "1,2,3,4,6": -0.1677134261751474,
    "1,2,3,4,7": -1.1057317465267813,
    "1,2,3,5,6": 0.1383878327375554,
    "1,2,3,5,7": -0.7659543914126281,
    "1,2,3,6,7": -0.7378802584144508,
    "1,2,4,5,6": -0.06016809820462532,
    "1,2,4,5,7": -1.5137782643534345,
    "1,2,4,6,7": -3.53295860766627,
    "1,2,5,6,7": -1.7519713626717865,
    "1,3,4,5,6": -0.8153821599605502,
    "1,3,4,5,7": -0.25936191871215963,
    "1,3,4,6,7": -3.0717497928291415,
    "1,3,5,6,7": 0.8973074910268503,
    "1,4,5,6,7": -2.165664676183841,
    "2,3,4,5,6": -0.5053719448117018,
    "2,3,4,5,7": -0.958450457406528,
    "2,3,4,6,7": -0.8716613520030445,