{
  "object_name": "Game",
  "data_type": "game",
  "version": "1.4.2.dev29+g3d3c3a7e6.d20260421",
  "created_from": null,
  "description": null,
  "parameters": {},
  "timestamp": "2026-04-21T12:25:56.093932+00:00Z",
  "metadata": {
    "n_players": 8,
    "game_name": "Game_object",
    "normalization_value": -4.6246791799664315,
    "precompute_flag": false,
    "precomputed": true,
    "player_names": null
  },
  "data": {
    "Empty": -4.6246791799664315,
    "0": -0.04690291734107288,
    "1": -1.5789968773550118,
    "2": -0.19412383278530831,
    "3": -3.1795108569553987,
    "4": -2.500883371846398,
    "5": -9.802339881418106,
    "6": -2.9598478475219627,
    "7": -0.46689713041547254,
    "0,1": -1.9304498780654082,
    "0,2": -0.5302456504656434,
    "0,3": -0.9500422055203945,
    "0,4": -1.2695677819853075,
    "0,5": -0.03920696743486807,
    "0,6": -3.285457196746747,
    "0,7": -1.1575834973894454,
    "1,2": -0.034978302345810786,
    "1,3": -10.221473816579001,
    "1,4": -1.075471485718682,
    "1,5": -3.7861597734834005,
    "1,6": -0.9456990418339042,
    "1,7": -1.1377742507412703,
    "2,3": -2.890299030250793,
    "2,4": -13.708722796381558,
    "2,5": -0.3863813400056295,
    "2,6": -0.25522780080531215,
    "2,7": -0.2621547135027673,
    "3,4": -1.904904752968048,
    "3,5": -1.84422121999975,
    "3,6": -0.8305864833234258,
    "3,7": -2.688991284986693,
    "4,5": -2.989071107034592,
    "4,6": -1.026892526950697,
    "4,7": -0.40287006501237266,
    "5,6": -1.685234624537558,
    "5,7": -2.7117771070378103,
    "6,7": -0.8519610288034902,
    "0,1,2": -0.8644083541749557,
    "0,1,3": -1.0842893136358924,
    "0,1,4": 0.1576477192219773,
    "0,1,5": -3.188640122605544,
    "0,1,6": -5.107444311525738,
    "0,1,7": -1.558200840419894,
    "0,2,3": -1.720618468951192,
    "0,2,4": -6.889898322755408,
    "0,2,5": -2.390383330091959,
    "0,2,6": -0.9381286057030964,
    "0,2,7": -2.582779666971168,
    "0,3,4": -0.7259943604402852,
    "0,3,5": -0.34686531204361537,
    "0,3,6": -0.6372593209887132,
    "0,3,7": -1.6812532060703416,
    "0,4,5": -0.6415149500977513,
    "0,4,6": 0.5561521625402324,
    "0,4,7": -2.1073783413436953,
    "0,5,6": 0.42557659798665004,
    "0,5,7": -4.020787307822094,
    "0,6,7": 0.2274644571043546,
    "1,2,3": -2.6646396271902586,
    "1,2,4": -1.038092313715412,
    "1,2,5": -6.25053651645899,
    "1,2,6": -0.7227019127231178,
    "1,2,7": -0.13760390611264772,
    "1,3,4": -2.1133310606879934,
    "1,3,5": -1.9519184964063467,
    "1,3,6": -2.103800711720634,
    "1,3,7": -0.9226808060502596,
    "1,4,5": -3.8644410600754897,
    "1,4,6": -2.618950411150401,
    "1,4,7": -1.743522490903111,
    "1,5,6": -1.8278537195042652,
    "1,5,7": -0.5558855149884827,
    "1,6,7": 0.08028415082528462,
    "2,3,4": -0.84226542519024,
    "2,3,5": 0.17419338037528598,
    "2,3,6": -4.5442147759937805,
    "2,3,7": -2.036033603996224,
    "2,4,5": -1.9732976514103098,
    "2,4,6": -1.159814733411971,
    "2,4,7": -1.190708203019859,
    "2,5,6": 0.10723605690167493,
    "2,5,7": -1.3886848369098312,
    "2,6,7": -0.2098997068027184,
    "3,4,5": -0.6733922398638557,
    "3,4,6": -1.3667752075723034,
    "3,4,7": -1.4362697916067888,
    "3,5,6": -0.4981173643591714,
    "3,5,7": -4.095066729863902,
    "3,6,7": 0.5678672382109442,
    "4,5,6": -2.0420183712522606,
    "4,5,7": -1.3425303089997715,
    "4,6,7": -0.24583572290427735,
    "5,6,7": -0.37258789863465713,
    "0,1,2,3": -1.1680984170575814,
    "0,1,2,4": -1.6333943429762625,
    "0,1,2,5": -0.6054691465170059,
    "0,1,2,6": -1.6001544898429891,
    "0,1,2,7": 0.4619799841803198,
    "0,1,3,4": -3.5848990397182794,
    "0,1,3,5": 0.40605959907744715,
    "0,1,3,6": -4.059684920852394,
    "0,1,3,7": 0.008107567285593476,
    "0,1,4,5": -9.222721110811834,
    "0,1,4,6": -2.50640313554236,
    "0,1,4,7": -3.47118874514398,
    "0,1,5,6": -0.7320779676040154,
    "0,1,5,7": -1.0382173758080073,
    "0,1,6,7": 0.6638297395985313,
    "0,2,3,4": -1.4352396138685317,
    "0,2,3,5": -0.9412224750066076,
    "0,2,3,6": 0.49893877310886037,
    "0,2,3,7": -0.8177007864540069,
    "0,2,4,5": -0.6439672136870997,
    "0,2,4,6": -1.4262414102091059,
    "0,2,4,7": 0.3423022898515167,
    "0,2,5,6": 0.11005557213447348,
    "0,2,5,7": 0.16017441460702975,
    "0,2,6,7": 0.4249909739713681,
    "0,3,4,5": -1.6527752638588793,
    "0,3,4,6": -2.373813039321804,
    "0,3,4,7": -3.7326951987394708,
    "0,3,5,6": 0.26013524376020036,
    "0,3,5,7": -0.48321540020945974,
    "0,3,6,7": 0.8504825576712545,
    "0,4,5,6": -0.7426080295050206,
    "0,4,5,7": -0.6241407398287999,
    "0,4,6,7": 0.8514734556056615,
    "0,5,6,7": 0.9401197886812634,
    "1,2,3,4": -4.892993403644998,
    "1,2,3,5": -1.244636551540205,
    "1,2,3,6": -0.9777344299989696,
    "1,2,3,7": -4.0270866267055325,
    "1,2,4,5": -1.4293536614586224,
    "1,2,4,6": -1.0487311472160084,
    "1,2,4,7": -1.765322802086151,
    "1,2,5,6": -8.299821649699986,
    "1,2,5,7": -0.4406921808870137,
    "1,2,6,7": 0.016427148232637134,
    "1,3,4,5": -2.8055872334740233,
    "1,3,4,6": -1.8888838045294274,
    "1,3,4,7": -0.5069727042041048,
    "1,3,5,6": -2.4555880031848085,
    "1,3,5,7": -0.8846546950903671,
    "1,3,6,7": 0.9025400036286086,
    "1,4,5,6": -4.31219907099466,
    "1,4,5,7": -1.6146735284514264,
    "1,4,6,7": -0.09447230322451072,
    "1,5,6,7": -0.45666850549512983,
    "2,3,4,5": -1.1567643598239212,
    "2,3,4,6": -1.696188202236177,
    "2,3,4,7": -2.4821102168458204,
    "2,3,5,6": 0.36603204701893743,
    "2,3,5,7": -0.9937213575269828,
    "2,3,6,7": 0.004988896989999603,
    "2,4,5,6": -0.42288886135138837,
    "2,4,5,7": -0.012309643219094557,
    "2,4,6,7": -0.2601367054448631,
    "2,5,6,7": 0.4667084013452911,
    "3,4,5,6": -1.285088900598836,
    "3,4,5,7": 0.031356058222584804,
    "3,4,6,7": 0.7221616462873668,
    "3,5,6,7": -0.04689847957291193,
    "4,5,6,7": 0.4242880370374692,
    "0,1,2,3,4": -1.7068005205977763,
    "0,1,2,3,5": -2.5098588416419627,
    "0,1,2,3,6": -0.747261633414354,
    "0,1,2,3,7": -1.7971036320312805,
    "0,1,2,4,5": -0.42926966354241514,
    "0,1,2,4,6": -0.37802370343622216,
    "0,1,2,4,7": 0.5823509247520574,
    "0,1,2,5,6": -0.230472739263335,
    "0,1,2,5,7": 0.38727232308348236,
    "0,1,2,6,7": 0.9255282608001976,
    "0,1,3,4,5": 0.12338508907915302,
    "0,1,3,4,6": -0.2802307031790836,
    "0,1,3,4,7": -0.9545081472478545,
    "0,1,3,5,6": 0.1787386872204897,
    "0,1,3,5,7": -1.3551559719989617,
    "0,1,3,6,7": 0.8619953106710118,
    "0,1,4,5,6": -1.6650639348895213,
    "0,1,4,5,7": 0.012419535037659135,
    "0,1,4,6,7": 0.5971153271059798,
    "0,1,5,6,7": 0.9842276152407001,
    "0,2,3,4,5": -1.5684624024369684,
    "0,2,3,4,6": 0.08540172408558355,
    "0,2,3,4,7": -3.215009660761309,
    "0,2,3,5,6": 0.3718866406046143,
    "0,2,3,5,7": -0.8370966944604112,
    "0,2,3,6,7": 0.7144731101847432,
    "0,2,4,5,6": -1.252517783501725,
    "0,2,4,5,7": -1.3319492830339419,
    "0,2,4,6,7": 0.5500394953474902,
    "0,2,5,6,7": 0.8794939545092415,
    "0,3,4,5,6": 0.11204107905167371,
    "0,3,4,5,7": -0.42875586839768287,
    "0,3,4,6,7": 0.8334552653627456,
    "0,3,5,6,7": 0.8652752566413242,
    "0,4,5,6,7": 0.7401056632204139,
    "1,2,3,4,5": -0.8155559430053574,
    "1,2,3,4,6": -2.1850720897394966,
    "1,2,3,4,7": -0.8601539705319154,
    "1,2,3,5,6": -2.270506464800775,
    "1,2,3,5,7": -0.7527108019853661,
    "1,2,3,6,7": -1.5556606574270049,
    "1,2,4,5,6": -0.1500463850551963,
    "1,2,4,5,7": -0.8279381809917437,
    "1,2,4,6,7": 0.5976895760993447,
    "1,2,5,6,7": 0.4573052368544618,
    "1,3,4,5,6": -2.7737444840639025,
    "1,3,4,5,7": 0.37051004663679943,
    "1,3,4,6,7": 0.1727400682582243,
    "1,3,5,6,7": -3.160370071238135,
    "1,4,5,6,7": 0.0898824939693148,
    "2,3,4,5,6": -0.33161310718817516,
    "2,3,4,5,7": -4.171429019956872,
    "2,3,4,6,7": 0.6431457165693497,