{
  "object_name": "Game",
  "data_type": "game",
  "version": "1.4.2.dev29+g3d3c3a7e6.d20260421",
  "created_from": null,
  "description": null,
  "parameters": {},
  "timestamp": "2026-04-21T12:25:56.044281+00:00Z",
  "metadata": {
    "n_players": 8,
    "game_name": "Game_object",
    "normalization_value": -4.694338490419005,
    "precompute_flag": false,
    "precomputed": true,
    "player_names": null
  },
  "data": {
    "Empty": -4.694338490419005,
    "0": 0.013878844290051262,
    "1": 0.12473819428344346,
    "2": -1.024937454551746,
    "3": -3.0710034693847046,
    "4": -0.45043861338745783,
    "5": -1.3440603800932474,
    "6": -0.7327986397747355,
    "7": -14.973236360026329,
    "0,1": -0.7923783760935246,
    "0,2": 0.3927271318797969,
    "0,3": -0.26942041016409224,
    "0,4": 0.53794442084909,
    "0,5": 0.5921206643768969,
    "0,6": -0.5309428823243192,
    "0,7": -0.5002613254707078,
    "1,2": -2.8913919861911292,
    "1,3": -0.7389588660055013,
    "1,4": -0.5979138353939422,
    "1,5": -1.2629797696229712,
    "1,6": -15.879020301675297,
    "1,7": -0.7672913861282502,
    "2,3": -0.14565134483276765,
    "2,4": -1.1695222386523754,
    "2,5": 0.07526936904392822,
    "2,6": -0.26826879599400555,
    "2,7": -3.078923405743798,
    "3,4": -3.962684026118107,
    "3,5": -0.7425195182718649,
    "3,6": -1.0765649524954721,
    "3,7": -0.11301525972218229,
    "4,5": -1.8480890399444263,
    "4,6": -0.0194768995091974,
    "4,7": -1.1304990927772107,
    "5,6": -0.09049119069656197,
    "5,7": -1.4371959320744612,
    "6,7": -0.36162784150063776,
    "0,1,2": -1.009760711797778,
    "0,1,3": -0.29790165823099835,
    "0,1,4": -0.9222972072137414,
    "0,1,5": 0.022044287376692173,
    "0,1,6": -0.5152967843345588,
    "0,1,7": -1.3176220273090986,
    "0,2,3": -1.246584552955107,
    "0,2,4": -0.9523081105487772,
    "0,2,5": -0.12650337313978044,
    "0,2,6": 0.3921246398374817,
    "0,2,7": -0.5726319732084508,
    "0,3,4": -0.5757195277890912,
    "0,3,5": 0.6122544480466444,
    "0,3,6": -0.830070051001905,
    "0,3,7": -0.3488964475926861,
    "0,4,5": -2.9745833275745484,
    "0,4,6": -0.024690044011439483,
    "0,4,7": 0.7235828181075209,
    "0,5,6": 0.3245585328099422,
    "0,5,7": -4.8417011266627785,
    "0,6,7": 0.5948803793870163,
    "1,2,3": -3.3517921307137284,
    "1,2,4": -1.8085051497795503,
    "1,2,5": -0.21339020921425367,
    "1,2,6": -0.6774105631252643,
    "1,2,7": 0.17932499287845372,
    "1,3,4": -0.8346498047893025,
    "1,3,5": -0.21390180509043843,
    "1,3,6": -3.3844814553246065,
    "1,3,7": -1.430666634049389,
    "1,4,5": -4.088226790408725,
    "1,4,6": -0.267836810784281,
    "1,4,7": 0.4569215315019649,
    "1,5,6": -0.09620642134490587,
    "1,5,7": -0.686234525919053,
    "1,6,7": 0.0019622194650118496,
    "2,3,4": -0.8661452840761508,
    "2,3,5": -0.58449262561918,
    "2,3,6": -1.5852438027262927,
    "2,3,7": -12.153180599779683,
    "2,4,5": -1.2209727686056393,
    "2,4,6": -1.8768826245098138,
    "2,4,7": -1.124512872979993,
    "2,5,6": -0.34630943991122476,
    "2,5,7": -1.9656387437441802,
    "2,6,7": -1.6659627615152286,
    "3,4,5": -1.4220162896724031,
    "3,4,6": -2.9162820831461262,
    "3,4,7": -0.08615421381756971,
    "3,5,6": -1.0980486828223426,
    "3,5,7": -2.929015356916764,
    "3,6,7": -0.8930000395430329,
    "4,5,6": -2.623365515938488,
    "4,5,7": -2.204911934923064,
    "4,6,7": 0.12413782915135385,
    "5,6,7": -1.1571617294867558,
    "0,1,2,3": -4.590286408092518,
    "0,1,2,4": -0.5188208090821449,
    "0,1,2,5": -0.7005706312782054,
    "0,1,2,6": -0.49859030071402466,
    "0,1,2,7": 0.2459600219852034,
    "0,1,3,4": -0.8387076544749261,
    "0,1,3,5": -1.8149890238482906,
    "0,1,3,6": -0.47085665141349065,
    "0,1,3,7": -0.00360191309167579,
    "0,1,4,5": -0.010392989701133448,
    "0,1,4,6": -2.367383455522843,
    "0,1,4,7": -0.710594936936541,
    "0,1,5,6": -0.45211217931067105,
    "0,1,5,7": 0.1882755692143211,
    "0,1,6,7": 0.7940666966892103,
    "0,2,3,4": -0.6573551785877385,
    "0,2,3,5": 0.7480600703061133,
    "0,2,3,6": 0.5010719006007236,
    "0,2,3,7": -1.6664273883107161,
    "0,2,4,5": 0.3484707291929413,
    "0,2,4,6": 0.1890614776157783,
    "0,2,4,7": -1.659873564306975,
    "0,2,5,6": 0.03677660469645294,
    "0,2,5,7": -0.525988156493661,
    "0,2,6,7": -0.45362749616704123,
    "0,3,4,5": -1.0269538331091752,
    "0,3,4,6": -1.3866253849994972,
    "0,3,4,7": -1.3135033763343222,
    "0,3,5,6": 0.3725443701419425,
    "0,3,5,7": -0.5702458133845314,
    "0,3,6,7": -0.039810295576746535,
    "0,4,5,6": -0.17000639863931277,
    "0,4,5,7": -1.6020411986121816,
    "0,4,6,7": -0.3605287885567252,
    "0,5,6,7": 0.5081147121132797,
    "1,2,3,4": -1.2013626144583638,
    "1,2,3,5": -2.192303119770374,
    "1,2,3,6": -0.3337716574916445,
    "1,2,3,7": -0.9783521208866979,
    "1,2,4,5": -2.3756687545098423,
    "1,2,4,6": -0.7510648856315381,
    "1,2,4,7": -2.2136541291886775,
    "1,2,5,6": 0.2607728128650266,
    "1,2,5,7": -3.2426992143858264,
    "1,2,6,7": -0.085293941848124,
    "1,3,4,5": -2.439373431511584,
    "1,3,4,6": -1.1691005209498893,
    "1,3,4,7": 0.6181782055002055,
    "1,3,5,6": -0.7089655734419116,
    "1,3,5,7": -1.3408367105006147,
    "1,3,6,7": -7.832474297846517,
    "1,4,5,6": -0.9111468632982949,
    "1,4,5,7": -0.53054868663445,
    "1,4,6,7": -0.9865143411303372,
    "1,5,6,7": -0.04569866998865102,
    "2,3,4,5": -7.188809683210069,
    "2,3,4,6": -0.7496011479835698,
    "2,3,4,7": 0.043289273572876596,
    "2,3,5,6": 0.29265849275206846,
    "2,3,5,7": -0.007982152463674286,
    "2,3,6,7": -2.0132762884290742,
    "2,4,5,6": 0.006016381151335626,
    "2,4,5,7": -0.30097794615569584,
    "2,4,6,7": -0.08472852542111142,
    "2,5,6,7": -3.2152830589607824,
    "3,4,5,6": -1.558379775397713,
    "3,4,5,7": 0.04746114247036404,
    "3,4,6,7": -0.5247675727992929,
    "3,5,6,7": 0.5136487422185865,
    "4,5,6,7": -0.18964775953774504,
    "0,1,2,3,4": 0.8358768565646646,
    "0,1,2,3,5": -0.7386976684973032,
    "0,1,2,3,6": -0.12294831764700365,
    "0,1,2,3,7": 0.04719845217763252,
    "0,1,2,4,5": 0.47446632797099875,
    "0,1,2,4,6": -0.30194152734619584,
    "0,1,2,4,7": -2.5865341752348945,
    "0,1,2,5,6": -1.2996262488451826,
    "0,1,2,5,7": 0.18873719143205692,
    "0,1,2,6,7": 0.663626150946619,
    "0,1,3,4,5": -0.3335341762188111,
    "0,1,3,4,6": -1.9069709834704534,
    "0,1,3,4,7": -0.282055106929767,
    "0,1,3,5,6": -2.0192684489885906,
    "0,1,3,5,7": -0.3713644652125101,
    "0,1,3,6,7": -2.2859768135925993,
    "0,1,4,5,6": 0.07578858161262225,
    "0,1,4,5,7": -0.42349141970878956,
    "0,1,4,6,7": 0.1521732501870935,
    "0,1,5,6,7": 0.700661082112586,
    "0,2,3,4,5": -1.095209694728044,
    "0,2,3,4,6": -0.10411505153138223,
    "0,2,3,4,7": -0.14108463620548206,
    "0,2,3,5,6": -0.2806125528139052,
    "0,2,3,5,7": -0.14727695587401501,
    "0,2,3,6,7": 0.46976064267915607,
    "0,2,4,5,6": -3.097731789161327,
    "0,2,4,5,7": 0.18650374649233425,
    "0,2,4,6,7": 0.6006233623064494,
    "0,2,5,6,7": 0.9481754472167713,
    "0,3,4,5,6": 0.532917318540229,
    "0,3,4,5,7": -0.815063552291778,
    "0,3,4,6,7": 0.7037996158696578,
    "0,3,5,6,7": -0.4789480036265381,
    "0,4,5,6,7": 0.9855260428120701,
    "1,2,3,4,5": -0.4563899567270926,
    "1,2,3,4,6": -0.8115715754169857,
    "1,2,3,4,7": -5.230573099703598,
    "1,2,3,5,6": -0.5280869601768088,
    "1,2,3,5,7": -2.47959922299581,
    "1,2,3,6,7": 0.26538589046477223,
    "1,2,4,5,6": -0.8515877406063084,
    "1,2,4,5,7": -0.6086889184603108,
    "1,2,4,6,7": 0.6379601596195452,
    "1,2,5,6,7": -0.5267089691991749,
    "1,3,4,5,6": -1.207699345225242,
    "1,3,4,5,7": -0.7109461179382457,
    "1,3,4,6,7": -0.8024585819571493,
    "1,3,5,6,7": -1.944567471815799,
    "1,4,5,6,7": -1.731720814931501,
    "2,3,4,5,6": -5.811112924595648,
    "2,3,4,5,7": -1.3042133097684987,