{
  "object_name": "Game",
  "data_type": "game",
  "version": "1.4.2.dev29+g3d3c3a7e6.d20260421",
  "created_from": null,
  "description": null,
  "parameters": {},
  "timestamp": "2026-04-21T12:25:56.075168+00:00Z",
  "metadata": {
    "n_players": 8,
    "game_name": "Game_object",
    "normalization_value": -0.788021952414345,
    "precompute_flag": false,
    "precomputed": true,
    "player_names": null
  },
  "data": {
    "Empty": -0.788021952414345,
    "0": -0.7770641414204027,
    "1": -2.633139085671909,
    "2": -6.767924056203631,
    "3": -3.5629808333113946,
    "4": -1.595708985420925,
    "5": -1.3183867446971327,
    "6": -2.8316907769670383,
    "7": -0.6156549603979489,
    "0,1": -1.5116926374829167,
    "0,2": -1.1416567271631797,
    "0,3": -9.052729821376431,
    "0,4": -1.5421805621560831,
    "0,5": -0.9597071222741351,
    "0,6": -0.621799002379835,
    "0,7": -0.7224110129649246,
    "1,2": 0.6034104642962245,
    "1,3": -1.5919162260299884,
    "1,4": -10.05981514514056,
    "1,5": -2.031862392048613,
    "1,6": -0.8338765477827645,
    "1,7": -1.192820888533773,
    "2,3": -0.7627454022510889,
    "2,4": -0.7525334525438454,
    "2,5": -1.380351205603826,
    "2,6": -1.965549455923513,
    "2,7": -0.41163314387931194,
    "3,4": -0.7611718077472827,
    "3,5": -2.8818997590212994,
    "3,6": -3.0325213351071243,
    "3,7": -3.8185258218979516,
    "4,5": -1.6151674696900407,
    "4,6": -1.7276837700966121,
    "4,7": -1.0546842569582608,
    "5,6": -1.3611212151240695,
    "5,7": -4.734559058053932,
    "6,7": 0.030141871109964358,
    "0,1,2": 0.5787378047304632,
    "0,1,3": -0.878408900411948,
    "0,1,4": -3.59586955615422,
    "0,1,5": 0.017086420325319818,
    "0,1,6": -1.7171365228944895,
    "0,1,7": 0.437687664051684,
    "0,2,3": -0.5682996559307709,
    "0,2,4": -0.27520586185481966,
    "0,2,5": -1.4232099171383505,
    "0,2,6": -0.37949628037112393,
    "0,2,7": -0.8995304651787406,
    "0,3,4": -2.7410941088372263,
    "0,3,5": -1.0113278059741995,
    "0,3,6": -0.9298904526958587,
    "0,3,7": -2.2107521648004007,
    "0,4,5": -1.6544544823286387,
    "0,4,6": 0.4812734134753843,
    "0,4,7": -0.7148326224058374,
    "0,5,6": -2.0438422531969853,
    "0,5,7": -3.7827481206393436,
    "0,6,7": -0.09523951514075413,
    "1,2,3": -2.8589084336549213,
    "1,2,4": -1.1224698832030757,
    "1,2,5": -1.9081163092783289,
    "1,2,6": -0.32321589188310273,
    "1,2,7": -1.243005674992279,
    "1,3,4": -0.7709577457455936,
    "1,3,5": -4.77630287125289,
    "1,3,6": -7.304449124892454,
    "1,3,7": -1.8377576388783519,
    "1,4,5": -2.1045284184932145,
    "1,4,6": -1.5962481670125346,
    "1,4,7": -3.7622096066584705,
    "1,5,6": -0.7489401927517529,
    "1,5,7": -1.77160539016052,
    "1,6,7": -0.8537806692314893,
    "2,3,4": -1.0832918922089307,
    "2,3,5": -0.39026214406599746,
    "2,3,6": -0.4394845936860423,
    "2,3,7": -1.4656392247445589,
    "2,4,5": -0.33471471088294535,
    "2,4,6": -2.061564004957279,
    "2,4,7": -0.8594257505521903,
    "2,5,6": -1.129611906814378,
    "2,5,7": -0.4620396808720242,
    "2,6,7": -4.277150647529348,
    "3,4,5": -3.774773273127659,
    "3,4,6": -1.604017905646118,
    "3,4,7": 0.2234610211094581,
    "3,5,6": -1.4986836422737908,
    "3,5,7": -6.598690921213812,
    "3,6,7": -1.7758130400205427,
    "4,5,6": -6.591845177230543,
    "4,5,7": -0.24140143954944393,
    "4,6,7": -0.2071764537730818,
    "5,6,7": 0.0413803729374248,
    "0,1,2,3": 0.25283698585785885,
    "0,1,2,4": -0.8353591407669165,
    "0,1,2,5": -0.14330597584251903,
    "0,1,2,6": -3.0615612316610035,
    "0,1,2,7": -0.11198183641038506,
    "0,1,3,4": 0.10172261241878333,
    "0,1,3,5": -6.339542459677415,
    "0,1,3,6": -4.39653564864518,
    "0,1,3,7": 0.03844120606971346,
    "0,1,4,5": -0.49110380966809597,
    "0,1,4,6": -10.443760952152848,
    "0,1,4,7": -1.1830305889041264,
    "0,1,5,6": -0.1826869499624324,
    "0,1,5,7": 0.4903958359009488,
    "0,1,6,7": 0.8380763556104494,
    "0,2,3,4": -7.007351752547201,
    "0,2,3,5": -0.3259425259269557,
    "0,2,3,6": -0.11831045142257501,
    "0,2,3,7": 0.6404718148013518,
    "0,2,4,5": -0.8467089008389979,
    "0,2,4,6": -0.705252499870189,
    "0,2,4,7": -1.607946862015067,
    "0,2,5,6": 0.11195438600669572,
    "0,2,5,7": -1.4421460919693834,
    "0,2,6,7": 0.7153627301564993,
    "0,3,4,5": -2.0114875294083245,
    "0,3,4,6": -1.7427006558116882,
    "0,3,4,7": -0.6959031212780065,
    "0,3,5,6": -3.9939004938090052,
    "0,3,5,7": -3.1773434037615758,
    "0,3,6,7": 0.5680179420355169,
    "0,4,5,6": -3.1136136620688664,
    "0,4,5,7": -0.03710691568046065,
    "0,4,6,7": 0.9356437270840048,
    "0,5,6,7": 0.9057586433803502,
    "1,2,3,4": -0.21284231107447638,
    "1,2,3,5": -2.5023806183169697,
    "1,2,3,6": -0.5622960723709038,
    "1,2,3,7": -1.6271502441033752,
    "1,2,4,5": -0.984056017962204,
    "1,2,4,6": -1.7069253588376996,
    "1,2,4,7": -2.043790253769075,
    "1,2,5,6": -1.5150210683198209,
    "1,2,5,7": -0.9896140292271121,
    "1,2,6,7": -0.40851696646869895,
    "1,3,4,5": -0.5944876420232816,
    "1,3,4,6": -0.3384682110919115,
    "1,3,4,7": -6.385663116259333,
    "1,3,5,6": -0.8858084600961607,
    "1,3,5,7": -2.784827048390615,
    "1,3,6,7": 0.35634414716948215,
    "1,4,5,6": -1.7117363379686465,
    "1,4,5,7": -2.5378071193403176,
    "1,4,6,7": -0.7860495399723042,
    "1,5,6,7": 0.8919514682162482,
    "2,3,4,5": -5.171437998932936,
    "2,3,4,6": -3.4539309599169226,
    "2,3,4,7": -0.6207064242944327,
    "2,3,5,6": 0.24486146513575857,
    "2,3,5,7": -1.4495491771404376,
    "2,3,6,7": -1.4292511121855944,
    "2,4,5,6": -1.898266958492993,
    "2,4,5,7": -0.9976767027014097,
    "2,4,6,7": 0.5063715530872765,
    "2,5,6,7": 0.7152551103940812,
    "3,4,5,6": -0.3097003438430066,
    "3,4,5,7": -1.1598559969963573,
    "3,4,6,7": 0.29783708339169135,
    "3,5,6,7": -0.16920829562953643,
    "4,5,6,7": -0.5962777149853757,
    "0,1,2,3,4": -1.354649966252385,
    "0,1,2,3,5": -1.6865662151011476,
    "0,1,2,3,6": -0.7564331075289761,
    "0,1,2,3,7": -0.15840707623850592,
    "0,1,2,4,5": -0.4515574887458702,
    "0,1,2,4,6": -0.699032028604146,
    "0,1,2,4,7": -8.526460537715492,
    "0,1,2,5,6": -0.5538338316515263,
    "0,1,2,5,7": -1.1476793736016413,
    "0,1,2,6,7": 0.48967171875570925,
    "0,1,3,4,5": -0.25731112561462366,
    "0,1,3,4,6": 0.33525226394596974,
    "0,1,3,4,7": -0.42681743860232046,
    "0,1,3,5,6": -0.3250287244870038,
    "0,1,3,5,7": -7.695280526114759,
    "0,1,3,6,7": 0.5986520428267867,
    "0,1,4,5,6": 0.31137200846508584,
    "0,1,4,5,7": -0.3555483555089505,
    "0,1,4,6,7": 0.35385206336800734,
    "0,1,5,6,7": 0.8668654222002963,
    "0,2,3,4,5": -5.143407461808049,
    "0,2,3,4,6": 0.35726653200894654,
    "0,2,3,4,7": -1.2091466831193074,
    "0,2,3,5,6": 0.1982201335845013,
    "0,2,3,5,7": 0.6660386037415114,
    "0,2,3,6,7": 0.8741440333665775,
    "0,2,4,5,6": -10.99201295076376,
    "0,2,4,5,7": -1.213223516525339,
    "0,2,4,6,7": 0.5958187903083453,
    "0,2,5,6,7": 0.8894259117630468,
    "0,3,4,5,6": -1.0455443210760853,
    "0,3,4,5,7": -0.4393712141653108,
    "0,3,4,6,7": 0.5376657677872996,
    "0,3,5,6,7": 0.9245507587494097,
    "0,4,5,6,7": 0.5448202857906532,
    "1,2,3,4,5": -3.720278329224107,
    "1,2,3,4,6": 0.661288041140889,
    "1,2,3,4,7": -4.435743827921057,
    "1,2,3,5,6": -1.229049977353657,
    "1,2,3,5,7": -3.2634322524645283,
    "1,2,3,6,7": -0.046204988665198954,
    "1,2,4,5,6": -0.49626880738455115,
    "1,2,4,5,7": -2.011385112680316,
    "1,2,4,6,7": 0.2603979926998746,
    "1,2,5,6,7": 0.834477574232231,
    "1,3,4,5,6": -0.9692961379656249,
    "1,3,4,5,7": -0.06198818954363494,
    "1,3,4,6,7": -0.16426367963758537,
    "1,3,5,6,7": -0.016048525593533647,
    "1,4,5,6,7": 0.446592218305896,
    "2,3,4,5,6": -2.290907471247707,
    "2,3,4,5,7": -0.7345689818186092,
    "2,3,4,6,7": 0.5772727825504499,