{
  "object_name": "Game",
  "data_type": "game",
  "version": "1.4.2.dev29+g3d3c3a7e6.d20260421",
  "created_from": null,
  "description": null,
  "parameters": {},
  "timestamp": "2026-04-21T12:25:56.084759+00:00Z",
  "metadata": {
    "n_players": 8,
    "game_name": "Game_object",
    "normalization_value": -0.03056843532066611,
    "precompute_flag": false,
    "precomputed": true,
    "player_names": null
  },
  "data": {
    "Empty": -0.03056843532066611,
    "0": -2.7899882219479517,
    "1": -0.4170586620722605,
    "2": -4.92141529955979,
    "3": -3.6854343855250615,
    "4": -12.006016846589356,
    "5": -7.84145637776626,
    "6": -6.967953267855255,
    "7": -0.07719060101116004,
    "0,1": -2.9722686440898887,
    "0,2": -2.50007950168298,
    "0,3": -1.2495898447953406,
    "0,4": -0.46427015603042077,
    "0,5": -0.4938478994945854,
    "0,6": -3.4868395033377215,
    "0,7": -0.645650813462632,
    "1,2": -2.13809548901036,
    "1,3": -0.3360060333075976,
    "1,4": -11.087729014610108,
    "1,5": -2.148401527292292,
    "1,6": -2.3601590969836956,
    "1,7": -0.9159109360508417,
    "2,3": -3.0508424302030503,
    "2,4": -1.9388642194164514,
    "2,5": -0.2732346473808196,
    "2,6": -0.947155442119612,
    "2,7": -4.940524308474078,
    "3,4": -6.279401316108819,
    "3,5": -0.8089590879894761,
    "3,6": -3.0940628472427694,
    "3,7": -3.1240957248395596,
    "4,5": -0.9006465788057947,
    "4,6": -2.6052663742910225,
    "4,7": -0.7767348179021973,
    "5,6": -1.9964839675860926,
    "5,7": -1.6980551124779608,
    "6,7": -0.24390156992915601,
    "0,1,2": -1.930890193495868,
    "0,1,3": -0.13136088894569742,
    "0,1,4": -1.9783265746557879,
    "0,1,5": -0.12312703278308201,
    "0,1,6": -1.5130647973999838,
    "0,1,7": -2.843198317646256,
    "0,2,3": -3.3641745056310572,
    "0,2,4": -0.45759798969741494,
    "0,2,5": -0.9574188329840374,
    "0,2,6": -0.6395328652147227,
    "0,2,7": -3.3999835060033243,
    "0,3,4": -0.36490933206940523,
    "0,3,5": -1.4412770797828633,
    "0,3,6": -0.9326124201184951,
    "0,3,7": -5.269004524450092,
    "0,4,5": -1.1202337179567388,
    "0,4,6": -0.7428587478588233,
    "0,4,7": -0.04576176470337612,
    "0,5,6": -5.181044348687567,
    "0,5,7": -0.27193299548727823,
    "0,6,7": -1.3139636240106523,
    "1,2,3": -0.8419697908110138,
    "1,2,4": -0.6976603088218747,
    "1,2,5": -0.8679905911534247,
    "1,2,6": -1.6280148831592327,
    "1,2,7": -1.1295369553940313,
    "1,3,4": -0.9009265859624975,
    "1,3,5": -3.743165395194991,
    "1,3,6": -8.630738685064863,
    "1,3,7": -1.3536275180158541,
    "1,4,5": -2.102058005656215,
    "1,4,6": -3.580340524018002,
    "1,4,7": -5.283495168198815,
    "1,5,6": -0.6208378749760175,
    "1,5,7": -1.5028228833533128,
    "1,6,7": 0.32948265274733357,
    "2,3,4": -2.881686236666908,
    "2,3,5": -11.052734758819849,
    "2,3,6": -0.6389378988307814,
    "2,3,7": -6.860748755385625,
    "2,4,5": -1.3837211780376637,
    "2,4,6": -1.7329077287653911,
    "2,4,7": -1.0163929765117565,
    "2,5,6": -0.1745739784729834,
    "2,5,7": -1.1256800874687753,
    "2,6,7": 0.6511610855374279,
    "3,4,5": -13.283822291253106,
    "3,4,6": -2.819929455834658,
    "3,4,7": -6.729816386452906,
    "3,5,6": -1.0595765908488843,
    "3,5,7": -2.457396206934277,
    "3,6,7": -0.6878075689838874,
    "4,5,6": -0.8761288812808847,
    "4,5,7": -0.821633250776304,
    "4,6,7": 0.0007290914149933325,
    "5,6,7": 0.7011698504023698,
    "0,1,2,3": -1.0910230330642596,
    "0,1,2,4": -0.5159333706222109,
    "0,1,2,5": -0.599969819373585,
    "0,1,2,6": -1.7354685346818415,
    "0,1,2,7": -3.720395239353273,
    "0,1,3,4": -1.3161810561327134,
    "0,1,3,5": -4.1259095601331985,
    "0,1,3,6": -0.7403990054968901,
    "0,1,3,7": -1.965196374238388,
    "0,1,4,5": -1.5390071405422194,
    "0,1,4,6": 0.17674360246217813,
    "0,1,4,7": -3.946789758209632,
    "0,1,5,6": -0.42943719367139455,
    "0,1,5,7": -0.9516365197432606,
    "0,1,6,7": -1.0636497958156905,
    "0,2,3,4": 0.5213372605467288,
    "0,2,3,5": -0.09215422914938287,
    "0,2,3,6": -0.9841257355580897,
    "0,2,3,7": -5.1073975683085076,
    "0,2,4,5": -1.087006768816222,
    "0,2,4,6": -29.449043423715217,
    "0,2,4,7": 0.19185838116245757,
    "0,2,5,6": -1.0411239289801975,
    "0,2,5,7": -1.6038616253008136,
    "0,2,6,7": 0.9119339960890009,
    "0,3,4,5": -1.0157753620648946,
    "0,3,4,6": -2.1845251196706252,
    "0,3,4,7": -1.549089985290745,
    "0,3,5,6": 0.15102087208002968,
    "0,3,5,7": -4.688337895220242,
    "0,3,6,7": 0.6695410855133652,
    "0,4,5,6": 0.4509979816296772,
    "0,4,5,7": -1.9599484200930846,
    "0,4,6,7": 0.7657412062799482,
    "0,5,6,7": 0.9724569349169153,
    "1,2,3,4": -0.8066507955330688,
    "1,2,3,5": -0.8155360318985121,
    "1,2,3,6": -4.758305198613316,
    "1,2,3,7": -1.8889038699860157,
    "1,2,4,5": -8.308865410809485,
    "1,2,4,6": -0.37371797564979947,
    "1,2,4,7": -1.3514646941163182,
    "1,2,5,6": -0.9122089687694304,
    "1,2,5,7": -0.03161069555945617,
    "1,2,6,7": 0.3346541581341407,
    "1,3,4,5": -2.5281723910429403,
    "1,3,4,6": -1.0531102060851536,
    "1,3,4,7": -4.174502153733953,
    "1,3,5,6": -2.5038704889452883,
    "1,3,5,7": -2.3809540658761628,
    "1,3,6,7": -0.516334634738963,
    "1,4,5,6": -0.9338320502468966,
    "1,4,5,7": -4.348765814178633,
    "1,4,6,7": 0.47490556785682214,
    "1,5,6,7": 0.9462998362963772,
    "2,3,4,5": -4.74130802545242,
    "2,3,4,6": -1.1278696607283751,
    "2,3,4,7": -3.7516124630265635,
    "2,3,5,6": -1.3040255468332433,
    "2,3,5,7": -6.554767742896255,
    "2,3,6,7": 0.7579395862642947,
    "2,4,5,6": -4.7369112184273385,
    "2,4,5,7": -2.121341225721039,
    "2,4,6,7": -0.25948298576993967,
    "2,5,6,7": -3.828492700473806,
    "3,4,5,6": -5.000285828356603,
    "3,4,5,7": -8.157978307661937,
    "3,4,6,7": 0.569854048661415,
    "3,5,6,7": 0.22539819901313474,
    "4,5,6,7": 0.0556791838925913,
    "0,1,2,3,4": -2.7531744974588768,
    "0,1,2,3,5": -0.49718815390255555,
    "0,1,2,3,6": -0.12225859073701884,
    "0,1,2,3,7": -7.822595617779532,
    "0,1,2,4,5": -0.7816989896969604,
    "0,1,2,4,6": -6.634839482139861,
    "0,1,2,4,7": 0.1108953694132645,
    "0,1,2,5,6": -1.0527229746458366,
    "0,1,2,5,7": 0.11785930033535341,
    "0,1,2,6,7": 0.8142749119947912,
    "0,1,3,4,5": -1.6507866139339358,
    "0,1,3,4,6": 0.24029970088714747,
    "0,1,3,4,7": 0.6464641659300505,
    "0,1,3,5,6": -0.8497277178214142,
    "0,1,3,5,7": -1.3834404802607403,
    "0,1,3,6,7": 0.3326836918224403,
    "0,1,4,5,6": -0.5170270647466775,
    "0,1,4,5,7": -0.531801737823818,
    "0,1,4,6,7": 0.13828617921745234,
    "0,1,5,6,7": 0.7284491367978366,
    "0,2,3,4,5": -0.908524903769351,
    "0,2,3,4,6": 0.12047667593261835,
    "0,2,3,4,7": -1.0333588813191859,
    "0,2,3,5,6": -0.3386776226839405,
    "0,2,3,5,7": -0.4736572724148649,
    "0,2,3,6,7": 0.9331799296173674,
    "0,2,4,5,6": -1.074393935963363,
    "0,2,4,5,7": -2.0640954261349043,
    "0,2,4,6,7": 0.5308318590240754,
    "0,2,5,6,7": 0.9782625501698806,
    "0,3,4,5,6": -1.4267339069580829,
    "0,3,4,5,7": -2.54487353635359,
    "0,3,4,6,7": 0.6717967219678899,
    "0,3,5,6,7": 0.8244598341022955,
    "0,4,5,6,7": 0.1853556644002049,
    "1,2,3,4,5": -4.310041964503068,
    "1,2,3,4,6": -1.847552385393184,
    "1,2,3,4,7": -0.694469103411723,
    "1,2,3,5,6": -0.18369196614301964,
    "1,2,3,5,7": -1.0311604178828313,
    "1,2,3,6,7": 0.7809332604382074,
    "1,2,4,5,6": -0.9629266752132057,
    "1,2,4,5,7": -4.041314314811123,
    "1,2,4,6,7": -0.6305173621150837,
    "1,2,5,6,7": 0.060605813738020764,
    "1,3,4,5,6": -1.8156665304671389,
    "1,3,4,5,7": -1.6360675353559588,
    "1,3,4,6,7": -1.1497863703327456,
    "1,3,5,6,7": 0.3846213857978802,
    "1,4,5,6,7": 0.9233548075850514,
    "2,3,4,5,6": -0.07049689101743573,
    "2,3,4,5,7": -1.011102726577871,
    "2,3,4,6,7": 0.6528035610678894,