{
  "object_name": "Game",
  "data_type": "game",
  "version": "1.4.2.dev29+g3d3c3a7e6.d20260421",
  "created_from": null,
  "description": null,
  "parameters": {},
  "timestamp": "2026-04-21T12:25:56.076534+00:00Z",
  "metadata": {
    "n_players": 8,
    "game_name": "Game_object",
    "normalization_value": -6.228048177865349,
    "precompute_flag": false,
    "precomputed": true,
    "player_names": null
  },
  "data": {
    "Empty": -6.228048177865349,
    "0": -1.1820874767055667,
    "1": -0.35918691707523864,
    "2": -9.875904211134124,
    "3": -6.336221877245362,
    "4": -0.7549827158089586,
    "5": -0.21498195300353284,
    "6": -3.1028064110097713,
    "7": -0.25726867335796677,
    "0,1": -5.701133318681034,
    "0,2": -2.600008750539446,
    "0,3": -1.651105061559364,
    "0,4": -0.4557558173883902,
    "0,5": -1.4864793363049578,
    "0,6": -14.882356298833393,
    "0,7": -5.619473159062609,
    "1,2": -35.762628706751904,
    "1,3": -2.4406002748575464,
    "1,4": -5.205718719755037,
    "1,5": -2.226554426042753,
    "1,6": -3.3525926859416533,
    "1,7": 0.030684119960891043,
    "2,3": -2.0371007534102934,
    "2,4": -4.601739528400185,
    "2,5": -0.8683557355619949,
    "2,6": -3.174378859125224,
    "2,7": -6.710497617576199,
    "3,4": -0.7334292995512783,
    "3,5": -2.1013371716397167,
    "3,6": -1.500332687961293,
    "3,7": -7.1181347789248335,
    "4,5": -7.216274039738705,
    "4,6": -3.039599161971217,
    "4,7": -3.9109890457229497,
    "5,6": -2.953192175227168,
    "5,7": -3.520983846068403,
    "6,7": 0.038175422411504734,
    "0,1,2": -1.0208493177477727,
    "0,1,3": -3.4251977496535426,
    "0,1,4": -9.023685546213741,
    "0,1,5": -2.446748997463742,
    "0,1,6": -5.433010158030565,
    "0,1,7": -5.704289151314083,
    "0,2,3": -1.8157770757999017,
    "0,2,4": 0.27477210028031485,
    "0,2,5": -0.8078214857663097,
    "0,2,6": -2.7143177376657377,
    "0,2,7": -2.3470842903618765,
    "0,3,4": -1.7999652338011383,
    "0,3,5": -1.998843514076189,
    "0,3,6": -0.1986474348824696,
    "0,3,7": -0.5092204382005641,
    "0,4,5": -0.8847496641682822,
    "0,4,6": -3.859057638796677,
    "0,4,7": -2.2101712865248997,
    "0,5,6": -0.08635875846538932,
    "0,5,7": -2.8187538703527926,
    "0,6,7": 0.46547306563527924,
    "1,2,3": -2.071571674333521,
    "1,2,4": -1.8413847240713652,
    "1,2,5": -2.397770869754954,
    "1,2,6": -14.702718990390748,
    "1,2,7": -4.901298853019448,
    "1,3,4": -19.657374991085454,
    "1,3,5": -0.5708085029143102,
    "1,3,6": -2.102656545347937,
    "1,3,7": -1.806065561348421,
    "1,4,5": -1.4726689886889068,
    "1,4,6": -2.3759403685811615,
    "1,4,7": -0.32143446207543924,
    "1,5,6": 0.12864336409815813,
    "1,5,7": -1.8224159427044628,
    "1,6,7": -0.6878736243376198,
    "2,3,4": -1.3014312906308967,
    "2,3,5": -0.5827247340026718,
    "2,3,6": -0.42428501818761943,
    "2,3,7": -1.1122889810553058,
    "2,4,5": -4.25267956907312,
    "2,4,6": -2.7090318580021493,
    "2,4,7": -2.5728960932724396,
    "2,5,6": -1.1770724875415866,
    "2,5,7": -5.7640591532961345,
    "2,6,7": 0.0212340779306035,
    "3,4,5": -6.5057444532670425,
    "3,4,6": -2.611943773685643,
    "3,4,7": -0.3694961838511803,
    "3,5,6": -4.911658188891435,
    "3,5,7": -7.701207514970736,
    "3,6,7": -0.07225198165793856,
    "4,5,6": -3.881254392216565,
    "4,5,7": -0.23079979435970976,
    "4,6,7": -0.8165656389425062,
    "5,6,7": -1.1898304907251527,
    "0,1,2,3": -0.08563183741173264,
    "0,1,2,4": 0.7822581975630891,
    "0,1,2,5": -0.031857134086999084,
    "0,1,2,6": 0.4655429025761826,
    "0,1,2,7": -1.2321541682052781,
    "0,1,3,4": -4.754200128608956,
    "0,1,3,5": 0.17966100644138272,
    "0,1,3,6": -0.3759924847122522,
    "0,1,3,7": -4.6167927440618275,
    "0,1,4,5": -0.3413541381305585,
    "0,1,4,6": -1.026853484974144,
    "0,1,4,7": -1.6139193358348836,
    "0,1,5,6": -4.023686369070751,
    "0,1,5,7": -4.019257538039294,
    "0,1,6,7": 0.9528572225005384,
    "0,2,3,4": -3.4522787383231712,
    "0,2,3,5": -0.33518437022343184,
    "0,2,3,6": -1.2563531810837931,
    "0,2,3,7": -0.6468888851730774,
    "0,2,4,5": -3.7677458409361853,
    "0,2,4,6": 0.40474448745422986,
    "0,2,4,7": -1.2944873540868693,
    "0,2,5,6": -0.9011504664248033,
    "0,2,5,7": -2.6706367403639666,
    "0,2,6,7": 0.7812989765593538,
    "0,3,4,5": -1.209782374727467,
    "0,3,4,6": -0.4235737870102574,
    "0,3,4,7": -2.643517371795846,
    "0,3,5,6": -0.32176625940040116,
    "0,3,5,7": -2.2718448503420263,
    "0,3,6,7": 0.4779431057149043,
    "0,4,5,6": -10.124153251711316,
    "0,4,5,7": -2.002213885050551,
    "0,4,6,7": -0.13680049294917462,
    "0,5,6,7": 0.9116112067951884,
    "1,2,3,4": -3.8809432742127132,
    "1,2,3,5": -2.271807803428022,
    "1,2,3,6": -3.692305549457606,
    "1,2,3,7": -0.7228054287680761,
    "1,2,4,5": -2.179744627776907,
    "1,2,4,6": -1.034751228788131,
    "1,2,4,7": -1.3833117925939225,
    "1,2,5,6": -7.326097240303547,
    "1,2,5,7": -0.9613285698543583,
    "1,2,6,7": -0.0005937611321438219,
    "1,3,4,5": -2.6798649742884315,
    "1,3,4,6": -1.0463914307417106,
    "1,3,4,7": -2.147954466179158,
    "1,3,5,6": -7.42211420961595,
    "1,3,5,7": -4.7323863792540655,
    "1,3,6,7": 0.2895170716043217,
    "1,4,5,6": -1.8772451922942754,
    "1,4,5,7": -10.295468612059866,
    "1,4,6,7": 0.06348558972161755,
    "1,5,6,7": -0.7638530910692805,
    "2,3,4,5": -3.501690626638445,
    "2,3,4,6": -3.3644915268867734,
    "2,3,4,7": -0.6464704869665792,
    "2,3,5,6": -1.6247878974857337,
    "2,3,5,7": -2.3148907637157246,
    "2,3,6,7": 0.09363602831270945,
    "2,4,5,6": -2.145998355927402,
    "2,4,5,7": -3.202251173634198,
    "2,4,6,7": -0.3000848477544369,
    "2,5,6,7": 0.8076395831725193,
    "3,4,5,6": -0.3594892344733496,
    "3,4,5,7": -0.4142634618989942,
    "3,4,6,7": -0.852755701795574,
    "3,5,6,7": 0.6405763182540918,
    "4,5,6,7": -0.7291340253772665,
    "0,1,2,3,4": -0.6692449461723613,
    "0,1,2,3,5": -3.06698145085623,
    "0,1,2,3,6": -0.19980508100637095,
    "0,1,2,3,7": -4.321951531313718,
    "0,1,2,4,5": -0.05283962082186089,
    "0,1,2,4,6": -1.6845388827074315,
    "0,1,2,4,7": 0.19118614660279354,
    "0,1,2,5,6": -2.3295096323511952,
    "0,1,2,5,7": 0.42856759304004877,
    "0,1,2,6,7": 0.899757549462528,
    "0,1,3,4,5": -19.388702607787753,
    "0,1,3,4,6": -0.8073560862367399,
    "0,1,3,4,7": -2.9293925971200347,
    "0,1,3,5,6": -1.0726296298870852,
    "0,1,3,5,7": -4.9298429265627455,
    "0,1,3,6,7": 0.5436917548112876,
    "0,1,4,5,6": -0.6945036433071845,
    "0,1,4,5,7": 0.025294145176766203,
    "0,1,4,6,7": 0.9151251656006272,
    "0,1,5,6,7": 0.44092640181508624,
    "0,2,3,4,5": -1.5543350126894775,
    "0,2,3,4,6": -0.2619529378944496,
    "0,2,3,4,7": -0.5033224420727413,
    "0,2,3,5,6": -1.3245560824159415,
    "0,2,3,5,7": -1.1754537264104612,
    "0,2,3,6,7": 0.7542758201999195,
    "0,2,4,5,6": -0.7315889235139403,
    "0,2,4,5,7": -0.3553599972113297,
    "0,2,4,6,7": 0.6023021895813307,
    "0,2,5,6,7": 0.9616405622596073,
    "0,3,4,5,6": -0.009702998931737872,
    "0,3,4,5,7": -0.8023800067134257,
    "0,3,4,6,7": 0.816124028932042,
    "0,3,5,6,7": 0.8161141382485588,
    "0,4,5,6,7": 0.495765674668074,
    "1,2,3,4,5": -1.2656875016618052,
    "1,2,3,4,6": -2.924354443195074,
    "1,2,3,4,7": -0.6587960601539502,
    "1,2,3,5,6": -6.041532770933475,
    "1,2,3,5,7": -2.6027719153218722,
    "1,2,3,6,7": 0.6133279639711642,
    "1,2,4,5,6": -2.1135071763243194,
    "1,2,4,5,7": -0.4889045256311624,
    "1,2,4,6,7": 0.7862014962844232,
    "1,2,5,6,7": 0.0639745357608571,
    "1,3,4,5,6": -4.143313864686304,
    "1,3,4,5,7": -1.9904752929347858,
    "1,3,4,6,7": -0.035712445869937826,
    "1,3,5,6,7": 0.2659782116460844,
    "1,4,5,6,7": 0.30448394147289215,
    "2,3,4,5,6": -0.3707584719109316,
    "2,3,4,5,7": -0.905836309957424,
    "2,3,4,6,7": -0.09226110539885202,