{
  "object_name": "Game",
  "data_type": "game",
  "version": "1.4.2.dev29+g3d3c3a7e6.d20260421",
  "created_from": null,
  "description": null,
  "parameters": {},
  "timestamp": "2026-04-21T12:25:56.134238+00:00Z",
  "metadata": {
    "n_players": 8,
    "game_name": "Game_object",
    "normalization_value": -5.337445696996546,
    "precompute_flag": false,
    "precomputed": true,
    "player_names": null
  },
  "data": {
    "Empty": -5.337445696996546,
    "0": -6.153111258912371,
    "1": -1.8892915192699888,
    "2": -4.866351720707127,
    "3": -7.535730173630606,
    "4": -5.665486718102456,
    "5": -2.4809947022618877,
    "6": -2.8193326142827613,
    "7": -2.1541119910546853,
    "0,1": -6.0271833299945845,
    "0,2": -3.245746095220981,
    "0,3": -4.172150300174918,
    "0,4": -0.5234943273885391,
    "0,5": -3.8403726828007247,
    "0,6": -2.4556960871747355,
    "0,7": -3.028027640925843,
    "1,2": -9.963869782429233,
    "1,3": -3.2906277444722347,
    "1,4": -0.9871588330228886,
    "1,5": -3.7960254340535666,
    "1,6": -2.0315314597865903,
    "1,7": -0.7811029852846374,
    "2,3": -3.2947323602841365,
    "2,4": -13.738309121663505,
    "2,5": -0.8336891131500677,
    "2,6": -7.463361130831263,
    "2,7": -7.5791247079812845,
    "3,4": -1.393955852732614,
    "3,5": -3.0661298409810804,
    "3,6": -3.3569848378811438,
    "3,7": -4.362582667888551,
    "4,5": -10.521212191674723,
    "4,6": -1.495482290086485,
    "4,7": -9.983586505375124,
    "5,6": -2.079968445299826,
    "5,7": -10.07660520448108,
    "6,7": 0.45919178001639405,
    "0,1,2": -7.323795217432544,
    "0,1,3": -4.100512228173976,
    "0,1,4": -7.947581376701686,
    "0,1,5": -3.4303330511566568,
    "0,1,6": -1.7533596231524684,
    "0,1,7": -3.4750438961476267,
    "0,2,3": -2.325525453441123,
    "0,2,4": 0.3905391231935794,
    "0,2,5": -0.32952131011671093,
    "0,2,6": -0.05278962620281691,
    "0,2,7": -5.268170099714235,
    "0,3,4": -4.609844985288583,
    "0,3,5": -3.4818119017036375,
    "0,3,6": -2.3050415917733886,
    "0,3,7": -2.411835898629582,
    "0,4,5": -4.135089595322194,
    "0,4,6": -5.767938475952119,
    "0,4,7": -6.684145619095665,
    "0,5,6": -0.3938616191949915,
    "0,5,7": -7.465801821788627,
    "0,6,7": 0.465924779731998,
    "1,2,3": -0.48913435027974916,
    "1,2,4": -6.4636465305840165,
    "1,2,5": -5.2896485826696,
    "1,2,6": -3.274704609241753,
    "1,2,7": -7.385190088727375,
    "1,3,4": -6.831967035095624,
    "1,3,5": -6.259429871186207,
    "1,3,6": -4.8524880291087875,
    "1,3,7": -9.674439391443084,
    "1,4,5": -2.782715709035178,
    "1,4,6": -1.9950437991201717,
    "1,4,7": -2.6964187752004083,
    "1,5,6": -4.26573999869008,
    "1,5,7": -4.718536823576869,
    "1,6,7": 0.038557824937513696,
    "2,3,4": -4.558896827933926,
    "2,3,5": -2.4932944114382996,
    "2,3,6": -7.476392893554609,
    "2,3,7": -1.698435301960581,
    "2,4,5": -3.471955538527431,
    "2,4,6": -5.237920257420259,
    "2,4,7": -5.999042109988346,
    "2,5,6": -1.4411902792757094,
    "2,5,7": -5.4991168467483895,
    "2,6,7": -0.6272292796071008,
    "3,4,5": -5.448319633678867,
    "3,4,6": -9.74126150388402,
    "3,4,7": -0.8641680902371123,
    "3,5,6": -4.29224540076034,
    "3,5,7": -2.7932117966475487,
    "3,6,7": 0.08734133902955599,
    "4,5,6": -1.964121092605707,
    "4,5,7": -2.937438322560684,
    "4,6,7": -0.8601909390268221,
    "5,6,7": -0.08568691053435207,
    "0,1,2,3": -0.645726189263397,
    "0,1,2,4": 0.16949250026238027,
    "0,1,2,5": -0.8096707647584083,
    "0,1,2,6": 0.2731420017078914,
    "0,1,2,7": -6.141018482114526,
    "0,1,3,4": -1.3019056038659667,
    "0,1,3,5": -1.2924985018372772,
    "0,1,3,6": -1.2230131207127335,
    "0,1,3,7": -3.770117070355801,
    "0,1,4,5": -2.318735977705627,
    "0,1,4,6": -1.6004273160746654,
    "0,1,4,7": -1.7320015724317734,
    "0,1,5,6": -2.047001291253046,
    "0,1,5,7": -4.927333441987202,
    "0,1,6,7": 0.8221849920350067,
    "0,2,3,4": -1.5742932533638174,
    "0,2,3,5": -1.611846130918266,
    "0,2,3,6": -1.1249146458545636,
    "0,2,3,7": -3.513677280036241,
    "0,2,4,5": -5.619118977383238,
    "0,2,4,6": -0.8347435109890193,
    "0,2,4,7": -2.7429404398556922,
    "0,2,5,6": -5.906364154136238,
    "0,2,5,7": -3.9678381556325064,
    "0,2,6,7": 0.7871323466360951,
    "0,3,4,5": -2.5318783271875582,
    "0,3,4,6": -1.0827204250140734,
    "0,3,4,7": -4.483036170228864,
    "0,3,5,6": -2.577838313141895,
    "0,3,5,7": -4.862599159196259,
    "0,3,6,7": 0.6852270196437809,
    "0,4,5,6": -6.235120389016498,
    "0,4,5,7": -6.923883682357096,
    "0,4,6,7": 0.23279833009380313,
    "0,5,6,7": 0.7898898419232012,
    "1,2,3,4": -3.8640203257435832,
    "1,2,3,5": -4.250400133380551,
    "1,2,3,6": -5.009569336920706,
    "1,2,3,7": -1.733724516300569,
    "1,2,4,5": -1.97967631484872,
    "1,2,4,6": -2.671773669115047,
    "1,2,4,7": -2.2244727476388215,
    "1,2,5,6": -8.833716821804225,
    "1,2,5,7": -3.393515842009947,
    "1,2,6,7": 0.00401542428125945,
    "1,3,4,5": -8.810338196123332,
    "1,3,4,6": -0.18972756144692626,
    "1,3,4,7": -7.448481306996678,
    "1,3,5,6": -5.4985065360635135,
    "1,3,5,7": -7.251204428030883,
    "1,3,6,7": -0.021788003181989923,
    "1,4,5,6": -6.812178032113077,
    "1,4,5,7": -7.480144697573349,
    "1,4,6,7": -0.9919419165674537,
    "1,5,6,7": -0.8968309094440561,
    "2,3,4,5": -4.538524886959405,
    "2,3,4,6": -3.4850182492256625,
    "2,3,4,7": -1.8190814442292078,
    "2,3,5,6": -4.869480723870764,
    "2,3,5,7": -21.546381819385076,
    "2,3,6,7": -0.3388397925330535,
    "2,4,5,6": -1.2962619650016851,
    "2,4,5,7": -8.079535532111151,
    "2,4,6,7": 0.44179854101974625,
    "2,5,6,7": 0.6023759543160121,
    "3,4,5,6": -0.5781230322036748,
    "3,4,5,7": -3.5259790350284357,
    "3,4,6,7": -0.33833763520635163,
    "3,5,6,7": 0.3617436591250349,
    "4,5,6,7": 0.6226998296875133,
    "0,1,2,3,4": 0.20682415562993617,
    "0,1,2,3,5": -4.413954228062859,
    "0,1,2,3,6": -3.444567433116565,
    "0,1,2,3,7": -2.0293371239490745,
    "0,1,2,4,5": 0.2103820061535675,
    "0,1,2,4,6": -2.677702663921847,
    "0,1,2,4,7": -0.08098119515683733,
    "0,1,2,5,6": -13.604693986422912,
    "0,1,2,5,7": -0.5926777417036699,
    "0,1,2,6,7": 0.6838210066915162,
    "0,1,3,4,5": -7.716179379673584,
    "0,1,3,4,6": -1.0150372210406449,
    "0,1,3,4,7": -5.231949291535253,
    "0,1,3,5,6": -2.943432160697408,
    "0,1,3,5,7": -3.520027440058869,
    "0,1,3,6,7": 0.38394193153212486,
    "0,1,4,5,6": -1.2357006294925221,
    "0,1,4,5,7": -3.7021953995214467,
    "0,1,4,6,7": 0.8519576533143723,
    "0,1,5,6,7": 0.5402206530379869,
    "0,2,3,4,5": -2.702518726150579,
    "0,2,3,4,6": -0.18320669016120372,
    "0,2,3,4,7": -2.8001220915018035,
    "0,2,3,5,6": -0.6759877152541116,
    "0,2,3,5,7": -2.722149157559689,
    "0,2,3,6,7": 0.8673498035247424,
    "0,2,4,5,6": -5.642640288358039,
    "0,2,4,5,7": -0.7419907587016425,
    "0,2,4,6,7": 0.8506179947832879,
    "0,2,5,6,7": 0.9234683820382177,
    "0,3,4,5,6": -1.1853912286095092,
    "0,3,4,5,7": -5.627156626385536,
    "0,3,4,6,7": -0.40021604075142636,
    "0,3,5,6,7": 0.658648966059646,
    "0,4,5,6,7": -4.065401245194857,
    "1,2,3,4,5": -1.5025562696909875,
    "1,2,3,4,6": -3.666273316203867,
    "1,2,3,4,7": -0.4026869406589826,
    "1,2,3,5,6": -6.77210547845413,
    "1,2,3,5,7": -2.323133377013813,
    "1,2,3,6,7": 0.5695272960149573,
    "1,2,4,5,6": -3.504943541929875,
    "1,2,4,5,7": -3.268801144370859,
    "1,2,4,6,7": 0.43752084117423307,
    "1,2,5,6,7": -0.1996484424273195,
    "1,3,4,5,6": -2.9858096612845753,
    "1,3,4,5,7": -4.965594052068288,
    "1,3,4,6,7": -2.1185688533436204,
    "1,3,5,6,7": 0.760744150913753,
    "1,4,5,6,7": 0.25753483906793384,
    "2,3,4,5,6": -1.6640796411468335,
    "2,3,4,5,7": -3.684607673938987,
    "2,3,4,6,7": -0.2103402280538409,
    "2,3,5,6,7": 0.7492933051638933,
    "2,4,5,6,7": 0.36949663367321584,